Price,Close,High,Low,Open,Volume
Ticker,ES=F,ES=F,ES=F,ES=F,ES=F
Datetime,,,,,
2026-06-22 00:00:00-04:00,7533.75,7535.0,7532.75,7534.75,0
2026-06-22 00:05:00-04:00,7536.0,7536.0,7533.5,7533.5,503
2026-06-22 00:10:00-04:00,7533.0,7536.5,7533.0,7535.75,371
2026-06-22 00:15:00-04:00,7532.5,7533.75,7532.25,7533.25,542
2026-06-22 00:20:00-04:00,7532.5,7534.25,7532.0,7532.5,470
2026-06-22 00:25:00-04:00,7531.0,7532.5,7530.0,7532.5,594
2026-06-22 00:30:00-04:00,7532.25,7532.5,7530.25,7531.0,503
2026-06-22 00:35:00-04:00,7531.0,7532.25,7528.75,7532.25,520
2026-06-22 00:40:00-04:00,7529.75,7531.5,7528.25,7530.5,770
2026-06-22 00:45:00-04:00,7533.5,7534.5,7529.0,7529.75,1380
2026-06-22 00:50:00-04:00,7533.25,7534.5,7532.5,7533.25,831
2026-06-22 00:55:00-04:00,7534.75,7535.5,7532.25,7533.0,625
2026-06-22 01:00:00-04:00,7535.75,7536.0,7534.0,7534.75,614
2026-06-22 01:05:00-04:00,7543.5,7544.0,7535.5,7535.75,2761
2026-06-22 01:10:00-04:00,7545.25,7546.5,7542.5,7543.5,1117
2026-06-22 01:15:00-04:00,7543.25,7547.0,7542.5,7545.25,1455
2026-06-22 01:20:00-04:00,7545.0,7545.0,7542.75,7543.25,516
2026-06-22 01:25:00-04:00,7545.25,7545.75,7544.25,7545.0,335
2026-06-22 01:30:00-04:00,7543.5,7545.75,7541.25,7545.25,702
2026-06-22 01:35:00-04:00,7544.5,7546.5,7543.25,7543.25,561
2026-06-22 01:40:00-04:00,7545.0,7545.75,7544.25,7544.75,414
2026-06-22 01:45:00-04:00,7544.75,7545.5,7543.25,7545.0,446
2026-06-22 01:50:00-04:00,7546.0,7547.25,7544.25,7545.0,475
2026-06-22 01:55:00-04:00,7546.25,7547.5,7545.75,7546.0,591
2026-06-22 02:00:00-04:00,7549.0,7549.25,7546.0,7546.5,2894
2026-06-22 02:05:00-04:00,7551.75,7552.25,7548.5,7549.0,2077
2026-06-22 02:10:00-04:00,7552.75,7553.5,7550.25,7551.75,977
2026-06-22 02:15:00-04:00,7553.75,7555.25,7552.0,7552.75,1490
2026-06-22 02:20:00-04:00,7557.5,7557.75,7552.75,7553.75,1075
2026-06-22 02:25:00-04:00,7558.75,7560.25,7556.75,7557.5,1797
2026-06-22 02:30:00-04:00,7556.25,7558.75,7554.5,7558.5,1165
2026-06-22 02:35:00-04:00,7558.75,7559.75,7555.5,7556.25,748
2026-06-22 02:40:00-04:00,7560.75,7561.75,7558.75,7559.0,741
2026-06-22 02:45:00-04:00,7560.0,7562.25,7559.5,7560.75,742
2026-06-22 02:50:00-04:00,7561.75,7562.0,7559.75,7560.0,438
2026-06-22 02:55:00-04:00,7561.75,7562.75,7561.0,7561.75,415
2026-06-22 03:00:00-04:00,7565.5,7565.75,7561.25,7561.75,1698
2026-06-22 03:05:00-04:00,7564.25,7566.25,7563.75,7565.5,1077
2026-06-22 03:10:00-04:00,7564.0,7565.5,7563.0,7564.5,799
2026-06-22 03:15:00-04:00,7566.75,7567.25,7564.0,7564.25,1010
2026-06-22 03:20:00-04:00,7564.75,7567.25,7564.5,7567.0,670
2026-06-22 03:25:00-04:00,7566.75,7566.75,7564.5,7564.75,766
2026-06-22 03:30:00-04:00,7565.25,7566.75,7564.25,7566.5,669
2026-06-22 03:35:00-04:00,7565.0,7567.25,7564.75,7565.5,800
2026-06-22 03:40:00-04:00,7562.5,7565.0,7562.0,7565.0,1073
2026-06-22 03:45:00-04:00,7564.5,7565.0,7562.0,7562.25,784
2026-06-22 03:50:00-04:00,7561.25,7564.75,7561.0,7564.25,866
2026-06-22 03:55:00-04:00,7562.75,7562.75,7560.5,7561.25,558
2026-06-22 04:00:00-04:00,7557.0,7563.75,7556.25,7562.75,1305
2026-06-22 04:05:00-04:00,7556.25,7558.0,7555.75,7557.0,1004
2026-06-22 04:10:00-04:00,7556.0,7557.25,7552.5,7556.0,995
2026-06-22 04:15:00-04:00,7553.5,7557.5,7553.25,7556.25,776
2026-06-22 04:20:00-04:00,7555.75,7556.25,7552.75,7553.5,903
2026-06-22 04:25:00-04:00,7555.0,7556.5,7554.25,7555.75,706
2026-06-22 04:30:00-04:00,7555.75,7556.25,7553.25,7554.75,683
2026-06-22 04:35:00-04:00,7557.5,7558.0,7555.25,7555.75,813
2026-06-22 04:40:00-04:00,7560.0,7560.25,7557.0,7557.5,512
2026-06-22 04:45:00-04:00,7557.5,7560.5,7555.75,7559.75,616
2026-06-22 04:50:00-04:00,7559.0,7559.25,7556.25,7557.25,616
2026-06-22 04:55:00-04:00,7559.5,7560.25,7558.25,7559.25,618
2026-06-22 05:00:00-04:00,7562.75,7562.75,7556.25,7559.5,717
2026-06-22 05:05:00-04:00,7563.75,7564.5,7561.5,7563.0,1127
2026-06-22 05:10:00-04:00,7562.75,7564.5,7561.0,7563.75,898
2026-06-22 05:15:00-04:00,7561.0,7563.0,7560.25,7562.75,736
2026-06-22 05:20:00-04:00,7561.25,7562.0,7560.0,7560.75,506
2026-06-22 05:25:00-04:00,7560.5,7562.5,7559.75,7561.25,505
2026-06-22 05:30:00-04:00,7560.75,7561.75,7558.25,7560.5,900
2026-06-22 05:35:00-04:00,7557.5,7560.75,7557.5,7560.5,550
2026-06-22 05:40:00-04:00,7556.5,7558.25,7555.5,7557.5,583
2026-06-22 05:45:00-04:00,7556.25,7558.0,7555.75,7556.5,524
2026-06-22 05:50:00-04:00,7556.5,7557.5,7555.5,7556.25,712
2026-06-22 05:55:00-04:00,7554.75,7557.75,7554.25,7556.5,925
2026-06-22 06:00:00-04:00,7560.75,7560.75,7554.75,7554.75,859
2026-06-22 06:05:00-04:00,7563.25,7564.75,7560.0,7560.75,892
2026-06-22 06:10:00-04:00,7563.0,7564.75,7563.0,7563.25,625
2026-06-22 06:15:00-04:00,7563.5,7564.5,7562.75,7563.0,552
2026-06-22 06:20:00-04:00,7564.0,7564.25,7563.0,7563.5,492
2026-06-22 06:25:00-04:00,7563.0,7564.5,7562.0,7564.0,497
2026-06-22 06:30:00-04:00,7559.75,7563.0,7558.75,7563.0,795
2026-06-22 06:35:00-04:00,7558.0,7561.0,7557.75,7560.0,672
2026-06-22 06:40:00-04:00,7559.25,7559.75,7557.0,7557.75,607
2026-06-22 06:45:00-04:00,7561.75,7562.5,7559.25,7559.25,633
2026-06-22 06:50:00-04:00,7559.5,7562.0,7558.5,7561.75,481
2026-06-22 06:55:00-04:00,7558.75,7559.75,7558.0,7559.5,503
2026-06-22 07:00:00-04:00,7566.75,7568.5,7558.5,7558.75,1975
2026-06-22 07:05:00-04:00,7569.25,7577.75,7566.5,7567.0,6000
2026-06-22 07:10:00-04:00,7562.75,7569.0,7560.0,7569.0,2114
2026-06-22 07:15:00-04:00,7563.75,7564.0,7561.25,7562.5,866
2026-06-22 07:20:00-04:00,7563.0,7563.75,7560.75,7563.5,890
2026-06-22 07:25:00-04:00,7561.75,7564.0,7561.5,7562.75,714
2026-06-22 07:30:00-04:00,7563.75,7565.5,7561.0,7561.5,1103
2026-06-22 07:35:00-04:00,7565.25,7565.75,7563.0,7563.75,1081
2026-06-22 07:40:00-04:00,7563.25,7565.5,7562.0,7565.5,1343
2026-06-22 07:45:00-04:00,7564.5,7564.5,7558.75,7563.5,1955
2026-06-22 07:50:00-04:00,7561.5,7564.5,7560.0,7564.25,1212
2026-06-22 07:55:00-04:00,7563.5,7565.25,7560.75,7561.5,1280
2026-06-22 08:00:00-04:00,7566.5,7567.0,7563.75,7563.75,1069
2026-06-22 08:05:00-04:00,7568.75,7569.0,7566.5,7566.5,1097
2026-06-22 08:10:00-04:00,7569.75,7570.0,7567.5,7568.5,1150
2026-06-22 08:15:00-04:00,7568.75,7570.25,7567.5,7569.5,822
2026-06-22 08:20:00-04:00,7573.5,7574.25,7568.75,7568.75,1816
2026-06-22 08:25:00-04:00,7574.25,7574.75,7571.75,7573.5,1881
2026-06-22 08:30:00-04:00,7575.75,7575.75,7572.25,7574.25,1585
2026-06-22 08:35:00-04:00,7573.25,7576.25,7573.0,7575.5,1806
2026-06-22 08:40:00-04:00,7571.0,7574.5,7570.25,7573.25,1652
2026-06-22 08:45:00-04:00,7570.5,7571.5,7569.0,7571.0,1981
2026-06-22 08:50:00-04:00,7568.75,7570.75,7568.25,7570.5,1378
2026-06-22 08:55:00-04:00,7568.0,7570.0,7567.5,7568.75,1587
2026-06-22 09:00:00-04:00,7574.25,7578.0,7568.0,7568.0,5879
2026-06-22 09:05:00-04:00,7570.75,7574.5,7569.25,7574.0,2668
2026-06-22 09:10:00-04:00,7576.5,7576.75,7569.75,7570.5,4095
2026-06-22 09:15:00-04:00,7575.25,7577.5,7573.0,7576.5,2100
2026-06-22 09:20:00-04:00,7577.5,7579.0,7574.75,7575.25,2134
2026-06-22 09:25:00-04:00,7573.25,7578.5,7572.25,7577.75,5103
2026-06-22 09:30:00-04:00,7578.0,7590.25,7571.5,7573.0,35405
2026-06-22 09:35:00-04:00,7595.25,7595.5,7576.75,7578.25,22732
2026-06-22 09:40:00-04:00,7578.5,7596.75,7576.0,7595.5,27696
2026-06-22 09:45:00-04:00,7592.0,7595.5,7576.75,7578.75,25034
2026-06-22 09:50:00-04:00,7587.25,7592.75,7586.5,7592.0,18966
2026-06-22 09:55:00-04:00,7596.25,7596.5,7584.25,7587.5,16086
2026-06-22 10:00:00-04:00,7593.25,7597.5,7591.0,7596.25,15592
2026-06-22 10:05:00-04:00,7596.75,7597.0,7590.5,7593.5,13999
2026-06-22 10:10:00-04:00,7589.75,7599.25,7589.0,7596.5,14383
2026-06-22 10:15:00-04:00,7581.25,7591.0,7579.25,7590.0,18610
2026-06-22 10:20:00-04:00,7571.5,7581.75,7569.75,7581.25,20636
2026-06-22 10:25:00-04:00,7561.25,7574.75,7560.25,7571.5,27524
2026-06-22 10:30:00-04:00,7550.75,7562.25,7546.25,7561.25,37948
2026-06-22 10:35:00-04:00,7550.5,7556.0,7545.5,7550.75,23567
2026-06-22 10:40:00-04:00,7541.0,7553.5,7540.0,7550.5,23021
2026-06-22 10:45:00-04:00,7544.0,7549.25,7540.5,7541.0,27646
2026-06-22 10:50:00-04:00,7534.5,7546.5,7532.0,7544.0,20677
2026-06-22 10:55:00-04:00,7543.0,7545.0,7527.25,7534.25,25044
2026-06-22 11:00:00-04:00,7546.5,7550.0,7541.25,7542.75,15214
2026-06-22 11:05:00-04:00,7538.75,7546.75,7536.25,7546.25,16764
2026-06-22 11:10:00-04:00,7540.5,7544.5,7536.25,7538.75,14864
2026-06-22 11:15:00-04:00,7537.75,7545.75,7535.5,7540.5,16831
2026-06-22 11:20:00-04:00,7544.0,7545.75,7534.75,7537.75,15890
2026-06-22 11:25:00-04:00,7539.75,7547.0,7537.75,7544.0,18035
2026-06-22 11:30:00-04:00,7542.0,7546.25,7537.5,7539.75,18292
2026-06-22 11:35:00-04:00,7547.5,7548.0,7540.5,7542.25,13358
2026-06-22 11:40:00-04:00,7554.75,7558.0,7547.75,7547.75,13275
2026-06-22 11:45:00-04:00,7540.5,7559.25,7539.0,7555.0,16743
2026-06-22 11:50:00-04:00,7542.0,7546.0,7540.5,7540.75,13026
2026-06-22 11:55:00-04:00,7542.5,7547.5,7540.25,7542.0,11636
2026-06-22 12:00:00-04:00,7533.75,7544.25,7532.25,7542.5,14668
2026-06-22 12:05:00-04:00,7538.25,7539.75,7532.5,7533.5,11481
2026-06-22 12:10:00-04:00,7546.25,7546.5,7537.75,7538.25,10900
2026-06-22 12:15:00-04:00,7546.0,7547.25,7541.0,7546.25,10111
2026-06-22 12:20:00-04:00,7541.75,7550.25,7540.0,7546.0,10653
2026-06-22 12:25:00-04:00,7544.25,7546.0,7540.0,7541.75,9937
2026-06-22 12:30:00-04:00,7539.75,7545.25,7539.0,7544.5,7666
2026-06-22 12:35:00-04:00,7540.25,7541.5,7537.0,7539.75,6869
2026-06-22 12:40:00-04:00,7539.75,7542.25,7536.75,7540.5,7950
2026-06-22 12:45:00-04:00,7546.25,7546.25,7538.0,7540.0,9630
2026-06-22 12:50:00-04:00,7547.5,7548.75,7545.0,7546.0,8140
2026-06-22 12:55:00-04:00,7546.0,7549.75,7543.0,7547.25,11356
2026-06-22 13:00:00-04:00,7544.75,7547.0,7542.25,7546.25,5999
2026-06-22 13:05:00-04:00,7538.25,7544.75,7535.5,7544.5,8499
2026-06-22 13:10:00-04:00,7542.25,7542.25,7537.75,7538.25,5533
2026-06-22 13:15:00-04:00,7546.75,7547.0,7542.0,7542.0,6829
2026-06-22 13:20:00-04:00,7545.25,7549.0,7543.25,7546.5,4992
2026-06-22 13:25:00-04:00,7543.25,7546.25,7542.75,7545.25,5193
2026-06-22 13:30:00-04:00,7541.0,7544.5,7539.0,7543.25,7043
2026-06-22 13:35:00-04:00,7540.5,7541.0,7535.5,7540.75,7099
2026-06-22 13:40:00-04:00,7539.25,7541.75,7538.5,7540.25,3933
2026-06-22 13:45:00-04:00,7544.0,7544.5,7538.25,7539.5,5938
2026-06-22 13:50:00-04:00,7548.25,7549.5,7543.0,7544.0,7002
2026-06-22 13:55:00-04:00,7542.75,7548.25,7542.75,7548.25,5398
2026-06-22 14:00:00-04:00,7541.0,7544.75,7538.5,7543.0,7366
2026-06-22 14:05:00-04:00,7545.25,7545.25,7540.75,7540.75,5132
2026-06-22 14:10:00-04:00,7545.5,7546.75,7542.75,7545.0,3947
2026-06-22 14:15:00-04:00,7548.25,7549.5,7545.5,7545.5,5226
2026-06-22 14:20:00-04:00,7550.0,7553.75,7547.75,7548.5,8895
2026-06-22 14:25:00-04:00,7547.25,7550.5,7544.25,7550.0,7134
2026-06-22 14:30:00-04:00,7546.0,7551.5,7545.0,7547.25,8224
2026-06-22 14:35:00-04:00,7545.0,7548.0,7544.75,7546.25,4961
2026-06-22 14:40:00-04:00,7541.0,7546.0,7540.5,7545.0,6525
2026-06-22 14:45:00-04:00,7543.75,7544.5,7539.75,7541.0,6644
2026-06-22 14:50:00-04:00,7536.75,7544.5,7533.0,7543.75,10248
2026-06-22 14:55:00-04:00,7533.0,7536.5,7531.5,7536.5,9160
2026-06-22 15:00:00-04:00,7537.0,7539.75,7532.5,7533.0,12138
2026-06-22 15:05:00-04:00,7532.5,7537.25,7528.5,7537.0,8926
2026-06-22 15:10:00-04:00,7535.5,7537.0,7531.0,7532.75,6358
2026-06-22 15:15:00-04:00,7537.25,7538.0,7533.75,7535.5,8069
2026-06-22 15:20:00-04:00,7533.5,7538.25,7532.5,7537.25,6502
2026-06-22 15:25:00-04:00,7530.5,7534.5,7530.25,7533.5,8709
2026-06-22 15:30:00-04:00,7533.75,7536.25,7530.25,7530.25,10195
2026-06-22 15:35:00-04:00,7532.5,7534.0,7531.25,7533.5,8845
2026-06-22 15:40:00-04:00,7529.5,7533.25,7528.0,7532.25,10557
2026-06-22 15:45:00-04:00,7535.25,7535.5,7528.75,7529.5,11932
2026-06-22 15:50:00-04:00,7543.75,7545.25,7533.25,7535.25,25068
2026-06-22 15:55:00-04:00,7540.25,7545.75,7535.75,7543.75,89299
2026-06-22 16:00:00-04:00,7545.25,7547.0,7539.0,7540.25,21105
2026-06-22 16:05:00-04:00,7543.25,7546.0,7542.5,7545.25,4097
2026-06-22 16:10:00-04:00,7545.5,7546.0,7542.25,7543.25,4602
2026-06-22 16:15:00-04:00,7547.0,7547.0,7543.75,7545.25,2347
2026-06-22 16:20:00-04:00,7545.0,7547.25,7544.75,7546.75,1577
2026-06-22 16:25:00-04:00,7541.75,7545.0,7541.0,7545.0,1858
2026-06-22 16:30:00-04:00,7541.25,7542.5,7541.0,7541.5,1102
2026-06-22 16:35:00-04:00,7541.0,7542.0,7540.5,7541.0,1020
2026-06-22 16:40:00-04:00,7542.5,7542.75,7541.0,7541.0,829
2026-06-22 16:45:00-04:00,7542.0,7542.5,7541.25,7542.25,1023
2026-06-22 16:50:00-04:00,7541.0,7542.0,7540.0,7541.75,885
2026-06-22 16:55:00-04:00,7540.75,7542.25,7539.5,7541.0,1219
2026-06-22 18:00:00-04:00,7543.25,7549.5,7539.75,7541.25,0
2026-06-22 18:05:00-04:00,7542.5,7544.25,7538.25,7543.0,981
2026-06-22 18:10:00-04:00,7541.25,7542.5,7540.5,7542.5,303
2026-06-22 18:15:00-04:00,7541.5,7541.75,7540.25,7541.5,222
2026-06-22 18:20:00-04:00,7542.75,7543.25,7540.5,7541.5,329
2026-06-22 18:25:00-04:00,7540.25,7543.0,7539.0,7542.5,525
2026-06-22 18:30:00-04:00,7534.75,7540.0,7534.25,7540.0,1257
2026-06-22 18:35:00-04:00,7533.5,7535.5,7530.0,7535.0,1141
2026-06-22 18:40:00-04:00,7530.25,7533.75,7529.5,7533.75,468
2026-06-22 18:45:00-04:00,7532.0,7532.0,7529.5,7530.5,489
2026-06-22 18:50:00-04:00,7533.0,7533.25,7530.5,7532.0,379
2026-06-22 18:55:00-04:00,7532.0,7533.75,7531.75,7533.0,419
2026-06-22 19:00:00-04:00,7531.25,7533.0,7529.5,7532.0,587
2026-06-22 19:05:00-04:00,7531.5,7531.75,7530.0,7531.25,247
2026-06-22 19:10:00-04:00,7528.5,7531.75,7528.0,7531.75,632
2026-06-22 19:15:00-04:00,7526.75,7528.75,7526.0,7528.5,809
2026-06-22 19:20:00-04:00,7529.0,7530.0,7526.0,7526.75,423
2026-06-22 19:25:00-04:00,7531.0,7531.25,7528.25,7529.0,394
2026-06-22 19:30:00-04:00,7529.5,7531.5,7529.25,7531.0,218
2026-06-22 19:35:00-04:00,7528.75,7531.0,7528.25,7529.75,322
2026-06-22 19:40:00-04:00,7530.75,7531.0,7528.5,7529.0,239
2026-06-22 19:45:00-04:00,7528.25,7531.5,7527.0,7530.75,620
2026-06-22 19:50:00-04:00,7529.5,7530.25,7526.5,7527.75,484
2026-06-22 19:55:00-04:00,7532.0,7532.25,7529.0,7529.5,424
2026-06-22 20:00:00-04:00,7533.25,7535.0,7530.25,7531.75,2088
2026-06-22 20:05:00-04:00,7530.25,7534.75,7530.0,7533.0,920
2026-06-22 20:10:00-04:00,7524.75,7530.75,7524.0,7530.0,1715
2026-06-22 20:15:00-04:00,7525.0,7529.0,7524.75,7525.25,1359
2026-06-22 20:20:00-04:00,7523.25,7525.5,7522.0,7525.25,2044
2026-06-22 20:25:00-04:00,7525.5,7527.25,7522.5,7523.5,1289
2026-06-22 20:30:00-04:00,7529.5,7530.5,7523.75,7525.25,1388
2026-06-22 20:35:00-04:00,7533.25,7534.25,7527.5,7529.5,977
2026-06-22 20:40:00-04:00,7541.0,7541.0,7532.25,7533.5,1399
2026-06-22 20:45:00-04:00,7541.75,7545.25,7538.5,7541.0,1882
2026-06-22 20:50:00-04:00,7539.5,7542.75,7539.25,7542.25,837
2026-06-22 20:55:00-04:00,7540.25,7541.5,7538.25,7539.5,605
2026-06-22 21:00:00-04:00,7540.5,7542.25,7538.25,7540.25,1368
2026-06-22 21:05:00-04:00,7540.0,7541.5,7537.25,7540.75,1022
2026-06-22 21:10:00-04:00,7536.5,7541.25,7536.5,7540.0,622
2026-06-22 21:15:00-04:00,7534.25,7538.0,7533.0,7536.5,1096
2026-06-22 21:20:00-04:00,7533.0,7536.25,7532.75,7534.5,783
2026-06-22 21:25:00-04:00,7535.75,7537.5,7533.25,7533.25,663
2026-06-22 21:30:00-04:00,7529.75,7536.75,7529.5,7535.75,1045
2026-06-22 21:35:00-04:00,7525.75,7530.0,7522.25,7530.0,2194
2026-06-22 21:40:00-04:00,7522.25,7528.5,7521.0,7525.5,1843
2026-06-22 21:45:00-04:00,7519.25,7522.25,7518.0,7522.25,2250
2026-06-22 21:50:00-04:00,7520.75,7522.25,7512.0,7519.25,3203
2026-06-22 21:55:00-04:00,7522.25,7525.5,7519.75,7520.75,1628
2026-06-22 22:00:00-04:00,7524.0,7525.0,7520.0,7522.75,1334
2026-06-22 22:05:00-04:00,7516.25,7523.75,7514.5,7523.75,1537
2026-06-22 22:10:00-04:00,7519.0,7519.75,7514.0,7516.0,1267
2026-06-22 22:15:00-04:00,7520.75,7522.25,7517.25,7519.0,1392
2026-06-22 22:20:00-04:00,7519.75,7522.25,7519.0,7520.75,630
2026-06-22 22:25:00-04:00,7520.0,7521.5,7519.0,7520.0,642
2026-06-22 22:30:00-04:00,7517.0,7520.25,7516.5,7520.0,654
2026-06-22 22:35:00-04:00,7516.75,7518.75,7516.25,7517.0,510
2026-06-22 22:40:00-04:00,7517.5,7518.25,7515.75,7517.0,626
2026-06-22 22:45:00-04:00,7514.25,7518.0,7512.5,7517.5,1019
2026-06-22 22:50:00-04:00,7514.5,7516.75,7513.5,7514.25,693
2026-06-22 22:55:00-04:00,7512.75,7516.5,7510.5,7514.5,1164
2026-06-22 23:00:00-04:00,7511.5,7513.75,7510.0,7512.75,1454
2026-06-22 23:05:00-04:00,7506.75,7511.5,7506.5,7511.5,1548
2026-06-22 23:10:00-04:00,7506.25,7508.25,7504.75,7506.75,2002
2026-06-22 23:15:00-04:00,7505.5,7508.0,7505.0,7506.25,790
2026-06-22 23:20:00-04:00,7506.0,7507.75,7505.25,7505.75,693
2026-06-22 23:25:00-04:00,7507.5,7508.75,7505.5,7506.25,865
2026-06-22 23:30:00-04:00,7504.0,7507.75,7503.75,7507.5,1192
2026-06-22 23:35:00-04:00,7500.75,7505.0,7498.75,7504.0,1962
2026-06-22 23:40:00-04:00,7500.75,7501.0,7496.5,7500.75,3129
2026-06-22 23:45:00-04:00,7499.75,7501.0,7497.0,7500.25,1073
2026-06-22 23:50:00-04:00,7505.25,7505.75,7499.75,7499.75,1696
2026-06-22 23:55:00-04:00,7506.25,7506.75,7504.25,7505.25,747
2026-06-23 00:05:00-04:00,7503.25,7504.25,7502.75,7504.25,2755
2026-06-23 00:10:00-04:00,7501.75,7504.0,7500.0,7503.5,933
2026-06-23 00:15:00-04:00,7496.0,7501.75,7495.5,7501.75,1226
2026-06-23 00:20:00-04:00,7495.5,7496.5,7493.5,7496.25,1156
2026-06-23 00:25:00-04:00,7496.75,7497.5,7494.75,7495.5,686
2026-06-23 00:30:00-04:00,7494.75,7496.75,7494.0,7496.5,647
2026-06-23 00:35:00-04:00,7493.5,7495.25,7492.25,7494.5,719
2026-06-23 00:40:00-04:00,7492.0,7493.75,7490.5,7493.5,837
2026-06-23 00:45:00-04:00,7491.0,7493.0,7490.5,7492.25,691
2026-06-23 00:50:00-04:00,7485.75,7491.25,7484.25,7491.0,1675
2026-06-23 00:55:00-04:00,7483.25,7485.75,7481.75,7485.75,1386
2026-06-23 01:00:00-04:00,7486.75,7487.25,7482.75,7483.5,1289
2026-06-23 01:05:00-04:00,7483.5,7487.75,7483.0,7487.0,1056
2026-06-23 01:10:00-04:00,7483.25,7488.0,7482.75,7483.5,1573
2026-06-23 01:15:00-04:00,7481.25,7484.5,7480.5,7483.5,1099
2026-06-23 01:20:00-04:00,7480.25,7484.25,7480.0,7481.25,1337
2026-06-23 01:25:00-04:00,7476.75,7481.0,7474.5,7480.25,2166
2026-06-23 01:30:00-04:00,7474.0,7477.5,7472.0,7477.0,2244
2026-06-23 01:35:00-04:00,7470.0,7474.5,7468.0,7474.0,2380
2026-06-23 01:40:00-04:00,7473.25,7473.75,7467.25,7470.0,1945
2026-06-23 01:45:00-04:00,7474.25,7476.0,7471.25,7473.25,2373
2026-06-23 01:50:00-04:00,7471.25,7476.0,7470.75,7474.25,1516
2026-06-23 01:55:00-04:00,7468.75,7472.0,7467.0,7471.25,1934
2026-06-23 02:00:00-04:00,7470.5,7472.0,7466.25,7468.75,2037
2026-06-23 02:05:00-04:00,7464.5,7472.5,7463.25,7470.5,2274
2026-06-23 02:10:00-04:00,7465.25,7466.25,7463.0,7464.75,1854
2026-06-23 02:15:00-04:00,7463.0,7468.5,7461.75,7466.0,2142
2026-06-23 02:20:00-04:00,7459.0,7463.25,7457.25,7462.75,2688
2026-06-23 02:25:00-04:00,7454.75,7459.5,7451.25,7459.0,4382
2026-06-23 02:30:00-04:00,7456.0,7458.75,7453.0,7454.75,2591
2026-06-23 02:35:00-04:00,7454.25,7456.75,7453.0,7456.0,1955
2026-06-23 02:40:00-04:00,7450.5,7457.25,7447.75,7454.5,2073
2026-06-23 02:45:00-04:00,7452.25,7455.25,7449.25,7450.5,1990
2026-06-23 02:50:00-04:00,7450.5,7453.5,7449.0,7452.25,1198
2026-06-23 02:55:00-04:00,7447.25,7451.75,7444.75,7450.25,2048
2026-06-23 03:00:00-04:00,7447.0,7448.75,7442.25,7447.0,3561
2026-06-23 03:05:00-04:00,7454.75,7455.0,7446.0,7447.0,2821
2026-06-23 03:10:00-04:00,7452.0,7455.5,7451.0,7454.75,2479
2026-06-23 03:15:00-04:00,7446.75,7453.0,7445.75,7452.0,1766
2026-06-23 03:20:00-04:00,7443.75,7449.75,7442.5,7446.5,1690
2026-06-23 03:25:00-04:00,7446.75,7447.0,7440.5,7443.75,1932
2026-06-23 03:30:00-04:00,7445.0,7447.0,7438.5,7446.5,2245
2026-06-23 03:35:00-04:00,7445.5,7445.75,7439.5,7445.0,2239
2026-06-23 03:40:00-04:00,7439.5,7447.25,7437.5,7445.75,2079
2026-06-23 03:45:00-04:00,7438.25,7441.25,7436.25,7439.5,2810
2026-06-23 03:50:00-04:00,7436.0,7438.5,7433.5,7438.25,2094
2026-06-23 03:55:00-04:00,7433.5,7436.25,7428.25,7436.25,3750
2026-06-23 04:00:00-04:00,7426.5,7434.75,7422.25,7433.75,6041
2026-06-23 04:05:00-04:00,7434.0,7435.0,7427.0,7427.0,2965
2026-06-23 04:10:00-04:00,7429.75,7435.0,7429.25,7434.0,2608
2026-06-23 04:15:00-04:00,7424.75,7430.75,7424.75,7429.25,2727
2026-06-23 04:20:00-04:00,7425.25,7428.5,7421.75,7425.0,2861
2026-06-23 04:25:00-04:00,7424.5,7427.25,7422.5,7425.25,2538
2026-06-23 04:30:00-04:00,7432.25,7433.0,7424.25,7424.75,2879
2026-06-23 04:35:00-04:00,7432.0,7435.0,7430.5,7432.25,2099
2026-06-23 04:40:00-04:00,7434.5,7438.5,7431.75,7431.75,2638
2026-06-23 04:45:00-04:00,7427.25,7434.5,7423.5,7434.5,2795
2026-06-23 04:50:00-04:00,7430.25,7431.5,7425.5,7427.0,2026
2026-06-23 04:55:00-04:00,7430.5,7432.25,7427.5,7430.25,1764
2026-06-23 05:00:00-04:00,7434.5,7436.5,7429.5,7430.75,2531
2026-06-23 05:05:00-04:00,7432.75,7438.0,7431.75,7434.25,1878
2026-06-23 05:10:00-04:00,7438.25,7439.5,7431.25,7432.5,2199
2026-06-23 05:15:00-04:00,7438.5,7439.0,7434.75,7438.0,1314
2026-06-23 05:20:00-04:00,7444.0,7445.0,7437.75,7438.25,2638
2026-06-23 05:25:00-04:00,7445.0,7446.25,7441.5,7444.0,3125
2026-06-23 05:30:00-04:00,7441.25,7445.5,7440.0,7445.0,1719
2026-06-23 05:35:00-04:00,7439.75,7442.75,7439.5,7441.5,1536
2026-06-23 05:40:00-04:00,7440.0,7442.25,7438.5,7440.0,1386
2026-06-23 05:45:00-04:00,7443.25,7443.5,7438.0,7440.0,1113
2026-06-23 05:50:00-04:00,7444.0,7445.5,7440.75,7443.0,1466
2026-06-23 05:55:00-04:00,7444.5,7446.0,7442.75,7444.0,1299
2026-06-23 06:00:00-04:00,7447.5,7449.5,7443.25,7444.5,2607
2026-06-23 06:05:00-04:00,7444.25,7448.5,7442.5,7447.75,1435
2026-06-23 06:10:00-04:00,7442.5,7444.75,7441.0,7443.75,1177
2026-06-23 06:15:00-04:00,7446.75,7447.0,7442.0,7442.25,1609
2026-06-23 06:20:00-04:00,7444.25,7449.75,7443.75,7446.75,2835
2026-06-23 06:25:00-04:00,7440.0,7444.25,7439.25,7444.25,1365
2026-06-23 06:30:00-04:00,7433.75,7439.75,7433.25,7439.75,4556
2026-06-23 06:35:00-04:00,7432.75,7435.5,7430.25,7433.5,2243
2026-06-23 06:40:00-04:00,7431.5,7433.25,7427.25,7432.5,2384
2026-06-23 06:45:00-04:00,7433.25,7436.75,7431.5,7431.5,1901
2026-06-23 06:50:00-04:00,7434.75,7435.25,7430.5,7433.5,1755
2026-06-23 06:55:00-04:00,7436.75,7437.75,7433.75,7434.75,1484
2026-06-23 07:00:00-04:00,7435.0,7441.5,7435.0,7436.5,3151
2026-06-23 07:05:00-04:00,7435.75,7438.0,7432.5,7434.75,1882
2026-06-23 07:10:00-04:00,7442.5,7443.0,7435.75,7435.75,1899
2026-06-23 07:15:00-04:00,7441.0,7443.0,7438.5,7442.5,1742
2026-06-23 07:20:00-04:00,7442.5,7448.5,7436.0,7441.0,4938
2026-06-23 07:25:00-04:00,7440.25,7443.5,7437.25,7442.5,2602
2026-06-23 07:30:00-04:00,7442.0,7444.25,7438.25,7440.0,1912
2026-06-23 07:35:00-04:00,7444.5,7448.5,7438.75,7442.25,2647
2026-06-23 07:40:00-04:00,7449.0,7449.5,7444.25,7444.75,2910
2026-06-23 07:45:00-04:00,7448.5,7451.0,7446.25,7449.0,2929
2026-06-23 07:50:00-04:00,7453.0,7453.0,7446.25,7448.25,3028
2026-06-23 07:55:00-04:00,7450.75,7453.5,7450.0,7453.0,3263
2026-06-23 08:00:00-04:00,7452.0,7454.5,7449.0,7450.75,3037
2026-06-23 08:05:00-04:00,7448.75,7452.0,7447.25,7452.0,2395
2026-06-23 08:10:00-04:00,7446.5,7451.5,7444.25,7448.75,3305
2026-06-23 08:15:00-04:00,7443.5,7447.25,7440.25,7446.5,2865
2026-06-23 08:20:00-04:00,7437.5,7443.5,7436.25,7443.5,3242
2026-06-23 08:25:00-04:00,7437.25,7438.5,7432.5,7437.5,3780
2026-06-23 08:30:00-04:00,7428.0,7440.5,7428.0,7437.25,4084
2026-06-23 08:35:00-04:00,7431.5,7432.75,7427.5,7428.0,3041
2026-06-23 08:40:00-04:00,7433.25,7436.5,7430.75,7431.5,3488
2026-06-23 08:45:00-04:00,7432.25,7435.25,7429.75,7433.25,3300
2026-06-23 08:50:00-04:00,7430.0,7435.5,7430.0,7432.25,2458
2026-06-23 08:55:00-04:00,7432.75,7434.5,7429.75,7430.0,2358
2026-06-23 09:00:00-04:00,7433.0,7434.0,7430.0,7432.5,3470
2026-06-23 09:05:00-04:00,7432.5,7434.5,7431.25,7433.0,3667
2026-06-23 09:10:00-04:00,7434.0,7436.0,7429.5,7432.5,4367
2026-06-23 09:15:00-04:00,7430.5,7434.25,7427.5,7433.75,3412
2026-06-23 09:20:00-04:00,7430.5,7432.75,7428.75,7430.5,2966
2026-06-23 09:25:00-04:00,7429.5,7430.5,7423.75,7430.5,10924
2026-06-23 09:30:00-04:00,7432.5,7434.5,7415.25,7429.5,52511
2026-06-23 09:35:00-04:00,7437.0,7439.5,7416.75,7432.75,39117
2026-06-23 09:40:00-04:00,7442.5,7447.0,7430.5,7436.75,27344
2026-06-23 09:45:00-04:00,7457.75,7463.5,7438.25,7442.25,35535
2026-06-23 09:50:00-04:00,7460.0,7465.75,7457.25,7457.75,28187
2026-06-23 09:55:00-04:00,7465.25,7466.5,7454.75,7459.75,29459
2026-06-23 10:00:00-04:00,7474.75,7478.25,7463.75,7465.25,31445
2026-06-23 10:05:00-04:00,7478.75,7480.5,7470.75,7474.75,24173
2026-06-23 10:10:00-04:00,7484.0,7485.25,7476.25,7478.75,26589
2026-06-23 10:15:00-04:00,7486.25,7487.5,7480.0,7484.0,20764
2026-06-23 10:20:00-04:00,7483.0,7491.0,7479.5,7486.25,23519
2026-06-23 10:25:00-04:00,7483.75,7484.75,7475.75,7483.0,22611
2026-06-23 10:30:00-04:00,7476.0,7486.0,7472.25,7483.75,21417
2026-06-23 10:35:00-04:00,7470.5,7482.5,7470.0,7476.0,20825
2026-06-23 10:40:00-04:00,7468.25,7476.0,7466.25,7470.5,22726
2026-06-23 10:45:00-04:00,7467.75,7470.25,7461.5,7468.25,21985
2026-06-23 10:50:00-04:00,7466.0,7474.0,7462.25,7467.75,19406
2026-06-23 10:55:00-04:00,7464.75,7467.75,7459.75,7466.0,15553
2026-06-23 11:00:00-04:00,7459.75,7468.5,7458.5,7464.75,17777
2026-06-23 11:05:00-04:00,7454.0,7461.25,7450.5,7459.75,18518
2026-06-23 11:10:00-04:00,7455.25,7456.75,7451.0,7454.25,13145
2026-06-23 11:15:00-04:00,7446.75,7457.0,7445.5,7455.25,15348
2026-06-23 11:20:00-04:00,7440.0,7449.5,7439.75,7446.5,15034
2026-06-23 11:25:00-04:00,7440.0,7443.0,7436.25,7440.0,19530
2026-06-23 11:30:00-04:00,7443.5,7446.75,7438.0,7439.75,17301
2026-06-23 11:35:00-04:00,7438.75,7449.25,7436.75,7443.75,16741
2026-06-23 11:40:00-04:00,7444.25,7445.75,7435.75,7438.75,15100
2026-06-23 11:45:00-04:00,7444.75,7449.25,7441.75,7444.0,13136
2026-06-23 11:50:00-04:00,7453.0,7456.5,7443.25,7445.0,15038
2026-06-23 11:55:00-04:00,7453.75,7455.75,7447.5,7453.0,11644
2026-06-23 12:00:00-04:00,7461.0,7462.0,7452.5,7454.0,13171
2026-06-23 12:05:00-04:00,7466.25,7466.75,7459.75,7461.0,13897
2026-06-23 12:10:00-04:00,7469.25,7471.5,7466.25,7466.25,10292
2026-06-23 12:15:00-04:00,7464.5,7471.25,7464.0,7469.5,10819
2026-06-23 12:20:00-04:00,7468.25,7469.25,7460.75,7464.75,10164
2026-06-23 12:25:00-04:00,7469.0,7470.5,7465.25,7468.25,7257
2026-06-23 12:30:00-04:00,7465.75,7470.0,7464.5,7469.0,7871
2026-06-23 12:35:00-04:00,7470.0,7470.75,7465.0,7466.0,7320
2026-06-23 12:40:00-04:00,7474.0,7475.25,7470.25,7470.25,9672
2026-06-23 12:45:00-04:00,7469.0,7474.75,7466.25,7474.0,8210
2026-06-23 12:50:00-04:00,7468.5,7469.25,7464.5,7469.0,8983
2026-06-23 12:55:00-04:00,7469.75,7472.0,7465.25,7468.75,9078
2026-06-23 13:00:00-04:00,7462.75,7470.25,7461.5,7469.75,8416
2026-06-23 13:05:00-04:00,7464.75,7465.5,7460.5,7462.75,7274
2026-06-23 13:10:00-04:00,7469.0,7473.0,7464.5,7464.75,10614
2026-06-23 13:15:00-04:00,7466.75,7471.25,7464.5,7468.75,9028
2026-06-23 13:20:00-04:00,7474.5,7476.5,7466.25,7466.75,9339
2026-06-23 13:25:00-04:00,7471.0,7475.0,7470.25,7474.25,8797
2026-06-23 13:30:00-04:00,7473.25,7473.25,7466.0,7470.75,9717
2026-06-23 13:35:00-04:00,7471.25,7475.75,7470.25,7473.25,7081
2026-06-23 13:40:00-04:00,7467.25,7472.5,7466.25,7471.0,6328
2026-06-23 13:45:00-04:00,7468.5,7470.5,7466.0,7467.25,7499
2026-06-23 13:50:00-04:00,7456.25,7469.0,7455.5,7468.5,12197
2026-06-23 13:55:00-04:00,7453.25,7457.5,7452.5,7456.0,11836
2026-06-23 14:00:00-04:00,7456.25,7461.25,7451.75,7453.25,13802
2026-06-23 14:05:00-04:00,7453.25,7457.0,7448.75,7456.0,9106
2026-06-23 14:10:00-04:00,7453.75,7456.0,7452.5,7453.5,8687
2026-06-23 14:15:00-04:00,7451.5,7455.75,7450.25,7453.75,8710
2026-06-23 14:20:00-04:00,7453.0,7454.5,7447.75,7451.5,9475
2026-06-23 14:25:00-04:00,7449.75,7453.0,7448.75,7453.0,8167
2026-06-23 14:30:00-04:00,7447.0,7451.0,7446.5,7449.5,8210
2026-06-23 14:35:00-04:00,7445.0,7448.5,7444.25,7446.75,8275
2026-06-23 14:40:00-04:00,7433.75,7445.0,7433.0,7445.0,18789
2026-06-23 14:45:00-04:00,7435.25,7435.75,7430.25,7433.75,17623
2026-06-23 14:50:00-04:00,7433.0,7441.25,7428.75,7435.5,16832
2026-06-23 14:55:00-04:00,7436.0,7438.25,7429.25,7432.75,12247
2026-06-23 15:00:00-04:00,7446.0,7446.5,7433.75,7436.0,15322
2026-06-23 15:05:00-04:00,7440.5,7452.25,7438.5,7445.75,18065
2026-06-23 15:10:00-04:00,7441.0,7445.25,7438.0,7440.75,10903
2026-06-23 15:15:00-04:00,7434.25,7442.5,7434.0,7441.0,10496
2026-06-23 15:20:00-04:00,7444.5,7448.5,7433.5,7434.25,15247
2026-06-23 15:25:00-04:00,7446.75,7449.75,7442.75,7444.75,15578
2026-06-23 15:30:00-04:00,7446.75,7449.25,7440.25,7446.75,13597
2026-06-23 15:35:00-04:00,7442.75,7448.5,7442.75,7446.75,14826
2026-06-23 15:40:00-04:00,7442.0,7444.25,7438.25,7443.0,14121
2026-06-23 15:45:00-04:00,7444.25,7444.5,7436.25,7442.25,16217
2026-06-23 15:50:00-04:00,7452.5,7453.0,7442.0,7444.25,29827
2026-06-23 15:55:00-04:00,7434.75,7452.75,7433.0,7452.75,103388
2026-06-23 16:00:00-04:00,7436.0,7437.0,7431.5,7434.75,26440
2026-06-23 16:05:00-04:00,7439.75,7442.25,7435.5,7435.75,7431
2026-06-23 16:10:00-04:00,7438.75,7441.25,7438.0,7439.5,5152
2026-06-23 16:15:00-04:00,7437.75,7439.0,7435.25,7438.5,3236
2026-06-23 16:20:00-04:00,7440.25,7440.75,7437.0,7437.75,1598
2026-06-23 16:25:00-04:00,7441.0,7442.0,7439.5,7440.25,1769
2026-06-23 16:30:00-04:00,7442.0,7443.0,7439.5,7440.75,1390
2026-06-23 16:35:00-04:00,7439.75,7443.0,7439.75,7442.25,1027
2026-06-23 16:40:00-04:00,7440.25,7441.5,7438.25,7439.75,1099
2026-06-23 16:45:00-04:00,7440.0,7441.75,7439.25,7440.5,952
2026-06-23 16:50:00-04:00,7441.25,7441.5,7439.75,7440.25,1622
2026-06-23 16:55:00-04:00,7445.5,7446.75,7441.0,7441.0,2171
2026-06-23 18:00:00-04:00,7446.25,7451.75,7443.75,7449.25,0
2026-06-23 18:05:00-04:00,7450.25,7450.75,7444.75,7446.0,738
2026-06-23 18:10:00-04:00,7449.0,7452.25,7448.75,7449.75,655
2026-06-23 18:15:00-04:00,7448.0,7452.0,7446.0,7449.0,862
2026-06-23 18:20:00-04:00,7438.25,7448.5,7438.25,7447.75,1380
2026-06-23 18:25:00-04:00,7436.75,7440.0,7436.75,7438.25,1220
2026-06-23 18:30:00-04:00,7433.5,7440.75,7432.5,7437.0,1283
2026-06-23 18:35:00-04:00,7433.25,7434.5,7431.0,7433.5,1007
2026-06-23 18:40:00-04:00,7430.5,7434.5,7429.25,7433.25,913
2026-06-23 18:45:00-04:00,7434.0,7434.0,7430.5,7430.5,514
2026-06-23 18:50:00-04:00,7434.25,7435.5,7432.0,7434.0,693
2026-06-23 18:55:00-04:00,7434.75,7436.25,7434.0,7434.0,678
2026-06-23 19:00:00-04:00,7428.75,7435.5,7428.0,7435.0,1075
2026-06-23 19:05:00-04:00,7426.5,7429.25,7420.25,7429.0,3013
2026-06-23 19:10:00-04:00,7433.0,7434.5,7425.75,7426.5,1172
2026-06-23 19:15:00-04:00,7434.25,7436.0,7432.5,7433.25,635
2026-06-23 19:20:00-04:00,7437.25,7437.25,7433.5,7434.75,459
2026-06-23 19:25:00-04:00,7435.75,7438.25,7435.0,7437.25,509
2026-06-23 19:30:00-04:00,7430.75,7437.0,7430.5,7436.0,732
2026-06-23 19:35:00-04:00,7428.5,7431.5,7427.5,7430.75,931
2026-06-23 19:40:00-04:00,7433.5,7433.75,7427.75,7428.5,906
2026-06-23 19:45:00-04:00,7446.5,7450.75,7433.25,7433.5,3143
2026-06-23 19:50:00-04:00,7445.25,7448.75,7444.25,7446.75,981
2026-06-23 19:55:00-04:00,7446.75,7447.25,7444.25,7445.0,774
2026-06-23 20:00:00-04:00,7445.5,7455.5,7445.0,7446.75,2556
2026-06-23 20:05:00-04:00,7455.0,7456.75,7443.5,7445.25,2405
2026-06-23 20:10:00-04:00,7454.25,7459.75,7452.0,7455.0,2720
2026-06-23 20:15:00-04:00,7456.5,7458.75,7453.0,7454.0,2192
2026-06-23 20:20:00-04:00,7450.0,7456.5,7449.25,7456.25,1571
2026-06-23 20:25:00-04:00,7454.75,7455.0,7448.5,7450.0,1226
2026-06-23 20:30:00-04:00,7456.75,7458.0,7453.25,7455.0,1453
2026-06-23 20:35:00-04:00,7456.0,7458.25,7453.5,7456.75,1042
2026-06-23 20:40:00-04:00,7456.5,7458.25,7453.5,7455.75,887
2026-06-23 20:45:00-04:00,7455.0,7458.25,7453.25,7456.25,1026
2026-06-23 20:50:00-04:00,7452.0,7456.75,7451.25,7454.75,975
2026-06-23 20:55:00-04:00,7453.5,7453.75,7448.75,7451.75,1365
2026-06-23 21:00:00-04:00,7447.25,7454.75,7446.0,7453.75,1958
2026-06-23 21:05:00-04:00,7447.75,7453.25,7446.0,7447.25,1947
2026-06-23 21:10:00-04:00,7451.75,7452.0,7447.0,7447.75,1137
2026-06-23 21:15:00-04:00,7444.0,7451.75,7442.5,7451.75,1688
2026-06-23 21:20:00-04:00,7451.0,7451.5,7442.5,7444.0,1408
2026-06-23 21:25:00-04:00,7451.0,7452.75,7448.5,7451.0,969
2026-06-23 21:30:00-04:00,7451.75,7453.0,7450.0,7451.0,1115
2026-06-23 21:35:00-04:00,7450.0,7451.5,7448.0,7451.5,1005
2026-06-23 21:40:00-04:00,7452.0,7454.25,7448.75,7450.0,1288
2026-06-23 21:45:00-04:00,7450.5,7453.0,7449.0,7452.0,938
2026-06-23 21:50:00-04:00,7453.75,7454.25,7449.5,7450.25,898
2026-06-23 21:55:00-04:00,7451.25,7454.0,7449.5,7454.0,1052
2026-06-23 22:00:00-04:00,7451.5,7453.25,7449.25,7451.0,945
2026-06-23 22:05:00-04:00,7451.0,7451.75,7447.25,7451.5,891
2026-06-23 22:10:00-04:00,7451.5,7453.25,7450.0,7451.25,727
2026-06-23 22:15:00-04:00,7446.5,7451.75,7445.75,7451.25,694
2026-06-23 22:20:00-04:00,7444.75,7449.0,7442.75,7449.0,1050
2026-06-23 22:25:00-04:00,7448.0,7448.75,7444.5,7444.5,817
2026-06-23 22:30:00-04:00,7446.25,7450.5,7446.0,7448.25,736
2026-06-23 22:35:00-04:00,7441.25,7446.75,7439.0,7446.25,1838
2026-06-23 22:40:00-04:00,7440.25,7443.75,7438.75,7441.5,1250
2026-06-23 22:45:00-04:00,7436.0,7441.0,7434.25,7440.25,1448
2026-06-23 22:50:00-04:00,7434.0,7436.75,7432.25,7436.0,1273
2026-06-23 22:55:00-04:00,7430.25,7435.5,7429.75,7434.0,1216
2026-06-23 23:00:00-04:00,7430.0,7434.75,7429.75,7430.0,2013
2026-06-23 23:05:00-04:00,7435.75,7436.75,7426.75,7430.0,1797
2026-06-23 23:10:00-04:00,7445.0,7446.25,7435.5,7435.75,2089
2026-06-23 23:15:00-04:00,7438.25,7444.75,7438.0,7444.75,1139
2026-06-23 23:20:00-04:00,7437.5,7441.0,7436.25,7438.5,734
2026-06-23 23:25:00-04:00,7448.0,7448.25,7437.5,7437.5,1118
2026-06-23 23:30:00-04:00,7449.0,7451.0,7447.0,7447.75,985
2026-06-23 23:35:00-04:00,7447.75,7451.75,7446.0,7449.25,995
2026-06-23 23:40:00-04:00,7447.5,7450.0,7445.75,7447.5,1033
2026-06-23 23:45:00-04:00,7445.0,7448.25,7444.25,7447.5,711
2026-06-23 23:50:00-04:00,7445.25,7447.0,7443.5,7445.0,609
2026-06-23 23:55:00-04:00,7447.5,7447.5,7444.25,7445.25,288
2026-06-24 00:05:00-04:00,7441.5,7442.0,7439.5,7440.0,1370
2026-06-24 00:10:00-04:00,7439.75,7443.0,7438.0,7441.5,447
2026-06-24 00:15:00-04:00,7436.5,7441.5,7436.25,7439.75,647
2026-06-24 00:20:00-04:00,7435.75,7438.75,7434.75,7436.5,838
2026-06-24 00:25:00-04:00,7436.75,7438.75,7435.5,7435.5,401
2026-06-24 00:30:00-04:00,7444.0,7444.25,7437.0,7437.0,1015
2026-06-24 00:35:00-04:00,7448.0,7449.0,7442.0,7443.75,756
2026-06-24 00:40:00-04:00,7448.25,7450.5,7447.0,7447.75,506
2026-06-24 00:45:00-04:00,7449.5,7450.5,7447.75,7448.25,740
2026-06-24 00:50:00-04:00,7449.75,7451.5,7448.25,7449.75,622
2026-06-24 00:55:00-04:00,7449.5,7451.5,7448.25,7449.5,543
2026-06-24 01:00:00-04:00,7450.75,7451.5,7448.5,7449.75,791
2026-06-24 01:05:00-04:00,7451.75,7452.5,7447.5,7450.75,885
2026-06-24 01:10:00-04:00,7451.5,7453.25,7450.25,7451.5,751
2026-06-24 01:15:00-04:00,7455.75,7456.25,7450.0,7451.5,1026
2026-06-24 01:20:00-04:00,7456.5,7456.75,7454.0,7455.5,729
2026-06-24 01:25:00-04:00,7454.25,7457.5,7453.75,7456.5,817
2026-06-24 01:30:00-04:00,7454.25,7457.75,7453.75,7454.25,873
2026-06-24 01:35:00-04:00,7458.5,7459.25,7454.25,7454.5,867
2026-06-24 01:40:00-04:00,7454.25,7458.5,7453.5,7458.5,695
2026-06-24 01:45:00-04:00,7452.5,7455.0,7451.75,7454.0,637
2026-06-24 01:50:00-04:00,7450.5,7452.0,7449.75,7451.75,385
2026-06-24 01:55:00-04:00,7450.25,7451.25,7449.75,7450.25,427
2026-06-24 02:00:00-04:00,7446.25,7450.5,7445.75,7450.25,777
2026-06-24 02:05:00-04:00,7449.75,7450.25,7446.0,7446.25,584
2026-06-24 02:10:00-04:00,7452.0,7453.75,7449.5,7449.75,675
2026-06-24 02:15:00-04:00,7448.5,7452.5,7447.5,7452.0,515
2026-06-24 02:20:00-04:00,7447.5,7448.5,7445.25,7448.5,622
2026-06-24 02:25:00-04:00,7447.0,7448.75,7445.5,7447.0,842
2026-06-24 02:30:00-04:00,7451.25,7451.5,7446.75,7447.5,812
2026-06-24 02:35:00-04:00,7450.25,7453.75,7450.0,7451.0,770
2026-06-24 02:40:00-04:00,7450.0,7451.25,7449.5,7450.0,533
2026-06-24 02:45:00-04:00,7449.0,7450.25,7448.25,7450.0,688
2026-06-24 02:50:00-04:00,7450.5,7451.75,7449.0,7449.25,547
2026-06-24 02:55:00-04:00,7448.75,7451.25,7448.5,7450.25,543
2026-06-24 03:00:00-04:00,7445.75,7450.75,7442.75,7449.0,2154
2026-06-24 03:05:00-04:00,7446.5,7449.75,7443.5,7445.75,1666
2026-06-24 03:10:00-04:00,7447.75,7450.0,7446.0,7446.75,998
2026-06-24 03:15:00-04:00,7446.5,7449.25,7444.75,7448.0,1342
2026-06-24 03:20:00-04:00,7448.25,7450.5,7444.75,7446.5,851
2026-06-24 03:25:00-04:00,7444.5,7448.0,7444.5,7448.0,993
2026-06-24 03:30:00-04:00,7446.25,7448.0,7444.25,7444.5,769
2026-06-24 03:35:00-04:00,7444.5,7446.5,7439.75,7446.5,1770
2026-06-24 03:40:00-04:00,7450.25,7450.75,7443.25,7444.75,1653
2026-06-24 03:45:00-04:00,7451.5,7452.75,7449.5,7450.0,1116
2026-06-24 03:50:00-04:00,7446.0,7451.5,7444.75,7451.5,937
2026-06-24 03:55:00-04:00,7442.75,7447.5,7442.0,7446.25,882
2026-06-24 04:00:00-04:00,7450.5,7450.75,7442.5,7443.0,1695
2026-06-24 04:05:00-04:00,7448.75,7452.5,7448.0,7450.5,1672
2026-06-24 04:10:00-04:00,7452.25,7452.25,7446.75,7448.75,1337
2026-06-24 04:15:00-04:00,7448.5,7453.0,7448.0,7451.75,1106
2026-06-24 04:20:00-04:00,7447.75,7449.75,7446.25,7448.25,1324
2026-06-24 04:25:00-04:00,7448.5,7448.5,7445.75,7447.75,837
2026-06-24 04:30:00-04:00,7450.75,7453.25,7447.0,7448.5,1095
2026-06-24 04:35:00-04:00,7447.5,7451.75,7447.0,7450.75,1030
2026-06-24 04:40:00-04:00,7449.0,7450.0,7447.0,7447.5,520
2026-06-24 04:45:00-04:00,7445.0,7449.25,7445.0,7449.0,709
2026-06-24 04:50:00-04:00,7446.75,7447.5,7445.0,7445.25,747
2026-06-24 04:55:00-04:00,7447.5,7447.75,7445.75,7447.0,625
2026-06-24 05:00:00-04:00,7445.0,7449.25,7444.25,7447.5,1285
2026-06-24 05:05:00-04:00,7447.0,7448.25,7444.5,7445.25,873
2026-06-24 05:10:00-04:00,7451.25,7452.25,7446.0,7447.0,829
2026-06-24 05:15:00-04:00,7446.5,7451.5,7443.0,7451.25,1333
2026-06-24 05:20:00-04:00,7448.25,7449.0,7446.0,7446.75,852
2026-06-24 05:25:00-04:00,7447.0,7449.75,7446.0,7448.0,913
2026-06-24 05:30:00-04:00,7447.5,7448.25,7445.5,7446.75,1077
2026-06-24 05:35:00-04:00,7444.25,7447.5,7444.0,7447.25,929
2026-06-24 05:40:00-04:00,7441.25,7444.25,7440.75,7444.25,1286
2026-06-24 05:45:00-04:00,7444.25,7444.5,7439.25,7441.25,1340
2026-06-24 05:50:00-04:00,7446.0,7448.75,7444.25,7444.25,835
2026-06-24 05:55:00-04:00,7447.75,7448.25,7446.0,7446.25,710
2026-06-24 06:00:00-04:00,7445.25,7447.75,7442.25,7447.75,1379
2026-06-24 06:05:00-04:00,7445.75,7447.5,7444.0,7445.5,1283
2026-06-24 06:10:00-04:00,7447.75,7448.0,7443.75,7445.75,643
2026-06-24 06:15:00-04:00,7448.0,7450.0,7447.0,7447.5,1136
2026-06-24 06:20:00-04:00,7447.5,7449.5,7447.0,7448.25,825
2026-06-24 06:25:00-04:00,7450.5,7450.5,7447.25,7447.25,460
2026-06-24 06:30:00-04:00,7452.75,7453.0,7449.75,7450.5,1551
2026-06-24 06:35:00-04:00,7452.0,7453.75,7452.0,7452.5,1150
2026-06-24 06:40:00-04:00,7455.25,7458.25,7451.75,7452.0,2678
2026-06-24 06:45:00-04:00,7452.75,7456.25,7452.0,7455.25,1000
2026-06-24 06:50:00-04:00,7449.5,7452.75,7448.5,7452.75,665
2026-06-24 06:55:00-04:00,7449.0,7450.5,7447.5,7449.5,1277
2026-06-24 07:00:00-04:00,7453.25,7455.75,7448.5,7449.0,1705
2026-06-24 07:05:00-04:00,7449.25,7453.75,7449.0,7453.25,774
2026-06-24 07:10:00-04:00,7448.0,7451.0,7448.0,7449.5,955
2026-06-24 07:15:00-04:00,7446.25,7449.25,7445.75,7448.25,1397
2026-06-24 07:20:00-04:00,7448.75,7449.0,7443.75,7446.5,1521
2026-06-24 07:25:00-04:00,7447.5,7449.25,7446.5,7449.0,937
2026-06-24 07:30:00-04:00,7451.5,7453.0,7447.5,7447.75,1545
2026-06-24 07:35:00-04:00,7456.25,7459.0,7451.25,7451.5,2702
2026-06-24 07:40:00-04:00,7455.25,7456.75,7453.75,7456.25,937
2026-06-24 07:45:00-04:00,7463.25,7464.25,7454.5,7455.25,2486
2026-06-24 07:50:00-04:00,7463.75,7465.0,7460.75,7463.25,3211
2026-06-24 07:55:00-04:00,7463.75,7464.0,7460.0,7463.75,1716
2026-06-24 08:00:00-04:00,7462.0,7464.5,7458.5,7463.75,4294
2026-06-24 08:05:00-04:00,7460.5,7463.0,7458.5,7462.0,1430
2026-06-24 08:10:00-04:00,7460.25,7462.75,7458.5,7460.25,1852
2026-06-24 08:15:00-04:00,7465.5,7465.5,7457.0,7460.25,2150
2026-06-24 08:20:00-04:00,7464.25,7466.75,7462.75,7465.25,1836
2026-06-24 08:25:00-04:00,7465.0,7467.25,7462.25,7464.25,2140
2026-06-24 08:30:00-04:00,7459.5,7467.25,7459.25,7464.75,1627
2026-06-24 08:35:00-04:00,7457.0,7460.0,7455.0,7459.5,2201
2026-06-24 08:40:00-04:00,7454.0,7457.25,7452.75,7456.75,1837
2026-06-24 08:45:00-04:00,7451.75,7455.5,7450.5,7454.0,2053
2026-06-24 08:50:00-04:00,7450.5,7451.75,7449.0,7451.75,2189
2026-06-24 08:55:00-04:00,7450.5,7451.5,7447.75,7450.25,2345
2026-06-24 09:00:00-04:00,7449.75,7455.75,7449.25,7450.5,4926
2026-06-24 09:05:00-04:00,7446.75,7452.0,7445.0,7449.75,4286
2026-06-24 09:10:00-04:00,7442.75,7447.25,7442.0,7446.75,4063
2026-06-24 09:15:00-04:00,7446.75,7447.0,7442.0,7443.0,3471
2026-06-24 09:20:00-04:00,7445.5,7449.25,7438.75,7446.75,7312
2026-06-24 09:25:00-04:00,7447.25,7449.25,7443.75,7445.5,7504
2026-06-24 09:30:00-04:00,7463.5,7466.75,7438.25,7447.25,45085
2026-06-24 09:35:00-04:00,7458.5,7468.0,7456.25,7463.5,26733
2026-06-24 09:40:00-04:00,7452.75,7460.5,7442.25,7458.5,30592
2026-06-24 09:45:00-04:00,7450.0,7457.75,7437.75,7452.5,33472
2026-06-24 09:50:00-04:00,7468.25,7472.25,7449.75,7450.0,30590
2026-06-24 09:55:00-04:00,7454.75,7468.75,7453.25,7468.25,22426
2026-06-24 10:00:00-04:00,7450.5,7459.0,7447.75,7454.5,25820
2026-06-24 10:05:00-04:00,7453.0,7460.5,7447.75,7450.5,25861
2026-06-24 10:10:00-04:00,7451.25,7457.75,7447.0,7453.0,22945
2026-06-24 10:15:00-04:00,7444.0,7455.0,7442.5,7451.0,19396
2026-06-24 10:20:00-04:00,7458.5,7460.25,7436.5,7444.25,30563
2026-06-24 10:25:00-04:00,7461.0,7466.0,7455.5,7458.5,20307
2026-06-24 10:30:00-04:00,7465.5,7469.0,7460.75,7461.0,18279
2026-06-24 10:35:00-04:00,7458.75,7468.0,7458.25,7465.75,16302
2026-06-24 10:40:00-04:00,7472.75,7473.5,7457.5,7459.0,19358
2026-06-24 10:45:00-04:00,7479.5,7486.0,7471.75,7472.75,26487
2026-06-24 10:50:00-04:00,7480.75,7487.25,7479.75,7479.75,17906
2026-06-24 10:55:00-04:00,7493.75,7494.25,7478.0,7481.0,20080
2026-06-24 11:00:00-04:00,7490.0,7496.5,7488.0,7493.75,21703
2026-06-24 11:05:00-04:00,7481.0,7490.75,7479.25,7490.0,17571
2026-06-24 11:10:00-04:00,7481.75,7485.25,7476.25,7481.0,17783
2026-06-24 11:15:00-04:00,7489.0,7490.75,7480.5,7481.75,13190
2026-06-24 11:20:00-04:00,7484.25,7490.5,7483.5,7489.0,12464
2026-06-24 11:25:00-04:00,7493.75,7493.75,7478.25,7484.25,17951
2026-06-24 11:30:00-04:00,7489.25,7496.5,7485.75,7493.5,17092
2026-06-24 11:35:00-04:00,7485.75,7492.25,7483.25,7489.25,12463
2026-06-24 11:40:00-04:00,7481.75,7487.5,7478.25,7485.5,14183
2026-06-24 11:45:00-04:00,7483.25,7483.75,7474.5,7481.75,16409
2026-06-24 11:50:00-04:00,7485.25,7489.75,7483.25,7483.25,11849
2026-06-24 11:55:00-04:00,7480.25,7487.25,7478.0,7485.0,10375
2026-06-24 12:00:00-04:00,7477.5,7483.0,7475.75,7480.25,13042
2026-06-24 12:05:00-04:00,7478.0,7481.25,7474.5,7477.5,11612
2026-06-24 12:10:00-04:00,7481.25,7485.5,7476.0,7478.0,11777
2026-06-24 12:15:00-04:00,7480.0,7485.0,7478.0,7481.5,8483
2026-06-24 12:20:00-04:00,7483.0,7484.25,7477.0,7480.0,7886
2026-06-24 12:25:00-04:00,7477.75,7483.0,7476.75,7483.0,8063
2026-06-24 12:30:00-04:00,7473.25,7477.75,7471.5,7477.75,12633
2026-06-24 12:35:00-04:00,7461.75,7476.0,7461.25,7473.25,17321
2026-06-24 12:40:00-04:00,7459.75,7462.25,7455.0,7461.75,24556
2026-06-24 12:45:00-04:00,7459.25,7461.75,7455.5,7459.5,15356
2026-06-24 12:50:00-04:00,7454.0,7464.5,7454.0,7459.5,12194
2026-06-24 12:55:00-04:00,7453.0,7456.25,7450.75,7454.0,10144
2026-06-24 13:00:00-04:00,7460.25,7461.25,7451.25,7453.0,9216
2026-06-24 13:05:00-04:00,7445.5,7460.75,7442.5,7460.25,12822
2026-06-24 13:10:00-04:00,7444.0,7450.0,7442.25,7445.75,14329
2026-06-24 13:15:00-04:00,7433.75,7447.75,7431.0,7444.0,20988
2026-06-24 13:20:00-04:00,7426.75,7434.25,7426.0,7433.75,19274
2026-06-24 13:25:00-04:00,7416.75,7428.25,7415.75,7426.75,20455
2026-06-24 13:30:00-04:00,7418.25,7422.25,7407.75,7416.75,29496
2026-06-24 13:35:00-04:00,7420.25,7424.5,7412.0,7418.5,18568
2026-06-24 13:40:00-04:00,7414.75,7423.5,7413.25,7420.25,14628
2026-06-24 13:45:00-04:00,7420.0,7421.75,7410.25,7414.75,15711
2026-06-24 13:50:00-04:00,7421.0,7421.75,7416.25,7420.0,11674
2026-06-24 13:55:00-04:00,7414.0,7427.25,7412.5,7421.25,15407
2026-06-24 14:00:00-04:00,7421.5,7425.25,7413.0,7414.25,16045
2026-06-24 14:05:00-04:00,7426.0,7429.5,7421.25,7421.5,14318
2026-06-24 14:10:00-04:00,7424.75,7427.5,7421.0,7426.0,12797
2026-06-24 14:15:00-04:00,7433.75,7435.75,7424.75,7424.75,17796
2026-06-24 14:20:00-04:00,7439.75,7439.75,7431.75,7433.75,15547
2026-06-24 14:25:00-04:00,7440.0,7443.25,7437.75,7439.5,14582
2026-06-24 14:30:00-04:00,7439.0,7442.25,7436.0,7440.0,13180
2026-06-24 14:35:00-04:00,7432.75,7439.5,7431.25,7439.0,11542
2026-06-24 14:40:00-04:00,7429.25,7434.25,7425.25,7432.75,12858
2026-06-24 14:45:00-04:00,7414.25,7429.25,7410.75,7429.25,15942
2026-06-24 14:50:00-04:00,7417.75,7418.25,7408.25,7414.0,21339
2026-06-24 14:55:00-04:00,7415.5,7424.5,7412.5,7417.5,16172
2026-06-24 15:00:00-04:00,7422.0,7425.25,7409.5,7415.5,18371
2026-06-24 15:05:00-04:00,7409.5,7422.25,7404.75,7422.25,18561
2026-06-24 15:10:00-04:00,7412.25,7413.25,7404.25,7409.25,14241
2026-06-24 15:15:00-04:00,7412.0,7413.25,7407.75,7412.25,10861
2026-06-24 15:20:00-04:00,7414.75,7414.75,7408.75,7412.0,10531
2026-06-24 15:25:00-04:00,7416.25,7419.75,7413.75,7414.75,13043
2026-06-24 15:30:00-04:00,7413.25,7418.5,7411.25,7416.0,16845
2026-06-24 15:35:00-04:00,7414.0,7416.25,7410.0,7413.5,12931
2026-06-24 15:40:00-04:00,7411.0,7417.25,7405.25,7414.0,15591
2026-06-24 15:45:00-04:00,7417.25,7418.5,7410.5,7411.25,16118
2026-06-24 15:50:00-04:00,7426.75,7427.5,7411.25,7417.0,27969
2026-06-24 15:55:00-04:00,7428.25,7431.5,7417.75,7426.75,78107
2026-06-24 16:00:00-04:00,7450.75,7451.25,7421.25,7428.0,31961
2026-06-24 16:05:00-04:00,7459.75,7465.25,7450.0,7450.5,17901
2026-06-24 16:10:00-04:00,7463.5,7464.5,7457.0,7459.75,8048
2026-06-24 16:15:00-04:00,7462.75,7465.0,7460.75,7463.75,4273
2026-06-24 16:20:00-04:00,7472.75,7473.25,7462.25,7462.5,5889
2026-06-24 16:25:00-04:00,7470.5,7474.0,7469.25,7472.75,4651
2026-06-24 16:30:00-04:00,7468.0,7475.0,7468.0,7470.5,3509
2026-06-24 16:35:00-04:00,7473.25,7473.5,7468.0,7468.0,2655
2026-06-24 16:40:00-04:00,7479.25,7480.0,7472.5,7473.25,3320
2026-06-24 16:45:00-04:00,7479.25,7482.25,7477.0,7479.25,3918
2026-06-24 16:50:00-04:00,7477.5,7479.25,7475.25,7479.25,2959
2026-06-24 16:55:00-04:00,7477.5,7478.75,7474.75,7477.5,2379
2026-06-24 18:00:00-04:00,7477.75,7486.75,7476.25,7476.25,0
2026-06-24 18:05:00-04:00,7474.0,7478.25,7472.25,7477.75,1176
2026-06-24 18:10:00-04:00,7473.0,7477.5,7472.25,7474.0,954
2026-06-24 18:15:00-04:00,7471.25,7473.25,7470.75,7473.0,744
2026-06-24 18:20:00-04:00,7471.0,7475.25,7470.5,7471.0,822
2026-06-24 18:25:00-04:00,7468.5,7471.75,7468.25,7471.25,1084
2026-06-24 18:30:00-04:00,7469.5,7471.25,7468.0,7468.5,774
2026-06-24 18:35:00-04:00,7468.75,7470.25,7468.0,7469.5,729
2026-06-24 18:40:00-04:00,7470.75,7471.5,7467.0,7468.75,916
2026-06-24 18:45:00-04:00,7466.75,7471.0,7466.5,7470.75,558
2026-06-24 18:50:00-04:00,7467.5,7469.5,7466.75,7466.75,568
2026-06-24 18:55:00-04:00,7466.25,7467.5,7465.75,7467.5,435
2026-06-24 19:00:00-04:00,7467.25,7468.25,7465.25,7466.5,704
2026-06-24 19:05:00-04:00,7467.0,7468.25,7466.5,7467.25,450
2026-06-24 19:10:00-04:00,7464.75,7468.75,7464.0,7467.0,743
2026-06-24 19:15:00-04:00,7464.25,7465.5,7464.0,7465.0,426
2026-06-24 19:20:00-04:00,7468.25,7468.75,7464.5,7464.5,422
2026-06-24 19:25:00-04:00,7468.25,7470.75,7468.0,7468.25,453
2026-06-24 19:30:00-04:00,7471.25,7471.25,7468.0,7468.5,307
2026-06-24 19:35:00-04:00,7473.75,7475.5,7471.0,7471.25,718
2026-06-24 19:40:00-04:00,7474.25,7475.75,7473.0,7474.0,522
2026-06-24 19:45:00-04:00,7472.75,7478.5,7471.5,7474.5,1211
2026-06-24 19:50:00-04:00,7473.25,7473.5,7469.75,7472.75,456
2026-06-24 19:55:00-04:00,7471.75,7474.0,7470.25,7473.25,407
2026-06-24 20:00:00-04:00,7467.25,7472.75,7465.5,7472.0,1472
2026-06-24 20:05:00-04:00,7468.75,7469.75,7464.75,7467.0,1548
2026-06-24 20:10:00-04:00,7471.25,7473.0,7467.5,7469.0,1047
2026-06-24 20:15:00-04:00,7469.5,7472.25,7468.0,7471.0,794
2026-06-24 20:20:00-04:00,7468.75,7471.25,7467.5,7469.25,608
2026-06-24 20:25:00-04:00,7466.0,7468.5,7464.5,7468.5,814
2026-06-24 20:30:00-04:00,7461.5,7467.0,7460.25,7466.25,1491
2026-06-24 20:35:00-04:00,7459.75,7462.25,7458.75,7461.5,920
2026-06-24 20:40:00-04:00,7457.0,7460.25,7454.0,7459.75,1652
2026-06-24 20:45:00-04:00,7454.25,7458.5,7453.5,7457.0,1237
2026-06-24 20:50:00-04:00,7458.75,7460.5,7454.25,7454.25,1096
2026-06-24 20:55:00-04:00,7454.5,7459.5,7453.0,7459.25,851
2026-06-24 21:00:00-04:00,7453.0,7459.0,7452.5,7455.0,1150
2026-06-24 21:05:00-04:00,7455.0,7455.75,7452.25,7453.0,767
2026-06-24 21:10:00-04:00,7455.75,7457.0,7454.25,7454.75,574
2026-06-24 21:15:00-04:00,7458.0,7458.25,7454.25,7455.75,812
2026-06-24 21:20:00-04:00,7458.25,7460.0,7457.5,7458.0,647
2026-06-24 21:25:00-04:00,7456.25,7459.25,7455.75,7458.25,499
2026-06-24 21:30:00-04:00,7460.75,7461.0,7455.75,7456.75,664
2026-06-24 21:35:00-04:00,7464.0,7466.5,7460.5,7460.5,979
2026-06-24 21:40:00-04:00,7460.75,7464.5,7460.25,7463.75,986
2026-06-24 21:45:00-04:00,7462.5,7462.5,7459.5,7460.75,480
2026-06-24 21:50:00-04:00,7463.75,7464.5,7461.0,7462.75,834
2026-06-24 21:55:00-04:00,7460.25,7465.0,7460.0,7463.75,595
2026-06-24 22:00:00-04:00,7463.25,7464.5,7458.25,7460.0,716
2026-06-24 22:05:00-04:00,7461.25,7465.0,7459.75,7463.25,675
2026-06-24 22:10:00-04:00,7455.25,7461.0,7454.0,7461.0,1511
2026-06-24 22:15:00-04:00,7459.5,7459.5,7452.75,7455.5,957
2026-06-24 22:20:00-04:00,7459.5,7463.0,7458.0,7459.25,560
2026-06-24 22:25:00-04:00,7461.25,7462.25,7458.5,7459.5,407
2026-06-24 22:30:00-04:00,7462.25,7462.75,7459.75,7461.25,359
2026-06-24 22:35:00-04:00,7461.75,7463.5,7460.75,7462.0,354
2026-06-24 22:40:00-04:00,7459.75,7462.0,7458.5,7461.75,363
2026-06-24 22:45:00-04:00,7460.25,7460.75,7458.75,7459.5,268
2026-06-24 22:50:00-04:00,7461.5,7461.5,7459.0,7460.25,326
2026-06-24 22:55:00-04:00,7463.25,7464.0,7460.5,7461.5,344
2026-06-24 23:00:00-04:00,7465.75,7467.25,7462.25,7463.5,710
2026-06-24 23:05:00-04:00,7463.75,7467.25,7463.75,7465.5,344
2026-06-24 23:10:00-04:00,7464.0,7464.75,7462.5,7464.0,428
2026-06-24 23:15:00-04:00,7466.5,7467.0,7460.25,7464.0,1004
2026-06-24 23:20:00-04:00,7467.25,7468.25,7465.5,7466.25,460
2026-06-24 23:25:00-04:00,7466.5,7467.5,7465.5,7467.0,284
2026-06-24 23:30:00-04:00,7467.0,7469.5,7466.25,7466.5,809
2026-06-24 23:35:00-04:00,7466.25,7466.75,7464.5,7466.75,396
2026-06-24 23:40:00-04:00,7465.0,7466.25,7464.0,7466.0,363
2026-06-24 23:45:00-04:00,7467.0,7467.5,7464.25,7465.0,269
2026-06-24 23:50:00-04:00,7468.75,7469.0,7466.0,7467.0,324
2026-06-24 23:55:00-04:00,7469.5,7469.75,7468.25,7468.75,411
2026-06-25 00:05:00-04:00,7467.5,7467.75,7466.5,7466.5,824
2026-06-25 00:10:00-04:00,7465.25,7468.0,7465.25,7467.5,367
2026-06-25 00:15:00-04:00,7464.5,7466.0,7462.5,7465.25,615
2026-06-25 00:20:00-04:00,7465.0,7467.0,7464.25,7464.25,521
2026-06-25 00:25:00-04:00,7463.75,7465.0,7463.75,7464.75,270
2026-06-25 00:30:00-04:00,7461.25,7464.0,7460.0,7464.0,463
2026-06-25 00:35:00-04:00,7463.75,7464.5,7459.75,7461.25,458
2026-06-25 00:40:00-04:00,7466.5,7466.5,7462.25,7463.75,316
2026-06-25 00:45:00-04:00,7465.75,7467.75,7465.5,7466.75,520
2026-06-25 00:50:00-04:00,7466.75,7467.75,7466.0,7466.0,298
2026-06-25 00:55:00-04:00,7464.5,7466.75,7463.0,7466.5,369
2026-06-25 01:00:00-04:00,7467.75,7468.25,7464.25,7464.25,382
2026-06-25 01:05:00-04:00,7469.5,7470.5,7468.0,7468.0,440
2026-06-25 01:10:00-04:00,7469.5,7470.0,7468.25,7469.75,357
2026-06-25 01:15:00-04:00,7469.0,7471.0,7468.5,7469.75,407
2026-06-25 01:20:00-04:00,7471.75,7472.5,7468.5,7469.0,502
2026-06-25 01:25:00-04:00,7473.75,7474.0,7471.25,7471.75,636
2026-06-25 01:30:00-04:00,7474.25,7474.5,7472.5,7473.25,609
2026-06-25 01:35:00-04:00,7473.75,7475.0,7472.75,7474.75,891
2026-06-25 01:40:00-04:00,7474.5,7476.5,7473.75,7473.75,952
2026-06-25 01:45:00-04:00,7472.25,7474.5,7471.5,7474.5,745
2026-06-25 01:50:00-04:00,7472.0,7473.5,7471.25,7472.25,630
2026-06-25 01:55:00-04:00,7472.0,7472.75,7470.75,7471.75,517
2026-06-25 02:00:00-04:00,7472.0,7475.0,7472.0,7472.0,743
2026-06-25 02:05:00-04:00,7474.25,7475.0,7471.0,7472.25,652
2026-06-25 02:10:00-04:00,7477.5,7478.5,7474.0,7474.5,888
2026-06-25 02:15:00-04:00,7480.0,7480.75,7476.75,7477.5,997
2026-06-25 02:20:00-04:00,7480.5,7481.0,7479.0,7480.0,633
2026-06-25 02:25:00-04:00,7480.0,7482.25,7479.25,7480.25,878
2026-06-25 02:30:00-04:00,7481.0,7481.25,7479.0,7480.0,992
2026-06-25 02:35:00-04:00,7480.25,7482.25,7479.5,7481.25,484
2026-06-25 02:40:00-04:00,7479.25,7480.75,7478.0,7480.0,381
2026-06-25 02:45:00-04:00,7479.0,7481.25,7478.5,7479.25,493
2026-06-25 02:50:00-04:00,7477.25,7480.25,7477.0,7479.0,551
2026-06-25 02:55:00-04:00,7477.75,7479.25,7477.25,7477.5,377
2026-06-25 03:00:00-04:00,7481.0,7481.75,7478.0,7478.0,1323
2026-06-25 03:05:00-04:00,7482.75,7484.0,7481.0,7481.25,1584
2026-06-25 03:10:00-04:00,7481.75,7483.25,7481.0,7482.75,768
2026-06-25 03:15:00-04:00,7484.5,7485.5,7481.5,7481.75,850
2026-06-25 03:20:00-04:00,7487.25,7488.75,7485.0,7485.0,1863
2026-06-25 03:25:00-04:00,7485.75,7488.0,7485.25,7487.5,813
2026-06-25 03:30:00-04:00,7486.0,7487.0,7484.75,7486.0,503
2026-06-25 03:35:00-04:00,7487.0,7487.25,7483.25,7485.75,648
2026-06-25 03:40:00-04:00,7487.0,7488.5,7486.75,7487.0,611
2026-06-25 03:45:00-04:00,7485.75,7487.25,7485.0,7487.0,522
2026-06-25 03:50:00-04:00,7485.0,7486.25,7484.75,7485.75,514
2026-06-25 03:55:00-04:00,7488.0,7488.25,7484.5,7485.25,542
2026-06-25 04:00:00-04:00,7487.25,7491.25,7485.5,7488.25,1702
2026-06-25 04:05:00-04:00,7488.0,7490.0,7487.0,7487.25,1100
2026-06-25 04:10:00-04:00,7483.75,7489.5,7483.5,7487.75,1024
2026-06-25 04:15:00-04:00,7482.75,7483.75,7480.25,7483.5,895
2026-06-25 04:20:00-04:00,7482.75,7484.0,7481.5,7482.75,693
2026-06-25 04:25:00-04:00,7483.75,7485.25,7482.25,7482.75,790
2026-06-25 04:30:00-04:00,7482.25,7485.0,7482.25,7483.5,644
2026-06-25 04:35:00-04:00,7485.0,7485.5,7482.25,7482.25,483
2026-06-25 04:40:00-04:00,7481.5,7485.0,7481.25,7485.0,850
2026-06-25 04:45:00-04:00,7480.75,7482.25,7479.0,7481.25,1124
2026-06-25 04:50:00-04:00,7478.25,7481.0,7476.75,7481.0,840
2026-06-25 04:55:00-04:00,7477.0,7479.0,7475.5,7478.25,642
2026-06-25 05:00:00-04:00,7480.0,7480.5,7476.25,7477.0,911
2026-06-25 05:05:00-04:00,7479.75,7482.5,7479.75,7479.75,591
2026-06-25 05:10:00-04:00,7480.25,7482.75,7479.25,7479.75,673
2026-06-25 05:15:00-04:00,7477.0,7481.75,7477.0,7480.0,777
2026-06-25 05:20:00-04:00,7478.75,7478.75,7476.75,7477.0,513
2026-06-25 05:25:00-04:00,7479.0,7480.0,7477.0,7478.5,768
2026-06-25 05:30:00-04:00,7480.5,7481.75,7478.5,7479.0,871
2026-06-25 05:35:00-04:00,7482.25,7482.75,7480.25,7480.25,383
2026-06-25 05:40:00-04:00,7481.75,7482.5,7480.75,7482.25,392
2026-06-25 05:45:00-04:00,7482.0,7482.25,7480.75,7481.5,422
2026-06-25 05:50:00-04:00,7484.0,7484.5,7481.5,7482.0,889
2026-06-25 05:55:00-04:00,7480.75,7484.0,7479.75,7483.75,480
2026-06-25 06:00:00-04:00,7482.5,7482.5,7479.75,7480.5,602
2026-06-25 06:05:00-04:00,7484.5,7484.75,7482.0,7482.5,705
2026-06-25 06:10:00-04:00,7486.0,7486.0,7483.75,7484.5,545
2026-06-25 06:15:00-04:00,7485.75,7486.75,7484.75,7486.0,486
2026-06-25 06:20:00-04:00,7485.25,7485.5,7483.5,7485.5,444
2026-06-25 06:25:00-04:00,7486.25,7486.5,7484.75,7485.0,441
2026-06-25 06:30:00-04:00,7484.75,7487.0,7484.25,7486.25,559
2026-06-25 06:35:00-04:00,7485.5,7487.5,7483.75,7484.5,448
2026-06-25 06:40:00-04:00,7482.5,7486.0,7481.75,7485.75,602
2026-06-25 06:45:00-04:00,7483.5,7483.75,7480.0,7482.0,417
2026-06-25 06:50:00-04:00,7484.75,7486.0,7483.5,7483.5,387
2026-06-25 06:55:00-04:00,7483.75,7485.75,7481.75,7484.75,573
2026-06-25 07:00:00-04:00,7485.5,7487.0,7483.75,7483.75,960
2026-06-25 07:05:00-04:00,7482.0,7485.5,7481.0,7485.5,659
2026-06-25 07:10:00-04:00,7480.5,7482.75,7480.0,7482.0,1053
2026-06-25 07:15:00-04:00,7478.75,7481.0,7478.5,7480.25,1198
2026-06-25 07:20:00-04:00,7474.0,7479.25,7473.5,7478.75,1392
2026-06-25 07:25:00-04:00,7473.75,7475.5,7472.5,7474.0,1095
2026-06-25 07:30:00-04:00,7475.5,7476.75,7472.25,7473.75,1324
2026-06-25 07:35:00-04:00,7476.75,7477.5,7474.25,7475.5,1168
2026-06-25 07:40:00-04:00,7477.75,7479.0,7476.0,7476.75,735
2026-06-25 07:45:00-04:00,7476.5,7480.5,7476.25,7477.5,865
2026-06-25 07:50:00-04:00,7474.5,7478.5,7474.25,7476.5,1323
2026-06-25 07:55:00-04:00,7476.0,7476.75,7473.0,7474.5,1639
2026-06-25 08:00:00-04:00,7476.75,7477.0,7474.75,7475.75,991
2026-06-25 08:05:00-04:00,7481.0,7482.75,7477.0,7477.0,1860
2026-06-25 08:10:00-04:00,7476.75,7480.75,7475.25,7480.75,1633
2026-06-25 08:15:00-04:00,7476.0,7479.5,7474.5,7476.75,1755
2026-06-25 08:20:00-04:00,7475.5,7476.25,7472.5,7476.0,1024
2026-06-25 08:25:00-04:00,7474.5,7476.5,7473.75,7475.5,1146
2026-06-25 08:30:00-04:00,7489.5,7496.0,7474.0,7474.25,9193
2026-06-25 08:35:00-04:00,7487.5,7492.5,7485.75,7489.5,4202
2026-06-25 08:40:00-04:00,7485.25,7489.5,7483.25,7487.5,3612
2026-06-25 08:45:00-04:00,7489.0,7492.75,7485.25,7485.25,2429
2026-06-25 08:50:00-04:00,7489.25,7490.25,7487.25,7489.25,1692
2026-06-25 08:55:00-04:00,7487.0,7489.25,7484.75,7489.25,1418
2026-06-25 09:00:00-04:00,7484.0,7488.75,7482.75,7487.0,2787
2026-06-25 09:05:00-04:00,7481.75,7484.75,7481.5,7483.75,2816
2026-06-25 09:10:00-04:00,7483.5,7484.25,7480.5,7482.0,2754
2026-06-25 09:15:00-04:00,7481.75,7483.75,7480.0,7483.75,2388
2026-06-25 09:20:00-04:00,7481.25,7483.25,7479.25,7481.75,2962
2026-06-25 09:25:00-04:00,7485.75,7488.25,7481.5,7481.5,8301
2026-06-25 09:30:00-04:00,7469.75,7490.5,7464.5,7485.75,45437
2026-06-25 09:35:00-04:00,7466.5,7477.0,7465.5,7469.5,28473
2026-06-25 09:40:00-04:00,7438.75,7467.75,7436.25,7466.25,39932
2026-06-25 09:45:00-04:00,7424.5,7444.0,7410.5,7439.0,62803
2026-06-25 09:50:00-04:00,7401.5,7432.0,7399.5,7424.5,49791
2026-06-25 09:55:00-04:00,7393.25,7407.0,7390.5,7401.5,53419
2026-06-25 10:00:00-04:00,7427.75,7430.25,7392.5,7393.25,51780
2026-06-25 10:05:00-04:00,7444.75,7445.75,7427.75,7427.75,44627
2026-06-25 10:10:00-04:00,7437.25,7454.25,7436.25,7445.0,42331
2026-06-25 10:15:00-04:00,7452.25,7453.0,7427.5,7437.25,33376
2026-06-25 10:20:00-04:00,7446.5,7462.0,7441.25,7452.0,31822
2026-06-25 10:25:00-04:00,7451.0,7455.75,7444.25,7446.25,21098
2026-06-25 10:30:00-04:00,7460.5,7467.75,7449.25,7450.75,23997
2026-06-25 10:35:00-04:00,7463.0,7465.5,7452.25,7460.5,16389
2026-06-25 10:40:00-04:00,7450.75,7464.0,7444.25,7463.0,17556
2026-06-25 10:45:00-04:00,7460.5,7463.0,7444.0,7450.75,14733
2026-06-25 10:50:00-04:00,7474.5,7475.75,7457.25,7460.25,18607
2026-06-25 10:55:00-04:00,7449.5,7474.5,7446.75,7474.5,23184
2026-06-25 11:00:00-04:00,7458.75,7459.5,7445.5,7449.25,14482
2026-06-25 11:05:00-04:00,7444.0,7462.25,7441.5,7458.75,16294
2026-06-25 11:10:00-04:00,7426.0,7445.5,7422.75,7444.25,17960
2026-06-25 11:15:00-04:00,7432.75,7435.0,7414.25,7426.0,20917
2026-06-25 11:20:00-04:00,7441.5,7444.75,7426.0,7432.5,15249
2026-06-25 11:25:00-04:00,7439.25,7445.0,7433.75,7441.5,11921
2026-06-25 11:30:00-04:00,7438.25,7451.5,7437.5,7439.25,15229
2026-06-25 11:35:00-04:00,7438.25,7446.0,7438.25,7438.5,8221
2026-06-25 11:40:00-04:00,7443.75,7445.5,7435.5,7438.25,8497
2026-06-25 11:45:00-04:00,7440.25,7454.75,7439.0,7443.75,9521
2026-06-25 11:50:00-04:00,7442.5,7446.0,7436.75,7440.25,7042
2026-06-25 11:55:00-04:00,7437.5,7446.0,7436.25,7442.5,6630
2026-06-25 12:00:00-04:00,7438.0,7440.5,7432.5,7437.75,8216
2026-06-25 12:05:00-04:00,7449.75,7450.5,7436.0,7438.0,9025
2026-06-25 12:10:00-04:00,7453.5,7458.25,7448.5,7449.75,10155
2026-06-25 12:15:00-04:00,7451.25,7458.75,7450.25,7453.5,10549
2026-06-25 12:20:00-04:00,7440.5,7453.75,7438.5,7451.25,11320
2026-06-25 12:25:00-04:00,7437.75,7442.25,7435.25,7440.75,8530
2026-06-25 12:30:00-04:00,7429.25,7438.25,7425.0,7437.75,12553
2026-06-25 12:35:00-04:00,7422.75,7431.25,7422.0,7429.25,9761
2026-06-25 12:40:00-04:00,7417.75,7425.0,7415.75,7422.75,10711
2026-06-25 12:45:00-04:00,7423.0,7424.0,7409.75,7417.75,16902
2026-06-25 12:50:00-04:00,7422.0,7425.75,7417.5,7422.75,9975
2026-06-25 12:55:00-04:00,7420.25,7422.5,7415.5,7422.25,6585
2026-06-25 13:00:00-04:00,7419.75,7425.0,7419.5,7420.25,5528
2026-06-25 13:05:00-04:00,7421.75,7423.5,7416.5,7419.75,4867
2026-06-25 13:10:00-04:00,7427.25,7432.5,7422.0,7422.0,8589
2026-06-25 13:15:00-04:00,7420.0,7438.0,7420.0,7427.25,10382
2026-06-25 13:20:00-04:00,7424.0,7426.25,7415.75,7420.25,9011
2026-06-25 13:25:00-04:00,7427.75,7431.75,7423.5,7424.0,7810
2026-06-25 13:30:00-04:00,7424.25,7430.5,7421.0,7427.75,6663
2026-06-25 13:35:00-04:00,7428.25,7430.75,7423.5,7424.5,6545
2026-06-25 13:40:00-04:00,7421.5,7433.0,7420.25,7428.25,7641
2026-06-25 13:45:00-04:00,7413.25,7421.75,7411.25,7421.5,8701
2026-06-25 13:50:00-04:00,7420.5,7423.0,7410.75,7413.25,7913
2026-06-25 13:55:00-04:00,7429.5,7431.0,7418.25,7420.5,8970
2026-06-25 14:00:00-04:00,7414.25,7431.0,7408.25,7429.5,17068
2026-06-25 14:05:00-04:00,7429.25,7431.25,7411.75,7414.75,12279
2026-06-25 14:10:00-04:00,7427.5,7435.5,7424.25,7429.5,11308
2026-06-25 14:15:00-04:00,7443.75,7449.75,7425.0,7427.75,14455
2026-06-25 14:20:00-04:00,7444.5,7448.25,7437.5,7443.75,10756
2026-06-25 14:25:00-04:00,7454.25,7456.75,7444.5,7444.5,11174
2026-06-25 14:30:00-04:00,7435.5,7454.5,7435.25,7454.25,12652
2026-06-25 14:35:00-04:00,7440.0,7442.75,7431.25,7435.5,10974
2026-06-25 14:40:00-04:00,7434.75,7440.75,7434.0,7440.0,6309
2026-06-25 14:45:00-04:00,7431.0,7434.75,7422.25,7434.75,9504
2026-06-25 14:50:00-04:00,7432.5,7439.5,7429.25,7431.0,7154
2026-06-25 14:55:00-04:00,7434.5,7436.5,7430.5,7432.5,5803
2026-06-25 15:00:00-04:00,7425.5,7435.0,7422.75,7434.25,7218
2026-06-25 15:05:00-04:00,7426.25,7428.0,7423.25,7425.25,7152
2026-06-25 15:10:00-04:00,7419.25,7427.75,7418.75,7426.25,7750
2026-06-25 15:15:00-04:00,7418.25,7422.25,7414.25,7419.5,9987
2026-06-25 15:20:00-04:00,7422.5,7422.75,7416.0,7418.25,9351
2026-06-25 15:25:00-04:00,7419.75,7424.75,7416.25,7422.5,8602
2026-06-25 15:30:00-04:00,7417.5,7420.75,7413.5,7419.5,10206
2026-06-25 15:35:00-04:00,7416.75,7417.5,7412.75,7417.25,10100
2026-06-25 15:40:00-04:00,7415.75,7419.25,7411.5,7416.75,11807
2026-06-25 15:45:00-04:00,7413.5,7416.5,7409.5,7415.5,13623
2026-06-25 15:50:00-04:00,7421.25,7422.25,7409.0,7413.5,18246
2026-06-25 15:55:00-04:00,7428.75,7430.0,7414.5,7421.25,73725
2026-06-25 16:00:00-04:00,7440.25,7451.75,7427.75,7428.75,35271
2026-06-25 16:05:00-04:00,7438.5,7443.75,7438.0,7440.5,6582
2026-06-25 16:10:00-04:00,7438.25,7438.5,7436.25,7438.5,4355
2026-06-25 16:15:00-04:00,7447.0,7447.5,7438.0,7438.25,6256
2026-06-25 16:20:00-04:00,7448.25,7454.5,7445.75,7446.75,4277
2026-06-25 16:25:00-04:00,7446.75,7449.25,7446.0,7448.5,1816
2026-06-25 16:30:00-04:00,7445.5,7447.0,7441.25,7446.75,2693
2026-06-25 16:35:00-04:00,7441.5,7445.75,7441.25,7445.5,1026
2026-06-25 16:40:00-04:00,7440.5,7442.5,7440.0,7441.25,1276
2026-06-25 16:45:00-04:00,7437.75,7441.0,7436.75,7440.5,1109
2026-06-25 16:50:00-04:00,7434.5,7438.25,7434.25,7437.75,1257
2026-06-25 16:55:00-04:00,7433.75,7436.0,7432.0,7434.25,1487
2026-06-25 18:00:00-04:00,7426.5,7435.75,7425.75,7431.0,0
2026-06-25 18:05:00-04:00,7423.25,7427.25,7423.25,7426.5,704
2026-06-25 18:10:00-04:00,7420.5,7423.25,7416.75,7423.25,1179
2026-06-25 18:15:00-04:00,7420.25,7425.75,7419.25,7420.75,685
2026-06-25 18:20:00-04:00,7422.5,7423.25,7417.75,7420.5,638
2026-06-25 18:25:00-04:00,7417.25,7422.5,7416.5,7422.25,576
2026-06-25 18:30:00-04:00,7419.5,7419.75,7416.0,7417.25,616
2026-06-25 18:35:00-04:00,7421.25,7422.25,7418.75,7419.5,393
2026-06-25 18:40:00-04:00,7422.25,7422.75,7420.0,7420.75,237
2026-06-25 18:45:00-04:00,7420.5,7422.75,7419.25,7422.25,262
2026-06-25 18:50:00-04:00,7425.0,7425.25,7420.0,7421.0,380
2026-06-25 18:55:00-04:00,7425.25,7426.5,7423.25,7425.25,298
2026-06-25 19:00:00-04:00,7426.75,7427.25,7424.5,7425.25,290
2026-06-25 19:05:00-04:00,7425.25,7427.0,7424.5,7426.5,288
2026-06-25 19:10:00-04:00,7433.25,7433.75,7425.5,7425.5,727
2026-06-25 19:15:00-04:00,7446.75,7449.0,7432.0,7433.5,1611
2026-06-25 19:20:00-04:00,7449.5,7454.0,7446.5,7447.25,2085
2026-06-25 19:25:00-04:00,7449.75,7454.25,7449.5,7449.5,1111
2026-06-25 19:30:00-04:00,7444.75,7451.25,7444.0,7450.0,1576
2026-06-25 19:35:00-04:00,7437.25,7445.0,7436.75,7444.75,1691
2026-06-25 19:40:00-04:00,7430.75,7437.25,7430.25,7437.0,1089
2026-06-25 19:45:00-04:00,7423.0,7430.75,7422.0,7430.5,1360
2026-06-25 19:50:00-04:00,7421.75,7423.0,7417.5,7423.0,1506
2026-06-25 19:55:00-04:00,7423.75,7423.75,7417.25,7421.75,805
2026-06-25 20:00:00-04:00,7428.25,7430.75,7419.75,7423.75,1400
2026-06-25 20:05:00-04:00,7433.5,7434.25,7427.75,7428.75,1003
2026-06-25 20:10:00-04:00,7432.0,7433.5,7427.0,7433.25,716
2026-06-25 20:15:00-04:00,7427.25,7434.75,7427.0,7432.25,844
2026-06-25 20:20:00-04:00,7426.75,7431.0,7426.25,7427.5,577
2026-06-25 20:25:00-04:00,7429.5,7430.0,7420.5,7426.25,1329
2026-06-25 20:30:00-04:00,7424.75,7430.5,7422.75,7429.25,999
2026-06-25 20:35:00-04:00,7425.75,7427.75,7421.75,7425.0,583
2026-06-25 20:40:00-04:00,7426.0,7429.75,7424.0,7425.75,761
2026-06-25 20:45:00-04:00,7425.75,7429.25,7425.25,7426.0,444
2026-06-25 20:50:00-04:00,7422.25,7428.75,7421.25,7425.5,622
2026-06-25 20:55:00-04:00,7421.25,7425.0,7418.75,7422.0,1048
2026-06-25 21:00:00-04:00,7418.5,7427.25,7418.5,7421.75,885
2026-06-25 21:05:00-04:00,7418.0,7420.0,7411.25,7418.75,1537
2026-06-25 21:10:00-04:00,7421.75,7425.0,7418.75,7418.75,579
2026-06-25 21:15:00-04:00,7425.5,7427.75,7421.25,7422.0,808
2026-06-25 21:20:00-04:00,7423.75,7427.0,7423.25,7425.5,382
2026-06-25 21:25:00-04:00,7417.5,7424.0,7416.5,7423.75,612
2026-06-25 21:30:00-04:00,7408.75,7418.75,7406.75,7417.75,1478
2026-06-25 21:35:00-04:00,7408.75,7410.25,7406.25,7408.75,991
2026-06-25 21:40:00-04:00,7403.0,7409.0,7402.0,7408.5,1640
2026-06-25 21:45:00-04:00,7406.5,7407.25,7397.75,7403.0,2324
2026-06-25 21:50:00-04:00,7402.5,7407.5,7402.0,7406.75,891
2026-06-25 21:55:00-04:00,7399.75,7402.75,7395.0,7402.5,1518
2026-06-25 22:00:00-04:00,7396.25,7401.5,7396.0,7399.75,1393
2026-06-25 22:05:00-04:00,7396.75,7401.25,7395.75,7397.0,748
2026-06-25 22:10:00-04:00,7394.25,7397.25,7391.75,7396.5,1381
2026-06-25 22:15:00-04:00,7392.5,7397.0,7392.0,7394.25,1061
2026-06-25 22:20:00-04:00,7388.5,7394.0,7388.5,7392.5,1482
2026-06-25 22:25:00-04:00,7388.75,7391.0,7386.0,7388.5,1740
2026-06-25 22:30:00-04:00,7384.75,7390.0,7383.0,7389.0,1575
2026-06-25 22:35:00-04:00,7384.75,7385.75,7379.0,7384.75,2118
2026-06-25 22:40:00-04:00,7381.5,7384.75,7378.25,7384.75,1173
2026-06-25 22:45:00-04:00,7373.0,7381.5,7371.75,7381.5,3018
2026-06-25 22:50:00-04:00,7370.5,7376.75,7369.0,7373.5,1799
2026-06-25 22:55:00-04:00,7370.75,7372.25,7366.5,7370.5,2046
2026-06-25 23:00:00-04:00,7368.0,7371.25,7365.25,7371.25,1567
2026-06-25 23:05:00-04:00,7367.25,7369.0,7365.5,7368.25,944
2026-06-25 23:10:00-04:00,7369.5,7371.75,7365.75,7367.0,1464
2026-06-25 23:15:00-04:00,7370.25,7371.75,7367.5,7369.0,881
2026-06-25 23:20:00-04:00,7367.5,7370.5,7365.25,7370.25,695
2026-06-25 23:25:00-04:00,7368.5,7370.25,7367.0,7367.5,727
2026-06-25 23:30:00-04:00,7364.25,7368.5,7363.0,7368.25,1170
2026-06-25 23:35:00-04:00,7362.75,7364.75,7357.25,7364.0,2123
2026-06-25 23:40:00-04:00,7369.5,7369.5,7361.5,7363.25,1584
2026-06-25 23:45:00-04:00,7367.25,7370.75,7366.75,7369.5,984
2026-06-25 23:50:00-04:00,7376.75,7377.25,7367.0,7367.25,1538
2026-06-25 23:55:00-04:00,7381.0,7381.25,7375.75,7376.5,1116
2026-06-26 00:05:00-04:00,7381.25,7384.0,7381.25,7383.25,3280
2026-06-26 00:10:00-04:00,7381.0,7384.25,7380.25,7381.0,642
2026-06-26 00:15:00-04:00,7381.0,7385.0,7380.5,7381.25,752
2026-06-26 00:20:00-04:00,7374.25,7382.0,7374.25,7381.25,1395
2026-06-26 00:25:00-04:00,7376.5,7377.5,7371.5,7374.0,1177
2026-06-26 00:30:00-04:00,7370.5,7380.0,7370.25,7376.75,906
2026-06-26 00:35:00-04:00,7370.0,7372.75,7369.75,7371.0,756
2026-06-26 00:40:00-04:00,7373.0,7373.5,7369.0,7370.0,758
2026-06-26 00:45:00-04:00,7369.0,7373.25,7368.0,7373.25,633
2026-06-26 00:50:00-04:00,7368.25,7370.25,7365.75,7369.25,851
2026-06-26 00:55:00-04:00,7367.75,7368.25,7366.25,7368.0,585
2026-06-26 01:00:00-04:00,7366.5,7371.75,7365.75,7367.75,924
2026-06-26 01:05:00-04:00,7367.75,7370.5,7364.5,7366.75,967
2026-06-26 01:10:00-04:00,7376.75,7376.75,7367.75,7367.75,1051
2026-06-26 01:15:00-04:00,7376.5,7379.25,7374.5,7376.5,976
2026-06-26 01:20:00-04:00,7374.5,7377.0,7373.5,7376.5,602
2026-06-26 01:25:00-04:00,7378.75,7380.25,7374.25,7374.5,987
2026-06-26 01:30:00-04:00,7381.5,7382.75,7378.75,7378.75,1189
2026-06-26 01:35:00-04:00,7375.0,7382.75,7374.75,7381.0,1344
2026-06-26 01:40:00-04:00,7367.75,7375.0,7367.75,7375.0,1615
2026-06-26 01:45:00-04:00,7369.5,7369.5,7365.25,7368.0,1149
2026-06-26 01:50:00-04:00,7374.5,7375.75,7369.0,7369.75,1502
2026-06-26 01:55:00-04:00,7372.0,7375.5,7371.5,7374.5,919
2026-06-26 02:00:00-04:00,7373.5,7375.5,7371.75,7372.25,1272
2026-06-26 02:05:00-04:00,7370.25,7374.0,7369.0,7373.5,991
2026-06-26 02:10:00-04:00,7375.75,7376.5,7369.25,7370.25,1359
2026-06-26 02:15:00-04:00,7376.5,7379.5,7375.75,7376.0,1233
2026-06-26 02:20:00-04:00,7381.25,7381.75,7376.25,7376.5,1251
2026-06-26 02:25:00-04:00,7386.5,7388.0,7379.75,7381.25,1826
2026-06-26 02:30:00-04:00,7389.75,7391.0,7384.0,7386.75,1787
2026-06-26 02:35:00-04:00,7391.0,7393.0,7389.5,7389.5,982
2026-06-26 02:40:00-04:00,7395.25,7395.75,7389.25,7391.0,926
2026-06-26 02:45:00-04:00,7398.5,7404.5,7394.25,7395.25,1937
2026-06-26 02:50:00-04:00,7407.0,7408.0,7396.75,7398.5,1483
2026-06-26 02:55:00-04:00,7404.0,7409.5,7402.5,7406.75,1732
2026-06-26 03:00:00-04:00,7398.5,7406.25,7398.25,7404.0,1701
2026-06-26 03:05:00-04:00,7395.0,7399.25,7395.0,7398.75,1292
2026-06-26 03:10:00-04:00,7402.25,7403.0,7394.75,7395.0,1029
2026-06-26 03:15:00-04:00,7404.25,7407.0,7401.25,7402.5,1759
2026-06-26 03:20:00-04:00,7408.0,7408.25,7401.25,7404.5,992
2026-06-26 03:25:00-04:00,7409.25,7409.75,7404.0,7408.25,1060
2026-06-26 03:30:00-04:00,7411.5,7413.75,7409.25,7409.5,1644
2026-06-26 03:35:00-04:00,7412.25,7412.75,7408.5,7411.5,1003
2026-06-26 03:40:00-04:00,7406.75,7412.25,7406.5,7412.25,731
2026-06-26 03:45:00-04:00,7406.25,7407.25,7404.5,7406.75,873
2026-06-26 03:50:00-04:00,7411.5,7411.75,7405.75,7406.25,741
2026-06-26 03:55:00-04:00,7410.75,7412.0,7409.75,7412.0,624
2026-06-26 04:00:00-04:00,7404.75,7416.0,7404.75,7411.0,2313
2026-06-26 04:05:00-04:00,7407.0,7410.0,7401.0,7405.0,1940
2026-06-26 04:10:00-04:00,7402.75,7408.25,7401.75,7407.0,1344
2026-06-26 04:15:00-04:00,7402.0,7406.75,7401.25,7402.75,741
2026-06-26 04:20:00-04:00,7405.0,7406.0,7400.25,7402.0,934
2026-06-26 04:25:00-04:00,7407.75,7409.5,7403.75,7404.75,993
2026-06-26 04:30:00-04:00,7400.25,7407.75,7398.5,7407.5,1501
2026-06-26 04:35:00-04:00,7400.5,7402.25,7398.5,7400.25,851
2026-06-26 04:40:00-04:00,7397.75,7403.0,7397.25,7400.75,674
2026-06-26 04:45:00-04:00,7392.0,7398.75,7391.25,7397.5,1384
2026-06-26 04:50:00-04:00,7386.0,7393.75,7385.0,7392.0,1470
2026-06-26 04:55:00-04:00,7388.5,7389.5,7382.75,7386.0,1520
2026-06-26 05:00:00-04:00,7384.5,7389.5,7383.5,7388.75,1338
2026-06-26 05:05:00-04:00,7384.75,7388.25,7383.5,7384.5,1204
2026-06-26 05:10:00-04:00,7388.5,7390.0,7382.25,7384.75,1026
2026-06-26 05:15:00-04:00,7385.75,7389.75,7382.5,7388.25,1790
2026-06-26 05:20:00-04:00,7381.75,7386.25,7380.25,7385.75,1462
2026-06-26 05:25:00-04:00,7383.5,7385.0,7380.5,7381.75,1335
2026-06-26 05:30:00-04:00,7385.5,7386.0,7379.75,7383.5,1368
2026-06-26 05:35:00-04:00,7387.25,7389.5,7384.25,7385.75,1038
2026-06-26 05:40:00-04:00,7392.25,7395.5,7387.5,7387.5,1170
2026-06-26 05:45:00-04:00,7393.75,7396.75,7390.5,7392.25,1303
2026-06-26 05:50:00-04:00,7388.0,7394.5,7387.75,7393.75,967
2026-06-26 05:55:00-04:00,7385.25,7388.25,7384.25,7388.25,1035
2026-06-26 06:00:00-04:00,7380.0,7386.25,7376.5,7385.5,1776
2026-06-26 06:05:00-04:00,7385.25,7385.75,7379.5,7380.0,906
2026-06-26 06:10:00-04:00,7387.0,7388.75,7383.75,7385.25,555
2026-06-26 06:15:00-04:00,7384.75,7389.5,7384.75,7387.0,661
2026-06-26 06:20:00-04:00,7382.0,7385.5,7381.0,7384.5,754
2026-06-26 06:25:00-04:00,7386.25,7387.0,7381.0,7381.25,495
2026-06-26 06:30:00-04:00,7387.75,7389.25,7384.25,7386.25,874
2026-06-26 06:35:00-04:00,7384.5,7388.25,7383.75,7387.75,959
2026-06-26 06:40:00-04:00,7385.25,7387.25,7383.5,7384.25,475
2026-06-26 06:45:00-04:00,7386.25,7388.75,7384.75,7385.0,730
2026-06-26 06:50:00-04:00,7386.5,7387.75,7383.0,7386.5,578
2026-06-26 06:55:00-04:00,7386.5,7387.25,7384.25,7386.5,684
2026-06-26 07:00:00-04:00,7390.0,7391.5,7383.25,7386.5,1769
2026-06-26 07:05:00-04:00,7390.5,7393.25,7387.5,7390.0,1120
2026-06-26 07:10:00-04:00,7390.5,7394.75,7389.25,7390.5,1368
2026-06-26 07:15:00-04:00,7387.25,7390.75,7386.5,7390.75,906
2026-06-26 07:20:00-04:00,7387.0,7389.75,7384.0,7386.75,969
2026-06-26 07:25:00-04:00,7386.5,7388.5,7385.0,7387.0,769
2026-06-26 07:30:00-04:00,7387.5,7389.0,7386.0,7386.5,898
2026-06-26 07:35:00-04:00,7387.25,7390.5,7386.0,7387.0,909
2026-06-26 07:40:00-04:00,7385.75,7390.75,7384.75,7387.25,1088
2026-06-26 07:45:00-04:00,7388.0,7389.0,7384.5,7385.75,891
2026-06-26 07:50:00-04:00,7378.75,7388.0,7377.75,7388.0,1522
2026-06-26 07:55:00-04:00,7384.5,7385.5,7378.75,7378.75,1517
2026-06-26 08:00:00-04:00,7390.0,7390.75,7383.0,7384.75,1379
2026-06-26 08:05:00-04:00,7396.25,7396.5,7389.75,7390.0,2438
2026-06-26 08:10:00-04:00,7398.25,7401.25,7393.25,7395.75,2023
2026-06-26 08:15:00-04:00,7397.5,7403.75,7396.5,7398.5,2271
2026-06-26 08:20:00-04:00,7390.5,7398.5,7390.5,7397.75,2096
2026-06-26 08:25:00-04:00,7394.75,7395.5,7390.0,7390.5,1387
2026-06-26 08:30:00-04:00,7392.5,7397.25,7391.5,7394.5,1617
2026-06-26 08:35:00-04:00,7386.25,7392.5,7385.25,7392.25,2626
2026-06-26 08:40:00-04:00,7384.0,7388.0,7383.5,7386.25,2619
2026-06-26 08:45:00-04:00,7383.5,7385.75,7381.0,7384.25,3331
2026-06-26 08:50:00-04:00,7385.25,7386.75,7380.25,7383.25,2636
2026-06-26 08:55:00-04:00,7384.0,7386.5,7383.25,7385.25,1735
2026-06-26 09:00:00-04:00,7380.5,7385.0,7378.75,7384.0,4376
2026-06-26 09:05:00-04:00,7375.75,7381.25,7375.25,7380.25,3390
2026-06-26 09:10:00-04:00,7377.0,7378.25,7373.5,7375.75,3480
2026-06-26 09:15:00-04:00,7374.0,7378.25,7364.75,7376.75,9495
2026-06-26 09:20:00-04:00,7380.0,7382.5,7372.0,7374.25,8331
2026-06-26 09:25:00-04:00,7381.0,7383.0,7377.0,7379.75,7091
2026-06-26 09:30:00-04:00,7370.25,7388.25,7360.0,7381.0,38994
2026-06-26 09:35:00-04:00,7373.0,7383.0,7367.25,7370.25,27156
2026-06-26 09:40:00-04:00,7384.25,7386.25,7368.75,7372.75,22464
2026-06-26 09:45:00-04:00,7378.5,7390.25,7371.25,7384.25,26971
2026-06-26 09:50:00-04:00,7385.75,7388.75,7377.25,7378.75,18151
2026-06-26 09:55:00-04:00,7401.5,7405.75,7384.0,7386.0,22282
2026-06-26 10:00:00-04:00,7415.0,7415.75,7398.75,7401.25,21959
2026-06-26 10:05:00-04:00,7423.0,7424.75,7414.25,7415.0,21679
2026-06-26 10:10:00-04:00,7425.5,7428.0,7417.25,7423.0,19544
2026-06-26 10:15:00-04:00,7419.75,7429.5,7418.0,7425.5,16480
2026-06-26 10:20:00-04:00,7428.0,7436.25,7418.25,7420.0,18331
2026-06-26 10:25:00-04:00,7428.5,7433.0,7426.0,7428.0,12781
2026-06-26 10:30:00-04:00,7427.25,7433.0,7424.0,7428.75,13000
2026-06-26 10:35:00-04:00,7415.25,7428.0,7415.0,7427.5,12813
2026-06-26 10:40:00-04:00,7415.25,7424.5,7409.25,7415.25,16923
2026-06-26 10:45:00-04:00,7422.25,7427.5,7413.75,7415.25,13059
2026-06-26 10:50:00-04:00,7419.0,7426.0,7415.25,7422.25,11658
2026-06-26 10:55:00-04:00,7418.0,7423.5,7411.75,7418.75,11047
2026-06-26 11:00:00-04:00,7421.75,7428.0,7418.0,7418.0,12073
2026-06-26 11:05:00-04:00,7424.5,7425.25,7416.0,7422.0,9559
2026-06-26 11:10:00-04:00,7414.25,7426.0,7412.75,7424.25,8942
2026-06-26 11:15:00-04:00,7424.25,7426.25,7409.5,7414.5,16437
2026-06-26 11:20:00-04:00,7431.75,7432.5,7422.0,7424.25,14064
2026-06-26 11:25:00-04:00,7440.75,7440.75,7430.5,7431.5,13413
2026-06-26 11:30:00-04:00,7439.0,7450.0,7437.5,7440.5,22318
2026-06-26 11:35:00-04:00,7451.75,7453.75,7439.25,7439.25,13472
2026-06-26 11:40:00-04:00,7456.5,7459.5,7449.25,7451.75,13254
2026-06-26 11:45:00-04:00,7449.5,7458.5,7449.0,7456.5,11649
2026-06-26 11:50:00-04:00,7439.0,7454.25,7435.0,7449.5,20735
2026-06-26 11:55:00-04:00,7447.5,7452.5,7437.5,7439.25,10585
2026-06-26 12:00:00-04:00,7447.25,7449.0,7444.75,7447.75,8321
2026-06-26 12:05:00-04:00,7436.25,7448.0,7434.5,7447.0,8252
2026-06-26 12:10:00-04:00,7434.75,7438.75,7431.25,7436.0,7905
2026-06-26 12:15:00-04:00,7433.75,7440.25,7431.25,7434.75,8375
2026-06-26 12:20:00-04:00,7425.75,7435.25,7420.75,7433.75,17710
2026-06-26 12:25:00-04:00,7427.25,7429.75,7424.25,7425.5,7508
2026-06-26 12:30:00-04:00,7440.0,7440.5,7427.25,7427.25,8643
2026-06-26 12:35:00-04:00,7437.75,7441.5,7435.5,7440.0,6190
2026-06-26 12:40:00-04:00,7433.75,7439.75,7433.25,7437.75,5387
2026-06-26 12:45:00-04:00,7437.25,7437.75,7432.0,7433.75,5449
2026-06-26 12:50:00-04:00,7439.5,7442.75,7436.5,7437.25,6186
2026-06-26 12:55:00-04:00,7438.25,7439.75,7436.0,7439.75,4310
2026-06-26 13:00:00-04:00,7442.75,7445.75,7435.0,7438.25,6920
2026-06-26 13:05:00-04:00,7450.0,7451.75,7442.5,7442.75,7639
2026-06-26 13:10:00-04:00,7444.5,7452.25,7442.75,7449.75,5541
2026-06-26 13:15:00-04:00,7438.0,7445.25,7436.5,7444.5,5177
2026-06-26 13:20:00-04:00,7434.0,7439.75,7432.75,7437.75,6303
2026-06-26 13:25:00-04:00,7440.75,7443.25,7431.25,7433.75,6866
2026-06-26 13:30:00-04:00,7439.5,7447.75,7437.5,7440.75,7852
2026-06-26 13:35:00-04:00,7433.75,7439.75,7433.25,7439.5,4768
2026-06-26 13:40:00-04:00,7436.0,7439.0,7429.25,7433.5,7449
2026-06-26 13:45:00-04:00,7432.0,7437.75,7431.75,7436.0,4335
2026-06-26 13:50:00-04:00,7434.5,7436.75,7431.25,7432.25,4926
2026-06-26 13:55:00-04:00,7430.0,7434.5,7427.75,7434.25,5620
2026-06-26 14:00:00-04:00,7435.75,7437.5,7429.5,7430.25,6391
2026-06-26 14:05:00-04:00,7435.0,7439.5,7433.75,7436.0,6099
2026-06-26 14:10:00-04:00,7433.75,7438.0,7432.0,7434.75,5217
2026-06-26 14:15:00-04:00,7427.5,7435.75,7425.5,7434.0,7509
2026-06-26 14:20:00-04:00,7428.75,7430.25,7425.5,7427.25,8236
2026-06-26 14:25:00-04:00,7421.25,7430.0,7420.25,7428.5,9613
2026-06-26 14:30:00-04:00,7427.75,7429.75,7420.75,7421.5,9214
2026-06-26 14:35:00-04:00,7422.25,7428.0,7420.75,7427.5,6794
2026-06-26 14:40:00-04:00,7420.75,7424.5,7420.5,7422.0,6158
2026-06-26 14:45:00-04:00,7412.75,7420.75,7410.0,7420.75,13039
2026-06-26 14:50:00-04:00,7410.25,7413.25,7408.75,7413.0,11995
2026-06-26 14:55:00-04:00,7409.0,7414.0,7405.25,7410.25,11279
2026-06-26 15:00:00-04:00,7407.0,7413.5,7406.75,7408.75,10545
2026-06-26 15:05:00-04:00,7416.25,7417.5,7406.5,7407.25,10440
2026-06-26 15:10:00-04:00,7420.75,7421.0,7412.75,7416.0,9554
2026-06-26 15:15:00-04:00,7420.75,7422.75,7417.0,7420.5,10991
2026-06-26 15:20:00-04:00,7416.0,7422.0,7411.0,7420.5,13424
2026-06-26 15:25:00-04:00,7415.0,7418.0,7414.25,7415.75,9194
2026-06-26 15:30:00-04:00,7419.25,7421.25,7410.5,7415.25,10760
2026-06-26 15:35:00-04:00,7416.0,7420.75,7415.5,7419.5,8352
2026-06-26 15:40:00-04:00,7426.0,7426.75,7415.75,7416.25,10437
2026-06-26 15:45:00-04:00,7423.75,7431.75,7420.5,7426.0,15548
2026-06-26 15:50:00-04:00,7425.0,7429.5,7418.5,7423.5,24642
2026-06-26 15:55:00-04:00,7375.5,7429.25,7369.75,7424.75,106918
2026-06-26 16:00:00-04:00,7400.0,7408.75,7368.5,7379.75,51812
2026-06-26 16:05:00-04:00,7400.5,7403.25,7392.75,7399.75,16591
2026-06-26 16:10:00-04:00,7412.25,7413.5,7398.75,7400.75,12004
2026-06-26 16:15:00-04:00,7413.25,7417.25,7410.25,7412.5,5823
2026-06-26 16:20:00-04:00,7417.75,7418.5,7410.75,7413.0,5650
2026-06-26 16:25:00-04:00,7415.75,7421.0,7415.5,7417.75,5977
2026-06-26 16:30:00-04:00,7408.5,7416.75,7400.25,7415.5,5823
2026-06-26 16:35:00-04:00,7404.0,7411.75,7397.25,7408.25,6245
2026-06-26 16:40:00-04:00,7399.75,7404.0,7397.5,7403.75,3502
2026-06-26 16:45:00-04:00,7400.0,7401.75,7396.0,7400.0,3683
2026-06-26 16:50:00-04:00,7402.5,7404.25,7399.75,7400.25,2629
2026-06-26 16:55:00-04:00,7401.75,7404.75,7395.25,7402.5,4566
2026-06-28 18:10:00-04:00,7435.25,7437.75,7428.5,7431.0,1162
2026-06-28 18:15:00-04:00,7432.0,7435.5,7431.25,7435.25,835
2026-06-28 18:20:00-04:00,7433.5,7437.0,7427.0,7431.75,1509
2026-06-28 18:25:00-04:00,7434.75,7437.5,7432.0,7433.5,817
2026-06-28 18:30:00-04:00,7435.0,7438.5,7434.25,7435.0,1066
2026-06-28 18:35:00-04:00,7435.0,7437.5,7434.25,7434.75,503
2026-06-28 18:40:00-04:00,7437.75,7438.25,7434.25,7435.0,481
2026-06-28 18:45:00-04:00,7437.5,7438.5,7436.0,7437.75,328
2026-06-28 18:50:00-04:00,7434.75,7437.75,7434.0,7437.5,300
2026-06-28 18:55:00-04:00,7434.5,7436.25,7434.0,7435.25,283
2026-06-28 19:00:00-04:00,7438.75,7440.75,7432.5,7434.5,839
2026-06-28 19:05:00-04:00,7447.5,7447.5,7437.5,7439.0,1762
2026-06-28 19:10:00-04:00,7446.25,7448.5,7445.0,7447.0,886
2026-06-28 19:15:00-04:00,7448.0,7449.75,7444.25,7446.5,759
2026-06-28 19:20:00-04:00,7449.0,7451.5,7448.0,7448.25,699
2026-06-28 19:25:00-04:00,7449.5,7450.25,7448.5,7449.0,286
2026-06-28 19:30:00-04:00,7451.0,7452.75,7449.25,7449.5,618
2026-06-28 19:35:00-04:00,7453.0,7453.5,7450.25,7451.0,422
2026-06-28 19:40:00-04:00,7452.0,7453.5,7451.0,7453.0,669
2026-06-28 19:45:00-04:00,7451.75,7455.75,7449.5,7452.0,1310
2026-06-28 19:50:00-04:00,7449.25,7452.0,7448.75,7451.75,689
2026-06-28 19:55:00-04:00,7447.25,7450.75,7447.0,7449.25,996
2026-06-28 20:00:00-04:00,7436.5,7447.5,7432.75,7447.5,3833
2026-06-28 20:05:00-04:00,7436.0,7439.0,7432.5,7436.75,1398
2026-06-28 20:10:00-04:00,7436.25,7442.5,7435.0,7436.25,1209
2026-06-28 20:15:00-04:00,7433.0,7438.5,7427.75,7436.25,2096
2026-06-28 20:20:00-04:00,7425.25,7433.25,7423.25,7432.75,1962
2026-06-28 20:25:00-04:00,7423.0,7428.25,7422.75,7425.25,1650
2026-06-28 20:30:00-04:00,7426.75,7428.5,7422.5,7423.25,2069
2026-06-28 20:35:00-04:00,7426.75,7429.25,7424.0,7426.5,1318
2026-06-28 20:40:00-04:00,7435.5,7436.25,7426.25,7426.75,1393
2026-06-28 20:45:00-04:00,7427.0,7434.75,7423.0,7434.75,1450
2026-06-28 20:50:00-04:00,7432.0,7432.25,7426.75,7427.0,1057
2026-06-28 20:55:00-04:00,7438.5,7440.25,7432.25,7432.25,1212
2026-06-28 21:00:00-04:00,7433.25,7440.75,7430.5,7438.5,1467
2026-06-28 21:05:00-04:00,7434.5,7439.5,7433.25,7433.25,798
2026-06-28 21:10:00-04:00,7436.75,7437.25,7434.0,7434.75,575
2026-06-28 21:15:00-04:00,7430.25,7437.25,7427.0,7437.0,1011
2026-06-28 21:20:00-04:00,7433.5,7436.25,7428.25,7429.75,1060
2026-06-28 21:25:00-04:00,7429.25,7436.5,7428.5,7434.0,887
2026-06-28 21:30:00-04:00,7429.25,7432.0,7426.75,7429.5,1073
2026-06-28 21:35:00-04:00,7438.75,7440.25,7428.5,7429.25,1636
2026-06-28 21:40:00-04:00,7440.5,7443.0,7438.5,7438.5,1049
2026-06-28 21:45:00-04:00,7437.25,7441.25,7434.75,7440.25,886
2026-06-28 21:50:00-04:00,7437.75,7439.5,7435.75,7437.75,656
2026-06-28 21:55:00-04:00,7438.5,7441.75,7436.75,7437.75,916
2026-06-28 22:00:00-04:00,7434.25,7439.75,7433.5,7438.75,853
2026-06-28 22:05:00-04:00,7429.75,7435.75,7428.75,7434.25,900
2026-06-28 22:10:00-04:00,7422.75,7431.25,7421.75,7429.75,1305
2026-06-28 22:15:00-04:00,7428.75,7429.25,7420.75,7422.5,1103
2026-06-28 22:20:00-04:00,7434.5,7435.75,7428.75,7428.75,792
2026-06-28 22:25:00-04:00,7439.75,7441.0,7433.25,7434.25,942
2026-06-28 22:30:00-04:00,7439.75,7441.0,7438.0,7440.0,816
2026-06-28 22:35:00-04:00,7441.75,7443.75,7438.5,7439.0,685
2026-06-28 22:40:00-04:00,7441.5,7443.5,7440.5,7441.5,505
2026-06-28 22:45:00-04:00,7442.5,7443.0,7440.5,7441.75,466
2026-06-28 22:50:00-04:00,7440.25,7443.0,7440.0,7442.5,463
2026-06-28 22:55:00-04:00,7440.5,7442.5,7440.25,7440.5,390
2026-06-28 23:00:00-04:00,7446.75,7448.0,7440.75,7440.75,1327
2026-06-28 23:05:00-04:00,7447.75,7450.0,7446.25,7446.75,1362
2026-06-28 23:10:00-04:00,7444.5,7448.0,7444.25,7448.0,739
2026-06-28 23:15:00-04:00,7444.5,7445.0,7443.5,7444.5,435
2026-06-28 23:20:00-04:00,7444.25,7446.25,7443.0,7444.5,562
2026-06-28 23:25:00-04:00,7444.75,7446.5,7443.25,7444.0,610
2026-06-28 23:30:00-04:00,7440.25,7446.0,7439.5,7444.5,939
2026-06-28 23:35:00-04:00,7436.5,7440.5,7434.0,7440.5,929
2026-06-28 23:40:00-04:00,7436.75,7438.5,7435.25,7436.5,494
2026-06-28 23:45:00-04:00,7444.75,7445.5,7436.0,7436.75,763
2026-06-28 23:50:00-04:00,7449.0,7452.75,7444.75,7444.75,1328
2026-06-28 23:55:00-04:00,7450.25,7451.5,7447.0,7449.0,596
2026-06-29 00:00:00-04:00,7447.75,7450.5,7447.25,7450.25,601
2026-06-29 00:05:00-04:00,7447.25,7448.5,7444.75,7447.75,668
2026-06-29 00:10:00-04:00,7445.25,7447.25,7444.75,7447.0,347
2026-06-29 00:15:00-04:00,7443.5,7445.5,7442.75,7445.25,424
2026-06-29 00:20:00-04:00,7445.0,7445.5,7441.5,7443.5,456
2026-06-29 00:25:00-04:00,7444.25,7448.0,7443.5,7445.25,578
2026-06-29 00:30:00-04:00,7443.0,7446.0,7441.75,7444.5,424
2026-06-29 00:35:00-04:00,7442.75,7445.25,7441.25,7442.75,433
2026-06-29 00:40:00-04:00,7441.5,7443.0,7439.75,7442.75,582
2026-06-29 00:45:00-04:00,7443.0,7443.0,7440.0,7441.75,430
2026-06-29 00:50:00-04:00,7444.5,7445.25,7441.5,7443.0,359
2026-06-29 00:55:00-04:00,7442.0,7444.25,7440.75,7444.25,372
2026-06-29 01:00:00-04:00,7441.25,7444.25,7439.5,7442.25,606
2026-06-29 01:05:00-04:00,7441.75,7443.5,7439.0,7441.0,464
2026-06-29 01:10:00-04:00,7444.5,7445.0,7439.0,7442.0,581
2026-06-29 01:15:00-04:00,7442.0,7447.25,7440.5,7444.75,783
2026-06-29 01:20:00-04:00,7443.0,7444.0,7441.25,7442.0,344
2026-06-29 01:25:00-04:00,7442.75,7445.0,7441.5,7443.0,478
2026-06-29 01:30:00-04:00,7449.25,7449.25,7442.0,7442.5,946
2026-06-29 01:35:00-04:00,7447.75,7450.0,7445.25,7449.0,760
2026-06-29 01:40:00-04:00,7453.0,7453.75,7447.5,7448.0,1268
2026-06-29 01:45:00-04:00,7451.5,7453.25,7451.0,7453.25,962
2026-06-29 01:50:00-04:00,7456.5,7457.25,7450.0,7451.25,1598
2026-06-29 01:55:00-04:00,7457.25,7458.5,7454.75,7456.5,1431
2026-06-29 02:00:00-04:00,7449.5,7457.75,7447.75,7457.0,1893
2026-06-29 02:05:00-04:00,7447.5,7449.75,7446.0,7449.75,1018
2026-06-29 02:10:00-04:00,7447.75,7448.5,7445.5,7447.75,889
2026-06-29 02:15:00-04:00,7447.75,7449.0,7447.0,7447.75,718
2026-06-29 02:20:00-04:00,7450.25,7450.75,7446.75,7447.5,805
2026-06-29 02:25:00-04:00,7450.75,7452.25,7449.0,7450.5,840
2026-06-29 02:30:00-04:00,7453.75,7454.0,7449.5,7451.0,1009
2026-06-29 02:35:00-04:00,7451.5,7454.75,7450.0,7454.0,608
2026-06-29 02:40:00-04:00,7451.75,7453.75,7451.0,7451.5,665
2026-06-29 02:45:00-04:00,7449.25,7452.0,7449.0,7451.75,574
2026-06-29 02:50:00-04:00,7447.0,7450.0,7447.0,7449.5,829
2026-06-29 02:55:00-04:00,7446.25,7447.0,7444.25,7446.75,934
2026-06-29 03:00:00-04:00,7440.75,7446.75,7436.5,7446.5,2497
2026-06-29 03:05:00-04:00,7441.25,7442.0,7437.5,7440.5,1640
2026-06-29 03:10:00-04:00,7442.75,7443.0,7437.25,7441.75,1103
2026-06-29 03:15:00-04:00,7445.5,7447.5,7442.75,7442.75,902
2026-06-29 03:20:00-04:00,7447.5,7448.5,7444.25,7445.25,1021
2026-06-29 03:25:00-04:00,7450.25,7451.75,7446.25,7447.5,972
2026-06-29 03:30:00-04:00,7448.75,7450.5,7446.75,7450.25,795
2026-06-29 03:35:00-04:00,7452.5,7452.5,7446.75,7448.5,696
2026-06-29 03:40:00-04:00,7450.75,7453.25,7450.25,7452.5,858
2026-06-29 03:45:00-04:00,7449.5,7452.75,7448.25,7450.5,1403
2026-06-29 03:50:00-04:00,7450.0,7451.75,7449.0,7449.75,514
2026-06-29 03:55:00-04:00,7451.5,7451.5,7449.0,7449.5,472
2026-06-29 04:00:00-04:00,7455.75,7458.75,7450.25,7451.25,2017
2026-06-29 04:05:00-04:00,7458.0,7459.75,7455.0,7455.5,1322
2026-06-29 04:10:00-04:00,7458.0,7459.0,7456.5,7458.0,734
2026-06-29 04:15:00-04:00,7460.5,7463.75,7455.25,7457.75,2096
2026-06-29 04:20:00-04:00,7459.25,7461.0,7457.75,7460.25,885
2026-06-29 04:25:00-04:00,7456.25,7461.75,7455.75,7459.25,772
2026-06-29 04:30:00-04:00,7460.0,7460.75,7455.5,7456.25,820
2026-06-29 04:35:00-04:00,7456.5,7461.75,7455.75,7460.0,695
2026-06-29 04:40:00-04:00,7455.0,7456.75,7454.0,7456.75,951
2026-06-29 04:45:00-04:00,7455.25,7457.5,7453.75,7454.75,570
2026-06-29 04:50:00-04:00,7453.0,7456.5,7452.5,7455.25,508
2026-06-29 04:55:00-04:00,7451.5,7453.25,7450.75,7453.0,778
2026-06-29 05:00:00-04:00,7453.0,7453.75,7450.5,7451.25,735
2026-06-29 05:05:00-04:00,7453.0,7453.75,7451.0,7452.75,607
2026-06-29 05:10:00-04:00,7453.75,7454.75,7451.0,7452.75,777
2026-06-29 05:15:00-04:00,7455.5,7456.25,7452.25,7453.5,672
2026-06-29 05:20:00-04:00,7456.5,7456.5,7454.5,7455.5,837
2026-06-29 05:25:00-04:00,7457.75,7458.75,7455.25,7456.25,1042
2026-06-29 05:30:00-04:00,7456.5,7459.25,7456.25,7458.0,769
2026-06-29 05:35:00-04:00,7456.0,7457.0,7454.25,7456.5,633
2026-06-29 05:40:00-04:00,7455.5,7456.0,7453.75,7455.75,577
2026-06-29 05:45:00-04:00,7454.5,7456.25,7453.75,7455.25,460
2026-06-29 05:50:00-04:00,7451.0,7455.5,7447.5,7454.5,2574
2026-06-29 05:55:00-04:00,7454.5,7455.25,7450.5,7451.0,1077
2026-06-29 06:00:00-04:00,7458.0,7459.5,7454.75,7454.75,1376
2026-06-29 06:05:00-04:00,7460.25,7460.5,7456.0,7457.75,768
2026-06-29 06:10:00-04:00,7456.75,7461.0,7456.0,7460.5,731
2026-06-29 06:15:00-04:00,7455.25,7456.75,7452.5,7456.75,970
2026-06-29 06:20:00-04:00,7455.0,7456.5,7454.25,7455.25,487
2026-06-29 06:25:00-04:00,7460.0,7460.25,7454.0,7455.0,777
2026-06-29 06:30:00-04:00,7461.0,7462.5,7459.25,7460.25,930
2026-06-29 06:35:00-04:00,7463.5,7465.0,7459.25,7461.25,1434
2026-06-29 06:40:00-04:00,7461.75,7464.0,7461.5,7463.75,741
2026-06-29 06:45:00-04:00,7461.5,7462.25,7455.75,7461.75,1460
2026-06-29 06:50:00-04:00,7462.5,7463.0,7461.0,7461.75,682
2026-06-29 06:55:00-04:00,7466.0,7466.75,7461.75,7462.75,2244
2026-06-29 07:00:00-04:00,7469.0,7469.5,7465.25,7466.0,2688
2026-06-29 07:05:00-04:00,7467.25,7470.5,7467.25,7469.0,1644
2026-06-29 07:10:00-04:00,7463.25,7467.25,7462.75,7467.0,1009
2026-06-29 07:15:00-04:00,7460.0,7464.25,7459.5,7463.25,1040
2026-06-29 07:20:00-04:00,7460.25,7461.75,7458.0,7460.25,1244
2026-06-29 07:25:00-04:00,7462.0,7463.5,7460.0,7460.25,531
2026-06-29 07:30:00-04:00,7465.5,7473.75,7460.25,7462.0,3934
2026-06-29 07:35:00-04:00,7463.75,7467.0,7463.5,7465.5,764
2026-06-29 07:40:00-04:00,7464.5,7466.5,7463.0,7463.75,1031
2026-06-29 07:45:00-04:00,7466.25,7467.75,7464.5,7464.5,898
2026-06-29 07:50:00-04:00,7465.0,7468.75,7464.25,7466.25,819
2026-06-29 07:55:00-04:00,7463.5,7465.75,7462.5,7465.25,1206
2026-06-29 08:00:00-04:00,7464.25,7465.5,7461.5,7463.5,1268
2026-06-29 08:05:00-04:00,7465.0,7465.5,7462.5,7464.25,959
2026-06-29 08:10:00-04:00,7466.0,7467.75,7465.0,7465.25,1054
2026-06-29 08:15:00-04:00,7466.75,7469.25,7465.0,7466.0,1273
2026-06-29 08:20:00-04:00,7464.75,7467.5,7464.0,7466.75,995
2026-06-29 08:25:00-04:00,7465.5,7467.75,7464.75,7464.75,1133
2026-06-29 08:30:00-04:00,7467.0,7467.25,7461.0,7465.5,2117
2026-06-29 08:35:00-04:00,7461.0,7467.75,7460.25,7467.0,1702
2026-06-29 08:40:00-04:00,7459.25,7461.75,7455.25,7460.75,2683
2026-06-29 08:45:00-04:00,7458.75,7462.25,7457.5,7459.25,1533
2026-06-29 08:50:00-04:00,7460.0,7461.25,7457.75,7458.75,1674
2026-06-29 08:55:00-04:00,7464.0,7464.0,7459.75,7460.0,1204
2026-06-29 09:00:00-04:00,7464.25,7466.75,7463.75,7464.0,2337
2026-06-29 09:05:00-04:00,7464.0,7466.25,7463.0,7464.5,2028
2026-06-29 09:10:00-04:00,7467.5,7468.25,7463.5,7464.0,1989
2026-06-29 09:15:00-04:00,7466.5,7468.75,7466.5,7467.5,2506
2026-06-29 09:20:00-04:00,7459.25,7467.25,7458.25,7466.75,3312
2026-06-29 09:25:00-04:00,7457.0,7460.25,7455.0,7459.5,6301
2026-06-29 09:30:00-04:00,7478.25,7479.0,7444.5,7457.0,50339
2026-06-29 09:35:00-04:00,7471.25,7478.25,7460.25,7478.0,32794
2026-06-29 09:40:00-04:00,7483.5,7483.5,7464.25,7471.5,25305
2026-06-29 09:45:00-04:00,7479.0,7488.25,7478.5,7483.5,29156
2026-06-29 09:50:00-04:00,7479.5,7490.0,7474.0,7479.25,25554
2026-06-29 09:55:00-04:00,7458.5,7480.75,7453.75,7479.5,38572
2026-06-29 10:00:00-04:00,7450.0,7460.75,7448.25,7458.5,39242
2026-06-29 10:05:00-04:00,7439.5,7450.75,7435.25,7450.0,35052
2026-06-29 10:10:00-04:00,7415.75,7442.5,7415.5,7439.5,35714
2026-06-29 10:15:00-04:00,7425.75,7428.25,7409.0,7415.5,39515
2026-06-29 10:20:00-04:00,7430.25,7434.75,7421.5,7426.0,26115
2026-06-29 10:25:00-04:00,7449.25,7450.75,7430.0,7430.25,27913
2026-06-29 10:30:00-04:00,7463.0,7465.75,7448.0,7449.5,34849
2026-06-29 10:35:00-04:00,7460.5,7466.5,7457.75,7462.75,26491
2026-06-29 10:40:00-04:00,7459.75,7467.75,7457.25,7460.75,21599
2026-06-29 10:45:00-04:00,7455.75,7460.25,7447.75,7459.75,23830
2026-06-29 10:50:00-04:00,7469.0,7472.5,7455.0,7455.5,21782
2026-06-29 10:55:00-04:00,7468.0,7469.0,7460.5,7468.75,17160
2026-06-29 11:00:00-04:00,7462.75,7469.5,7461.25,7468.0,16622
2026-06-29 11:05:00-04:00,7461.25,7464.75,7459.25,7462.75,12444
2026-06-29 11:10:00-04:00,7464.0,7464.0,7454.75,7461.25,16894
2026-06-29 11:15:00-04:00,7459.0,7467.0,7458.5,7464.25,10012
2026-06-29 11:20:00-04:00,7456.5,7464.5,7453.0,7459.0,12594
2026-06-29 11:25:00-04:00,7467.0,7467.75,7454.75,7456.75,11054
2026-06-29 11:30:00-04:00,7465.75,7469.5,7464.75,7467.0,13772
2026-06-29 11:35:00-04:00,7469.75,7471.0,7461.5,7465.5,11187
2026-06-29 11:40:00-04:00,7474.25,7474.75,7466.75,7470.0,11328
2026-06-29 11:45:00-04:00,7469.0,7474.5,7467.5,7474.5,13360
2026-06-29 11:50:00-04:00,7470.5,7471.75,7467.5,7469.0,9253
2026-06-29 11:55:00-04:00,7475.0,7475.75,7468.0,7470.5,8964
2026-06-29 12:00:00-04:00,7479.0,7479.5,7474.75,7475.25,13246
2026-06-29 12:05:00-04:00,7478.25,7481.75,7476.5,7479.25,12251
2026-06-29 12:10:00-04:00,7475.5,7480.0,7474.75,7478.5,7736
2026-06-29 12:15:00-04:00,7476.0,7478.0,7474.75,7475.25,6349
2026-06-29 12:20:00-04:00,7478.25,7478.25,7474.0,7476.25,6998
2026-06-29 12:25:00-04:00,7473.75,7479.0,7473.0,7478.0,6193
2026-06-29 12:30:00-04:00,7471.5,7475.75,7470.0,7474.0,8019
2026-06-29 12:35:00-04:00,7474.75,7474.75,7470.25,7471.5,6900
2026-06-29 12:40:00-04:00,7475.5,7476.25,7473.25,7474.5,6169
2026-06-29 12:45:00-04:00,7475.0,7476.5,7472.0,7475.5,5355
2026-06-29 12:50:00-04:00,7479.25,7480.0,7474.25,7475.25,7791
2026-06-29 12:55:00-04:00,7477.25,7479.5,7476.5,7479.0,5131
2026-06-29 13:00:00-04:00,7480.75,7481.25,7477.25,7477.25,5285
2026-06-29 13:05:00-04:00,7483.75,7484.5,7480.5,7480.75,6036
2026-06-29 13:10:00-04:00,7490.5,7492.75,7483.25,7483.5,11128
2026-06-29 13:15:00-04:00,7491.5,7493.25,7489.25,7490.5,10261
2026-06-29 13:20:00-04:00,7485.75,7494.75,7485.5,7491.5,11940
2026-06-29 13:25:00-04:00,7491.75,7492.25,7485.0,7485.75,8195
2026-06-29 13:30:00-04:00,7493.25,7496.75,7490.0,7491.75,10148
2026-06-29 13:35:00-04:00,7493.25,7494.75,7490.0,7493.0,6164
2026-06-29 13:40:00-04:00,7493.0,7494.75,7492.75,7493.25,5499
2026-06-29 13:45:00-04:00,7495.0,7496.25,7491.25,7493.25,6027
2026-06-29 13:50:00-04:00,7495.75,7498.75,7494.0,7495.25,7264
2026-06-29 13:55:00-04:00,7494.0,7497.25,7491.75,7495.75,5988
2026-06-29 14:00:00-04:00,7496.25,7498.0,7492.25,7494.0,7672
2026-06-29 14:05:00-04:00,7495.25,7498.0,7494.5,7496.0,5417
2026-06-29 14:10:00-04:00,7495.75,7497.25,7494.25,7495.0,4732
2026-06-29 14:15:00-04:00,7494.0,7496.25,7493.5,7495.75,5368
2026-06-29 14:20:00-04:00,7494.0,7495.75,7491.75,7494.0,5703
2026-06-29 14:25:00-04:00,7492.0,7494.0,7491.25,7494.0,5121
2026-06-29 14:30:00-04:00,7496.25,7497.25,7491.5,7492.25,6889
2026-06-29 14:35:00-04:00,7498.0,7499.5,7495.25,7496.25,7103
2026-06-29 14:40:00-04:00,7499.75,7500.75,7496.75,7498.0,7220
2026-06-29 14:45:00-04:00,7499.5,7502.0,7498.75,7500.0,6909
2026-06-29 14:50:00-04:00,7498.5,7499.75,7496.75,7499.5,5771
2026-06-29 14:55:00-04:00,7496.75,7499.0,7495.5,7498.5,6158
2026-06-29 15:00:00-04:00,7496.0,7499.25,7494.75,7497.0,6777
2026-06-29 15:05:00-04:00,7497.5,7499.25,7495.0,7495.75,6967
2026-06-29 15:10:00-04:00,7495.5,7497.75,7494.75,7497.5,6629
2026-06-29 15:15:00-04:00,7495.75,7497.5,7493.0,7495.25,7373
2026-06-29 15:20:00-04:00,7499.0,7500.5,7495.75,7495.75,8124
2026-06-29 15:25:00-04:00,7498.0,7499.75,7497.75,7499.0,6652
2026-06-29 15:30:00-04:00,7494.0,7498.5,7493.5,7498.0,8171
2026-06-29 15:35:00-04:00,7496.25,7496.75,7493.75,7494.0,5911
2026-06-29 15:40:00-04:00,7495.5,7498.75,7493.5,7496.25,9823
2026-06-29 15:45:00-04:00,7497.25,7497.5,7495.0,7495.5,8300
2026-06-29 15:50:00-04:00,7492.5,7499.5,7491.5,7497.25,19277
2026-06-29 15:55:00-04:00,7496.75,7505.0,7492.0,7492.5,91794
2026-06-29 16:00:00-04:00,7495.25,7499.0,7491.75,7497.0,28834
2026-06-29 16:05:00-04:00,7495.75,7496.75,7494.25,7495.0,5571
2026-06-29 16:10:00-04:00,7497.5,7498.5,7495.25,7495.75,4785
2026-06-29 16:15:00-04:00,7498.0,7498.25,7496.5,7497.5,2180
2026-06-29 16:20:00-04:00,7498.75,7500.0,7497.25,7498.0,1726
2026-06-29 16:25:00-04:00,7497.25,7499.5,7497.0,7498.5,1261
2026-06-29 16:30:00-04:00,7495.75,7497.5,7495.5,7497.25,753
2026-06-29 16:35:00-04:00,7493.25,7496.0,7492.5,7495.75,1420
2026-06-29 16:40:00-04:00,7493.75,7494.0,7492.5,7493.25,698
2026-06-29 16:45:00-04:00,7493.25,7493.75,7491.25,7493.75,1168
2026-06-29 16:50:00-04:00,7493.75,7494.5,7493.0,7493.25,1502
2026-06-29 16:55:00-04:00,7493.5,7495.75,7493.0,7493.5,1561
2026-06-29 18:00:00-04:00,7493.25,7496.75,7490.5,7495.5,0
2026-06-29 18:05:00-04:00,7495.0,7496.5,7491.5,7493.5,821
2026-06-29 18:10:00-04:00,7494.0,7497.5,7493.5,7495.25,517
2026-06-29 18:15:00-04:00,7495.5,7495.75,7493.0,7494.25,228
2026-06-29 18:20:00-04:00,7494.75,7496.75,7494.75,7495.5,329
2026-06-29 18:25:00-04:00,7494.25,7495.75,7493.5,7494.75,305
2026-06-29 18:30:00-04:00,7492.25,7494.25,7491.5,7494.25,490
2026-06-29 18:35:00-04:00,7493.0,7493.25,7492.0,7492.5,187
2026-06-29 18:40:00-04:00,7495.75,7497.0,7492.25,7492.75,773
2026-06-29 18:45:00-04:00,7495.0,7496.0,7494.25,7495.75,276
2026-06-29 18:50:00-04:00,7494.5,7494.75,7493.5,7494.75,225
2026-06-29 18:55:00-04:00,7494.5,7495.0,7493.25,7494.5,164
2026-06-29 19:00:00-04:00,7495.75,7495.75,7493.75,7494.5,155
2026-06-29 19:05:00-04:00,7498.0,7498.5,7495.25,7495.5,320
2026-06-29 19:10:00-04:00,7496.25,7498.75,7495.5,7498.0,470
2026-06-29 19:15:00-04:00,7496.25,7497.25,7495.5,7496.5,145
2026-06-29 19:20:00-04:00,7495.75,7497.0,7495.25,7496.0,120
2026-06-29 19:25:00-04:00,7496.25,7497.25,7495.5,7495.5,160
2026-06-29 19:30:00-04:00,7498.25,7498.5,7495.0,7496.0,348
2026-06-29 19:35:00-04:00,7496.5,7498.25,7496.5,7498.0,231
2026-06-29 19:40:00-04:00,7496.25,7497.75,7495.75,7496.5,254
2026-06-29 19:45:00-04:00,7493.5,7496.5,7492.25,7496.0,598
2026-06-29 19:50:00-04:00,7493.5,7494.5,7491.75,7493.75,343
2026-06-29 19:55:00-04:00,7495.5,7497.0,7493.25,7493.25,301
2026-06-29 20:00:00-04:00,7495.75,7496.25,7491.25,7495.5,1094
2026-06-29 20:05:00-04:00,7496.25,7500.5,7495.5,7496.0,1014
2026-06-29 20:10:00-04:00,7499.5,7501.0,7495.0,7496.25,688
2026-06-29 20:15:00-04:00,7498.25,7501.0,7497.5,7499.25,636
2026-06-29 20:20:00-04:00,7496.0,7498.75,7494.25,7498.25,672
2026-06-29 20:25:00-04:00,7490.75,7496.5,7489.25,7496.0,1132
2026-06-29 20:30:00-04:00,7486.25,7491.5,7481.75,7490.75,1897
2026-06-29 20:35:00-04:00,7486.75,7487.75,7484.0,7486.0,857
2026-06-29 20:40:00-04:00,7484.75,7488.75,7484.0,7487.0,1117
2026-06-29 20:45:00-04:00,7490.25,7490.5,7483.75,7484.75,980
2026-06-29 20:50:00-04:00,7492.25,7492.75,7488.25,7490.0,829
2026-06-29 20:55:00-04:00,7492.5,7493.0,7491.0,7492.5,527
2026-06-29 21:00:00-04:00,7488.5,7494.0,7487.0,7492.75,1032
2026-06-29 21:05:00-04:00,7486.0,7488.75,7485.75,7488.75,856
2026-06-29 21:10:00-04:00,7486.25,7487.25,7484.0,7486.25,744
2026-06-29 21:15:00-04:00,7489.0,7489.5,7484.75,7486.25,860
2026-06-29 21:20:00-04:00,7490.0,7491.5,7487.5,7489.25,737
2026-06-29 21:25:00-04:00,7499.0,7499.0,7489.25,7490.0,1307
2026-06-29 21:30:00-04:00,7497.75,7501.5,7497.0,7499.0,1521
2026-06-29 21:35:00-04:00,7494.5,7498.0,7492.0,7498.0,983
2026-06-29 21:40:00-04:00,7497.5,7498.5,7494.5,7494.5,701
2026-06-29 21:45:00-04:00,7496.25,7498.25,7493.5,7497.25,732
2026-06-29 21:50:00-04:00,7497.25,7498.25,7495.25,7496.5,390
2026-06-29 21:55:00-04:00,7498.25,7498.75,7497.0,7497.25,350
2026-06-29 22:00:00-04:00,7494.75,7498.5,7493.75,7498.25,679
2026-06-29 22:05:00-04:00,7494.75,7495.5,7493.0,7495.0,531
2026-06-29 22:10:00-04:00,7492.0,7494.5,7491.5,7494.5,570
2026-06-29 22:15:00-04:00,7490.25,7493.0,7488.25,7492.25,878
2026-06-29 22:20:00-04:00,7494.5,7494.75,7489.75,7490.25,500
2026-06-29 22:25:00-04:00,7494.0,7495.5,7493.25,7494.25,531
2026-06-29 22:30:00-04:00,7494.0,7496.25,7493.25,7494.0,616
2026-06-29 22:35:00-04:00,7494.25,7494.75,7493.25,7494.25,237
2026-06-29 22:40:00-04:00,7492.5,7494.75,7492.0,7494.5,392
2026-06-29 22:45:00-04:00,7494.5,7494.75,7492.0,7492.5,351
2026-06-29 22:50:00-04:00,7494.0,7494.75,7493.25,7494.25,264
2026-06-29 22:55:00-04:00,7491.5,7494.75,7490.75,7494.0,463
2026-06-29 23:00:00-04:00,7491.75,7492.25,7490.25,7491.25,543
2026-06-29 23:05:00-04:00,7494.5,7494.75,7491.5,7491.75,405
2026-06-29 23:10:00-04:00,7493.25,7494.75,7493.0,7494.5,203
2026-06-29 23:15:00-04:00,7495.75,7496.5,7493.25,7493.25,411
2026-06-29 23:20:00-04:00,7494.5,7496.25,7494.25,7495.75,419
2026-06-29 23:25:00-04:00,7496.5,7497.25,7493.75,7494.25,439
2026-06-29 23:30:00-04:00,7498.5,7499.25,7495.5,7496.5,579
2026-06-29 23:35:00-04:00,7502.5,7503.0,7497.75,7498.5,1246
2026-06-29 23:40:00-04:00,7503.75,7504.5,7501.75,7502.5,834
2026-06-29 23:45:00-04:00,7504.25,7504.5,7502.5,7503.75,614
2026-06-29 23:50:00-04:00,7503.75,7507.0,7503.5,7504.5,824
2026-06-29 23:55:00-04:00,7502.5,7503.5,7501.5,7503.5,610
2026-06-30 00:05:00-04:00,7505.75,7506.25,7505.5,7506.25,1513
2026-06-30 00:10:00-04:00,7506.75,7507.0,7505.5,7506.0,250
2026-06-30 00:15:00-04:00,7506.25,7507.0,7505.75,7506.75,253
2026-06-30 00:20:00-04:00,7507.0,7508.0,7506.0,7506.25,504
2026-06-30 00:25:00-04:00,7508.75,7509.0,7506.75,7507.0,572
2026-06-30 00:30:00-04:00,7510.0,7510.0,7507.75,7509.0,930
2026-06-30 00:35:00-04:00,7512.75,7513.0,7510.0,7510.0,936
2026-06-30 00:40:00-04:00,7513.0,7513.25,7511.75,7512.5,640
2026-06-30 00:45:00-04:00,7511.5,7513.5,7510.25,7513.0,595
2026-06-30 00:50:00-04:00,7511.25,7512.5,7510.0,7511.75,576
2026-06-30 00:55:00-04:00,7510.75,7512.25,7510.5,7511.0,303
2026-06-30 01:00:00-04:00,7512.5,7515.0,7510.75,7510.75,1236
2026-06-30 01:05:00-04:00,7511.75,7513.0,7511.75,7512.25,328
2026-06-30 01:10:00-04:00,7512.75,7512.75,7511.0,7511.5,422
2026-06-30 01:15:00-04:00,7510.75,7513.0,7510.25,7512.5,460
2026-06-30 01:20:00-04:00,7512.75,7513.25,7510.5,7511.0,475
2026-06-30 01:25:00-04:00,7508.5,7513.25,7508.0,7513.0,1234
2026-06-30 01:30:00-04:00,7505.75,7508.75,7505.0,7508.75,1206
2026-06-30 01:35:00-04:00,7506.0,7506.5,7503.75,7505.5,847
2026-06-30 01:40:00-04:00,7506.5,7509.0,7506.0,7506.0,924
2026-06-30 01:45:00-04:00,7508.5,7508.5,7506.25,7506.75,350
2026-06-30 01:50:00-04:00,7509.75,7510.5,7507.75,7508.75,679
2026-06-30 01:55:00-04:00,7510.25,7511.0,7509.0,7509.75,541
2026-06-30 02:00:00-04:00,7510.25,7511.5,7509.0,7510.25,1026
2026-06-30 02:05:00-04:00,7507.75,7510.25,7507.5,7510.0,709
2026-06-30 02:10:00-04:00,7508.5,7510.25,7507.25,7508.0,1013
2026-06-30 02:15:00-04:00,7507.0,7508.5,7506.5,7508.5,695
2026-06-30 02:20:00-04:00,7505.75,7506.75,7504.75,7506.75,996
2026-06-30 02:25:00-04:00,7508.0,7508.75,7502.75,7505.5,1520
2026-06-30 02:30:00-04:00,7503.0,7508.5,7501.5,7508.0,1455
2026-06-30 02:35:00-04:00,7504.0,7505.5,7502.5,7503.0,977
2026-06-30 02:40:00-04:00,7503.0,7505.25,7502.75,7504.25,376
2026-06-30 02:45:00-04:00,7507.25,7507.25,7502.25,7502.75,885
2026-06-30 02:50:00-04:00,7506.25,7507.25,7505.75,7507.0,449
2026-06-30 02:55:00-04:00,7508.75,7508.75,7506.0,7506.5,530
2026-06-30 03:00:00-04:00,7510.25,7511.5,7507.25,7508.75,1976
2026-06-30 03:05:00-04:00,7508.75,7512.75,7508.25,7510.25,1062
2026-06-30 03:10:00-04:00,7506.0,7508.5,7505.25,7508.5,1107
2026-06-30 03:15:00-04:00,7505.25,7507.75,7505.0,7505.75,1254
2026-06-30 03:20:00-04:00,7508.25,7508.75,7504.5,7505.25,805
2026-06-30 03:25:00-04:00,7507.75,7509.5,7507.25,7508.25,522
2026-06-30 03:30:00-04:00,7507.75,7509.5,7507.0,7507.75,777
2026-06-30 03:35:00-04:00,7507.25,7510.0,7507.25,7508.0,692
2026-06-30 03:40:00-04:00,7507.0,7508.5,7506.75,7507.5,610
2026-06-30 03:45:00-04:00,7505.75,7507.25,7504.0,7507.25,1211
2026-06-30 03:50:00-04:00,7503.75,7505.5,7501.0,7505.5,1210
2026-06-30 03:55:00-04:00,7502.0,7504.25,7501.5,7503.75,722
2026-06-30 04:00:00-04:00,7505.0,7508.75,7501.25,7501.75,2009
2026-06-30 04:05:00-04:00,7505.75,7508.25,7504.5,7505.0,1026
2026-06-30 04:10:00-04:00,7502.75,7508.0,7502.75,7505.75,1049
2026-06-30 04:15:00-04:00,7503.5,7503.75,7499.5,7502.75,1327
2026-06-30 04:20:00-04:00,7508.0,7508.0,7503.25,7503.5,1152
2026-06-30 04:25:00-04:00,7508.75,7509.0,7506.5,7508.0,731
2026-06-30 04:30:00-04:00,7502.5,7510.25,7502.0,7508.5,1271
2026-06-30 04:35:00-04:00,7498.0,7503.0,7497.5,7502.5,1846
2026-06-30 04:40:00-04:00,7498.5,7499.25,7495.0,7497.75,1379
2026-06-30 04:45:00-04:00,7495.75,7499.0,7494.75,7498.75,1214
2026-06-30 04:50:00-04:00,7500.75,7500.75,7494.0,7496.0,1338
2026-06-30 04:55:00-04:00,7501.75,7503.0,7500.0,7500.75,882
2026-06-30 05:00:00-04:00,7504.0,7504.5,7500.5,7502.0,1019
2026-06-30 05:05:00-04:00,7501.75,7504.25,7501.5,7503.75,586
2026-06-30 05:10:00-04:00,7503.75,7504.5,7501.0,7501.75,642
2026-06-30 05:15:00-04:00,7504.5,7505.75,7503.5,7503.75,906
2026-06-30 05:20:00-04:00,7503.5,7505.0,7503.0,7504.75,746
2026-06-30 05:25:00-04:00,7502.75,7504.75,7502.5,7503.75,596
2026-06-30 05:30:00-04:00,7499.5,7503.25,7498.75,7502.75,816
2026-06-30 05:35:00-04:00,7503.75,7504.0,7499.25,7499.25,703
2026-06-30 05:40:00-04:00,7504.75,7505.5,7503.5,7504.0,576
2026-06-30 05:45:00-04:00,7507.5,7508.0,7504.5,7504.5,789
2026-06-30 05:50:00-04:00,7507.0,7508.25,7506.25,7507.75,768
2026-06-30 05:55:00-04:00,7506.0,7508.0,7505.75,7507.0,419
2026-06-30 06:00:00-04:00,7505.25,7506.75,7504.0,7506.25,1014
2026-06-30 06:05:00-04:00,7507.25,7508.75,7505.0,7505.0,633
2026-06-30 06:10:00-04:00,7507.25,7507.25,7505.0,7507.25,991
2026-06-30 06:15:00-04:00,7508.0,7508.5,7506.75,7506.75,681
2026-06-30 06:20:00-04:00,7506.25,7508.75,7506.0,7507.75,553
2026-06-30 06:25:00-04:00,7508.25,7508.5,7506.25,7506.25,707
2026-06-30 06:30:00-04:00,7506.5,7509.25,7506.0,7508.25,913
2026-06-30 06:35:00-04:00,7506.0,7506.75,7504.25,7506.25,542
2026-06-30 06:40:00-04:00,7507.0,7508.0,7505.5,7505.75,507
2026-06-30 06:45:00-04:00,7509.75,7510.75,7505.5,7507.0,711
2026-06-30 06:50:00-04:00,7510.75,7511.25,7508.75,7509.75,831
2026-06-30 06:55:00-04:00,7513.25,7515.0,7510.0,7510.75,1282
2026-06-30 07:00:00-04:00,7514.0,7514.75,7511.25,7513.0,1454
2026-06-30 07:05:00-04:00,7515.75,7517.0,7514.25,7514.25,1489
2026-06-30 07:10:00-04:00,7516.5,7517.0,7514.75,7515.75,1523
2026-06-30 07:15:00-04:00,7515.0,7517.5,7514.75,7516.75,1277
2026-06-30 07:20:00-04:00,7511.75,7515.75,7511.5,7515.25,1102
2026-06-30 07:25:00-04:00,7511.5,7512.25,7509.0,7511.5,1506
2026-06-30 07:30:00-04:00,7511.0,7512.75,7509.75,7511.75,1049
2026-06-30 07:35:00-04:00,7511.0,7512.25,7510.0,7511.0,796
2026-06-30 07:40:00-04:00,7514.25,7515.25,7510.75,7510.75,1056
2026-06-30 07:45:00-04:00,7516.75,7517.5,7514.0,7514.25,1244
2026-06-30 07:50:00-04:00,7513.5,7517.5,7513.0,7516.75,2163
2026-06-30 07:55:00-04:00,7510.5,7513.5,7510.0,7513.5,1098
2026-06-30 08:00:00-04:00,7505.25,7511.0,7504.25,7510.75,3287
2026-06-30 08:05:00-04:00,7504.25,7506.25,7503.0,7505.25,2333
2026-06-30 08:10:00-04:00,7502.75,7507.75,7501.5,7504.25,2454
2026-06-30 08:15:00-04:00,7501.75,7503.25,7500.25,7502.5,2061
2026-06-30 08:20:00-04:00,7499.0,7502.5,7497.5,7501.75,2416
2026-06-30 08:25:00-04:00,7496.0,7499.75,7495.75,7499.0,2524
2026-06-30 08:30:00-04:00,7494.25,7497.5,7491.5,7496.0,4030
2026-06-30 08:35:00-04:00,7498.0,7498.0,7494.0,7494.25,2664
2026-06-30 08:40:00-04:00,7499.5,7500.75,7497.0,7498.0,2389
2026-06-30 08:45:00-04:00,7500.75,7501.0,7498.0,7499.5,1776
2026-06-30 08:50:00-04:00,7500.25,7502.0,7499.5,7500.75,1852
2026-06-30 08:55:00-04:00,7497.0,7500.75,7496.25,7500.0,2524
2026-06-30 09:00:00-04:00,7495.25,7498.75,7494.75,7497.0,3354
2026-06-30 09:05:00-04:00,7495.5,7498.25,7494.25,7495.5,3152
2026-06-30 09:10:00-04:00,7496.5,7499.5,7495.5,7495.75,2431
2026-06-30 09:15:00-04:00,7497.25,7498.0,7495.25,7496.5,3064
2026-06-30 09:20:00-04:00,7492.75,7498.0,7492.25,7497.0,2203
2026-06-30 09:25:00-04:00,7500.25,7500.5,7492.75,7492.75,6261
2026-06-30 09:30:00-04:00,7500.25,7506.75,7495.75,7500.0,29261
2026-06-30 09:35:00-04:00,7501.75,7508.0,7498.25,7500.25,21964
2026-06-30 09:40:00-04:00,7506.0,7510.5,7499.25,7501.5,18999
2026-06-30 09:45:00-04:00,7507.0,7510.25,7503.5,7506.0,15811
2026-06-30 09:50:00-04:00,7518.75,7522.0,7505.75,7507.0,22602
2026-06-30 09:55:00-04:00,7526.75,7528.0,7518.5,7518.75,15683
2026-06-30 10:00:00-04:00,7532.5,7532.75,7515.5,7526.75,25227
2026-06-30 10:05:00-04:00,7522.75,7532.5,7521.0,7532.5,16704
2026-06-30 10:10:00-04:00,7523.75,7526.25,7519.0,7523.0,15962
2026-06-30 10:15:00-04:00,7523.25,7526.25,7520.5,7523.5,13869
2026-06-30 10:20:00-04:00,7530.5,7532.25,7522.0,7523.25,11924
2026-06-30 10:25:00-04:00,7532.5,7533.5,7527.5,7530.5,11197
2026-06-30 10:30:00-04:00,7541.25,7541.5,7532.0,7532.5,15828
2026-06-30 10:35:00-04:00,7533.5,7541.75,7531.0,7541.25,14786
2026-06-30 10:40:00-04:00,7535.75,7537.25,7529.0,7533.25,13452
2026-06-30 10:45:00-04:00,7526.25,7535.75,7523.75,7535.5,15059
2026-06-30 10:50:00-04:00,7521.0,7530.0,7520.25,7526.0,14847
2026-06-30 10:55:00-04:00,7520.5,7524.5,7516.75,7521.0,17876
2026-06-30 11:00:00-04:00,7529.25,7530.75,7520.0,7520.5,15666
2026-06-30 11:05:00-04:00,7531.75,7532.75,7525.5,7529.25,10197
2026-06-30 11:10:00-04:00,7535.75,7536.75,7530.75,7532.0,9897
2026-06-30 11:15:00-04:00,7533.0,7536.25,7531.0,7535.5,9717
2026-06-30 11:20:00-04:00,7539.25,7540.0,7533.0,7533.0,10408
2026-06-30 11:25:00-04:00,7540.5,7541.5,7537.75,7539.25,10412
2026-06-30 11:30:00-04:00,7542.25,7542.5,7538.25,7540.5,10327
2026-06-30 11:35:00-04:00,7537.0,7542.75,7536.25,7542.25,9555
2026-06-30 11:40:00-04:00,7537.75,7540.25,7535.5,7537.0,6832
2026-06-30 11:45:00-04:00,7541.5,7544.5,7537.75,7537.75,8605
2026-06-30 11:50:00-04:00,7544.0,7545.0,7540.0,7541.5,8919
2026-06-30 11:55:00-04:00,7545.75,7547.75,7543.25,7544.0,10230
2026-06-30 12:00:00-04:00,7548.0,7549.5,7545.25,7545.5,8298
2026-06-30 12:05:00-04:00,7548.5,7552.25,7547.75,7548.25,8809
2026-06-30 12:10:00-04:00,7550.5,7551.0,7548.0,7548.5,6424
2026-06-30 12:15:00-04:00,7551.75,7555.25,7549.5,7550.5,8601
2026-06-30 12:20:00-04:00,7552.0,7553.0,7550.0,7551.75,5707
2026-06-30 12:25:00-04:00,7550.5,7552.0,7550.0,7552.0,5245
2026-06-30 12:30:00-04:00,7549.75,7551.75,7548.75,7550.75,6639
2026-06-30 12:35:00-04:00,7551.75,7552.0,7548.75,7549.75,4579
2026-06-30 12:40:00-04:00,7553.0,7553.75,7551.0,7552.0,5034
2026-06-30 12:45:00-04:00,7555.25,7555.75,7552.25,7553.25,7082
2026-06-30 12:50:00-04:00,7557.25,7558.25,7554.0,7555.5,8716
2026-06-30 12:55:00-04:00,7555.75,7557.75,7554.25,7557.0,6275
2026-06-30 13:00:00-04:00,7557.5,7559.25,7555.5,7555.75,7268
2026-06-30 13:05:00-04:00,7556.5,7558.5,7556.0,7557.75,5368
2026-06-30 13:10:00-04:00,7553.75,7557.0,7553.25,7556.75,5555
2026-06-30 13:15:00-04:00,7554.0,7555.0,7552.5,7553.5,5311
2026-06-30 13:20:00-04:00,7554.25,7556.25,7553.0,7554.0,5272
2026-06-30 13:25:00-04:00,7552.25,7554.75,7550.75,7554.25,6722
2026-06-30 13:30:00-04:00,7553.25,7554.0,7550.25,7552.5,5472
2026-06-30 13:35:00-04:00,7549.25,7553.5,7548.5,7553.0,5514
2026-06-30 13:40:00-04:00,7553.5,7553.5,7549.0,7549.25,4948
2026-06-30 13:45:00-04:00,7551.25,7554.0,7550.5,7553.5,5072
2026-06-30 13:50:00-04:00,7551.75,7553.5,7550.25,7551.0,4400
2026-06-30 13:55:00-04:00,7552.0,7553.0,7551.25,7552.0,3240
2026-06-30 14:00:00-04:00,7554.0,7556.0,7551.0,7552.25,7105
2026-06-30 14:05:00-04:00,7554.0,7555.25,7550.5,7554.25,6388
2026-06-30 14:10:00-04:00,7555.0,7555.75,7553.25,7553.75,4235
2026-06-30 14:15:00-04:00,7556.75,7557.25,7554.25,7555.25,5168
2026-06-30 14:20:00-04:00,7556.0,7558.25,7556.0,7557.0,5332
2026-06-30 14:25:00-04:00,7555.25,7556.5,7554.5,7556.25,5504
2026-06-30 14:30:00-04:00,7554.25,7556.0,7553.25,7555.5,4935
2026-06-30 14:35:00-04:00,7554.75,7556.0,7554.0,7554.25,3887
2026-06-30 14:40:00-04:00,7557.25,7558.25,7554.75,7554.75,5183
2026-06-30 14:45:00-04:00,7560.75,7561.0,7555.75,7557.0,7484
2026-06-30 14:50:00-04:00,7558.5,7561.75,7557.25,7560.75,7062
2026-06-30 14:55:00-04:00,7558.75,7560.75,7558.25,7558.75,5618
2026-06-30 15:00:00-04:00,7559.5,7561.25,7558.25,7558.75,6141
2026-06-30 15:05:00-04:00,7562.25,7563.25,7558.5,7559.75,7437
2026-06-30 15:10:00-04:00,7564.5,7565.0,7560.5,7562.25,7496
2026-06-30 15:15:00-04:00,7563.5,7567.75,7563.25,7564.5,10263
2026-06-30 15:20:00-04:00,7563.5,7565.25,7562.0,7563.75,8805
2026-06-30 15:25:00-04:00,7561.5,7564.0,7560.25,7563.25,8834
2026-06-30 15:30:00-04:00,7558.75,7562.0,7558.5,7561.5,10802
2026-06-30 15:35:00-04:00,7556.25,7559.0,7554.25,7558.5,13470
2026-06-30 15:40:00-04:00,7558.0,7558.25,7554.75,7556.0,11141
2026-06-30 15:45:00-04:00,7555.5,7560.25,7554.75,7558.0,13583
2026-06-30 15:50:00-04:00,7560.25,7561.0,7553.25,7555.25,25789
2026-06-30 15:55:00-04:00,7545.0,7564.0,7544.5,7560.25,184004
2026-06-30 16:00:00-04:00,7551.5,7552.5,7540.75,7544.75,43717
2026-06-30 16:05:00-04:00,7550.0,7553.25,7548.0,7551.5,9991
2026-06-30 16:10:00-04:00,7545.25,7550.0,7542.0,7550.0,11864
2026-06-30 16:15:00-04:00,7543.75,7547.0,7542.5,7545.25,3591
2026-06-30 16:20:00-04:00,7542.75,7544.0,7541.0,7543.75,2868
2026-06-30 16:25:00-04:00,7542.5,7543.5,7542.0,7542.75,1555
2026-06-30 16:30:00-04:00,7542.0,7543.75,7541.5,7542.75,1583
2026-06-30 16:35:00-04:00,7541.5,7542.5,7541.0,7542.0,1124
2026-06-30 16:40:00-04:00,7540.75,7541.5,7540.5,7541.5,1192
2026-06-30 16:45:00-04:00,7539.5,7541.0,7538.5,7540.5,1903
2026-06-30 16:50:00-04:00,7540.5,7541.0,7538.5,7539.5,1550
2026-06-30 16:55:00-04:00,7542.0,7543.0,7540.0,7540.5,1838
2026-06-30 18:00:00-04:00,7545.0,7546.75,7540.5,7543.25,0
2026-06-30 18:05:00-04:00,7547.0,7547.25,7545.0,7545.0,768
2026-06-30 18:10:00-04:00,7546.5,7547.0,7543.25,7547.0,734
2026-06-30 18:15:00-04:00,7550.0,7550.25,7546.25,7546.5,1203
2026-06-30 18:20:00-04:00,7549.75,7550.75,7549.0,7549.75,693
2026-06-30 18:25:00-04:00,7550.25,7550.75,7549.0,7549.75,478
2026-06-30 18:30:00-04:00,7547.5,7550.0,7547.25,7550.0,493
2026-06-30 18:35:00-04:00,7547.25,7548.0,7546.5,7547.25,380
2026-06-30 18:40:00-04:00,7547.5,7548.0,7547.0,7547.25,163
2026-06-30 18:45:00-04:00,7545.25,7547.5,7544.5,7547.25,504
2026-06-30 18:50:00-04:00,7542.25,7545.25,7541.75,7545.25,849
2026-06-30 18:55:00-04:00,7543.25,7544.25,7542.25,7542.5,600
2026-06-30 19:00:00-04:00,7542.75,7544.5,7542.25,7543.5,787
2026-06-30 19:05:00-04:00,7545.0,7545.75,7542.0,7543.0,795
2026-06-30 19:10:00-04:00,7543.75,7545.25,7543.25,7545.0,161
2026-06-30 19:15:00-04:00,7544.5,7545.0,7542.5,7543.5,222
2026-06-30 19:20:00-04:00,7545.0,7545.25,7543.75,7544.75,145
2026-06-30 19:25:00-04:00,7544.25,7546.5,7543.5,7544.75,306
2026-06-30 19:30:00-04:00,7546.75,7546.75,7543.75,7544.0,194
2026-06-30 19:35:00-04:00,7545.5,7546.75,7544.25,7546.75,268
2026-06-30 19:40:00-04:00,7544.75,7546.25,7544.75,7546.0,189
2026-06-30 19:45:00-04:00,7545.0,7547.0,7543.5,7545.0,446
2026-06-30 19:50:00-04:00,7542.75,7545.75,7542.5,7545.0,334
2026-06-30 19:55:00-04:00,7544.75,7545.5,7542.0,7543.0,364
2026-06-30 20:00:00-04:00,7546.0,7547.5,7543.75,7545.0,1257
2026-06-30 20:05:00-04:00,7544.5,7546.75,7543.25,7546.0,1069
2026-06-30 20:10:00-04:00,7544.25,7546.0,7543.5,7544.75,545
2026-06-30 20:15:00-04:00,7543.75,7546.0,7543.0,7544.5,683
2026-06-30 20:20:00-04:00,7544.0,7545.5,7541.75,7543.75,834
2026-06-30 20:25:00-04:00,7545.25,7546.0,7542.75,7543.75,721
2026-06-30 20:30:00-04:00,7547.5,7548.25,7545.25,7545.5,829
2026-06-30 20:35:00-04:00,7547.25,7548.0,7545.75,7547.75,694
2026-06-30 20:40:00-04:00,7547.5,7548.75,7547.0,7547.5,341
2026-06-30 20:45:00-04:00,7549.25,7549.25,7547.0,7547.5,439
2026-06-30 20:50:00-04:00,7545.75,7549.25,7545.5,7549.0,667
2026-06-30 20:55:00-04:00,7545.0,7547.75,7544.75,7546.0,657
2026-06-30 21:00:00-04:00,7540.0,7545.75,7539.75,7545.0,1450
2026-06-30 21:05:00-04:00,7539.25,7541.5,7538.75,7540.0,1137
2026-06-30 21:10:00-04:00,7539.5,7539.75,7534.75,7539.0,2041
2026-06-30 21:15:00-04:00,7537.25,7540.75,7534.5,7539.5,1368
2026-06-30 21:20:00-04:00,7537.0,7539.0,7535.75,7537.25,753
2026-06-30 21:25:00-04:00,7536.75,7537.75,7535.75,7537.0,620
2026-06-30 21:30:00-04:00,7535.0,7538.75,7534.0,7536.75,1201
2026-06-30 21:35:00-04:00,7536.0,7537.5,7534.75,7535.0,723
2026-06-30 21:40:00-04:00,7535.25,7536.25,7534.5,7536.0,481
2026-06-30 21:45:00-04:00,7533.75,7536.25,7532.5,7535.25,796
2026-06-30 21:50:00-04:00,7533.75,7534.25,7531.75,7533.75,885
2026-06-30 21:55:00-04:00,7532.5,7535.5,7532.5,7533.75,784
2026-06-30 22:00:00-04:00,7531.0,7533.25,7530.5,7532.75,1212
2026-06-30 22:05:00-04:00,7527.0,7531.0,7525.25,7531.0,2297
2026-06-30 22:10:00-04:00,7524.0,7527.25,7522.0,7527.0,2139
2026-06-30 22:15:00-04:00,7525.5,7526.5,7517.5,7523.75,2982
2026-06-30 22:20:00-04:00,7526.25,7527.25,7524.25,7525.75,755
2026-06-30 22:25:00-04:00,7528.0,7528.0,7525.25,7526.5,796
2026-06-30 22:30:00-04:00,7526.25,7529.25,7526.0,7528.0,886
2026-06-30 22:35:00-04:00,7528.0,7528.25,7526.25,7526.25,469
2026-06-30 22:40:00-04:00,7530.25,7531.0,7527.5,7528.0,1005
2026-06-30 22:45:00-04:00,7529.25,7530.5,7528.75,7530.5,779
2026-06-30 22:50:00-04:00,7529.5,7529.75,7527.0,7529.0,725
2026-06-30 22:55:00-04:00,7529.0,7529.5,7528.25,7529.5,399
2026-06-30 23:00:00-04:00,7529.75,7530.5,7528.5,7529.0,574
2026-06-30 23:05:00-04:00,7531.25,7531.5,7529.0,7529.5,795
2026-06-30 23:10:00-04:00,7532.75,7533.25,7531.25,7531.25,766
2026-06-30 23:15:00-04:00,7530.5,7533.25,7528.5,7532.5,992
2026-06-30 23:20:00-04:00,7528.25,7530.75,7527.75,7530.5,613
2026-06-30 23:25:00-04:00,7527.5,7528.25,7526.75,7528.0,519
2026-06-30 23:30:00-04:00,7528.0,7528.5,7526.25,7527.75,464
2026-06-30 23:35:00-04:00,7531.25,7531.75,7527.75,7527.75,571
2026-06-30 23:40:00-04:00,7529.5,7532.0,7529.0,7531.5,647
2026-06-30 23:45:00-04:00,7532.5,7532.75,7529.25,7529.25,349
2026-06-30 23:50:00-04:00,7532.75,7534.0,7532.5,7532.5,508
2026-06-30 23:55:00-04:00,7532.25,7533.0,7531.5,7532.75,251
2026-07-01 00:05:00-04:00,7530.0,7530.75,7530.0,7530.5,1184
2026-07-01 00:10:00-04:00,7528.0,7530.75,7527.75,7530.25,400
2026-07-01 00:15:00-04:00,7528.25,7528.5,7527.25,7528.0,475
2026-07-01 00:20:00-04:00,7528.5,7529.5,7527.25,7528.25,437
2026-07-01 00:25:00-04:00,7530.0,7531.0,7527.75,7528.25,428
2026-07-01 00:30:00-04:00,7530.25,7530.5,7529.5,7530.0,341
2026-07-01 00:35:00-04:00,7528.5,7530.0,7527.5,7530.0,346
2026-07-01 00:40:00-04:00,7531.0,7531.75,7528.0,7528.5,493
2026-07-01 00:45:00-04:00,7533.0,7534.0,7530.75,7530.75,893
2026-07-01 00:50:00-04:00,7534.25,7534.75,7533.0,7533.0,625
2026-07-01 00:55:00-04:00,7530.5,7534.75,7529.5,7534.5,685
2026-07-01 01:00:00-04:00,7530.0,7531.5,7528.75,7530.25,532
2026-07-01 01:05:00-04:00,7531.25,7532.75,7530.0,7530.25,317
2026-07-01 01:10:00-04:00,7530.25,7531.25,7530.0,7531.25,348
2026-07-01 01:15:00-04:00,7530.75,7531.25,7529.75,7530.25,340
2026-07-01 01:20:00-04:00,7529.75,7531.0,7527.5,7530.5,615
2026-07-01 01:25:00-04:00,7528.5,7529.5,7527.75,7529.5,459
2026-07-01 01:30:00-04:00,7528.75,7529.5,7527.5,7528.25,521
2026-07-01 01:35:00-04:00,7528.25,7529.0,7526.25,7528.5,696
2026-07-01 01:40:00-04:00,7528.5,7530.25,7527.75,7528.5,746
2026-07-01 01:45:00-04:00,7526.25,7530.0,7526.25,7528.25,576
2026-07-01 01:50:00-04:00,7527.75,7528.5,7526.0,7526.25,533
2026-07-01 01:55:00-04:00,7527.5,7528.75,7527.25,7527.5,241
2026-07-01 02:00:00-04:00,7525.5,7530.0,7524.75,7527.25,1171
2026-07-01 02:05:00-04:00,7527.25,7527.75,7525.25,7525.5,1044
2026-07-01 02:10:00-04:00,7526.75,7529.25,7526.0,7527.25,1120
2026-07-01 02:15:00-04:00,7526.0,7527.75,7525.5,7526.5,947
2026-07-01 02:20:00-04:00,7525.75,7527.0,7525.25,7526.0,1018
2026-07-01 02:25:00-04:00,7525.75,7526.25,7521.75,7525.5,1917
2026-07-01 02:30:00-04:00,7525.25,7527.25,7525.0,7525.75,737
2026-07-01 02:35:00-04:00,7525.75,7526.5,7524.5,7525.5,661
2026-07-01 02:40:00-04:00,7526.75,7527.0,7524.75,7525.75,702
2026-07-01 02:45:00-04:00,7528.5,7529.0,7526.0,7526.75,787
2026-07-01 02:50:00-04:00,7525.25,7528.5,7525.25,7528.5,1000
2026-07-01 02:55:00-04:00,7524.25,7525.5,7522.75,7525.5,1349
2026-07-01 03:00:00-04:00,7522.25,7525.25,7520.25,7524.5,1658
2026-07-01 03:05:00-04:00,7519.5,7522.75,7519.0,7522.5,2094
2026-07-01 03:10:00-04:00,7515.5,7519.5,7514.0,7519.5,2987
2026-07-01 03:15:00-04:00,7514.75,7517.0,7510.5,7515.5,3822
2026-07-01 03:20:00-04:00,7518.5,7519.75,7511.5,7514.75,2033
2026-07-01 03:25:00-04:00,7518.5,7520.25,7517.75,7518.75,752
2026-07-01 03:30:00-04:00,7521.25,7521.75,7517.5,7518.75,850
2026-07-01 03:35:00-04:00,7521.5,7522.0,7519.5,7521.25,895
2026-07-01 03:40:00-04:00,7519.5,7521.75,7519.25,7521.5,702
2026-07-01 03:45:00-04:00,7522.0,7522.25,7518.0,7519.5,953
2026-07-01 03:50:00-04:00,7521.75,7522.5,7519.0,7522.0,798
2026-07-01 03:55:00-04:00,7523.0,7524.25,7521.75,7522.0,885
2026-07-01 04:00:00-04:00,7520.25,7523.5,7520.0,7522.75,2157
2026-07-01 04:05:00-04:00,7523.75,7524.75,7519.25,7520.25,1392
2026-07-01 04:10:00-04:00,7524.25,7525.25,7522.5,7523.75,1102
2026-07-01 04:15:00-04:00,7525.5,7526.5,7523.5,7524.0,751
2026-07-01 04:20:00-04:00,7524.25,7526.25,7522.75,7525.5,790
2026-07-01 04:25:00-04:00,7523.75,7525.75,7522.75,7524.25,866
2026-07-01 04:30:00-04:00,7525.25,7526.25,7522.0,7523.75,911
2026-07-01 04:35:00-04:00,7525.75,7526.25,7524.0,7525.25,731
2026-07-01 04:40:00-04:00,7527.75,7528.25,7524.75,7525.75,817
2026-07-01 04:45:00-04:00,7525.5,7527.5,7525.0,7527.5,640
2026-07-01 04:50:00-04:00,7528.5,7529.0,7525.0,7525.5,618
2026-07-01 04:55:00-04:00,7529.0,7529.25,7527.25,7528.75,699
2026-07-01 05:00:00-04:00,7524.25,7528.75,7524.0,7528.75,835
2026-07-01 05:05:00-04:00,7524.25,7526.5,7524.0,7524.5,692
2026-07-01 05:10:00-04:00,7525.75,7526.75,7522.0,7524.5,896
2026-07-01 05:15:00-04:00,7525.75,7526.25,7525.0,7525.5,559
2026-07-01 05:20:00-04:00,7525.5,7526.75,7525.0,7525.75,737
2026-07-01 05:25:00-04:00,7525.75,7525.75,7523.25,7525.25,495
2026-07-01 05:30:00-04:00,7527.0,7527.5,7524.75,7525.75,546
2026-07-01 05:35:00-04:00,7527.0,7527.5,7526.5,7527.0,345
2026-07-01 05:40:00-04:00,7527.0,7527.75,7526.5,7527.25,478
2026-07-01 05:45:00-04:00,7528.5,7529.25,7527.25,7527.25,515
2026-07-01 05:50:00-04:00,7529.5,7530.0,7527.75,7528.5,882
2026-07-01 05:55:00-04:00,7531.0,7531.25,7529.25,7529.5,745
2026-07-01 06:00:00-04:00,7530.25,7532.0,7530.0,7531.0,806
2026-07-01 06:05:00-04:00,7529.25,7530.25,7528.25,7530.25,584
2026-07-01 06:10:00-04:00,7528.25,7529.25,7526.25,7529.25,965
2026-07-01 06:15:00-04:00,7532.0,7532.25,7528.5,7528.5,1243
2026-07-01 06:20:00-04:00,7534.5,7534.75,7532.25,7532.25,1189
2026-07-01 06:25:00-04:00,7534.75,7535.25,7533.5,7534.25,1036
2026-07-01 06:30:00-04:00,7535.5,7535.5,7534.0,7534.75,755
2026-07-01 06:35:00-04:00,7536.0,7536.75,7535.0,7535.75,841
2026-07-01 06:40:00-04:00,7534.25,7536.5,7531.25,7536.0,1651
2026-07-01 06:45:00-04:00,7534.75,7534.75,7533.5,7534.25,596
2026-07-01 06:50:00-04:00,7536.0,7536.75,7534.25,7534.75,801
2026-07-01 06:55:00-04:00,7536.25,7537.5,7535.5,7536.0,1164
2026-07-01 07:00:00-04:00,7538.5,7539.5,7535.75,7536.0,1362
2026-07-01 07:05:00-04:00,7538.75,7539.75,7538.0,7538.5,1033
2026-07-01 07:10:00-04:00,7537.5,7539.75,7536.75,7538.5,1076
2026-07-01 07:15:00-04:00,7537.5,7539.0,7537.0,7537.5,1025
2026-07-01 07:20:00-04:00,7536.75,7538.0,7536.0,7537.25,727
2026-07-01 07:25:00-04:00,7536.0,7537.75,7535.5,7536.75,621
2026-07-01 07:30:00-04:00,7534.75,7536.25,7534.75,7536.0,852
2026-07-01 07:35:00-04:00,7534.75,7535.5,7533.0,7534.75,908
2026-07-01 07:40:00-04:00,7535.25,7535.75,7531.75,7534.75,1220
2026-07-01 07:45:00-04:00,7532.75,7536.25,7532.75,7535.5,987
2026-07-01 07:50:00-04:00,7530.5,7533.25,7530.0,7532.75,1858
2026-07-01 07:55:00-04:00,7530.75,7531.75,7530.25,7530.5,1439
2026-07-01 08:00:00-04:00,7528.0,7532.75,7527.25,7531.0,1957
2026-07-01 08:05:00-04:00,7530.5,7530.5,7527.25,7527.75,1300
2026-07-01 08:10:00-04:00,7532.5,7533.75,7530.0,7530.5,1564
2026-07-01 08:15:00-04:00,7536.75,7537.0,7532.75,7532.75,2085
2026-07-01 08:20:00-04:00,7537.5,7538.25,7535.5,7536.75,1443
2026-07-01 08:25:00-04:00,7535.75,7537.5,7535.75,7537.5,1376
2026-07-01 08:30:00-04:00,7528.25,7538.75,7527.75,7535.75,4466
2026-07-01 08:35:00-04:00,7527.25,7531.25,7526.25,7528.0,5220
2026-07-01 08:40:00-04:00,7528.0,7531.25,7524.75,7527.0,4503
2026-07-01 08:45:00-04:00,7528.0,7529.0,7525.75,7528.0,3932
2026-07-01 08:50:00-04:00,7527.25,7531.5,7526.25,7528.0,3766
2026-07-01 08:55:00-04:00,7528.5,7532.0,7525.75,7527.5,4188
2026-07-01 09:00:00-04:00,7529.75,7534.75,7528.5,7528.5,4417
2026-07-01 09:05:00-04:00,7525.25,7530.0,7524.75,7529.5,5250
2026-07-01 09:10:00-04:00,7527.5,7527.75,7524.0,7525.25,4934
2026-07-01 09:15:00-04:00,7535.0,7540.0,7527.0,7527.25,7777
2026-07-01 09:20:00-04:00,7537.5,7538.75,7534.5,7535.0,4851
2026-07-01 09:25:00-04:00,7532.0,7538.0,7528.75,7537.75,10565
2026-07-01 09:30:00-04:00,7508.75,7534.0,7507.5,7532.0,52387
2026-07-01 09:35:00-04:00,7513.5,7516.75,7505.75,7508.75,38225
2026-07-01 09:40:00-04:00,7515.0,7520.0,7510.0,7513.5,29088
2026-07-01 09:45:00-04:00,7519.75,7524.0,7511.25,7515.0,24878
2026-07-01 09:50:00-04:00,7530.75,7532.5,7519.25,7520.0,20407
2026-07-01 09:55:00-04:00,7536.25,7536.75,7528.0,7530.5,16434
2026-07-01 10:00:00-04:00,7537.5,7539.5,7533.0,7536.75,19409
2026-07-01 10:05:00-04:00,7544.5,7546.5,7536.75,7537.25,17275
2026-07-01 10:10:00-04:00,7549.75,7552.25,7543.5,7544.25,20392
2026-07-01 10:15:00-04:00,7550.75,7552.0,7546.75,7549.75,16151
2026-07-01 10:20:00-04:00,7551.5,7553.5,7549.75,7550.75,13386
2026-07-01 10:25:00-04:00,7551.75,7553.75,7550.25,7551.5,11363
2026-07-01 10:30:00-04:00,7546.5,7552.5,7543.25,7551.75,17858
2026-07-01 10:35:00-04:00,7552.5,7552.75,7543.25,7546.5,12457
2026-07-01 10:40:00-04:00,7549.75,7554.5,7548.0,7552.5,11566
2026-07-01 10:45:00-04:00,7548.0,7550.25,7540.25,7549.75,17745
2026-07-01 10:50:00-04:00,7552.25,7554.0,7547.25,7548.0,12194
2026-07-01 10:55:00-04:00,7553.5,7553.5,7547.0,7552.25,11791
2026-07-01 11:00:00-04:00,7561.5,7563.0,7552.5,7553.5,16992
2026-07-01 11:05:00-04:00,7560.25,7564.75,7557.75,7561.25,17455
2026-07-01 11:10:00-04:00,7564.5,7564.5,7558.5,7560.5,9151
2026-07-01 11:15:00-04:00,7568.75,7570.5,7564.0,7564.25,13802
2026-07-01 11:20:00-04:00,7573.0,7574.75,7568.5,7568.75,15717
2026-07-01 11:25:00-04:00,7577.5,7578.0,7572.0,7573.0,13896
2026-07-01 11:30:00-04:00,7570.75,7578.5,7570.5,7577.5,15150
2026-07-01 11:35:00-04:00,7570.75,7573.0,7567.5,7570.75,11691
2026-07-01 11:40:00-04:00,7572.75,7573.5,7569.25,7570.75,7732
2026-07-01 11:45:00-04:00,7569.0,7573.75,7568.25,7572.5,8769
2026-07-01 11:50:00-04:00,7569.75,7573.0,7568.0,7569.0,8346
2026-07-01 11:55:00-04:00,7572.5,7573.25,7568.25,7569.5,7015
2026-07-01 12:00:00-04:00,7572.5,7576.0,7571.5,7572.5,9462
2026-07-01 12:05:00-04:00,7573.25,7575.5,7571.0,7572.75,7478
2026-07-01 12:10:00-04:00,7575.75,7576.0,7571.75,7573.5,6670
2026-07-01 12:15:00-04:00,7575.75,7576.5,7573.0,7575.5,7618
2026-07-01 12:20:00-04:00,7577.25,7579.0,7574.25,7575.5,8113
2026-07-01 12:25:00-04:00,7574.5,7578.25,7574.0,7577.0,6557
2026-07-01 12:30:00-04:00,7575.0,7576.75,7574.0,7574.5,5514
2026-07-01 12:35:00-04:00,7570.0,7575.0,7569.75,7575.0,6426
2026-07-01 12:40:00-04:00,7570.5,7571.5,7567.25,7570.0,9448
2026-07-01 12:45:00-04:00,7567.5,7572.75,7567.5,7570.5,6751
2026-07-01 12:50:00-04:00,7565.0,7569.75,7563.25,7567.5,10701
2026-07-01 12:55:00-04:00,7559.75,7565.75,7557.5,7565.0,10173
2026-07-01 13:00:00-04:00,7559.5,7563.75,7558.25,7559.75,10962
2026-07-01 13:05:00-04:00,7559.5,7560.0,7554.75,7559.5,11255
2026-07-01 13:10:00-04:00,7562.5,7563.25,7557.0,7559.25,8226
2026-07-01 13:15:00-04:00,7565.25,7565.5,7561.75,7562.75,6507
2026-07-01 13:20:00-04:00,7566.5,7567.25,7564.75,7565.25,5897
2026-07-01 13:25:00-04:00,7564.0,7568.5,7563.5,7566.5,6131
2026-07-01 13:30:00-04:00,7562.75,7566.25,7561.25,7564.0,6045
2026-07-01 13:35:00-04:00,7564.0,7565.25,7561.0,7562.75,5162
2026-07-01 13:40:00-04:00,7559.25,7564.75,7559.25,7564.0,4844
2026-07-01 13:45:00-04:00,7558.75,7561.25,7557.5,7559.5,5327
2026-07-01 13:50:00-04:00,7560.5,7562.0,7557.0,7559.0,5313
2026-07-01 13:55:00-04:00,7556.75,7560.75,7556.25,7560.75,5936
2026-07-01 14:00:00-04:00,7561.25,7561.5,7556.0,7556.75,7341
2026-07-01 14:05:00-04:00,7559.5,7561.5,7557.25,7561.25,5196
2026-07-01 14:10:00-04:00,7555.5,7559.75,7555.5,7559.5,6349
2026-07-01 14:15:00-04:00,7556.75,7557.25,7551.5,7555.5,9583
2026-07-01 14:20:00-04:00,7559.0,7559.5,7555.5,7556.75,5830
2026-07-01 14:25:00-04:00,7556.0,7560.25,7556.0,7559.0,3984
2026-07-01 14:30:00-04:00,7556.75,7557.5,7554.75,7556.0,5015
2026-07-01 14:35:00-04:00,7557.25,7558.5,7555.5,7556.75,4550
2026-07-01 14:40:00-04:00,7556.5,7558.0,7555.25,7557.25,4746
2026-07-01 14:45:00-04:00,7554.25,7557.0,7551.25,7556.5,8290
2026-07-01 14:50:00-04:00,7549.5,7554.75,7549.25,7554.0,9781
2026-07-01 14:55:00-04:00,7553.5,7554.0,7549.25,7549.5,7356
2026-07-01 15:00:00-04:00,7557.75,7558.0,7552.75,7553.5,9012
2026-07-01 15:05:00-04:00,7561.0,7561.75,7557.25,7557.5,8535
2026-07-01 15:10:00-04:00,7558.5,7561.25,7557.25,7561.0,7646
2026-07-01 15:15:00-04:00,7559.0,7560.75,7557.75,7558.25,6825
2026-07-01 15:20:00-04:00,7559.5,7560.0,7557.5,7559.0,6213
2026-07-01 15:25:00-04:00,7553.75,7559.75,7553.5,7559.75,10260
2026-07-01 15:30:00-04:00,7555.5,7557.5,7553.75,7553.75,8785
2026-07-01 15:35:00-04:00,7552.5,7555.75,7551.5,7555.5,9060
2026-07-01 15:40:00-04:00,7550.5,7553.0,7548.5,7552.5,13564
2026-07-01 15:45:00-04:00,7549.25,7550.75,7547.0,7550.5,9415
2026-07-01 15:50:00-04:00,7546.75,7552.5,7543.0,7549.25,20815
2026-07-01 15:55:00-04:00,7541.75,7547.5,7536.5,7546.75,92764
2026-07-01 16:00:00-04:00,7532.0,7543.0,7529.0,7542.0,28284
2026-07-01 16:05:00-04:00,7533.25,7535.0,7529.75,7532.25,10088
2026-07-01 16:10:00-04:00,7535.25,7537.25,7532.75,7533.25,6955
2026-07-01 16:15:00-04:00,7532.25,7535.5,7531.25,7535.0,3917
2026-07-01 16:20:00-04:00,7534.25,7534.75,7531.25,7532.25,2519
2026-07-01 16:25:00-04:00,7532.25,7535.25,7531.5,7534.5,2915
2026-07-01 16:30:00-04:00,7529.75,7533.0,7528.75,7532.25,2353
2026-07-01 16:35:00-04:00,7529.75,7529.75,7525.75,7529.75,2685
2026-07-01 16:40:00-04:00,7530.5,7530.5,7529.25,7529.5,1589
2026-07-01 16:45:00-04:00,7530.5,7531.5,7529.75,7530.5,1472
2026-07-01 16:50:00-04:00,7529.75,7531.75,7528.75,7530.5,1099
2026-07-01 16:55:00-04:00,7532.75,7534.0,7529.75,7530.0,1708
2026-07-01 18:00:00-04:00,7534.0,7538.75,7531.75,7536.0,0
2026-07-01 18:05:00-04:00,7535.5,7538.25,7532.5,7533.75,830
2026-07-01 18:10:00-04:00,7532.0,7535.75,7532.0,7535.75,339
2026-07-01 18:15:00-04:00,7534.0,7534.0,7532.0,7532.0,274
2026-07-01 18:20:00-04:00,7538.0,7538.0,7534.0,7534.25,717
2026-07-01 18:25:00-04:00,7538.0,7538.75,7537.25,7537.75,217
2026-07-01 18:30:00-04:00,7539.5,7540.0,7537.25,7537.75,454
2026-07-01 18:35:00-04:00,7539.0,7540.0,7538.5,7539.25,246
2026-07-01 18:40:00-04:00,7538.75,7540.0,7538.5,7539.25,384
2026-07-01 18:45:00-04:00,7537.0,7539.0,7536.25,7539.0,339
2026-07-01 18:50:00-04:00,7536.75,7537.75,7535.75,7537.0,203
2026-07-01 18:55:00-04:00,7540.0,7541.0,7536.75,7536.75,532
2026-07-01 19:00:00-04:00,7538.5,7540.5,7538.0,7540.25,308
2026-07-01 19:05:00-04:00,7537.25,7538.75,7536.5,7538.0,263
2026-07-01 19:10:00-04:00,7536.25,7538.0,7535.75,7537.5,281
2026-07-01 19:15:00-04:00,7536.25,7536.75,7535.5,7536.5,250
2026-07-01 19:20:00-04:00,7536.0,7537.5,7536.0,7536.25,252
2026-07-01 19:25:00-04:00,7537.25,7537.5,7536.0,7536.0,136
2026-07-01 19:30:00-04:00,7535.5,7537.75,7535.5,7537.75,205
2026-07-01 19:35:00-04:00,7537.25,7538.0,7534.25,7535.25,395
2026-07-01 19:40:00-04:00,7537.5,7537.75,7536.25,7537.25,176
2026-07-01 19:45:00-04:00,7530.25,7537.5,7530.0,7537.5,958
2026-07-01 19:50:00-04:00,7534.0,7535.5,7529.0,7530.25,930
2026-07-01 19:55:00-04:00,7534.75,7535.5,7533.0,7534.25,395
2026-07-01 20:00:00-04:00,7523.25,7534.75,7522.75,7534.75,2451
2026-07-01 20:05:00-04:00,7528.5,7528.75,7522.75,7523.0,1269
2026-07-01 20:10:00-04:00,7529.0,7532.75,7527.5,7528.75,1093
2026-07-01 20:15:00-04:00,7527.0,7530.75,7526.75,7529.25,1032
2026-07-01 20:20:00-04:00,7534.75,7535.25,7526.75,7527.25,931
2026-07-01 20:25:00-04:00,7536.5,7536.75,7532.5,7534.75,761
2026-07-01 20:30:00-04:00,7535.25,7537.0,7533.75,7536.5,470
2026-07-01 20:35:00-04:00,7535.75,7538.75,7535.0,7535.5,834
2026-07-01 20:40:00-04:00,7530.5,7536.5,7529.75,7536.0,842
2026-07-01 20:45:00-04:00,7535.75,7536.25,7529.5,7530.25,927
2026-07-01 20:50:00-04:00,7540.75,7540.75,7534.25,7535.75,1112
2026-07-01 20:55:00-04:00,7541.0,7541.75,7539.5,7540.5,943
2026-07-01 21:00:00-04:00,7545.0,7545.25,7540.0,7541.25,1420
2026-07-01 21:05:00-04:00,7548.25,7549.25,7544.5,7545.25,1724
2026-07-01 21:10:00-04:00,7549.5,7549.5,7547.5,7548.25,1183
2026-07-01 21:15:00-04:00,7549.25,7549.75,7546.25,7549.25,1128
2026-07-01 21:20:00-04:00,7549.75,7550.0,7548.5,7549.25,600
2026-07-01 21:25:00-04:00,7550.0,7550.75,7547.5,7549.75,1074
2026-07-01 21:30:00-04:00,7550.75,7553.25,7549.5,7550.0,1278
2026-07-01 21:35:00-04:00,7554.5,7554.5,7550.0,7550.75,892
2026-07-01 21:40:00-04:00,7554.0,7555.0,7553.0,7554.25,764
2026-07-01 21:45:00-04:00,7554.5,7556.25,7552.25,7553.75,688
2026-07-01 21:50:00-04:00,7553.25,7555.25,7552.75,7554.5,531
2026-07-01 21:55:00-04:00,7552.75,7553.75,7552.0,7553.25,516
2026-07-01 22:00:00-04:00,7553.25,7553.5,7551.25,7552.75,535
2026-07-01 22:05:00-04:00,7554.75,7555.5,7552.75,7553.25,609
2026-07-01 22:10:00-04:00,7556.75,7557.0,7553.75,7554.75,618
2026-07-01 22:15:00-04:00,7556.25,7558.0,7555.75,7557.0,647
2026-07-01 22:20:00-04:00,7553.75,7556.5,7553.5,7556.25,590
2026-07-01 22:25:00-04:00,7554.5,7556.0,7553.75,7553.75,580
2026-07-01 22:30:00-04:00,7556.75,7556.75,7553.25,7554.75,611
2026-07-01 22:35:00-04:00,7555.25,7556.75,7555.0,7556.5,354
2026-07-01 22:40:00-04:00,7556.0,7556.75,7555.0,7555.5,578
2026-07-01 22:45:00-04:00,7556.0,7557.75,7555.75,7556.0,395
2026-07-01 22:50:00-04:00,7556.0,7557.0,7555.25,7556.0,539
2026-07-01 22:55:00-04:00,7557.0,7557.5,7555.75,7556.0,384
2026-07-01 23:00:00-04:00,7555.5,7558.0,7555.25,7557.25,282
2026-07-01 23:05:00-04:00,7552.75,7555.75,7552.5,7555.5,828
2026-07-01 23:10:00-04:00,7554.25,7554.75,7552.25,7552.75,540
2026-07-01 23:15:00-04:00,7553.0,7554.75,7552.75,7554.0,230
2026-07-01 23:20:00-04:00,7551.25,7553.75,7550.25,7553.5,636
2026-07-01 23:25:00-04:00,7552.0,7553.25,7549.75,7551.25,476
2026-07-01 23:30:00-04:00,7556.25,7557.25,7551.5,7552.25,1218
2026-07-01 23:35:00-04:00,7554.25,7557.25,7553.25,7556.25,544
2026-07-01 23:40:00-04:00,7553.0,7554.75,7551.25,7554.25,512
2026-07-01 23:45:00-04:00,7553.25,7553.25,7551.0,7552.75,445
2026-07-01 23:50:00-04:00,7554.75,7555.5,7552.25,7553.25,460
2026-07-01 23:55:00-04:00,7554.5,7556.25,7554.0,7554.75,309
2026-07-02 00:05:00-04:00,7552.0,7552.75,7551.5,7552.25,823
2026-07-02 00:10:00-04:00,7549.25,7552.0,7549.0,7552.0,482
2026-07-02 00:15:00-04:00,7548.25,7550.0,7548.25,7549.25,454
2026-07-02 00:20:00-04:00,7549.25,7549.25,7547.0,7548.5,521
2026-07-02 00:25:00-04:00,7549.75,7551.0,7548.5,7549.25,496
2026-07-02 00:30:00-04:00,7545.25,7549.75,7544.75,7549.75,576
2026-07-02 00:35:00-04:00,7544.0,7545.75,7543.5,7545.25,591
2026-07-02 00:40:00-04:00,7542.5,7544.25,7542.25,7544.25,543
2026-07-02 00:45:00-04:00,7543.5,7544.75,7541.25,7542.5,681
2026-07-02 00:50:00-04:00,7546.75,7547.0,7543.25,7543.5,638
2026-07-02 00:55:00-04:00,7548.25,7549.5,7546.5,7546.75,525
2026-07-02 01:00:00-04:00,7550.0,7550.5,7546.0,7548.5,590
2026-07-02 01:05:00-04:00,7553.0,7553.25,7550.0,7550.25,589
2026-07-02 01:10:00-04:00,7552.5,7553.5,7551.5,7553.0,445
2026-07-02 01:15:00-04:00,7554.0,7554.25,7552.0,7552.25,486
2026-07-02 01:20:00-04:00,7553.5,7555.0,7553.25,7553.75,473
2026-07-02 01:25:00-04:00,7549.75,7553.5,7549.5,7553.5,703
2026-07-02 01:30:00-04:00,7546.75,7550.0,7546.75,7550.0,876
2026-07-02 01:35:00-04:00,7543.0,7547.25,7543.0,7547.0,718
2026-07-02 01:40:00-04:00,7542.75,7545.0,7541.75,7543.0,879
2026-07-02 01:45:00-04:00,7542.0,7544.0,7541.25,7543.0,672
2026-07-02 01:50:00-04:00,7543.0,7544.75,7542.25,7542.25,643
2026-07-02 01:55:00-04:00,7542.75,7544.75,7542.25,7543.0,464
2026-07-02 02:00:00-04:00,7539.75,7544.5,7539.5,7542.75,1047
2026-07-02 02:05:00-04:00,7536.75,7541.0,7536.25,7540.0,1234
2026-07-02 02:10:00-04:00,7533.75,7537.25,7533.5,7536.75,1028
2026-07-02 02:15:00-04:00,7536.75,7537.5,7533.25,7533.5,1373
2026-07-02 02:20:00-04:00,7536.5,7538.25,7535.75,7536.5,815
2026-07-02 02:25:00-04:00,7534.0,7538.25,7533.5,7536.5,1071
2026-07-02 02:30:00-04:00,7538.5,7540.0,7533.75,7534.0,1372
2026-07-02 02:35:00-04:00,7537.5,7539.75,7537.0,7538.75,561
2026-07-02 02:40:00-04:00,7535.5,7538.0,7534.0,7537.5,585
2026-07-02 02:45:00-04:00,7529.25,7536.0,7529.0,7535.75,1433
2026-07-02 02:50:00-04:00,7529.0,7530.5,7526.25,7529.0,1357
2026-07-02 02:55:00-04:00,7530.5,7533.75,7529.0,7529.0,1054
2026-07-02 03:00:00-04:00,7528.5,7532.25,7527.75,7530.5,1754
2026-07-02 03:05:00-04:00,7525.0,7528.75,7524.25,7528.5,2137
2026-07-02 03:10:00-04:00,7521.0,7527.25,7520.25,7525.0,2077
2026-07-02 03:15:00-04:00,7524.0,7525.75,7520.25,7521.25,1889
2026-07-02 03:20:00-04:00,7523.0,7525.5,7522.25,7524.0,1133
2026-07-02 03:25:00-04:00,7525.0,7525.75,7520.5,7522.75,980
2026-07-02 03:30:00-04:00,7526.5,7527.25,7524.5,7525.0,1088
2026-07-02 03:35:00-04:00,7528.5,7528.75,7525.25,7526.75,858
2026-07-02 03:40:00-04:00,7536.0,7536.75,7528.5,7528.5,1458
2026-07-02 03:45:00-04:00,7535.5,7536.25,7533.5,7535.75,949
2026-07-02 03:50:00-04:00,7533.75,7536.25,7533.0,7535.25,934
2026-07-02 03:55:00-04:00,7531.0,7533.75,7530.5,7533.5,831
2026-07-02 04:00:00-04:00,7531.25,7532.0,7527.5,7531.0,1656
2026-07-02 04:05:00-04:00,7528.25,7534.25,7526.5,7531.25,1577
2026-07-02 04:10:00-04:00,7524.5,7528.75,7522.5,7528.25,1373
2026-07-02 04:15:00-04:00,7529.75,7529.75,7524.0,7524.75,1082
2026-07-02 04:20:00-04:00,7534.5,7535.0,7528.5,7529.75,1015
2026-07-02 04:25:00-04:00,7536.0,7538.0,7534.0,7534.5,983
2026-07-02 04:30:00-04:00,7540.75,7541.0,7534.75,7535.75,1830
2026-07-02 04:35:00-04:00,7541.0,7543.0,7540.25,7540.75,1413
2026-07-02 04:40:00-04:00,7539.5,7541.75,7538.5,7541.25,934
2026-07-02 04:45:00-04:00,7542.0,7542.0,7538.75,7539.5,595
2026-07-02 04:50:00-04:00,7542.5,7545.0,7541.75,7542.25,1231
2026-07-02 04:55:00-04:00,7542.25,7543.25,7540.5,7542.75,845
2026-07-02 05:00:00-04:00,7538.0,7542.5,7537.75,7542.25,655
2026-07-02 05:05:00-04:00,7535.75,7538.25,7534.5,7538.0,813
2026-07-02 05:10:00-04:00,7537.25,7538.0,7535.5,7536.0,852
2026-07-02 05:15:00-04:00,7535.75,7538.0,7535.5,7537.25,743
2026-07-02 05:20:00-04:00,7537.0,7538.25,7535.75,7535.75,551
2026-07-02 05:25:00-04:00,7537.75,7538.25,7535.0,7537.0,584
2026-07-02 05:30:00-04:00,7539.5,7541.75,7537.25,7537.75,1728
2026-07-02 05:35:00-04:00,7541.5,7542.25,7538.75,7539.5,660
2026-07-02 05:40:00-04:00,7540.75,7542.25,7540.25,7541.25,572
2026-07-02 05:45:00-04:00,7538.75,7540.5,7536.5,7540.5,632
2026-07-02 05:50:00-04:00,7538.75,7540.25,7538.0,7539.0,378
2026-07-02 05:55:00-04:00,7537.25,7538.5,7536.0,7538.5,548
2026-07-02 06:00:00-04:00,7532.5,7537.25,7532.0,7537.25,1016
2026-07-02 06:05:00-04:00,7534.5,7536.0,7531.75,7532.5,810
2026-07-02 06:10:00-04:00,7534.0,7535.75,7533.5,7534.5,435
2026-07-02 06:15:00-04:00,7536.5,7536.5,7533.25,7534.0,683
2026-07-02 06:20:00-04:00,7535.75,7537.0,7534.75,7536.75,625
2026-07-02 06:25:00-04:00,7537.5,7538.5,7535.75,7535.75,699
2026-07-02 06:30:00-04:00,7541.25,7542.5,7537.5,7537.75,880
2026-07-02 06:35:00-04:00,7543.25,7543.75,7540.75,7541.5,949
2026-07-02 06:40:00-04:00,7541.5,7543.75,7541.0,7543.25,683
2026-07-02 06:45:00-04:00,7540.0,7541.75,7539.25,7541.75,617
2026-07-02 06:50:00-04:00,7541.5,7542.0,7539.25,7540.0,533
2026-07-02 06:55:00-04:00,7543.0,7544.25,7540.5,7541.5,792
2026-07-02 07:00:00-04:00,7540.25,7544.25,7540.0,7543.0,1475
2026-07-02 07:05:00-04:00,7540.5,7541.0,7538.5,7540.25,799
2026-07-02 07:10:00-04:00,7543.0,7543.25,7540.0,7540.25,670
2026-07-02 07:15:00-04:00,7541.0,7543.75,7539.25,7543.0,755
2026-07-02 07:20:00-04:00,7542.5,7543.5,7539.25,7541.25,713
2026-07-02 07:25:00-04:00,7543.0,7544.25,7542.25,7542.75,843
2026-07-02 07:30:00-04:00,7541.75,7544.0,7541.75,7543.0,859
2026-07-02 07:35:00-04:00,7546.5,7546.75,7541.75,7541.75,979
2026-07-02 07:40:00-04:00,7547.25,7547.75,7543.25,7546.5,1293
2026-07-02 07:45:00-04:00,7547.0,7549.5,7547.0,7547.25,1321
2026-07-02 07:50:00-04:00,7543.75,7548.75,7543.75,7547.0,1393
2026-07-02 07:55:00-04:00,7543.5,7546.0,7543.5,7543.75,785
2026-07-02 08:00:00-04:00,7547.75,7548.5,7541.0,7543.5,1476
2026-07-02 08:05:00-04:00,7548.75,7549.5,7546.5,7547.75,2015
2026-07-02 08:10:00-04:00,7550.5,7552.0,7547.5,7548.75,2009
2026-07-02 08:15:00-04:00,7551.5,7553.25,7550.25,7550.75,2346
2026-07-02 08:20:00-04:00,7554.5,7554.75,7551.0,7551.5,2390
2026-07-02 08:25:00-04:00,7555.5,7557.0,7549.5,7554.75,3069
2026-07-02 08:30:00-04:00,7570.75,7575.25,7555.25,7556.75,12520
2026-07-02 08:35:00-04:00,7572.25,7576.75,7568.75,7570.5,7923
2026-07-02 08:40:00-04:00,7570.0,7574.0,7568.0,7572.0,5385
2026-07-02 08:45:00-04:00,7571.25,7573.75,7569.25,7569.75,4967
2026-07-02 08:50:00-04:00,7566.0,7572.75,7565.25,7571.0,4829
2026-07-02 08:55:00-04:00,7561.75,7566.25,7557.5,7565.75,6043
2026-07-02 09:00:00-04:00,7561.5,7565.5,7552.5,7561.75,9728
2026-07-02 09:05:00-04:00,7554.25,7561.75,7553.5,7561.5,4274
2026-07-02 09:10:00-04:00,7554.5,7557.75,7553.25,7554.5,3694
2026-07-02 09:15:00-04:00,7558.75,7559.75,7552.5,7554.5,4309
2026-07-02 09:20:00-04:00,7558.75,7560.75,7557.75,7558.75,3545
2026-07-02 09:25:00-04:00,7555.25,7561.5,7553.5,7559.0,7236
2026-07-02 09:30:00-04:00,7566.0,7568.0,7551.5,7555.0,40144
2026-07-02 09:35:00-04:00,7568.75,7573.0,7560.5,7566.0,28139
2026-07-02 09:40:00-04:00,7578.5,7583.5,7566.75,7568.75,31627
2026-07-02 09:45:00-04:00,7585.25,7588.5,7576.0,7578.5,23551
2026-07-02 09:50:00-04:00,7585.75,7593.75,7582.75,7585.25,24625
2026-07-02 09:55:00-04:00,7588.75,7588.75,7581.5,7586.0,15516
2026-07-02 10:00:00-04:00,7588.75,7592.0,7585.25,7588.75,17375
2026-07-02 10:05:00-04:00,7583.75,7591.0,7582.5,7589.0,17285
2026-07-02 10:10:00-04:00,7591.0,7593.5,7577.5,7583.75,20703
2026-07-02 10:15:00-04:00,7587.75,7593.0,7582.25,7591.0,21087
2026-07-02 10:20:00-04:00,7577.25,7588.75,7575.75,7587.5,25445
2026-07-02 10:25:00-04:00,7559.75,7579.0,7556.5,7577.25,36832
2026-07-02 10:30:00-04:00,7563.5,7574.25,7555.75,7559.75,32211
2026-07-02 10:35:00-04:00,7565.25,7572.0,7558.5,7563.25,24876
2026-07-02 10:40:00-04:00,7549.25,7567.25,7543.75,7565.25,36566
2026-07-02 10:45:00-04:00,7553.25,7557.75,7543.5,7549.25,31731
2026-07-02 10:50:00-04:00,7545.25,7557.75,7540.25,7553.25,27147
2026-07-02 10:55:00-04:00,7557.25,7557.5,7544.5,7545.0,21162
2026-07-02 11:00:00-04:00,7541.25,7559.0,7541.0,7557.25,21986
2026-07-02 11:05:00-04:00,7534.25,7544.25,7522.5,7541.5,35896
2026-07-02 11:10:00-04:00,7541.25,7546.25,7530.75,7534.5,23049
2026-07-02 11:15:00-04:00,7527.0,7544.5,7524.75,7541.25,24739
2026-07-02 11:20:00-04:00,7539.75,7540.0,7524.0,7527.0,26445
2026-07-02 11:25:00-04:00,7529.25,7541.0,7529.0,7540.0,22237
2026-07-02 11:30:00-04:00,7541.0,7543.0,7528.0,7529.0,18831
2026-07-02 11:35:00-04:00,7542.5,7547.5,7539.75,7541.25,17033
2026-07-02 11:40:00-04:00,7533.5,7546.0,7533.25,7542.75,15741
2026-07-02 11:45:00-04:00,7529.0,7537.75,7527.75,7533.25,14494
2026-07-02 11:50:00-04:00,7526.5,7529.25,7520.75,7529.0,17161
2026-07-02 11:55:00-04:00,7526.75,7530.0,7521.0,7526.5,14881
2026-07-02 12:00:00-04:00,7523.75,7529.5,7517.0,7527.0,16200
2026-07-02 12:05:00-04:00,7519.75,7526.5,7518.25,7523.5,11034
2026-07-02 12:10:00-04:00,7525.0,7527.0,7518.5,7519.75,12246
2026-07-02 12:15:00-04:00,7520.5,7526.5,7519.5,7525.25,10198
2026-07-02 12:20:00-04:00,7514.5,7521.0,7513.75,7520.5,13687
2026-07-02 12:25:00-04:00,7515.75,7520.5,7514.5,7514.75,13921
2026-07-02 12:30:00-04:00,7508.75,7516.0,7508.75,7515.75,14878
2026-07-02 12:35:00-04:00,7506.75,7511.75,7501.25,7508.75,19147
2026-07-02 12:40:00-04:00,7512.25,7513.75,7506.0,7506.75,16782
2026-07-02 12:45:00-04:00,7509.75,7512.75,7507.5,7512.25,11555
2026-07-02 12:50:00-04:00,7509.0,7513.5,7505.75,7509.75,11508
2026-07-02 12:55:00-04:00,7501.5,7509.25,7498.0,7509.25,13488
2026-07-02 13:00:00-04:00,7488.25,7503.0,7485.0,7501.5,20700
2026-07-02 13:05:00-04:00,7495.0,7499.5,7483.25,7488.25,20105
2026-07-02 13:10:00-04:00,7497.5,7499.25,7492.25,7495.0,9908
2026-07-02 13:15:00-04:00,7494.5,7501.75,7493.5,7497.25,11599
2026-07-02 13:20:00-04:00,7493.25,7499.0,7492.5,7494.5,9252
2026-07-02 13:25:00-04:00,7495.0,7496.25,7491.25,7493.25,6904
2026-07-02 13:30:00-04:00,7493.75,7500.75,7493.5,7495.0,11056
2026-07-02 13:35:00-04:00,7487.0,7495.5,7485.75,7493.75,11030
2026-07-02 13:40:00-04:00,7490.75,7491.75,7483.5,7487.0,11543
2026-07-02 13:45:00-04:00,7485.75,7491.0,7481.5,7490.75,10564
2026-07-02 13:50:00-04:00,7489.0,7490.5,7483.0,7485.75,9512
2026-07-02 13:55:00-04:00,7482.0,7490.0,7479.5,7489.25,9694
2026-07-02 14:00:00-04:00,7489.0,7489.25,7480.0,7482.25,10702
2026-07-02 14:05:00-04:00,7504.25,7504.5,7488.25,7489.0,16882
2026-07-02 14:10:00-04:00,7501.75,7508.75,7501.0,7504.0,13315
2026-07-02 14:15:00-04:00,7496.25,7503.5,7493.5,7501.75,11986
2026-07-02 14:20:00-04:00,7501.0,7502.75,7496.25,7496.25,7917
2026-07-02 14:25:00-04:00,7506.5,7506.75,7499.25,7501.0,8024
2026-07-02 14:30:00-04:00,7508.75,7512.75,7505.75,7506.5,13571
2026-07-02 14:35:00-04:00,7511.25,7512.5,7508.0,7509.0,8127
2026-07-02 14:40:00-04:00,7510.5,7513.0,7509.5,7511.5,7135
2026-07-02 14:45:00-04:00,7511.75,7512.5,7505.0,7510.25,9903
2026-07-02 14:50:00-04:00,7508.25,7514.75,7508.25,7511.75,8939
2026-07-02 14:55:00-04:00,7509.0,7510.25,7505.25,7508.25,8671
2026-07-02 15:00:00-04:00,7495.75,7510.75,7494.25,7509.25,14053
2026-07-02 15:05:00-04:00,7497.5,7500.25,7491.75,7495.5,15819
2026-07-02 15:10:00-04:00,7499.5,7501.75,7494.25,7497.75,9815
2026-07-02 15:15:00-04:00,7496.75,7501.0,7494.25,7499.75,7683
2026-07-02 15:20:00-04:00,7495.0,7497.75,7494.25,7496.75,7549
2026-07-02 15:25:00-04:00,7502.5,7505.5,7493.5,7494.75,12126
2026-07-02 15:30:00-04:00,7507.75,7508.0,7500.5,7502.5,10380
2026-07-02 15:35:00-04:00,7510.25,7510.75,7504.75,7507.75,10507
2026-07-02 15:40:00-04:00,7511.75,7513.0,7507.0,7510.25,8909
2026-07-02 15:45:00-04:00,7512.0,7513.0,7508.75,7511.75,12432
2026-07-02 15:50:00-04:00,7523.25,7523.5,7512.0,7512.0,29011
2026-07-02 15:55:00-04:00,7526.5,7534.0,7520.75,7523.0,88510
2026-07-02 16:00:00-04:00,7520.75,7527.25,7520.5,7526.5,32592
2026-07-02 16:05:00-04:00,7522.5,7523.0,7517.75,7520.5,7790
2026-07-02 16:10:00-04:00,7524.25,7525.5,7520.5,7522.5,4801
2026-07-02 16:15:00-04:00,7522.75,7525.25,7522.75,7524.25,2309
2026-07-02 16:20:00-04:00,7520.25,7523.75,7520.0,7522.75,1920
2026-07-02 16:25:00-04:00,7520.75,7523.25,7520.0,7520.25,1123
2026-07-02 16:30:00-04:00,7523.0,7523.25,7520.0,7521.25,1325
2026-07-02 16:35:00-04:00,7522.0,7524.75,7521.5,7523.0,1144
2026-07-02 16:40:00-04:00,7519.5,7522.25,7519.25,7522.25,1033
2026-07-02 16:45:00-04:00,7521.25,7521.75,7519.25,7519.75,1625
2026-07-02 16:50:00-04:00,7521.0,7522.25,7520.75,7521.5,1050
2026-07-02 16:55:00-04:00,7523.0,7524.5,7520.5,7521.0,2518
2026-07-02 18:00:00-04:00,7527.25,7528.5,7523.75,7523.75,0
2026-07-02 18:05:00-04:00,7528.5,7529.25,7524.25,7527.0,386
2026-07-02 18:10:00-04:00,7528.5,7529.0,7527.5,7528.5,270
2026-07-02 18:15:00-04:00,7529.75,7530.75,7528.5,7528.75,329
2026-07-02 18:20:00-04:00,7531.0,7531.5,7529.25,7529.75,256
2026-07-02 18:25:00-04:00,7529.0,7531.25,7528.5,7530.5,278
2026-07-02 18:30:00-04:00,7531.25,7531.5,7527.25,7529.0,289
2026-07-02 18:35:00-04:00,7534.0,7534.5,7530.5,7531.25,473
2026-07-02 18:40:00-04:00,7535.0,7535.5,7533.5,7534.0,288
2026-07-02 18:45:00-04:00,7534.0,7535.5,7534.0,7535.25,179
2026-07-02 18:50:00-04:00,7533.75,7533.75,7532.75,7533.75,286
2026-07-02 18:55:00-04:00,7535.5,7536.0,7533.75,7534.0,355
2026-07-02 19:00:00-04:00,7533.75,7536.0,7533.5,7535.25,307
2026-07-02 19:05:00-04:00,7532.25,7534.25,7531.75,7533.75,374
2026-07-02 19:10:00-04:00,7529.75,7532.75,7529.25,7532.5,465
2026-07-02 19:15:00-04:00,7530.5,7532.5,7529.5,7529.75,515
2026-07-02 19:20:00-04:00,7535.75,7536.0,7530.25,7530.5,491
2026-07-02 19:25:00-04:00,7536.0,7537.0,7535.0,7535.5,406
2026-07-02 19:30:00-04:00,7537.0,7537.75,7534.5,7536.25,430
2026-07-02 19:35:00-04:00,7535.0,7537.75,7534.0,7537.25,326
2026-07-02 19:40:00-04:00,7533.25,7536.25,7533.25,7534.75,315
2026-07-02 19:45:00-04:00,7536.5,7537.25,7532.75,7533.5,449
2026-07-02 19:50:00-04:00,7536.5,7537.25,7533.75,7536.5,321
2026-07-02 19:55:00-04:00,7536.25,7536.5,7535.0,7536.25,204
2026-07-02 20:00:00-04:00,7534.5,7540.25,7530.75,7536.0,1323
2026-07-02 20:05:00-04:00,7529.5,7535.75,7529.25,7534.25,729
2026-07-02 20:10:00-04:00,7537.0,7537.5,7527.25,7529.25,807
2026-07-02 20:15:00-04:00,7534.25,7537.75,7531.75,7536.75,698
2026-07-02 20:20:00-04:00,7533.5,7536.75,7532.25,7534.25,431
2026-07-02 20:25:00-04:00,7531.25,7535.0,7530.0,7533.75,432
2026-07-02 20:30:00-04:00,7528.75,7531.25,7527.5,7531.0,579
2026-07-02 20:35:00-04:00,7533.5,7537.0,7528.0,7528.75,737
2026-07-02 20:40:00-04:00,7531.25,7534.5,7529.75,7533.25,491
2026-07-02 20:45:00-04:00,7532.25,7533.0,7529.0,7531.25,460
2026-07-02 20:50:00-04:00,7530.75,7533.25,7528.5,7532.25,461
2026-07-02 20:55:00-04:00,7529.75,7531.5,7527.75,7531.0,729
2026-07-02 21:00:00-04:00,7540.5,7540.75,7529.5,7530.25,953
2026-07-02 21:05:00-04:00,7548.0,7550.25,7539.75,7540.25,2544
2026-07-02 21:10:00-04:00,7547.5,7548.5,7545.0,7547.5,1094
2026-07-02 21:15:00-04:00,7546.25,7549.25,7544.75,7547.5,853
2026-07-02 21:20:00-04:00,7549.5,7550.0,7546.5,7546.75,783
2026-07-02 21:25:00-04:00,7547.75,7549.75,7547.5,7549.25,499
2026-07-02 21:30:00-04:00,7549.75,7550.0,7546.0,7547.75,849
2026-07-02 21:35:00-04:00,7549.0,7550.75,7547.0,7550.0,769
2026-07-02 21:40:00-04:00,7550.0,7550.75,7548.5,7549.25,654
2026-07-02 21:45:00-04:00,7550.0,7550.5,7548.0,7550.0,592
2026-07-02 21:50:00-04:00,7550.0,7550.5,7547.75,7549.75,636
2026-07-02 21:55:00-04:00,7549.25,7550.75,7548.75,7550.0,474
2026-07-02 22:00:00-04:00,7550.0,7550.75,7548.75,7549.5,450
2026-07-02 22:05:00-04:00,7552.25,7553.0,7549.75,7549.75,647
2026-07-02 22:10:00-04:00,7549.0,7552.75,7549.0,7552.5,686
2026-07-02 22:15:00-04:00,7549.25,7551.5,7548.75,7549.25,460
2026-07-02 22:20:00-04:00,7551.25,7551.5,7549.0,7549.5,303
2026-07-02 22:25:00-04:00,7552.5,7552.75,7551.0,7551.25,360
2026-07-02 22:30:00-04:00,7551.0,7552.75,7550.75,7552.25,368
2026-07-02 22:35:00-04:00,7549.75,7551.25,7549.0,7550.75,471
2026-07-02 22:40:00-04:00,7550.0,7550.25,7548.25,7550.0,416
2026-07-02 22:45:00-04:00,7552.0,7552.0,7550.0,7550.0,365
2026-07-02 22:50:00-04:00,7551.5,7552.5,7551.0,7552.0,349
2026-07-02 22:55:00-04:00,7552.75,7553.25,7551.25,7551.75,282
2026-07-02 23:00:00-04:00,7551.5,7552.5,7551.0,7552.5,305
2026-07-02 23:05:00-04:00,7550.75,7552.75,7550.25,7551.5,334
2026-07-02 23:10:00-04:00,7551.75,7551.75,7549.75,7550.75,262
2026-07-02 23:15:00-04:00,7552.0,7552.5,7551.25,7551.75,177
2026-07-02 23:20:00-04:00,7552.0,7553.0,7551.75,7552.0,152
2026-07-02 23:25:00-04:00,7554.0,7554.0,7551.25,7551.75,329
2026-07-02 23:30:00-04:00,7552.5,7555.25,7552.25,7554.25,539
2026-07-02 23:35:00-04:00,7550.0,7553.25,7550.0,7552.75,262
2026-07-02 23:40:00-04:00,7548.5,7550.25,7548.25,7549.75,307
2026-07-02 23:45:00-04:00,7552.25,7552.25,7548.0,7548.5,317
2026-07-02 23:50:00-04:00,7551.5,7552.5,7551.0,7551.75,193
2026-07-02 23:55:00-04:00,7554.25,7554.25,7552.0,7552.0,263
2026-07-05 18:00:00-04:00,7554.75,7568.75,7554.25,7562.25,1687
2026-07-05 18:05:00-04:00,7555.0,7558.0,7551.5,7554.5,1000
2026-07-05 18:10:00-04:00,7557.25,7557.25,7554.0,7555.25,597
2026-07-05 18:15:00-04:00,7559.0,7559.5,7556.0,7557.5,516
2026-07-05 18:20:00-04:00,7561.5,7562.5,7558.25,7558.75,710
2026-07-05 18:25:00-04:00,7561.5,7562.25,7557.0,7561.25,293
2026-07-05 18:30:00-04:00,7564.75,7565.0,7557.0,7561.5,523
2026-07-05 18:35:00-04:00,7565.5,7566.0,7563.75,7564.75,430
2026-07-05 18:40:00-04:00,7565.5,7566.0,7563.75,7565.75,550
2026-07-05 18:45:00-04:00,7567.25,7567.75,7557.0,7565.5,424
2026-07-05 18:50:00-04:00,7557.0,7567.25,7557.0,7567.25,461
2026-07-05 18:55:00-04:00,7563.0,7564.5,7562.0,7564.25,313
2026-07-05 19:00:00-04:00,7563.0,7563.5,7560.75,7562.75,378
2026-07-05 19:05:00-04:00,7563.75,7565.0,7563.25,7563.25,203
2026-07-05 19:10:00-04:00,7568.0,7568.75,7557.0,7563.5,954
2026-07-05 19:15:00-04:00,7567.75,7569.0,7557.0,7568.0,367
2026-07-05 19:20:00-04:00,7565.75,7567.75,7565.25,7567.75,207
2026-07-05 19:25:00-04:00,7565.25,7566.25,7564.75,7565.5,294
2026-07-05 19:30:00-04:00,7567.25,7568.75,7564.75,7565.25,394
2026-07-05 19:35:00-04:00,7566.0,7567.5,7557.0,7567.25,133
2026-07-05 19:40:00-04:00,7565.5,7566.5,7557.0,7566.0,207
2026-07-05 19:45:00-04:00,7567.25,7567.75,7564.0,7565.25,452
2026-07-05 19:50:00-04:00,7568.0,7569.75,7566.75,7567.0,724
2026-07-05 19:55:00-04:00,7569.75,7570.75,7566.75,7568.0,981
2026-07-05 20:00:00-04:00,7566.25,7570.5,7557.0,7570.0,2103
2026-07-05 20:05:00-04:00,7569.0,7570.0,7557.0,7566.75,1026
2026-07-05 20:10:00-04:00,7570.0,7570.0,7566.0,7568.75,556
2026-07-05 20:15:00-04:00,7569.5,7574.25,7569.0,7569.75,1701
2026-07-05 20:20:00-04:00,7567.0,7570.0,7565.75,7569.25,734
2026-07-05 20:25:00-04:00,7560.0,7567.75,7557.0,7567.0,1376
2026-07-05 20:30:00-04:00,7562.5,7564.5,7557.0,7559.75,1842
2026-07-05 20:35:00-04:00,7565.25,7566.0,7560.5,7562.5,714
2026-07-05 20:40:00-04:00,7566.25,7567.5,7564.25,7565.0,866
2026-07-05 20:45:00-04:00,7567.75,7570.5,7566.25,7566.25,771
2026-07-05 20:50:00-04:00,7567.5,7569.5,7557.0,7567.75,955
2026-07-05 20:55:00-04:00,7566.0,7568.75,7557.0,7567.5,679
2026-07-05 21:00:00-04:00,7563.0,7566.25,7562.75,7565.5,694
2026-07-05 21:05:00-04:00,7562.75,7564.25,7560.75,7562.75,718
2026-07-05 21:10:00-04:00,7563.0,7564.5,7560.0,7562.75,670
2026-07-05 21:15:00-04:00,7563.0,7563.75,7557.0,7563.0,564
2026-07-05 21:20:00-04:00,7557.75,7564.5,7557.0,7563.25,766
2026-07-05 21:25:00-04:00,7556.25,7558.25,7552.75,7557.75,1370
2026-07-05 21:30:00-04:00,7559.5,7560.75,7556.25,7556.5,837
2026-07-05 21:35:00-04:00,7560.0,7560.25,7557.75,7559.25,489
2026-07-05 21:40:00-04:00,7557.5,7561.5,7557.0,7560.0,610
2026-07-05 21:45:00-04:00,7552.25,7557.0,7552.0,7557.0,838
2026-07-05 21:50:00-04:00,7551.0,7553.25,7550.25,7552.5,1012
2026-07-05 21:55:00-04:00,7553.5,7555.0,7549.75,7551.0,972
2026-07-05 22:00:00-04:00,7555.25,7555.75,7552.25,7553.5,908
2026-07-05 22:05:00-04:00,7551.75,7557.0,7551.5,7555.0,685
2026-07-05 22:10:00-04:00,7548.75,7557.0,7548.25,7551.75,770
2026-07-05 22:15:00-04:00,7548.0,7550.25,7546.5,7549.0,1009
2026-07-05 22:20:00-04:00,7549.25,7550.75,7547.25,7548.0,488
2026-07-05 22:25:00-04:00,7547.0,7550.0,7546.75,7549.5,630
2026-07-05 22:30:00-04:00,7545.25,7557.0,7543.5,7547.25,1098
2026-07-05 22:35:00-04:00,7543.5,7557.0,7543.25,7545.25,624
2026-07-05 22:40:00-04:00,7541.75,7543.75,7541.0,7543.25,918
2026-07-05 22:45:00-04:00,7542.5,7544.25,7541.25,7541.75,548
2026-07-05 22:50:00-04:00,7543.0,7543.25,7540.5,7542.5,546
2026-07-05 22:55:00-04:00,7544.25,7557.0,7541.75,7543.25,646
2026-07-05 23:00:00-04:00,7545.25,7557.0,7542.25,7544.25,688
2026-07-05 23:05:00-04:00,7545.0,7545.25,7544.0,7545.25,429
2026-07-05 23:10:00-04:00,7544.25,7547.0,7541.5,7545.0,1294
2026-07-05 23:15:00-04:00,7543.75,7546.0,7543.0,7544.5,552
2026-07-05 23:20:00-04:00,7544.25,7557.0,7542.75,7543.5,343
2026-07-05 23:25:00-04:00,7546.0,7557.0,7544.0,7544.75,276
2026-07-05 23:30:00-04:00,7546.5,7547.25,7543.75,7546.0,811
2026-07-05 23:35:00-04:00,7545.75,7548.0,7545.5,7546.5,477
2026-07-05 23:40:00-04:00,7542.0,7546.25,7541.75,7545.75,597
2026-07-05 23:45:00-04:00,7540.25,7557.0,7539.75,7541.75,720
2026-07-05 23:50:00-04:00,7538.75,7557.0,7538.25,7540.25,1037
2026-07-05 23:55:00-04:00,7541.25,7541.5,7538.25,7538.75,329
2026-07-06 00:00:00-04:00,7543.0,7543.25,7539.75,7542.0,705
2026-07-06 00:05:00-04:00,7541.75,7544.0,7540.75,7543.0,431
2026-07-06 00:10:00-04:00,7546.5,7546.75,7541.75,7541.75,513
2026-07-06 00:15:00-04:00,7547.0,7547.5,7545.5,7546.75,468
2026-07-06 00:20:00-04:00,7547.5,7547.75,7546.25,7546.75,348
2026-07-06 00:25:00-04:00,7547.75,7548.5,7546.5,7547.5,324
2026-07-06 00:30:00-04:00,7547.25,7550.0,7547.0,7547.75,689
2026-07-06 00:35:00-04:00,7549.5,7549.75,7547.25,7547.25,567
2026-07-06 00:40:00-04:00,7550.75,7551.5,7548.25,7549.25,506
2026-07-06 00:45:00-04:00,7550.0,7551.5,7549.5,7550.75,383
2026-07-06 00:50:00-04:00,7551.25,7551.25,7549.75,7550.0,435
2026-07-06 00:55:00-04:00,7552.25,7552.75,7551.0,7551.25,502
2026-07-06 01:00:00-04:00,7549.75,7552.75,7549.25,7552.5,507
2026-07-06 01:05:00-04:00,7551.75,7554.25,7549.25,7549.5,808
2026-07-06 01:10:00-04:00,7552.75,7554.0,7551.0,7551.5,503
2026-07-06 01:15:00-04:00,7554.25,7554.5,7552.5,7552.75,454
2026-07-06 01:20:00-04:00,7550.5,7554.5,7549.25,7554.25,699
2026-07-06 01:25:00-04:00,7548.75,7551.5,7548.5,7550.0,503
2026-07-06 01:30:00-04:00,7545.75,7549.0,7545.0,7549.0,589
2026-07-06 01:35:00-04:00,7547.5,7548.5,7545.75,7545.75,469
2026-07-06 01:40:00-04:00,7550.5,7552.0,7547.5,7547.5,769
2026-07-06 01:45:00-04:00,7548.75,7550.75,7548.25,7550.5,378
2026-07-06 01:50:00-04:00,7551.75,7552.5,7548.5,7549.0,599
2026-07-06 01:55:00-04:00,7550.0,7552.0,7549.5,7551.75,364
2026-07-06 02:00:00-04:00,7550.75,7552.0,7549.5,7550.0,655
2026-07-06 02:05:00-04:00,7548.75,7551.75,7548.75,7550.75,566
2026-07-06 02:10:00-04:00,7546.75,7549.25,7546.25,7548.5,336
2026-07-06 02:15:00-04:00,7547.75,7548.75,7546.5,7546.75,352
2026-07-06 02:20:00-04:00,7549.0,7549.5,7546.75,7547.5,368
2026-07-06 02:25:00-04:00,7551.0,7552.0,7548.5,7549.0,463
2026-07-06 02:30:00-04:00,7553.0,7553.75,7550.25,7550.75,611
2026-07-06 02:35:00-04:00,7554.0,7554.5,7553.0,7553.25,553
2026-07-06 02:40:00-04:00,7554.75,7555.75,7554.0,7554.0,648
2026-07-06 02:45:00-04:00,7553.75,7554.75,7552.5,7554.75,337
2026-07-06 02:50:00-04:00,7553.25,7555.0,7552.5,7553.75,259
2026-07-06 02:55:00-04:00,7554.5,7554.75,7553.0,7553.5,342
2026-07-06 03:00:00-04:00,7555.75,7555.75,7552.5,7554.25,776
2026-07-06 03:05:00-04:00,7556.25,7557.75,7555.25,7555.75,900
2026-07-06 03:10:00-04:00,7556.25,7557.5,7555.25,7556.25,965
2026-07-06 03:15:00-04:00,7558.75,7559.0,7556.5,7556.5,576
2026-07-06 03:20:00-04:00,7556.5,7558.75,7555.75,7558.75,408
2026-07-06 03:25:00-04:00,7555.25,7557.0,7554.75,7556.5,500
2026-07-06 03:30:00-04:00,7558.25,7558.25,7554.75,7555.5,529
2026-07-06 03:35:00-04:00,7557.5,7558.75,7556.5,7558.25,358
2026-07-06 03:40:00-04:00,7562.5,7563.0,7557.75,7557.75,835
2026-07-06 03:45:00-04:00,7562.25,7562.75,7561.25,7562.5,639
2026-07-06 03:50:00-04:00,7562.5,7562.75,7561.5,7562.25,443
2026-07-06 03:55:00-04:00,7563.0,7563.5,7561.5,7562.5,501
2026-07-06 04:00:00-04:00,7564.25,7566.0,7562.0,7563.0,1618
2026-07-06 04:05:00-04:00,7565.25,7566.75,7563.75,7564.25,928
2026-07-06 04:10:00-04:00,7560.5,7565.75,7558.75,7565.25,1338
2026-07-06 04:15:00-04:00,7560.75,7560.75,7556.25,7560.5,774
2026-07-06 04:20:00-04:00,7561.5,7562.0,7559.75,7561.0,600
2026-07-06 04:25:00-04:00,7562.25,7562.75,7561.0,7561.75,543
2026-07-06 04:30:00-04:00,7559.25,7562.25,7559.25,7562.0,723
2026-07-06 04:35:00-04:00,7559.75,7560.25,7558.0,7559.5,456
2026-07-06 04:40:00-04:00,7561.25,7562.5,7559.75,7559.75,387
2026-07-06 04:45:00-04:00,7561.25,7561.75,7559.75,7561.75,327
2026-07-06 04:50:00-04:00,7561.5,7562.0,7560.5,7561.25,276
2026-07-06 04:55:00-04:00,7562.75,7563.5,7560.75,7561.25,507
2026-07-06 05:00:00-04:00,7560.75,7563.0,7560.5,7562.75,720
2026-07-06 05:05:00-04:00,7561.25,7563.0,7560.5,7561.0,479
2026-07-06 05:10:00-04:00,7560.0,7561.25,7558.75,7561.25,514
2026-07-06 05:15:00-04:00,7559.5,7561.5,7559.25,7560.0,383
2026-07-06 05:20:00-04:00,7561.25,7561.75,7559.0,7559.5,440
2026-07-06 05:25:00-04:00,7562.25,7562.75,7561.0,7561.25,447
2026-07-06 05:30:00-04:00,7560.5,7562.5,7559.0,7562.25,389
2026-07-06 05:35:00-04:00,7561.75,7562.25,7560.5,7560.5,294
2026-07-06 05:40:00-04:00,7560.25,7562.25,7560.25,7561.75,261
2026-07-06 05:45:00-04:00,7557.75,7560.25,7557.25,7560.25,461
2026-07-06 05:50:00-04:00,7564.75,7565.0,7557.75,7557.75,1537
2026-07-06 05:55:00-04:00,7565.0,7565.5,7563.75,7564.75,699
2026-07-06 06:00:00-04:00,7562.5,7566.5,7562.25,7565.0,1036
2026-07-06 06:05:00-04:00,7560.75,7562.5,7560.5,7562.25,687
2026-07-06 06:10:00-04:00,7564.75,7564.75,7560.5,7560.75,356
2026-07-06 06:15:00-04:00,7565.25,7565.75,7564.25,7564.75,414
2026-07-06 06:20:00-04:00,7563.25,7566.0,7563.25,7565.25,353
2026-07-06 06:25:00-04:00,7562.75,7563.75,7562.25,7563.5,388
2026-07-06 06:30:00-04:00,7565.25,7565.25,7562.5,7562.75,400
2026-07-06 06:35:00-04:00,7564.75,7565.75,7563.75,7564.75,321
2026-07-06 06:40:00-04:00,7560.75,7564.75,7560.75,7564.75,440
2026-07-06 06:45:00-04:00,7561.25,7561.75,7559.25,7560.75,471
2026-07-06 06:50:00-04:00,7561.75,7562.0,7560.5,7561.0,402
2026-07-06 06:55:00-04:00,7563.0,7563.0,7561.5,7561.75,327
2026-07-06 07:00:00-04:00,7560.0,7565.25,7560.0,7563.0,1141
2026-07-06 07:05:00-04:00,7558.75,7560.75,7558.25,7560.25,664
2026-07-06 07:10:00-04:00,7560.0,7560.25,7558.5,7558.75,495
2026-07-06 07:15:00-04:00,7561.0,7561.0,7559.25,7560.25,509
2026-07-06 07:20:00-04:00,7560.0,7563.0,7560.0,7561.0,648
2026-07-06 07:25:00-04:00,7560.0,7562.0,7559.75,7560.0,685
2026-07-06 07:30:00-04:00,7562.25,7562.25,7559.5,7560.0,640
2026-07-06 07:35:00-04:00,7560.75,7562.5,7560.25,7562.5,598
2026-07-06 07:40:00-04:00,7561.0,7561.25,7559.5,7560.75,530
2026-07-06 07:45:00-04:00,7561.25,7563.0,7560.25,7561.0,838
2026-07-06 07:50:00-04:00,7558.25,7561.5,7557.5,7561.5,1018
2026-07-06 07:55:00-04:00,7556.5,7560.75,7556.25,7558.25,1271
2026-07-06 08:00:00-04:00,7562.5,7563.25,7555.5,7556.5,2850
2026-07-06 08:05:00-04:00,7562.75,7563.25,7560.25,7562.5,1344
2026-07-06 08:10:00-04:00,7562.5,7563.25,7561.5,7563.0,1335
2026-07-06 08:15:00-04:00,7563.75,7564.5,7562.25,7562.75,1986
2026-07-06 08:20:00-04:00,7556.25,7563.75,7556.25,7563.75,1703
2026-07-06 08:25:00-04:00,7558.25,7558.5,7556.0,7556.25,1245
2026-07-06 08:30:00-04:00,7557.25,7559.75,7556.5,7558.5,1427
2026-07-06 08:35:00-04:00,7561.75,7563.5,7556.75,7557.5,2486
2026-07-06 08:40:00-04:00,7559.0,7562.0,7558.25,7561.75,1685
2026-07-06 08:45:00-04:00,7559.75,7560.5,7559.0,7559.0,829
2026-07-06 08:50:00-04:00,7562.5,7562.75,7559.5,7560.0,1164
2026-07-06 08:55:00-04:00,7562.75,7562.75,7561.0,7562.75,864
2026-07-06 09:00:00-04:00,7558.0,7563.5,7556.5,7562.75,2482
2026-07-06 09:05:00-04:00,7556.75,7558.25,7556.5,7558.0,1494
2026-07-06 09:10:00-04:00,7555.25,7558.25,7555.0,7556.5,2182
2026-07-06 09:15:00-04:00,7553.75,7556.25,7552.75,7555.5,2590
2026-07-06 09:20:00-04:00,7553.75,7555.5,7551.75,7553.75,2706
2026-07-06 09:25:00-04:00,7564.75,7564.75,7553.75,7553.75,5599
2026-07-06 09:30:00-04:00,7570.25,7573.0,7559.25,7564.75,35449
2026-07-06 09:35:00-04:00,7561.5,7570.0,7552.5,7570.0,22470
2026-07-06 09:40:00-04:00,7565.0,7565.75,7555.5,7561.5,16345
2026-07-06 09:45:00-04:00,7568.0,7569.75,7561.5,7565.0,16207
2026-07-06 09:50:00-04:00,7567.25,7574.0,7560.75,7567.75,18499
2026-07-06 09:55:00-04:00,7564.0,7568.25,7561.75,7567.25,11927
2026-07-06 10:00:00-04:00,7562.5,7568.75,7558.5,7564.25,14635
2026-07-06 10:05:00-04:00,7566.75,7569.25,7559.0,7562.25,12974
2026-07-06 10:10:00-04:00,7573.0,7573.5,7564.75,7567.0,12785
2026-07-06 10:15:00-04:00,7570.75,7573.75,7568.5,7572.75,13752
2026-07-06 10:20:00-04:00,7575.75,7577.75,7569.25,7570.75,15939
2026-07-06 10:25:00-04:00,7578.75,7579.0,7574.75,7575.5,14235
2026-07-06 10:30:00-04:00,7576.0,7581.0,7575.5,7578.5,14096
2026-07-06 10:35:00-04:00,7576.0,7577.75,7573.5,7576.25,10405
2026-07-06 10:40:00-04:00,7576.0,7577.0,7570.0,7575.75,13749
2026-07-06 10:45:00-04:00,7576.5,7577.75,7574.0,7575.75,7859
2026-07-06 10:50:00-04:00,7578.25,7580.0,7575.0,7576.5,8883
2026-07-06 10:55:00-04:00,7582.0,7582.25,7576.25,7578.0,10339
2026-07-06 11:00:00-04:00,7581.0,7583.5,7579.0,7582.25,12571
2026-07-06 11:05:00-04:00,7582.25,7582.5,7579.25,7581.0,8224
2026-07-06 11:10:00-04:00,7580.5,7583.5,7577.5,7582.25,10546
2026-07-06 11:15:00-04:00,7579.25,7580.75,7575.25,7580.75,9989
2026-07-06 11:20:00-04:00,7582.25,7582.75,7576.5,7579.25,8278
2026-07-06 11:25:00-04:00,7587.0,7587.25,7581.5,7582.25,12015
2026-07-06 11:30:00-04:00,7585.5,7589.0,7585.25,7587.0,12673
2026-07-06 11:35:00-04:00,7585.5,7586.25,7582.75,7585.5,7159
2026-07-06 11:40:00-04:00,7587.5,7587.5,7584.75,7585.5,6257
2026-07-06 11:45:00-04:00,7588.0,7588.75,7585.75,7587.5,5374
2026-07-06 11:50:00-04:00,7585.5,7589.0,7585.25,7588.0,6134
2026-07-06 11:55:00-04:00,7587.5,7588.75,7585.5,7585.5,5506
2026-07-06 12:00:00-04:00,7587.0,7588.0,7585.5,7587.5,4739
2026-07-06 12:05:00-04:00,7588.25,7589.5,7586.25,7587.0,5221
2026-07-06 12:10:00-04:00,7588.75,7590.25,7587.5,7588.5,5679
2026-07-06 12:15:00-04:00,7589.25,7589.75,7587.5,7588.75,4143
2026-07-06 12:20:00-04:00,7588.25,7590.5,7587.5,7589.25,4999
2026-07-06 12:25:00-04:00,7585.5,7588.5,7584.75,7588.0,5591
2026-07-06 12:30:00-04:00,7585.5,7586.75,7583.75,7585.75,5313
2026-07-06 12:35:00-04:00,7585.25,7585.75,7583.0,7585.5,4050
2026-07-06 12:40:00-04:00,7586.5,7586.75,7584.75,7585.25,3768
2026-07-06 12:45:00-04:00,7589.25,7589.75,7584.75,7586.25,5388
2026-07-06 12:50:00-04:00,7585.25,7590.25,7585.25,7589.5,5209
2026-07-06 12:55:00-04:00,7583.75,7586.5,7582.75,7585.5,6105
2026-07-06 13:00:00-04:00,7587.75,7589.0,7583.25,7583.75,7050
2026-07-06 13:05:00-04:00,7593.0,7594.75,7588.0,7588.0,11246
2026-07-06 13:10:00-04:00,7592.75,7594.25,7591.25,7593.0,6201
2026-07-06 13:15:00-04:00,7590.0,7593.75,7589.0,7592.75,5059
2026-07-06 13:20:00-04:00,7589.0,7590.5,7587.25,7590.0,5856
2026-07-06 13:25:00-04:00,7586.0,7590.25,7585.25,7589.0,5487
2026-07-06 13:30:00-04:00,7582.25,7586.75,7580.75,7586.0,9791
2026-07-06 13:35:00-04:00,7582.25,7584.25,7580.75,7582.25,7897
2026-07-06 13:40:00-04:00,7579.5,7582.25,7575.25,7582.25,12694
2026-07-06 13:45:00-04:00,7582.0,7583.0,7577.25,7579.5,7825
2026-07-06 13:50:00-04:00,7579.5,7584.25,7579.25,7582.0,6489
2026-07-06 13:55:00-04:00,7580.0,7580.5,7578.0,7579.5,6561
2026-07-06 14:00:00-04:00,7585.75,7586.5,7580.0,7580.0,8996
2026-07-06 14:05:00-04:00,7588.5,7590.0,7585.0,7585.75,7378
2026-07-06 14:10:00-04:00,7589.0,7589.5,7587.0,7588.5,4353
2026-07-06 14:15:00-04:00,7592.25,7594.25,7589.0,7589.0,9034
2026-07-06 14:20:00-04:00,7593.5,7593.75,7591.0,7592.5,4670
2026-07-06 14:25:00-04:00,7592.0,7595.0,7591.5,7593.5,7245
2026-07-06 14:30:00-04:00,7590.0,7594.0,7589.75,7592.0,6330
2026-07-06 14:35:00-04:00,7589.5,7591.75,7588.75,7590.0,4498
2026-07-06 14:40:00-04:00,7591.25,7592.5,7589.5,7589.5,4593
2026-07-06 14:45:00-04:00,7595.0,7595.5,7590.75,7591.25,7405
2026-07-06 14:50:00-04:00,7597.0,7597.0,7594.25,7595.0,6298
2026-07-06 14:55:00-04:00,7598.25,7599.0,7595.5,7597.0,7105
2026-07-06 15:00:00-04:00,7597.0,7600.0,7595.25,7598.25,8992
2026-07-06 15:05:00-04:00,7596.0,7598.25,7595.0,7597.25,6729
2026-07-06 15:10:00-04:00,7596.25,7597.75,7595.0,7595.75,5409
2026-07-06 15:15:00-04:00,7599.25,7599.75,7595.0,7596.25,7209
2026-07-06 15:20:00-04:00,7601.25,7602.5,7598.0,7599.25,8032
2026-07-06 15:25:00-04:00,7600.75,7601.75,7599.25,7601.0,6452
2026-07-06 15:30:00-04:00,7598.5,7601.0,7597.5,7600.75,9187
2026-07-06 15:35:00-04:00,7598.0,7599.75,7595.5,7598.5,8548
2026-07-06 15:40:00-04:00,7598.5,7598.75,7596.0,7597.75,6785
2026-07-06 15:45:00-04:00,7597.5,7600.5,7597.25,7598.5,8910
2026-07-06 15:50:00-04:00,7591.25,7598.5,7591.0,7597.75,23626
2026-07-06 15:55:00-04:00,7593.5,7593.75,7587.75,7591.25,76569
2026-07-06 16:00:00-04:00,7593.0,7595.5,7591.25,7593.5,19837
2026-07-06 16:05:00-04:00,7596.25,7596.75,7592.0,7593.0,4621
2026-07-06 16:10:00-04:00,7596.5,7597.5,7594.5,7596.0,3758
2026-07-06 16:15:00-04:00,7597.5,7598.25,7596.25,7596.25,2102
2026-07-06 16:20:00-04:00,7596.0,7597.5,7595.5,7597.25,1499
2026-07-06 16:25:00-04:00,7595.5,7596.25,7594.0,7596.0,1947
2026-07-06 16:30:00-04:00,7596.75,7597.0,7595.5,7595.75,1201
2026-07-06 16:35:00-04:00,7596.0,7596.75,7595.0,7596.5,599
2026-07-06 16:40:00-04:00,7596.5,7597.0,7595.5,7596.0,567
2026-07-06 16:45:00-04:00,7595.0,7597.5,7594.5,7596.75,998
2026-07-06 16:50:00-04:00,7595.5,7596.0,7594.0,7595.0,983
2026-07-06 16:55:00-04:00,7596.75,7598.75,7595.0,7595.5,1182
2026-07-06 18:00:00-04:00,7598.75,7599.5,7596.25,7597.0,0
2026-07-06 18:05:00-04:00,7597.5,7598.75,7596.0,7598.75,383
2026-07-06 18:10:00-04:00,7599.25,7599.75,7597.5,7597.75,358
2026-07-06 18:15:00-04:00,7599.5,7600.75,7598.75,7599.5,249
2026-07-06 18:20:00-04:00,7600.25,7601.25,7599.75,7599.75,249
2026-07-06 18:25:00-04:00,7598.75,7600.25,7598.5,7600.25,473
2026-07-06 18:30:00-04:00,7599.5,7600.5,7597.5,7598.75,304
2026-07-06 18:35:00-04:00,7599.0,7600.5,7598.5,7599.5,246
2026-07-06 18:40:00-04:00,7599.0,7601.0,7598.5,7599.25,217
2026-07-06 18:45:00-04:00,7596.25,7598.75,7595.0,7598.75,511
2026-07-06 18:50:00-04:00,7595.0,7596.75,7594.25,7596.25,323
2026-07-06 18:55:00-04:00,7594.0,7595.25,7592.5,7595.0,650
2026-07-06 19:00:00-04:00,7597.0,7598.0,7593.5,7593.75,404
2026-07-06 19:05:00-04:00,7596.25,7597.25,7595.0,7596.75,239
2026-07-06 19:10:00-04:00,7596.0,7597.25,7595.5,7596.25,214
2026-07-06 19:15:00-04:00,7592.25,7595.5,7592.0,7595.5,484
2026-07-06 19:20:00-04:00,7593.0,7593.75,7591.75,7592.25,401
2026-07-06 19:25:00-04:00,7593.0,7594.0,7592.0,7593.25,229
2026-07-06 19:30:00-04:00,7591.75,7593.75,7591.25,7593.0,196
2026-07-06 19:35:00-04:00,7591.5,7592.5,7591.25,7591.75,173
2026-07-06 19:40:00-04:00,7590.25,7591.75,7590.0,7591.25,548
2026-07-06 19:45:00-04:00,7587.25,7590.25,7586.75,7590.25,1377
2026-07-06 19:50:00-04:00,7585.25,7587.25,7585.0,7587.25,1263
2026-07-06 19:55:00-04:00,7585.75,7586.5,7584.25,7585.5,613
2026-07-06 20:00:00-04:00,7587.75,7588.5,7583.25,7585.5,1323
2026-07-06 20:05:00-04:00,7589.0,7590.5,7586.75,7587.5,880
2026-07-06 20:10:00-04:00,7586.0,7588.75,7584.75,7588.75,942
2026-07-06 20:15:00-04:00,7589.5,7589.75,7585.25,7586.25,1138
2026-07-06 20:20:00-04:00,7593.0,7594.0,7589.0,7589.75,1796
2026-07-06 20:25:00-04:00,7590.25,7595.0,7588.75,7593.25,1379
2026-07-06 20:30:00-04:00,7587.5,7591.0,7587.25,7590.25,922
2026-07-06 20:35:00-04:00,7585.25,7588.25,7583.5,7587.5,1140
2026-07-06 20:40:00-04:00,7587.0,7588.0,7584.0,7585.25,1150
2026-07-06 20:45:00-04:00,7587.5,7589.0,7585.0,7587.0,944
2026-07-06 20:50:00-04:00,7588.75,7589.0,7586.25,7587.5,516
2026-07-06 20:55:00-04:00,7585.0,7589.5,7584.75,7588.75,793
2026-07-06 21:00:00-04:00,7585.0,7586.75,7583.75,7585.25,864
2026-07-06 21:05:00-04:00,7586.25,7587.25,7584.75,7585.0,675
2026-07-06 21:10:00-04:00,7585.0,7587.25,7584.75,7586.25,592
2026-07-06 21:15:00-04:00,7584.75,7586.0,7584.0,7585.0,554
2026-07-06 21:20:00-04:00,7582.5,7584.75,7582.0,7584.75,961
2026-07-06 21:25:00-04:00,7581.75,7583.0,7580.75,7582.25,1178
2026-07-06 21:30:00-04:00,7582.5,7583.25,7579.25,7581.75,1422
2026-07-06 21:35:00-04:00,7584.75,7585.75,7582.25,7582.5,903
2026-07-06 21:40:00-04:00,7586.0,7586.0,7583.0,7584.75,722
2026-07-06 21:45:00-04:00,7587.25,7588.0,7586.0,7586.0,826
2026-07-06 21:50:00-04:00,7588.25,7589.0,7586.25,7587.25,643
2026-07-06 21:55:00-04:00,7583.25,7588.0,7582.75,7588.0,757
2026-07-06 22:00:00-04:00,7585.0,7585.25,7582.25,7583.5,627
2026-07-06 22:05:00-04:00,7586.0,7587.25,7584.0,7584.75,485
2026-07-06 22:10:00-04:00,7586.0,7586.75,7585.25,7586.25,217
2026-07-06 22:15:00-04:00,7586.0,7587.0,7585.0,7586.0,396
2026-07-06 22:20:00-04:00,7583.25,7586.0,7583.0,7586.0,574
2026-07-06 22:25:00-04:00,7582.5,7583.75,7582.25,7583.5,320
2026-07-06 22:30:00-04:00,7580.0,7582.25,7579.75,7582.25,868
2026-07-06 22:35:00-04:00,7582.5,7583.0,7580.0,7580.25,526
2026-07-06 22:40:00-04:00,7582.5,7583.25,7581.25,7582.5,432
2026-07-06 22:45:00-04:00,7580.75,7582.25,7580.25,7582.25,358
2026-07-06 22:50:00-04:00,7581.25,7581.5,7579.75,7581.0,1002
2026-07-06 22:55:00-04:00,7579.0,7581.5,7578.75,7581.25,828
2026-07-06 23:00:00-04:00,7582.0,7582.25,7578.75,7579.25,686
2026-07-06 23:05:00-04:00,7582.75,7583.25,7580.5,7582.0,645
2026-07-06 23:10:00-04:00,7580.0,7582.75,7579.5,7582.75,742
2026-07-06 23:15:00-04:00,7579.0,7580.25,7578.0,7579.75,817
2026-07-06 23:20:00-04:00,7577.25,7579.5,7576.75,7579.25,978
2026-07-06 23:25:00-04:00,7575.25,7578.5,7574.75,7577.25,1329
2026-07-06 23:30:00-04:00,7575.25,7576.5,7573.25,7575.25,1558
2026-07-06 23:35:00-04:00,7576.0,7577.0,7575.0,7575.25,735
2026-07-06 23:40:00-04:00,7574.5,7576.0,7574.5,7576.0,631
2026-07-06 23:45:00-04:00,7572.25,7574.5,7571.0,7574.5,1430
2026-07-06 23:50:00-04:00,7571.5,7573.0,7570.75,7572.25,727
2026-07-06 23:55:00-04:00,7573.25,7573.75,7570.75,7571.5,766
2026-07-07 00:05:00-04:00,7573.75,7574.25,7573.5,7574.0,1429
2026-07-07 00:10:00-04:00,7571.75,7574.0,7571.5,7573.75,562
2026-07-07 00:15:00-04:00,7570.75,7572.25,7569.75,7571.75,796
2026-07-07 00:20:00-04:00,7569.75,7571.0,7569.25,7570.75,478
2026-07-07 00:25:00-04:00,7571.25,7571.5,7569.25,7570.0,588
2026-07-07 00:30:00-04:00,7571.0,7573.0,7570.5,7571.5,741
2026-07-07 00:35:00-04:00,7569.25,7571.0,7567.5,7571.0,1096
2026-07-07 00:40:00-04:00,7568.75,7570.25,7568.75,7569.0,423
2026-07-07 00:45:00-04:00,7568.0,7569.25,7567.5,7568.75,335
2026-07-07 00:50:00-04:00,7567.75,7569.25,7567.25,7568.25,595
2026-07-07 00:55:00-04:00,7568.5,7569.0,7566.5,7568.0,714
2026-07-07 01:00:00-04:00,7567.0,7568.75,7566.5,7568.75,482
2026-07-07 01:05:00-04:00,7565.5,7567.75,7564.75,7567.0,780
2026-07-07 01:10:00-04:00,7565.25,7566.5,7565.0,7565.5,735
2026-07-07 01:15:00-04:00,7564.75,7566.5,7564.25,7565.25,856
2026-07-07 01:20:00-04:00,7565.5,7566.5,7564.25,7564.5,927
2026-07-07 01:25:00-04:00,7566.0,7566.25,7563.0,7565.5,1263
2026-07-07 01:30:00-04:00,7569.25,7570.75,7566.0,7566.0,1665
2026-07-07 01:35:00-04:00,7570.5,7571.0,7568.75,7569.0,968
2026-07-07 01:40:00-04:00,7570.75,7572.25,7570.25,7570.25,897
2026-07-07 01:45:00-04:00,7569.25,7571.25,7568.75,7571.0,717
2026-07-07 01:50:00-04:00,7572.25,7572.5,7569.0,7569.0,925
2026-07-07 01:55:00-04:00,7573.5,7575.0,7572.25,7572.25,1254
2026-07-07 02:00:00-04:00,7572.5,7574.5,7572.0,7573.25,883
2026-07-07 02:05:00-04:00,7569.75,7572.75,7569.25,7572.75,753
2026-07-07 02:10:00-04:00,7567.75,7570.0,7567.0,7569.75,765
2026-07-07 02:15:00-04:00,7568.25,7569.75,7567.5,7567.75,672
2026-07-07 02:20:00-04:00,7571.0,7571.75,7567.5,7568.25,1971
2026-07-07 02:25:00-04:00,7570.75,7572.0,7570.0,7571.0,475
2026-07-07 02:30:00-04:00,7570.75,7571.0,7569.0,7570.75,797
2026-07-07 02:35:00-04:00,7571.5,7573.0,7570.25,7570.75,509
2026-07-07 02:40:00-04:00,7573.5,7573.5,7572.0,7572.0,465
2026-07-07 02:45:00-04:00,7571.0,7573.5,7570.5,7573.25,469
2026-07-07 02:50:00-04:00,7573.25,7573.5,7570.5,7571.0,274
2026-07-07 02:55:00-04:00,7573.5,7574.5,7573.0,7573.25,541
2026-07-07 03:00:00-04:00,7575.75,7576.0,7571.25,7573.75,1796
2026-07-07 03:05:00-04:00,7575.0,7576.75,7574.75,7575.75,1280
2026-07-07 03:10:00-04:00,7576.5,7577.75,7573.5,7575.0,1184
2026-07-07 03:15:00-04:00,7577.25,7579.0,7576.25,7576.5,1083
2026-07-07 03:20:00-04:00,7578.0,7579.75,7576.5,7577.25,908
2026-07-07 03:25:00-04:00,7579.25,7580.0,7577.5,7578.25,748
2026-07-07 03:30:00-04:00,7578.25,7579.5,7577.75,7579.0,692
2026-07-07 03:35:00-04:00,7577.25,7578.5,7576.75,7578.5,607
2026-07-07 03:40:00-04:00,7577.0,7578.25,7577.0,7577.5,368
2026-07-07 03:45:00-04:00,7576.5,7578.0,7576.0,7577.0,652
2026-07-07 03:50:00-04:00,7574.0,7577.0,7573.75,7576.25,938
2026-07-07 03:55:00-04:00,7572.25,7574.0,7571.75,7574.0,781
2026-07-07 04:00:00-04:00,7572.75,7573.75,7571.25,7572.25,1396
2026-07-07 04:05:00-04:00,7572.5,7573.0,7571.5,7572.75,840
2026-07-07 04:10:00-04:00,7578.0,7578.5,7572.75,7572.75,1310
2026-07-07 04:15:00-04:00,7579.75,7580.5,7577.25,7577.75,1074
2026-07-07 04:20:00-04:00,7580.5,7581.75,7578.25,7579.5,834
2026-07-07 04:25:00-04:00,7581.75,7581.75,7579.75,7580.5,676
2026-07-07 04:30:00-04:00,7580.75,7582.75,7580.0,7581.75,821
2026-07-07 04:35:00-04:00,7581.5,7582.0,7579.75,7580.75,817
2026-07-07 04:40:00-04:00,7581.0,7582.75,7580.75,7581.75,729
2026-07-07 04:45:00-04:00,7582.0,7582.25,7580.75,7581.0,596
2026-07-07 04:50:00-04:00,7579.5,7582.25,7578.5,7582.0,931
2026-07-07 04:55:00-04:00,7578.75,7580.25,7578.25,7579.25,872
2026-07-07 05:00:00-04:00,7579.5,7579.5,7576.25,7578.75,828
2026-07-07 05:05:00-04:00,7580.25,7581.5,7578.75,7579.5,767
2026-07-07 05:10:00-04:00,7582.25,7582.75,7579.75,7580.5,535
2026-07-07 05:15:00-04:00,7582.0,7583.5,7581.5,7582.5,656
2026-07-07 05:20:00-04:00,7581.5,7582.75,7581.0,7582.0,338
2026-07-07 05:25:00-04:00,7580.25,7582.5,7580.0,7581.5,471
2026-07-07 05:30:00-04:00,7579.25,7581.0,7579.25,7580.25,740
2026-07-07 05:35:00-04:00,7580.75,7581.5,7578.0,7579.25,982
2026-07-07 05:40:00-04:00,7581.5,7582.5,7580.75,7581.0,594
2026-07-07 05:45:00-04:00,7581.25,7582.25,7579.75,7581.75,588
2026-07-07 05:50:00-04:00,7582.0,7582.75,7580.0,7581.25,638
2026-07-07 05:55:00-04:00,7581.75,7582.75,7581.5,7581.75,499
2026-07-07 06:00:00-04:00,7583.75,7584.25,7581.75,7582.0,1119
2026-07-07 06:05:00-04:00,7581.75,7584.5,7581.0,7583.75,923
2026-07-07 06:10:00-04:00,7579.25,7582.25,7578.25,7581.75,1171
2026-07-07 06:15:00-04:00,7582.75,7583.25,7579.0,7579.25,1325
2026-07-07 06:20:00-04:00,7582.25,7583.25,7580.75,7582.5,673
2026-07-07 06:25:00-04:00,7581.5,7583.0,7581.25,7582.0,544
2026-07-07 06:30:00-04:00,7579.25,7581.25,7579.25,7581.25,577
2026-07-07 06:35:00-04:00,7579.0,7579.75,7578.25,7579.5,712
2026-07-07 06:40:00-04:00,7578.75,7579.5,7578.25,7579.0,509
2026-07-07 06:45:00-04:00,7577.25,7579.75,7577.0,7579.0,613
2026-07-07 06:50:00-04:00,7576.5,7577.25,7573.25,7577.0,3538
2026-07-07 06:55:00-04:00,7577.5,7578.0,7576.0,7576.25,1025
2026-07-07 07:00:00-04:00,7574.5,7578.0,7572.0,7577.5,2159
2026-07-07 07:05:00-04:00,7573.75,7575.5,7572.75,7574.75,961
2026-07-07 07:10:00-04:00,7574.0,7575.0,7572.25,7573.5,1041
2026-07-07 07:15:00-04:00,7577.0,7577.5,7573.75,7573.75,1567
2026-07-07 07:20:00-04:00,7577.25,7577.75,7576.75,7577.25,790
2026-07-07 07:25:00-04:00,7575.75,7578.25,7575.75,7577.25,1143
2026-07-07 07:30:00-04:00,7573.75,7575.75,7573.25,7575.75,2361
2026-07-07 07:35:00-04:00,7574.5,7575.0,7572.5,7573.5,836
2026-07-07 07:40:00-04:00,7575.25,7575.5,7573.25,7574.75,989
2026-07-07 07:45:00-04:00,7577.5,7577.5,7575.0,7575.25,1733
2026-07-07 07:50:00-04:00,7575.25,7578.25,7573.5,7577.5,1772
2026-07-07 07:55:00-04:00,7579.0,7579.5,7575.0,7575.25,1988
2026-07-07 08:00:00-04:00,7579.0,7580.0,7578.0,7579.0,1751
2026-07-07 08:05:00-04:00,7583.0,7583.75,7578.25,7578.75,3882
2026-07-07 08:10:00-04:00,7583.5,7585.75,7582.75,7582.75,2401
2026-07-07 08:15:00-04:00,7580.75,7583.5,7579.5,7583.5,2550
2026-07-07 08:20:00-04:00,7581.25,7581.75,7578.75,7580.5,1664
2026-07-07 08:25:00-04:00,7583.5,7584.25,7581.0,7581.0,1719
2026-07-07 08:30:00-04:00,7581.5,7584.0,7580.75,7583.5,1221
2026-07-07 08:35:00-04:00,7583.75,7584.5,7581.25,7581.25,1279
2026-07-07 08:40:00-04:00,7585.5,7587.0,7583.25,7584.0,3219
2026-07-07 08:45:00-04:00,7582.0,7586.25,7581.5,7585.5,2658
2026-07-07 08:50:00-04:00,7579.25,7583.0,7579.25,7582.0,2141
2026-07-07 08:55:00-04:00,7580.75,7581.0,7578.75,7579.5,2099
2026-07-07 09:00:00-04:00,7577.75,7580.75,7577.25,7580.75,2441
2026-07-07 09:05:00-04:00,7579.25,7581.5,7575.75,7577.5,3229
2026-07-07 09:10:00-04:00,7580.75,7581.25,7577.5,7579.25,1468
2026-07-07 09:15:00-04:00,7582.25,7583.25,7578.75,7580.75,3358
2026-07-07 09:20:00-04:00,7580.0,7582.5,7578.25,7582.25,3371
2026-07-07 09:25:00-04:00,7580.75,7581.75,7578.25,7580.0,4941
2026-07-07 09:30:00-04:00,7572.5,7587.5,7571.75,7580.75,33389
2026-07-07 09:35:00-04:00,7572.75,7577.5,7569.75,7572.75,22551
2026-07-07 09:40:00-04:00,7580.0,7580.5,7569.0,7572.75,19089
2026-07-07 09:45:00-04:00,7574.75,7580.75,7573.25,7580.0,16533
2026-07-07 09:50:00-04:00,7567.25,7577.25,7565.25,7574.5,17061
2026-07-07 09:55:00-04:00,7566.25,7568.75,7560.5,7567.25,19554
2026-07-07 10:00:00-04:00,7563.5,7570.0,7560.0,7566.25,22936
2026-07-07 10:05:00-04:00,7560.75,7567.75,7559.0,7563.5,18940
2026-07-07 10:10:00-04:00,7548.0,7560.75,7547.5,7560.5,25012
2026-07-07 10:15:00-04:00,7552.75,7553.0,7542.5,7548.0,26341
2026-07-07 10:20:00-04:00,7544.0,7555.25,7543.75,7552.75,19750
2026-07-07 10:25:00-04:00,7544.5,7545.0,7538.5,7544.25,24174
2026-07-07 10:30:00-04:00,7541.0,7547.75,7540.25,7544.5,17480
2026-07-07 10:35:00-04:00,7536.0,7543.0,7536.0,7541.0,17188
2026-07-07 10:40:00-04:00,7535.0,7539.0,7529.5,7536.25,20239
2026-07-07 10:45:00-04:00,7539.25,7542.25,7534.0,7535.0,16713
2026-07-07 10:50:00-04:00,7543.5,7545.0,7537.25,7539.5,13957
2026-07-07 10:55:00-04:00,7542.25,7546.5,7541.5,7543.5,11152
2026-07-07 11:00:00-04:00,7541.0,7543.25,7536.5,7542.0,12971
2026-07-07 11:05:00-04:00,7543.25,7544.25,7538.75,7541.0,8740
2026-07-07 11:10:00-04:00,7538.0,7544.5,7537.75,7543.25,8937
2026-07-07 11:15:00-04:00,7536.75,7538.25,7534.5,7537.75,10074
2026-07-07 11:20:00-04:00,7536.0,7540.5,7535.0,7536.75,9939
2026-07-07 11:25:00-04:00,7540.5,7541.0,7534.75,7536.25,9067
2026-07-07 11:30:00-04:00,7536.25,7541.5,7536.25,7540.75,8239
2026-07-07 11:35:00-04:00,7533.75,7539.5,7533.5,7536.25,8671
2026-07-07 11:40:00-04:00,7541.25,7541.5,7531.25,7533.75,11976
2026-07-07 11:45:00-04:00,7543.5,7549.25,7541.0,7541.25,16897
2026-07-07 11:50:00-04:00,7547.25,7550.25,7543.25,7543.25,8203
2026-07-07 11:55:00-04:00,7551.0,7551.25,7545.0,7547.5,7349
2026-07-07 12:00:00-04:00,7554.0,7555.5,7549.75,7551.0,13055
2026-07-07 12:05:00-04:00,7552.25,7558.25,7549.75,7554.0,12113
2026-07-07 12:10:00-04:00,7557.75,7559.0,7552.25,7552.25,10440
2026-07-07 12:15:00-04:00,7558.0,7559.5,7555.75,7558.0,10365
2026-07-07 12:20:00-04:00,7562.75,7566.0,7557.75,7557.75,17384
2026-07-07 12:25:00-04:00,7565.0,7567.25,7562.25,7563.0,10679
2026-07-07 12:30:00-04:00,7563.25,7567.5,7561.75,7565.25,11912
2026-07-07 12:35:00-04:00,7565.5,7566.0,7559.75,7563.25,8521
2026-07-07 12:40:00-04:00,7566.0,7567.0,7563.0,7565.5,5778
2026-07-07 12:45:00-04:00,7568.0,7568.75,7566.0,7566.25,7135
2026-07-07 12:50:00-04:00,7565.5,7568.75,7565.0,7568.0,5908
2026-07-07 12:55:00-04:00,7567.5,7567.5,7562.75,7565.5,6385
2026-07-07 13:00:00-04:00,7569.25,7569.25,7566.25,7567.25,6207
2026-07-07 13:05:00-04:00,7569.25,7571.25,7568.25,7569.25,7161
2026-07-07 13:10:00-04:00,7565.75,7569.25,7565.0,7569.0,5572
2026-07-07 13:15:00-04:00,7564.0,7566.0,7561.75,7565.75,7378
2026-07-07 13:20:00-04:00,7567.75,7569.25,7563.0,7563.75,6358
2026-07-07 13:25:00-04:00,7566.25,7568.5,7565.75,7567.5,4909
2026-07-07 13:30:00-04:00,7568.0,7569.5,7566.0,7566.25,5968
2026-07-07 13:35:00-04:00,7568.75,7569.75,7565.75,7568.0,4736
2026-07-07 13:40:00-04:00,7568.75,7570.25,7566.75,7568.5,4461
2026-07-07 13:45:00-04:00,7566.25,7569.0,7565.0,7568.75,5509
2026-07-07 13:50:00-04:00,7565.5,7568.0,7564.0,7566.25,4257
2026-07-07 13:55:00-04:00,7569.25,7569.25,7564.75,7565.5,4019
2026-07-07 14:00:00-04:00,7568.5,7570.25,7566.25,7569.25,5298
2026-07-07 14:05:00-04:00,7566.75,7569.5,7565.5,7568.5,4031
2026-07-07 14:10:00-04:00,7567.25,7569.25,7566.5,7567.0,4463
2026-07-07 14:15:00-04:00,7567.75,7569.0,7566.0,7567.25,5522
2026-07-07 14:20:00-04:00,7569.0,7570.5,7566.75,7567.75,5946
2026-07-07 14:25:00-04:00,7567.5,7570.25,7566.25,7569.0,5623
2026-07-07 14:30:00-04:00,7564.5,7568.25,7563.0,7567.25,7841
2026-07-07 14:35:00-04:00,7566.75,7567.75,7562.75,7564.25,5679
2026-07-07 14:40:00-04:00,7564.75,7567.0,7561.5,7566.75,6798
2026-07-07 14:45:00-04:00,7559.25,7566.0,7554.0,7564.75,13108
2026-07-07 14:50:00-04:00,7555.25,7560.0,7552.25,7559.25,16254
2026-07-07 14:55:00-04:00,7552.5,7556.75,7551.5,7555.25,10404
2026-07-07 15:00:00-04:00,7549.25,7554.5,7545.5,7552.5,18815
2026-07-07 15:05:00-04:00,7544.75,7552.75,7543.75,7549.5,12572
2026-07-07 15:10:00-04:00,7545.0,7547.25,7542.25,7544.5,12075
2026-07-07 15:15:00-04:00,7543.75,7545.75,7537.0,7544.75,16459
2026-07-07 15:20:00-04:00,7547.75,7547.75,7541.25,7543.5,11993
2026-07-07 15:25:00-04:00,7544.25,7548.25,7542.5,7547.5,10072
2026-07-07 15:30:00-04:00,7548.75,7550.0,7543.75,7544.0,14532
2026-07-07 15:35:00-04:00,7544.75,7549.0,7543.75,7549.0,9135
2026-07-07 15:40:00-04:00,7542.75,7545.25,7541.25,7545.0,9241
2026-07-07 15:45:00-04:00,7547.5,7548.25,7542.5,7543.0,13813
2026-07-07 15:50:00-04:00,7554.75,7555.0,7547.5,7547.5,17427
2026-07-07 15:55:00-04:00,7553.25,7556.75,7548.0,7554.75,65730
2026-07-07 16:00:00-04:00,7553.0,7554.0,7549.25,7553.0,19337
2026-07-07 16:05:00-04:00,7554.0,7554.5,7550.5,7553.0,5342
2026-07-07 16:10:00-04:00,7552.0,7554.0,7550.75,7554.0,3071
2026-07-07 16:15:00-04:00,7549.75,7552.5,7546.5,7552.0,3179
2026-07-07 16:20:00-04:00,7550.0,7550.5,7549.0,7549.75,1637
2026-07-07 16:25:00-04:00,7550.75,7551.5,7549.75,7550.25,1303
2026-07-07 16:30:00-04:00,7550.75,7551.75,7550.25,7550.75,945
2026-07-07 16:35:00-04:00,7552.25,7552.75,7551.0,7551.0,918
2026-07-07 16:40:00-04:00,7551.75,7553.0,7551.75,7552.25,899
2026-07-07 16:45:00-04:00,7551.75,7552.25,7551.0,7552.0,840
2026-07-07 16:50:00-04:00,7552.5,7553.0,7550.75,7551.5,873
2026-07-07 16:55:00-04:00,7551.75,7553.0,7551.25,7552.75,1024
2026-07-07 18:00:00-04:00,7544.25,7547.5,7537.5,7545.0,0
2026-07-07 18:05:00-04:00,7544.75,7547.25,7543.25,7544.5,817
2026-07-07 18:10:00-04:00,7545.75,7546.75,7543.75,7545.0,532
2026-07-07 18:15:00-04:00,7547.0,7547.75,7545.5,7545.75,416
2026-07-07 18:20:00-04:00,7547.0,7547.25,7546.0,7547.0,511
2026-07-07 18:25:00-04:00,7546.75,7546.75,7544.5,7546.75,361
2026-07-07 18:30:00-04:00,7547.75,7548.0,7545.0,7546.5,393
2026-07-07 18:35:00-04:00,7547.0,7548.5,7546.5,7547.75,302
2026-07-07 18:40:00-04:00,7545.5,7547.5,7545.0,7547.25,505
2026-07-07 18:45:00-04:00,7547.25,7547.75,7544.25,7545.5,720
2026-07-07 18:50:00-04:00,7546.75,7547.25,7546.75,7547.25,24
2026-07-07 19:00:00-04:00,7546.25,7551.25,7545.0,7551.25,1007
2026-07-07 19:05:00-04:00,7546.75,7549.25,7546.25,7546.5,671
2026-07-07 19:10:00-04:00,7547.25,7547.75,7544.5,7547.0,432
2026-07-07 19:15:00-04:00,7552.5,7553.25,7547.0,7547.25,753
2026-07-07 19:20:00-04:00,7550.75,7552.75,7550.25,7552.5,367
2026-07-07 19:25:00-04:00,7551.75,7552.0,7550.25,7550.75,312
2026-07-07 19:30:00-04:00,7550.0,7552.75,7549.5,7551.75,321
2026-07-07 19:35:00-04:00,7546.75,7549.75,7545.0,7549.75,701
2026-07-07 19:40:00-04:00,7544.25,7546.75,7543.75,7546.5,468
2026-07-07 19:45:00-04:00,7543.25,7546.5,7541.25,7544.5,941
2026-07-07 19:50:00-04:00,7541.0,7544.0,7539.75,7543.5,610
2026-07-07 19:55:00-04:00,7539.0,7541.75,7538.0,7541.25,819
2026-07-07 20:00:00-04:00,7540.75,7540.75,7533.25,7538.75,2249
2026-07-07 20:05:00-04:00,7547.25,7548.25,7540.5,7540.75,2013
2026-07-07 20:10:00-04:00,7547.75,7549.5,7544.75,7546.75,1368
2026-07-07 20:15:00-04:00,7548.75,7552.25,7545.25,7547.5,1443
2026-07-07 20:20:00-04:00,7555.0,7555.5,7546.75,7548.75,1179
2026-07-07 20:25:00-04:00,7552.5,7556.0,7549.0,7555.0,1736
2026-07-07 20:30:00-04:00,7549.75,7553.25,7548.5,7552.25,1129
2026-07-07 20:35:00-04:00,7555.75,7556.25,7548.0,7549.75,884
2026-07-07 20:40:00-04:00,7559.0,7559.75,7555.25,7555.75,1512
2026-07-07 20:45:00-04:00,7558.5,7561.25,7557.25,7559.25,1640
2026-07-07 20:50:00-04:00,7559.0,7560.0,7558.25,7558.5,769
2026-07-07 20:55:00-04:00,7561.75,7562.0,7558.75,7558.75,894
2026-07-07 21:00:00-04:00,7560.25,7562.5,7560.25,7561.75,1329
2026-07-07 21:05:00-04:00,7557.75,7560.5,7556.5,7560.25,994
2026-07-07 21:10:00-04:00,7562.5,7563.0,7558.0,7558.0,850
2026-07-07 21:15:00-04:00,7560.75,7562.75,7559.75,7562.5,586
2026-07-07 21:20:00-04:00,7557.75,7560.75,7557.0,7560.75,517
2026-07-07 21:25:00-04:00,7556.5,7559.25,7555.5,7558.0,540
2026-07-07 21:30:00-04:00,7555.25,7558.0,7554.25,7556.75,777
2026-07-07 21:35:00-04:00,7553.75,7555.75,7550.5,7555.25,1351
2026-07-07 21:40:00-04:00,7554.25,7555.25,7552.0,7553.5,867
2026-07-07 21:45:00-04:00,7556.75,7558.25,7554.0,7554.0,796
2026-07-07 21:50:00-04:00,7552.75,7557.75,7552.5,7557.0,539
2026-07-07 21:55:00-04:00,7553.0,7554.5,7551.75,7552.75,643
2026-07-07 22:00:00-04:00,7550.0,7553.75,7548.75,7553.25,893
2026-07-07 22:05:00-04:00,7549.75,7550.75,7547.5,7550.0,874
2026-07-07 22:10:00-04:00,7548.0,7550.75,7547.25,7550.0,527
2026-07-07 22:15:00-04:00,7549.75,7550.25,7546.5,7548.0,704
2026-07-07 22:20:00-04:00,7550.75,7551.0,7547.5,7549.75,559
2026-07-07 22:25:00-04:00,7548.75,7553.25,7548.5,7550.75,1013
2026-07-07 22:30:00-04:00,7548.0,7549.5,7546.25,7548.75,527
2026-07-07 22:35:00-04:00,7548.5,7548.75,7546.75,7548.0,456
2026-07-07 22:40:00-04:00,7552.25,7552.25,7548.25,7548.75,514
2026-07-07 22:45:00-04:00,7553.75,7555.0,7552.5,7552.5,572
2026-07-07 22:50:00-04:00,7553.5,7554.25,7551.5,7553.75,569
2026-07-07 22:55:00-04:00,7553.0,7554.25,7551.5,7553.75,283
2026-07-07 23:00:00-04:00,7555.5,7555.75,7553.25,7553.25,598
2026-07-07 23:05:00-04:00,7555.5,7556.25,7554.0,7555.5,372
2026-07-07 23:10:00-04:00,7556.75,7557.75,7555.25,7555.75,614
2026-07-07 23:15:00-04:00,7555.25,7557.5,7555.0,7556.5,361
2026-07-07 23:20:00-04:00,7557.75,7558.25,7555.0,7555.25,427
2026-07-07 23:25:00-04:00,7559.75,7560.25,7557.75,7557.75,509
2026-07-07 23:30:00-04:00,7558.75,7561.5,7558.0,7559.75,731
2026-07-07 23:35:00-04:00,7558.25,7559.25,7557.5,7558.75,321
2026-07-07 23:40:00-04:00,7555.5,7558.5,7555.25,7558.5,414
2026-07-07 23:45:00-04:00,7555.75,7556.25,7554.25,7555.75,351
2026-07-07 23:50:00-04:00,7555.0,7556.75,7554.25,7556.0,267
2026-07-07 23:55:00-04:00,7554.75,7555.25,7554.0,7554.75,294
2026-07-08 00:05:00-04:00,7554.25,7554.75,7553.5,7553.75,979
2026-07-08 00:10:00-04:00,7552.25,7554.25,7550.75,7554.0,494
2026-07-08 00:15:00-04:00,7551.75,7552.75,7551.25,7552.25,430
2026-07-08 00:20:00-04:00,7555.5,7556.25,7551.0,7551.5,610
2026-07-08 00:25:00-04:00,7553.75,7555.75,7553.5,7555.5,262
2026-07-08 00:30:00-04:00,7551.0,7554.25,7549.75,7554.0,700
2026-07-08 00:35:00-04:00,7550.25,7552.0,7548.75,7551.25,588
2026-07-08 00:40:00-04:00,7551.25,7552.5,7549.75,7550.25,398
2026-07-08 00:45:00-04:00,7550.5,7553.0,7550.0,7551.25,420
2026-07-08 00:50:00-04:00,7548.5,7550.75,7548.25,7550.25,475
2026-07-08 00:55:00-04:00,7551.25,7551.5,7547.0,7548.25,648
2026-07-08 01:00:00-04:00,7551.0,7553.75,7549.75,7551.5,629
2026-07-08 01:05:00-04:00,7553.0,7554.75,7551.0,7551.25,500
2026-07-08 01:10:00-04:00,7550.5,7552.75,7550.5,7552.75,466
2026-07-08 01:15:00-04:00,7551.0,7553.25,7548.75,7550.75,479
2026-07-08 01:20:00-04:00,7548.0,7551.75,7547.75,7551.0,421
2026-07-08 01:25:00-04:00,7548.0,7550.25,7547.0,7548.0,578
2026-07-08 01:30:00-04:00,7545.5,7548.25,7542.75,7548.25,1104
2026-07-08 01:35:00-04:00,7544.5,7546.5,7544.0,7545.25,613
2026-07-08 01:40:00-04:00,7544.25,7547.5,7543.5,7544.5,737
2026-07-08 01:45:00-04:00,7539.25,7544.5,7538.75,7544.25,1141
2026-07-08 01:50:00-04:00,7542.0,7542.25,7538.75,7539.0,1533
2026-07-08 01:55:00-04:00,7543.5,7545.5,7542.0,7542.25,659
2026-07-08 02:00:00-04:00,7543.25,7544.25,7541.25,7543.75,928
2026-07-08 02:05:00-04:00,7543.25,7544.25,7541.75,7543.5,762
2026-07-08 02:10:00-04:00,7541.5,7543.75,7539.75,7543.5,688
2026-07-08 02:15:00-04:00,7541.5,7543.5,7540.75,7541.5,696
2026-07-08 02:20:00-04:00,7544.25,7544.25,7539.0,7541.5,1108
2026-07-08 02:25:00-04:00,7540.0,7545.0,7540.0,7544.25,740
2026-07-08 02:30:00-04:00,7536.75,7541.25,7535.75,7540.0,1542
2026-07-08 02:35:00-04:00,7535.5,7537.0,7535.25,7536.75,756
2026-07-08 02:40:00-04:00,7534.0,7537.5,7533.75,7535.75,1206
2026-07-08 02:45:00-04:00,7537.25,7538.0,7532.75,7534.0,1734
2026-07-08 02:50:00-04:00,7540.25,7541.5,7537.5,7537.5,1021
2026-07-08 02:55:00-04:00,7539.25,7540.25,7537.5,7540.25,575
2026-07-08 03:00:00-04:00,7534.75,7540.25,7533.25,7539.25,2021
2026-07-08 03:05:00-04:00,7534.25,7535.5,7532.0,7535.0,1538
2026-07-08 03:10:00-04:00,7535.5,7537.5,7533.75,7534.5,1395
2026-07-08 03:15:00-04:00,7534.75,7537.5,7532.5,7535.5,1082
2026-07-08 03:20:00-04:00,7539.5,7539.75,7533.5,7535.0,1128
2026-07-08 03:25:00-04:00,7541.5,7541.75,7539.0,7539.5,876
2026-07-08 03:30:00-04:00,7542.5,7543.0,7541.0,7541.5,146
2026-07-08 03:40:00-04:00,7544.75,7551.25,7541.0,7551.25,3693
2026-07-08 03:45:00-04:00,7543.75,7545.5,7543.0,7545.0,914
2026-07-08 03:50:00-04:00,7542.5,7544.0,7540.75,7543.75,683
2026-07-08 03:55:00-04:00,7541.5,7542.25,7540.5,7542.0,490
2026-07-08 04:00:00-04:00,7537.75,7542.5,7537.25,7541.5,1299
2026-07-08 04:05:00-04:00,7542.25,7542.75,7536.5,7538.0,1385
2026-07-08 04:10:00-04:00,7545.75,7546.75,7541.25,7541.75,1291
2026-07-08 04:15:00-04:00,7521.25,7546.5,7515.75,7545.75,12480
2026-07-08 04:20:00-04:00,7505.5,7525.25,7505.0,7521.25,8064
2026-07-08 04:25:00-04:00,7497.25,7506.0,7496.5,7505.5,9663
2026-07-08 04:30:00-04:00,7496.5,7498.75,7488.0,7497.0,8783
2026-07-08 04:35:00-04:00,7481.75,7498.75,7480.75,7496.75,8334
2026-07-08 04:40:00-04:00,7486.5,7487.5,7477.5,7482.0,7341
2026-07-08 04:45:00-04:00,7487.25,7491.25,7484.75,7486.75,6090
2026-07-08 04:50:00-04:00,7489.5,7494.5,7485.5,7487.5,3657
2026-07-08 04:55:00-04:00,7480.75,7494.25,7479.0,7489.5,3920
2026-07-08 05:00:00-04:00,7478.5,7483.5,7476.25,7480.75,3828
2026-07-08 05:05:00-04:00,7473.75,7479.25,7472.25,7478.75,3296
2026-07-08 05:10:00-04:00,7468.75,7478.0,7468.5,7473.75,4224
2026-07-08 05:15:00-04:00,7475.5,7476.25,7468.75,7468.75,3891
2026-07-08 05:20:00-04:00,7472.75,7477.5,7472.75,7475.25,3080
2026-07-08 05:25:00-04:00,7474.75,7476.0,7470.5,7472.5,1874
2026-07-08 05:30:00-04:00,7479.25,7480.0,7473.5,7474.5,2403
2026-07-08 05:35:00-04:00,7479.0,7483.75,7476.25,7479.0,2965
2026-07-08 05:40:00-04:00,7479.25,7479.75,7473.5,7479.25,3068
2026-07-08 05:45:00-04:00,7478.0,7480.0,7474.25,7479.25,1611
2026-07-08 05:50:00-04:00,7477.0,7480.25,7475.25,7478.0,1633
2026-07-08 05:55:00-04:00,7474.5,7477.5,7473.0,7477.0,2434
2026-07-08 06:00:00-04:00,7473.0,7478.0,7471.25,7474.75,3236
2026-07-08 06:05:00-04:00,7472.5,7473.75,7469.5,7473.0,2662
2026-07-08 06:10:00-04:00,7473.25,7473.5,7469.0,7472.5,3056
2026-07-08 06:15:00-04:00,7476.75,7477.25,7470.5,7473.5,2033
2026-07-08 06:20:00-04:00,7476.75,7479.5,7475.25,7477.0,2086
2026-07-08 06:25:00-04:00,7481.0,7481.5,7476.25,7476.25,1963
2026-07-08 06:30:00-04:00,7483.25,7487.0,7477.25,7480.75,3962
2026-07-08 06:35:00-04:00,7486.75,7487.75,7483.5,7483.75,2452
2026-07-08 06:40:00-04:00,7487.75,7488.75,7486.0,7486.75,1399
2026-07-08 06:45:00-04:00,7486.25,7490.0,7484.75,7487.75,1910
2026-07-08 06:50:00-04:00,7487.25,7489.5,7486.0,7486.5,1694
2026-07-08 06:55:00-04:00,7485.75,7490.5,7485.25,7487.25,2171
2026-07-08 07:00:00-04:00,7484.5,7487.75,7481.5,7485.5,3577
2026-07-08 07:05:00-04:00,7484.5,7489.0,7483.25,7484.5,1952
2026-07-08 07:10:00-04:00,7485.0,7485.75,7481.0,7485.0,1560
2026-07-08 07:15:00-04:00,7486.0,7487.0,7482.5,7485.0,1260
2026-07-08 07:20:00-04:00,7481.25,7486.25,7479.5,7486.0,2089
2026-07-08 07:25:00-04:00,7482.75,7484.25,7481.0,7481.25,1145
2026-07-08 07:30:00-04:00,7488.0,7488.25,7480.5,7482.75,2149
2026-07-08 07:35:00-04:00,7485.5,7490.75,7484.75,7488.25,2036
2026-07-08 07:40:00-04:00,7498.0,7506.5,7484.0,7485.5,9830
2026-07-08 07:45:00-04:00,7497.25,7501.75,7495.25,7498.0,4228
2026-07-08 07:50:00-04:00,7499.5,7500.0,7493.5,7497.5,2428
2026-07-08 07:55:00-04:00,7498.5,7504.5,7496.75,7499.5,3631
2026-07-08 08:00:00-04:00,7500.75,7501.25,7492.5,7498.5,4016
2026-07-08 08:05:00-04:00,7509.75,7512.0,7500.75,7501.0,4527
2026-07-08 08:10:00-04:00,7508.0,7511.75,7507.5,7510.0,2484
2026-07-08 08:15:00-04:00,7509.75,7510.25,7506.5,7508.0,2029
2026-07-08 08:20:00-04:00,7505.0,7509.75,7504.5,7509.75,2058
2026-07-08 08:25:00-04:00,7512.25,7512.75,7504.25,7505.0,3049
2026-07-08 08:30:00-04:00,7509.0,7515.0,7507.75,7512.25,3359
2026-07-08 08:35:00-04:00,7511.5,7512.75,7507.75,7509.25,1738
2026-07-08 08:40:00-04:00,7512.0,7512.25,7509.25,7511.25,1637
2026-07-08 08:45:00-04:00,7510.5,7512.75,7509.5,7512.0,2050
2026-07-08 08:50:00-04:00,7516.0,7516.75,7510.5,7510.5,2380
2026-07-08 08:55:00-04:00,7505.25,7519.0,7504.5,7516.0,9411
2026-07-08 09:00:00-04:00,7510.5,7511.75,7504.75,7505.5,4531
2026-07-08 09:05:00-04:00,7510.0,7511.75,7505.5,7510.5,4960
2026-07-08 09:10:00-04:00,7513.75,7515.75,7506.5,7510.0,4114
2026-07-08 09:15:00-04:00,7511.5,7514.5,7510.0,7513.75,3844
2026-07-08 09:20:00-04:00,7508.75,7512.25,7506.75,7511.5,4252
2026-07-08 09:25:00-04:00,7506.75,7513.0,7503.75,7509.0,9916
2026-07-08 09:30:00-04:00,7512.25,7516.75,7501.75,7507.0,29809
2026-07-08 09:35:00-04:00,7515.0,7517.25,7505.75,7512.25,24152
2026-07-08 09:40:00-04:00,7518.75,7523.25,7513.25,7515.25,22222
2026-07-08 09:45:00-04:00,7511.75,7524.75,7511.5,7518.75,18616
2026-07-08 09:50:00-04:00,7511.75,7520.0,7508.75,7511.75,17218
2026-07-08 09:55:00-04:00,7515.75,7521.5,7507.25,7511.75,18327
2026-07-08 10:00:00-04:00,7513.25,7520.25,7511.0,7515.75,15471
2026-07-08 10:05:00-04:00,7517.75,7522.5,7513.0,7513.25,16443
2026-07-08 10:10:00-04:00,7507.75,7519.75,7505.75,7517.75,15424
2026-07-08 10:15:00-04:00,7507.25,7511.25,7501.75,7507.5,19712
2026-07-08 10:20:00-04:00,7513.0,7520.75,7505.0,7507.0,19636
2026-07-08 10:25:00-04:00,7506.0,7519.75,7502.75,7513.0,19872
2026-07-08 10:30:00-04:00,7508.0,7512.0,7502.0,7506.0,18343
2026-07-08 10:35:00-04:00,7498.0,7508.25,7497.25,7508.0,18099
2026-07-08 10:40:00-04:00,7499.25,7503.0,7494.75,7498.0,16743
2026-07-08 10:45:00-04:00,7488.25,7499.75,7488.0,7499.5,16411
2026-07-08 10:50:00-04:00,7496.25,7503.25,7484.0,7488.0,23404
2026-07-08 10:55:00-04:00,7493.25,7502.0,7490.25,7496.0,13822
2026-07-08 11:00:00-04:00,7490.25,7495.25,7489.0,7493.5,11828
2026-07-08 11:05:00-04:00,7489.75,7494.5,7489.0,7490.25,10422
2026-07-08 11:10:00-04:00,7485.75,7493.5,7484.5,7489.75,12295
2026-07-08 11:15:00-04:00,7488.0,7490.25,7478.5,7486.0,19103
2026-07-08 11:20:00-04:00,7476.25,7490.75,7475.0,7487.75,17746
2026-07-08 11:25:00-04:00,7474.25,7478.0,7470.0,7476.25,20603
2026-07-08 11:30:00-04:00,7482.0,7482.5,7469.5,7474.25,20152
2026-07-08 11:35:00-04:00,7480.75,7487.5,7478.75,7481.75,17155
2026-07-08 11:40:00-04:00,7482.0,7486.75,7480.5,7480.75,13495
2026-07-08 11:45:00-04:00,7479.75,7485.0,7477.5,7482.25,11291
2026-07-08 11:50:00-04:00,7479.5,7480.75,7475.0,7479.75,10175
2026-07-08 11:55:00-04:00,7481.0,7482.75,7476.5,7479.5,12036
2026-07-08 12:00:00-04:00,7487.0,7487.25,7480.75,7481.0,15010
2026-07-08 12:05:00-04:00,7491.25,7492.25,7485.75,7487.0,13424
2026-07-08 12:10:00-04:00,7497.5,7498.5,7491.25,7491.5,11586
2026-07-08 12:15:00-04:00,7501.0,7502.0,7494.5,7497.75,11665
2026-07-08 12:20:00-04:00,7502.25,7507.75,7500.75,7501.0,15328
2026-07-08 12:25:00-04:00,7506.0,7510.0,7501.75,7502.5,11114
2026-07-08 12:30:00-04:00,7505.5,7513.5,7505.0,7506.0,14993
2026-07-08 12:35:00-04:00,7507.25,7510.5,7499.5,7505.5,18392
2026-07-08 12:40:00-04:00,7514.5,7517.5,7503.5,7507.25,21200
2026-07-08 12:45:00-04:00,7517.75,7518.25,7510.75,7514.5,11180
2026-07-08 12:50:00-04:00,7519.5,7521.75,7516.0,7518.0,14406
2026-07-08 12:55:00-04:00,7522.0,7522.75,7517.5,7519.5,9010
2026-07-08 13:00:00-04:00,7518.25,7522.5,7516.5,7522.0,10045
2026-07-08 13:05:00-04:00,7518.0,7523.0,7517.0,7518.25,8444
2026-07-08 13:10:00-04:00,7518.25,7521.75,7514.5,7518.0,8362
2026-07-08 13:15:00-04:00,7524.5,7525.25,7518.0,7518.0,7539
2026-07-08 13:20:00-04:00,7529.75,7530.0,7524.0,7524.5,11690
2026-07-08 13:25:00-04:00,7532.75,7533.0,7527.5,7529.75,9935
2026-07-08 13:30:00-04:00,7531.25,7536.5,7531.25,7532.75,10014
2026-07-08 13:35:00-04:00,7528.0,7532.75,7527.75,7531.0,7798
2026-07-08 13:40:00-04:00,7525.0,7528.5,7523.5,7528.0,8330
2026-07-08 13:45:00-04:00,7519.0,7525.0,7517.25,7525.0,10486
2026-07-08 13:50:00-04:00,7519.75,7524.0,7517.75,7519.0,8466
2026-07-08 13:55:00-04:00,7519.5,7520.25,7514.5,7519.5,7543
2026-07-08 14:00:00-04:00,7528.0,7529.75,7515.5,7519.25,11562
2026-07-08 14:05:00-04:00,7527.75,7529.0,7523.75,7527.75,7965
2026-07-08 14:10:00-04:00,7528.0,7530.0,7524.25,7527.5,8796
2026-07-08 14:15:00-04:00,7527.0,7529.25,7522.25,7528.0,8468
2026-07-08 14:20:00-04:00,7524.25,7528.0,7523.5,7526.75,7591
2026-07-08 14:25:00-04:00,7521.75,7527.25,7521.5,7524.25,5888
2026-07-08 14:30:00-04:00,7519.5,7522.75,7517.75,7521.5,7625
2026-07-08 14:35:00-04:00,7526.75,7527.5,7518.25,7519.25,7038
2026-07-08 14:40:00-04:00,7525.5,7528.0,7520.5,7526.75,7185
2026-07-08 14:45:00-04:00,7527.75,7528.25,7522.75,7525.5,4670
2026-07-08 14:50:00-04:00,7526.5,7530.5,7525.5,7527.75,7053
2026-07-08 14:55:00-04:00,7528.25,7528.5,7523.0,7526.75,6674
2026-07-08 15:00:00-04:00,7527.25,7532.5,7525.5,7528.5,9613
2026-07-08 15:05:00-04:00,7528.0,7529.0,7524.75,7527.25,5828
2026-07-08 15:10:00-04:00,7523.75,7528.5,7522.5,7528.25,6202
2026-07-08 15:15:00-04:00,7523.0,7526.5,7521.75,7523.5,5706
2026-07-08 15:20:00-04:00,7525.0,7527.5,7523.0,7523.25,5123
2026-07-08 15:25:00-04:00,7526.75,7528.5,7524.25,7525.25,5312
2026-07-08 15:30:00-04:00,7524.0,7528.25,7523.0,7526.75,7903
2026-07-08 15:35:00-04:00,7527.0,7528.5,7523.0,7523.75,6188
2026-07-08 15:40:00-04:00,7527.75,7528.25,7523.5,7526.75,6502
2026-07-08 15:45:00-04:00,7522.25,7528.25,7518.25,7528.0,12365
2026-07-08 15:50:00-04:00,7531.5,7531.75,7520.25,7522.25,15044
2026-07-08 15:55:00-04:00,7526.75,7536.5,7526.5,7531.5,72014
2026-07-08 16:00:00-04:00,7525.75,7529.5,7522.5,7526.75,21967
2026-07-08 16:05:00-04:00,7525.25,7526.75,7523.75,7525.75,5620
2026-07-08 16:10:00-04:00,7523.75,7525.5,7518.5,7525.5,5777
2026-07-08 16:15:00-04:00,7518.25,7524.0,7517.75,7523.75,3089
2026-07-08 16:20:00-04:00,7517.75,7519.0,7517.0,7518.5,2010
2026-07-08 16:25:00-04:00,7517.75,7518.25,7516.5,7517.75,1530
2026-07-08 16:30:00-04:00,7513.25,7518.75,7512.25,7517.75,2319
2026-07-08 16:35:00-04:00,7513.0,7513.5,7508.0,7513.25,3023
2026-07-08 16:40:00-04:00,7514.75,7518.0,7512.75,7513.25,1659
2026-07-08 16:45:00-04:00,7515.5,7517.0,7514.0,7514.75,1342
2026-07-08 16:50:00-04:00,7515.75,7518.75,7515.0,7515.5,1114
2026-07-08 16:55:00-04:00,7515.5,7517.5,7512.0,7516.0,1744
2026-07-08 18:00:00-04:00,7522.0,7523.0,7516.75,7517.25,0
2026-07-08 18:05:00-04:00,7520.5,7523.0,7517.5,7521.5,588
2026-07-08 18:10:00-04:00,7520.5,7522.0,7520.0,7520.5,301
2026-07-08 18:15:00-04:00,7520.5,7522.75,7519.25,7520.5,411
2026-07-08 18:20:00-04:00,7519.75,7520.25,7518.25,7520.25,224
2026-07-08 18:25:00-04:00,7519.0,7519.75,7517.0,7519.75,397
2026-07-08 18:30:00-04:00,7522.0,7523.25,7517.0,7519.5,653
2026-07-08 18:35:00-04:00,7518.0,7522.0,7517.5,7521.75,373
2026-07-08 18:40:00-04:00,7516.75,7519.0,7516.75,7518.25,272
2026-07-08 18:45:00-04:00,7518.25,7518.5,7516.75,7517.0,139
2026-07-08 18:50:00-04:00,7517.25,7519.25,7516.25,7518.0,178
2026-07-08 18:55:00-04:00,7519.0,7519.5,7517.0,7517.5,98
2026-07-08 19:00:00-04:00,7519.5,7520.75,7518.75,7519.0,220
2026-07-08 19:05:00-04:00,7522.0,7522.75,7519.0,7519.25,320
2026-07-08 19:10:00-04:00,7522.25,7522.5,7521.5,7522.0,153
2026-07-08 19:15:00-04:00,7518.0,7522.25,7518.0,7522.0,263
2026-07-08 19:20:00-04:00,7519.0,7519.75,7516.25,7517.75,266
2026-07-08 19:25:00-04:00,7520.25,7520.25,7517.5,7519.0,164
2026-07-08 19:30:00-04:00,7521.25,7522.5,7517.75,7520.0,235
2026-07-08 19:35:00-04:00,7521.25,7525.25,7520.5,7521.25,1029
2026-07-08 19:40:00-04:00,7524.25,7524.75,7520.75,7521.25,346
2026-07-08 19:45:00-04:00,7524.75,7527.0,7523.25,7524.25,745
2026-07-08 19:50:00-04:00,7525.5,7525.75,7523.25,7525.0,670
2026-07-08 19:55:00-04:00,7527.0,7528.25,7525.5,7525.5,942
2026-07-08 20:00:00-04:00,7528.75,7531.0,7525.75,7527.0,2003
2026-07-08 20:05:00-04:00,7530.75,7532.5,7527.25,7528.5,1212
2026-07-08 20:10:00-04:00,7533.25,7534.0,7529.0,7530.75,1052
2026-07-08 20:15:00-04:00,7527.75,7534.0,7527.0,7533.25,1382
2026-07-08 20:20:00-04:00,7530.25,7531.25,7527.5,7527.75,1094
2026-07-08 20:25:00-04:00,7533.5,7534.25,7529.75,7530.25,973
2026-07-08 20:30:00-04:00,7532.5,7537.0,7531.25,7533.5,1374
2026-07-08 20:35:00-04:00,7534.0,7536.0,7531.0,7532.25,906
2026-07-08 20:40:00-04:00,7531.75,7533.75,7531.0,7533.75,719
2026-07-08 20:45:00-04:00,7535.5,7536.25,7531.0,7531.5,917
2026-07-08 20:50:00-04:00,7529.25,7535.75,7528.75,7535.5,936
2026-07-08 20:55:00-04:00,7532.25,7532.5,7528.75,7529.5,763
2026-07-08 21:00:00-04:00,7529.25,7534.0,7527.75,7532.25,1137
2026-07-08 21:05:00-04:00,7535.25,7535.5,7528.5,7529.25,912
2026-07-08 21:10:00-04:00,7532.75,7535.5,7532.75,7535.25,562
2026-07-08 21:15:00-04:00,7535.25,7535.75,7531.25,7533.0,672
2026-07-08 21:20:00-04:00,7533.25,7537.5,7532.25,7535.25,843
2026-07-08 21:25:00-04:00,7533.75,7534.0,7531.0,7533.25,551
2026-07-08 21:30:00-04:00,7533.75,7535.5,7531.5,7534.0,593
2026-07-08 21:35:00-04:00,7534.5,7535.75,7533.5,7533.75,544
2026-07-08 21:40:00-04:00,7536.0,7536.5,7533.25,7534.5,558
2026-07-08 21:45:00-04:00,7537.75,7537.75,7534.0,7536.0,672
2026-07-08 21:50:00-04:00,7531.25,7538.0,7531.25,7537.75,894
2026-07-08 21:55:00-04:00,7530.25,7531.5,7528.5,7531.25,1452
2026-07-08 22:00:00-04:00,7530.75,7531.5,7527.0,7530.25,1291
2026-07-08 22:05:00-04:00,7535.5,7536.75,7530.25,7531.0,1182
2026-07-08 22:10:00-04:00,7538.5,7539.0,7535.0,7535.25,1108
2026-07-08 22:15:00-04:00,7540.0,7540.25,7536.75,7538.5,1114
2026-07-08 22:20:00-04:00,7538.25,7543.5,7538.25,7540.0,1560
2026-07-08 22:25:00-04:00,7539.25,7540.0,7537.5,7538.25,625
2026-07-08 22:30:00-04:00,7537.0,7541.0,7537.0,7539.25,522
2026-07-08 22:35:00-04:00,7535.75,7537.5,7533.25,7537.5,968
2026-07-08 22:40:00-04:00,7531.5,7536.5,7531.5,7535.75,691
2026-07-08 22:45:00-04:00,7530.0,7532.5,7528.0,7531.75,1004
2026-07-08 22:50:00-04:00,7529.0,7530.5,7527.0,7529.75,981
2026-07-08 22:55:00-04:00,7528.5,7530.25,7527.5,7529.25,645
2026-07-08 23:00:00-04:00,7527.25,7529.0,7525.5,7528.75,970
2026-07-08 23:05:00-04:00,7529.5,7530.5,7527.0,7527.0,548
2026-07-08 23:10:00-04:00,7527.75,7529.75,7526.0,7529.25,806
2026-07-08 23:15:00-04:00,7526.5,7528.75,7525.0,7527.75,939
2026-07-08 23:20:00-04:00,7529.5,7529.75,7525.75,7526.5,508
2026-07-08 23:25:00-04:00,7535.0,7535.25,7529.5,7529.75,839
2026-07-08 23:30:00-04:00,7537.25,7538.75,7534.25,7535.25,964
2026-07-08 23:35:00-04:00,7537.75,7538.25,7536.5,7537.5,486
2026-07-08 23:40:00-04:00,7539.5,7539.5,7536.0,7537.75,617
2026-07-08 23:45:00-04:00,7538.75,7539.75,7537.25,7539.5,548
2026-07-08 23:50:00-04:00,7539.0,7539.5,7538.25,7538.75,301
2026-07-08 23:55:00-04:00,7539.0,7540.0,7538.0,7539.25,293
2026-07-09 00:05:00-04:00,7539.25,7539.5,7539.0,7539.25,786
2026-07-09 00:10:00-04:00,7538.0,7539.75,7537.75,7539.0,346
2026-07-09 00:15:00-04:00,7538.0,7540.75,7537.75,7538.25,448
2026-07-09 00:20:00-04:00,7536.5,7538.5,7536.25,7538.0,369
2026-07-09 00:25:00-04:00,7536.25,7537.25,7535.0,7536.5,442
2026-07-09 00:30:00-04:00,7542.0,7543.5,7536.5,7536.5,763
2026-07-09 00:35:00-04:00,7543.0,7543.5,7541.0,7541.75,497
2026-07-09 00:40:00-04:00,7543.5,7544.0,7542.0,7543.0,505
2026-07-09 00:45:00-04:00,7542.25,7543.75,7541.75,7543.5,377
2026-07-09 00:50:00-04:00,7545.5,7546.0,7542.25,7542.5,591
2026-07-09 00:55:00-04:00,7546.0,7547.0,7545.0,7545.5,735
2026-07-09 01:00:00-04:00,7544.0,7547.0,7543.5,7546.0,572
2026-07-09 01:05:00-04:00,7541.75,7544.25,7540.75,7544.25,689
2026-07-09 01:10:00-04:00,7549.0,7554.0,7542.0,7542.0,3451
2026-07-09 01:15:00-04:00,7543.25,7550.5,7542.25,7549.25,1566
2026-07-09 01:20:00-04:00,7541.5,7544.0,7540.5,7543.5,685
2026-07-09 01:25:00-04:00,7541.25,7542.75,7540.75,7541.5,538
2026-07-09 01:30:00-04:00,7543.5,7543.75,7536.0,7541.5,1346
2026-07-09 01:35:00-04:00,7543.25,7545.0,7542.0,7543.75,652
2026-07-09 01:40:00-04:00,7545.0,7545.0,7541.25,7543.25,518
2026-07-09 01:45:00-04:00,7548.25,7548.25,7544.25,7545.0,654
2026-07-09 01:50:00-04:00,7549.0,7549.75,7547.25,7548.25,843
2026-07-09 01:55:00-04:00,7552.5,7552.75,7548.0,7549.0,1252
2026-07-09 02:00:00-04:00,7549.75,7553.5,7549.75,7552.25,2238
2026-07-09 02:05:00-04:00,7549.25,7550.75,7547.0,7549.5,1001
2026-07-09 02:10:00-04:00,7550.25,7551.0,7548.0,7549.5,550
2026-07-09 02:15:00-04:00,7551.75,7553.25,7549.75,7550.0,961
2026-07-09 02:20:00-04:00,7552.25,7552.75,7550.25,7551.75,832
2026-07-09 02:25:00-04:00,7551.5,7553.5,7550.5,7552.25,1266
2026-07-09 02:30:00-04:00,7549.25,7551.75,7548.25,7551.5,1121
2026-07-09 02:35:00-04:00,7550.5,7552.0,7549.5,7549.5,643
2026-07-09 02:40:00-04:00,7551.75,7552.25,7550.0,7550.25,661
2026-07-09 02:45:00-04:00,7550.25,7551.75,7549.5,7551.75,926
2026-07-09 02:50:00-04:00,7550.0,7551.75,7549.75,7550.0,472
2026-07-09 02:55:00-04:00,7549.75,7550.25,7548.0,7549.75,512
2026-07-09 03:00:00-04:00,7551.25,7553.25,7548.5,7549.75,1702
2026-07-09 03:05:00-04:00,7549.75,7552.0,7549.0,7551.25,1579
2026-07-09 03:10:00-04:00,7553.0,7553.5,7548.0,7549.5,1149
2026-07-09 03:15:00-04:00,7552.5,7554.25,7551.75,7553.25,950
2026-07-09 03:20:00-04:00,7551.0,7552.5,7549.25,7552.25,887
2026-07-09 03:25:00-04:00,7551.5,7553.0,7550.25,7551.0,1117
2026-07-09 03:30:00-04:00,7551.5,7553.25,7551.25,7551.75,1060
2026-07-09 03:35:00-04:00,7551.0,7552.75,7549.25,7551.75,731
2026-07-09 03:40:00-04:00,7556.5,7556.75,7549.5,7550.75,1479
2026-07-09 03:45:00-04:00,7556.0,7557.0,7554.5,7556.5,1183
2026-07-09 03:50:00-04:00,7554.75,7557.75,7554.75,7556.25,1125
2026-07-09 03:55:00-04:00,7553.5,7555.0,7551.25,7554.75,1487
2026-07-09 04:00:00-04:00,7555.5,7556.5,7551.5,7553.5,1650
2026-07-09 04:05:00-04:00,7556.0,7558.0,7554.75,7555.75,1827
2026-07-09 04:10:00-04:00,7553.0,7556.25,7553.0,7556.25,1069
2026-07-09 04:15:00-04:00,7553.0,7557.25,7550.25,7552.75,1088
2026-07-09 04:20:00-04:00,7553.0,7553.5,7551.75,7553.0,635
2026-07-09 04:25:00-04:00,7553.25,7554.5,7552.0,7553.25,642
2026-07-09 04:30:00-04:00,7547.75,7553.75,7547.0,7553.0,1335
2026-07-09 04:35:00-04:00,7546.75,7549.5,7546.75,7547.75,1276
2026-07-09 04:40:00-04:00,7547.25,7547.75,7545.75,7546.75,894
2026-07-09 04:45:00-04:00,7542.75,7547.75,7542.0,7547.25,775
2026-07-09 04:50:00-04:00,7547.0,7547.0,7542.0,7542.5,1259
2026-07-09 04:55:00-04:00,7545.75,7547.75,7544.25,7546.75,839
2026-07-09 05:00:00-04:00,7544.5,7546.5,7542.25,7545.5,831
2026-07-09 05:05:00-04:00,7543.0,7545.75,7541.25,7544.5,676
2026-07-09 05:10:00-04:00,7542.5,7543.75,7541.25,7542.75,446
2026-07-09 05:15:00-04:00,7541.5,7543.5,7541.0,7542.75,900
2026-07-09 05:20:00-04:00,7541.5,7542.25,7540.5,7541.25,578
2026-07-09 05:25:00-04:00,7542.25,7543.75,7540.75,7541.75,1078
2026-07-09 05:30:00-04:00,7540.5,7543.25,7539.5,7542.25,734
2026-07-09 05:35:00-04:00,7540.5,7542.0,7538.5,7540.75,626
2026-07-09 05:40:00-04:00,7536.75,7540.75,7533.25,7540.5,2328
2026-07-09 05:45:00-04:00,7538.75,7540.0,7536.5,7536.5,800
2026-07-09 05:50:00-04:00,7541.25,7541.5,7538.5,7538.5,577
2026-07-09 05:55:00-04:00,7541.75,7542.0,7540.75,7541.0,591
2026-07-09 06:00:00-04:00,7541.0,7542.0,7539.25,7541.75,408
2026-07-09 06:05:00-04:00,7541.0,7542.5,7539.75,7540.75,438
2026-07-09 06:10:00-04:00,7541.75,7542.75,7540.5,7541.0,427
2026-07-09 06:15:00-04:00,7543.25,7543.75,7541.5,7541.75,689
2026-07-09 06:20:00-04:00,7542.25,7544.0,7542.0,7543.0,670
2026-07-09 06:25:00-04:00,7540.5,7542.25,7539.0,7542.25,622
2026-07-09 06:30:00-04:00,7539.0,7540.25,7536.5,7540.25,824
2026-07-09 06:35:00-04:00,7539.5,7541.5,7538.0,7539.0,447
2026-07-09 06:40:00-04:00,7539.75,7540.25,7537.0,7539.5,1141
2026-07-09 06:45:00-04:00,7533.5,7541.0,7533.5,7540.0,2283
2026-07-09 06:50:00-04:00,7531.25,7534.25,7526.75,7533.25,2749
2026-07-09 06:55:00-04:00,7534.5,7535.25,7527.75,7531.0,2433
2026-07-09 07:00:00-04:00,7537.75,7539.0,7534.5,7534.5,1304
2026-07-09 07:05:00-04:00,7532.5,7538.5,7531.0,7537.75,1444
2026-07-09 07:10:00-04:00,7537.25,7538.0,7532.0,7532.5,1130
2026-07-09 07:15:00-04:00,7535.25,7537.25,7535.0,7537.25,510
2026-07-09 07:20:00-04:00,7535.5,7540.0,7534.5,7535.5,2020
2026-07-09 07:25:00-04:00,7538.5,7538.75,7535.5,7535.75,840
2026-07-09 07:30:00-04:00,7540.25,7541.5,7536.25,7538.5,1944
2026-07-09 07:35:00-04:00,7539.5,7540.75,7537.0,7540.25,1211
2026-07-09 07:40:00-04:00,7541.0,7541.75,7537.5,7539.75,1140
2026-07-09 07:45:00-04:00,7543.5,7545.25,7540.0,7541.0,2917
2026-07-09 07:50:00-04:00,7544.0,7546.5,7542.25,7543.5,1544
2026-07-09 07:55:00-04:00,7543.25,7545.25,7542.5,7544.25,697
2026-07-09 08:00:00-04:00,7545.25,7546.0,7542.25,7543.25,1491
2026-07-09 08:05:00-04:00,7548.5,7549.75,7543.0,7545.5,1508
2026-07-09 08:10:00-04:00,7546.25,7550.0,7546.25,7548.25,1493
2026-07-09 08:15:00-04:00,7546.5,7548.25,7545.5,7546.5,1451
2026-07-09 08:20:00-04:00,7547.75,7548.0,7545.0,7546.5,999
2026-07-09 08:25:00-04:00,7550.5,7550.75,7547.5,7547.75,1660
2026-07-09 08:30:00-04:00,7552.75,7554.0,7549.25,7550.25,2876
2026-07-09 08:35:00-04:00,7553.75,7554.5,7552.0,7552.75,2512
2026-07-09 08:40:00-04:00,7547.75,7554.0,7547.5,7553.75,3403
2026-07-09 08:45:00-04:00,7546.25,7547.75,7543.25,7547.75,2984
2026-07-09 08:50:00-04:00,7546.5,7548.0,7545.0,7546.25,1365
2026-07-09 08:55:00-04:00,7544.5,7546.75,7543.75,7546.5,1097
2026-07-09 09:00:00-04:00,7548.25,7548.25,7544.25,7544.75,1923
2026-07-09 09:05:00-04:00,7548.0,7548.5,7546.0,7548.25,1901
2026-07-09 09:10:00-04:00,7547.25,7548.0,7546.0,7548.0,1826
2026-07-09 09:15:00-04:00,7546.75,7549.25,7545.0,7547.5,2395
2026-07-09 09:20:00-04:00,7548.75,7548.75,7545.0,7546.75,2284
2026-07-09 09:25:00-04:00,7546.5,7550.5,7544.5,7548.75,6415
2026-07-09 09:30:00-04:00,7547.25,7548.75,7530.25,7546.75,40429
2026-07-09 09:35:00-04:00,7555.25,7557.25,7544.75,7547.25,23481
2026-07-09 09:40:00-04:00,7558.0,7559.25,7548.5,7555.0,19995
2026-07-09 09:45:00-04:00,7555.25,7562.0,7551.5,7558.0,18678
2026-07-09 09:50:00-04:00,7563.75,7565.25,7552.0,7555.0,15704
2026-07-09 09:55:00-04:00,7561.0,7566.5,7559.5,7564.0,14080
2026-07-09 10:00:00-04:00,7561.0,7564.5,7559.25,7561.25,13714
2026-07-09 10:05:00-04:00,7553.75,7562.75,7553.5,7561.25,13454
2026-07-09 10:10:00-04:00,7549.25,7554.0,7546.25,7553.5,17353
2026-07-09 10:15:00-04:00,7536.5,7549.5,7532.75,7549.5,29125
2026-07-09 10:20:00-04:00,7543.0,7543.5,7529.5,7536.5,24730
2026-07-09 10:25:00-04:00,7552.75,7555.75,7541.25,7543.25,21654
2026-07-09 10:30:00-04:00,7550.5,7555.0,7544.75,7552.75,16933
2026-07-09 10:35:00-04:00,7558.25,7559.0,7549.25,7550.5,11364
2026-07-09 10:40:00-04:00,7553.0,7559.0,7552.25,7558.0,10613
2026-07-09 10:45:00-04:00,7554.75,7558.25,7552.5,7553.25,9639
2026-07-09 10:50:00-04:00,7554.0,7554.75,7546.75,7554.75,14324
2026-07-09 10:55:00-04:00,7562.0,7563.75,7554.0,7554.0,13547
2026-07-09 11:00:00-04:00,7563.25,7564.25,7560.5,7562.0,11643
2026-07-09 11:05:00-04:00,7569.75,7570.25,7563.0,7563.5,14818
2026-07-09 11:10:00-04:00,7566.75,7570.75,7565.75,7569.75,10796
2026-07-09 11:15:00-04:00,7567.0,7570.75,7564.5,7566.75,11392
2026-07-09 11:20:00-04:00,7574.0,7574.75,7566.75,7567.25,13189
2026-07-09 11:25:00-04:00,7572.75,7575.0,7572.25,7574.25,10055
2026-07-09 11:30:00-04:00,7571.0,7573.25,7569.75,7573.0,9697
2026-07-09 11:35:00-04:00,7573.75,7574.0,7570.25,7570.75,6588
2026-07-09 11:40:00-04:00,7576.25,7577.75,7573.0,7574.0,11614
2026-07-09 11:45:00-04:00,7577.0,7578.0,7574.25,7576.5,8148
2026-07-09 11:50:00-04:00,7574.5,7577.5,7573.75,7577.0,6598
2026-07-09 11:55:00-04:00,7573.75,7576.25,7573.25,7574.5,5597
2026-07-09 12:00:00-04:00,7578.5,7579.75,7573.75,7573.75,8221
2026-07-09 12:05:00-04:00,7579.75,7581.25,7578.75,7578.75,7351
2026-07-09 12:10:00-04:00,7580.75,7580.75,7579.0,7579.5,4206
2026-07-09 12:15:00-04:00,7580.75,7582.0,7579.25,7580.75,5027
2026-07-09 12:20:00-04:00,7583.25,7583.5,7579.75,7580.75,4966
2026-07-09 12:25:00-04:00,7581.5,7583.25,7581.0,7583.0,4604
2026-07-09 12:30:00-04:00,7580.0,7584.25,7579.75,7581.75,6039
2026-07-09 12:35:00-04:00,7581.25,7581.25,7578.5,7580.0,7146
2026-07-09 12:40:00-04:00,7582.0,7583.25,7581.25,7581.25,4534
2026-07-09 12:45:00-04:00,7580.25,7582.75,7578.5,7582.25,4513
2026-07-09 12:50:00-04:00,7579.25,7581.25,7578.75,7580.0,4090
2026-07-09 12:55:00-04:00,7579.5,7580.25,7577.5,7579.25,4567
2026-07-09 13:00:00-04:00,7582.5,7583.5,7579.5,7579.75,5598
2026-07-09 13:05:00-04:00,7586.75,7587.75,7581.5,7582.5,11615
2026-07-09 13:10:00-04:00,7587.25,7589.5,7586.25,7586.75,9646
2026-07-09 13:15:00-04:00,7590.75,7591.25,7587.25,7587.5,5675
2026-07-09 13:20:00-04:00,7590.0,7592.25,7589.0,7590.75,8171
2026-07-09 13:25:00-04:00,7593.25,7593.5,7590.0,7590.25,6682
2026-07-09 13:30:00-04:00,7591.75,7594.0,7590.0,7593.25,7618
2026-07-09 13:35:00-04:00,7592.75,7594.25,7591.25,7591.75,5321
2026-07-09 13:40:00-04:00,7592.5,7593.5,7590.25,7592.75,5918
2026-07-09 13:45:00-04:00,7593.75,7595.0,7592.25,7592.5,4675
2026-07-09 13:50:00-04:00,7592.75,7594.5,7592.25,7593.5,3912
2026-07-09 13:55:00-04:00,7591.5,7592.75,7588.0,7592.5,9808
2026-07-09 14:00:00-04:00,7590.25,7592.75,7589.5,7591.25,6629
2026-07-09 14:05:00-04:00,7592.0,7593.75,7590.25,7590.5,5191
2026-07-09 14:10:00-04:00,7592.5,7593.5,7591.5,7592.25,4555
2026-07-09 14:15:00-04:00,7591.25,7594.0,7590.25,7592.5,4752
2026-07-09 14:20:00-04:00,7588.25,7591.25,7588.25,7591.25,6362
2026-07-09 14:25:00-04:00,7589.5,7589.5,7587.25,7588.25,6270
2026-07-09 14:30:00-04:00,7587.5,7590.75,7587.25,7589.5,5151
2026-07-09 14:35:00-04:00,7586.0,7588.25,7585.5,7587.25,4834
2026-07-09 14:40:00-04:00,7587.75,7588.0,7585.25,7586.0,4623
2026-07-09 14:45:00-04:00,7587.5,7588.0,7585.5,7587.5,4446
2026-07-09 14:50:00-04:00,7585.5,7588.0,7585.5,7587.5,4244
2026-07-09 14:55:00-04:00,7585.0,7586.0,7583.0,7585.5,6508
2026-07-09 15:00:00-04:00,7583.0,7585.5,7582.25,7585.25,5776
2026-07-09 15:05:00-04:00,7582.0,7584.5,7581.0,7583.0,5838
2026-07-09 15:10:00-04:00,7583.25,7584.75,7581.0,7582.0,5715
2026-07-09 15:15:00-04:00,7587.25,7588.0,7582.75,7583.5,8267
2026-07-09 15:20:00-04:00,7585.75,7588.5,7585.75,7587.25,5159
2026-07-09 15:25:00-04:00,7585.0,7586.75,7584.75,7586.0,4960
2026-07-09 15:30:00-04:00,7585.25,7586.25,7583.5,7585.0,6973
2026-07-09 15:35:00-04:00,7586.75,7588.0,7585.25,7585.25,5150
2026-07-09 15:40:00-04:00,7588.0,7589.0,7585.25,7586.75,5663
2026-07-09 15:45:00-04:00,7586.5,7588.75,7586.5,7588.0,6280
2026-07-09 15:50:00-04:00,7582.75,7586.75,7582.5,7586.75,14320
2026-07-09 15:55:00-04:00,7590.5,7591.0,7582.5,7582.5,55341
2026-07-09 16:00:00-04:00,7588.5,7591.5,7585.75,7590.5,17191
2026-07-09 16:05:00-04:00,7591.5,7592.0,7588.25,7588.5,3708
2026-07-09 16:10:00-04:00,7590.75,7591.5,7588.75,7591.25,3784
2026-07-09 16:15:00-04:00,7589.5,7591.75,7589.25,7590.75,1796
2026-07-09 16:20:00-04:00,7587.5,7589.75,7587.25,7589.25,1405
2026-07-09 16:25:00-04:00,7587.0,7587.75,7586.0,7587.5,947
2026-07-09 16:30:00-04:00,7589.5,7589.75,7586.5,7586.75,1292
2026-07-09 16:35:00-04:00,7589.75,7589.75,7589.0,7589.5,902
2026-07-09 16:40:00-04:00,7587.5,7590.0,7587.5,7589.5,1413
2026-07-09 16:45:00-04:00,7587.75,7588.0,7587.0,7587.75,986
2026-07-09 16:50:00-04:00,7586.0,7587.75,7585.75,7587.5,1199
2026-07-09 16:55:00-04:00,7586.25,7587.25,7584.75,7586.0,2132
2026-07-09 18:00:00-04:00,7587.0,7587.75,7585.0,7587.25,0
2026-07-09 18:05:00-04:00,7585.25,7589.0,7584.75,7587.25,823
2026-07-09 18:10:00-04:00,7584.75,7585.5,7584.25,7585.25,233
2026-07-09 18:15:00-04:00,7584.75,7586.75,7583.75,7585.25,516
2026-07-09 18:20:00-04:00,7585.5,7585.75,7583.75,7585.0,309
2026-07-09 18:25:00-04:00,7584.75,7586.0,7583.75,7585.25,289
2026-07-09 18:30:00-04:00,7585.0,7585.5,7584.0,7584.5,202
2026-07-09 18:35:00-04:00,7585.25,7586.25,7584.25,7585.0,237
2026-07-09 18:40:00-04:00,7585.75,7586.0,7585.25,7585.5,115
2026-07-09 18:45:00-04:00,7586.25,7587.0,7585.25,7586.0,185
2026-07-09 18:50:00-04:00,7586.25,7587.25,7586.25,7586.5,167
2026-07-09 18:55:00-04:00,7586.75,7586.75,7585.75,7586.0,107
2026-07-09 19:00:00-04:00,7587.5,7587.75,7585.0,7586.75,437
2026-07-09 19:05:00-04:00,7589.0,7589.25,7587.25,7587.5,359
2026-07-09 19:10:00-04:00,7589.25,7589.75,7588.25,7589.25,287
2026-07-09 19:15:00-04:00,7589.75,7590.0,7588.0,7589.5,232
2026-07-09 19:20:00-04:00,7590.75,7591.5,7589.0,7589.5,490
2026-07-09 19:25:00-04:00,7591.25,7591.75,7590.5,7590.5,275
2026-07-09 19:30:00-04:00,7590.0,7591.75,7589.75,7591.5,298
2026-07-09 19:35:00-04:00,7590.75,7591.0,7590.0,7590.0,195
2026-07-09 19:40:00-04:00,7589.75,7591.0,7589.25,7590.75,191
2026-07-09 19:45:00-04:00,7587.5,7590.0,7586.75,7589.75,456
2026-07-09 19:50:00-04:00,7589.75,7590.75,7587.25,7587.25,349
2026-07-09 19:55:00-04:00,7588.5,7591.5,7588.5,7589.75,439
2026-07-09 20:00:00-04:00,7585.0,7589.5,7583.25,7588.5,1492
2026-07-09 20:05:00-04:00,7584.0,7585.5,7581.25,7585.0,1017
2026-07-09 20:10:00-04:00,7583.5,7584.25,7580.5,7584.0,1086
2026-07-09 20:15:00-04:00,7582.0,7584.5,7581.5,7583.5,743
2026-07-09 20:20:00-04:00,7578.75,7583.5,7578.25,7582.0,1038
2026-07-09 20:25:00-04:00,7579.5,7580.0,7577.5,7578.75,1186
2026-07-09 20:30:00-04:00,7576.5,7580.25,7575.75,7579.75,1123
2026-07-09 20:35:00-04:00,7576.0,7577.75,7575.75,7576.5,971
2026-07-09 20:40:00-04:00,7577.0,7578.0,7575.75,7575.75,1168
2026-07-09 20:45:00-04:00,7575.75,7577.25,7575.0,7577.0,1215
2026-07-09 20:50:00-04:00,7576.0,7576.5,7574.5,7575.75,649
2026-07-09 20:55:00-04:00,7580.75,7580.75,7576.0,7576.0,1044
2026-07-09 21:00:00-04:00,7577.5,7581.25,7577.5,7580.75,1236
2026-07-09 21:05:00-04:00,7577.75,7578.75,7577.0,7577.75,688
2026-07-09 21:10:00-04:00,7577.75,7578.5,7576.0,7577.5,776
2026-07-09 21:15:00-04:00,7578.75,7579.25,7577.0,7577.5,846
2026-07-09 21:20:00-04:00,7579.75,7580.0,7577.5,7579.0,573
2026-07-09 21:25:00-04:00,7579.25,7580.0,7577.5,7579.75,455
2026-07-09 21:30:00-04:00,7580.0,7580.5,7577.5,7579.5,783
2026-07-09 21:35:00-04:00,7580.75,7581.75,7579.0,7579.75,720
2026-07-09 21:40:00-04:00,7579.5,7581.0,7579.5,7581.0,523
2026-07-09 21:45:00-04:00,7583.0,7583.5,7579.0,7579.5,1421
2026-07-09 21:50:00-04:00,7581.75,7583.75,7581.25,7583.25,603
2026-07-09 21:55:00-04:00,7580.25,7582.5,7579.75,7581.75,537
2026-07-09 22:00:00-04:00,7580.5,7580.5,7577.25,7580.25,647
2026-07-09 22:05:00-04:00,7581.5,7582.25,7579.0,7580.25,572
2026-07-09 22:10:00-04:00,7580.0,7581.5,7579.25,7581.5,524
2026-07-09 22:15:00-04:00,7579.0,7580.25,7578.0,7580.25,637
2026-07-09 22:20:00-04:00,7578.0,7579.5,7577.0,7579.0,766
2026-07-09 22:25:00-04:00,7579.25,7579.5,7577.5,7578.0,610
2026-07-09 22:30:00-04:00,7579.5,7580.25,7578.0,7579.5,847
2026-07-09 22:35:00-04:00,7581.5,7581.75,7578.75,7579.75,530
2026-07-09 22:40:00-04:00,7581.5,7582.5,7581.25,7581.5,581
2026-07-09 22:45:00-04:00,7583.5,7583.75,7581.0,7581.75,668
2026-07-09 22:50:00-04:00,7584.75,7585.75,7583.25,7583.5,1233
2026-07-09 22:55:00-04:00,7586.25,7586.5,7584.5,7584.75,626
2026-07-09 23:00:00-04:00,7587.0,7587.5,7585.5,7586.25,690
2026-07-09 23:05:00-04:00,7587.75,7588.5,7586.5,7586.75,580
2026-07-09 23:10:00-04:00,7586.75,7588.25,7586.0,7588.0,622
2026-07-09 23:15:00-04:00,7586.0,7587.0,7585.5,7586.75,414
2026-07-09 23:20:00-04:00,7584.0,7586.25,7583.5,7586.0,611
2026-07-09 23:25:00-04:00,7583.5,7584.75,7583.25,7584.0,416
2026-07-09 23:30:00-04:00,7583.25,7583.75,7582.25,7583.5,516
2026-07-09 23:35:00-04:00,7582.5,7583.5,7582.0,7583.25,473
2026-07-09 23:40:00-04:00,7583.0,7583.5,7582.25,7582.75,347
2026-07-09 23:45:00-04:00,7582.75,7583.25,7582.0,7582.75,407
2026-07-09 23:50:00-04:00,7582.5,7583.0,7581.75,7582.75,437
2026-07-09 23:55:00-04:00,7583.5,7584.0,7582.0,7582.5,325
2026-07-10 00:05:00-04:00,7583.0,7583.5,7583.0,7583.25,849
2026-07-10 00:10:00-04:00,7583.75,7584.25,7582.75,7583.0,544
2026-07-10 00:15:00-04:00,7583.25,7584.0,7582.5,7584.0,272
2026-07-10 00:20:00-04:00,7580.75,7583.5,7580.75,7583.5,400
2026-07-10 00:25:00-04:00,7581.25,7581.75,7580.5,7580.75,359
2026-07-10 00:30:00-04:00,7580.5,7581.5,7579.75,7581.25,632
2026-07-10 00:35:00-04:00,7581.0,7581.25,7580.25,7580.75,444
2026-07-10 00:40:00-04:00,7580.75,7581.0,7580.25,7581.0,313
2026-07-10 00:45:00-04:00,7579.5,7580.75,7579.5,7580.75,451
2026-07-10 00:50:00-04:00,7579.25,7579.75,7578.25,7579.5,601
2026-07-10 00:55:00-04:00,7577.5,7579.5,7577.25,7579.25,477
2026-07-10 01:00:00-04:00,7576.75,7577.75,7576.25,7577.75,566
2026-07-10 01:05:00-04:00,7576.5,7577.75,7576.5,7577.0,733
2026-07-10 01:10:00-04:00,7578.0,7578.5,7576.5,7576.5,488
2026-07-10 01:15:00-04:00,7578.5,7579.75,7577.75,7578.0,690
2026-07-10 01:20:00-04:00,7577.5,7579.0,7576.75,7578.5,761
2026-07-10 01:25:00-04:00,7578.25,7579.0,7577.5,7577.5,872
2026-07-10 01:30:00-04:00,7577.75,7578.5,7577.0,7578.25,501
2026-07-10 01:35:00-04:00,7577.25,7578.25,7576.75,7578.0,479
2026-07-10 01:40:00-04:00,7578.5,7579.0,7576.75,7577.25,870
2026-07-10 01:45:00-04:00,7577.5,7579.0,7577.5,7578.5,499
2026-07-10 01:50:00-04:00,7577.25,7579.0,7577.0,7577.75,516
2026-07-10 01:55:00-04:00,7576.5,7577.25,7575.75,7577.0,714
2026-07-10 02:00:00-04:00,7579.0,7579.0,7576.25,7576.5,879
2026-07-10 02:05:00-04:00,7577.75,7579.5,7577.5,7579.0,986
2026-07-10 02:10:00-04:00,7576.25,7577.75,7575.75,7577.75,872
2026-07-10 02:15:00-04:00,7575.75,7576.25,7575.25,7576.0,937
2026-07-10 02:20:00-04:00,7571.5,7575.75,7571.5,7575.75,1943
2026-07-10 02:25:00-04:00,7571.75,7572.5,7570.5,7571.5,1832
2026-07-10 02:30:00-04:00,7573.25,7576.75,7571.5,7571.75,1762
2026-07-10 02:35:00-04:00,7571.0,7573.5,7570.75,7573.25,1292
2026-07-10 02:40:00-04:00,7572.75,7573.5,7570.5,7571.25,1103
2026-07-10 02:45:00-04:00,7573.75,7574.25,7572.5,7572.75,620
2026-07-10 02:50:00-04:00,7574.25,7575.0,7573.5,7573.75,833
2026-07-10 02:55:00-04:00,7574.0,7575.25,7573.0,7574.25,600
2026-07-10 03:00:00-04:00,7574.5,7574.75,7572.0,7574.0,1212
2026-07-10 03:05:00-04:00,7575.5,7576.0,7574.25,7574.5,977
2026-07-10 03:10:00-04:00,7577.5,7577.75,7574.75,7575.5,1079
2026-07-10 03:15:00-04:00,7577.75,7579.5,7575.5,7577.75,1329
2026-07-10 03:20:00-04:00,7578.5,7579.0,7576.5,7577.75,512
2026-07-10 03:25:00-04:00,7578.75,7579.5,7577.5,7578.25,991
2026-07-10 03:30:00-04:00,7577.5,7578.75,7576.75,7578.75,558
2026-07-10 03:35:00-04:00,7578.0,7578.25,7576.5,7577.75,456
2026-07-10 03:40:00-04:00,7575.5,7577.75,7575.5,7577.75,382
2026-07-10 03:45:00-04:00,7572.0,7576.0,7571.5,7575.75,1474
2026-07-10 03:50:00-04:00,7570.25,7572.25,7569.5,7571.75,2153
2026-07-10 03:55:00-04:00,7572.25,7572.5,7570.25,7570.75,1194
2026-07-10 04:00:00-04:00,7571.75,7572.75,7569.75,7572.0,3745
2026-07-10 04:05:00-04:00,7576.0,7576.0,7571.0,7571.5,1603
2026-07-10 04:10:00-04:00,7578.5,7578.5,7576.0,7576.0,996
2026-07-10 04:15:00-04:00,7577.75,7579.25,7577.25,7578.5,1094
2026-07-10 04:20:00-04:00,7575.5,7577.75,7574.5,7577.5,1286
2026-07-10 04:25:00-04:00,7575.5,7577.0,7575.25,7575.5,768
2026-07-10 04:30:00-04:00,7575.0,7575.25,7573.0,7575.25,1038
2026-07-10 04:35:00-04:00,7574.75,7576.25,7574.25,7575.0,872
2026-07-10 04:40:00-04:00,7575.5,7575.75,7573.25,7574.75,761
2026-07-10 04:45:00-04:00,7575.25,7575.75,7574.5,7575.5,591
2026-07-10 04:50:00-04:00,7574.5,7577.25,7573.75,7575.25,847
2026-07-10 04:55:00-04:00,7574.25,7575.5,7574.25,7574.5,361
2026-07-10 05:00:00-04:00,7576.5,7576.5,7568.5,7574.25,2855
2026-07-10 05:05:00-04:00,7577.75,7578.25,7575.5,7576.5,801
2026-07-10 05:10:00-04:00,7580.0,7581.0,7577.5,7577.5,706
2026-07-10 05:15:00-04:00,7582.0,7582.25,7580.0,7580.25,1091
2026-07-10 05:20:00-04:00,7580.5,7582.0,7580.0,7582.0,708
2026-07-10 05:25:00-04:00,7581.0,7581.5,7580.25,7580.75,442
2026-07-10 05:30:00-04:00,7582.25,7582.5,7580.75,7580.75,506
2026-07-10 05:35:00-04:00,7582.25,7582.5,7580.5,7582.0,643
2026-07-10 05:40:00-04:00,7580.5,7582.25,7579.5,7582.25,680
2026-07-10 05:45:00-04:00,7580.75,7581.75,7580.25,7580.75,686
2026-07-10 05:50:00-04:00,7580.75,7581.75,7580.5,7580.75,575
2026-07-10 05:55:00-04:00,7581.0,7581.75,7580.25,7580.75,574
2026-07-10 06:00:00-04:00,7584.25,7584.75,7581.0,7581.0,961
2026-07-10 06:05:00-04:00,7585.75,7586.0,7584.25,7584.25,707
2026-07-10 06:10:00-04:00,7585.0,7586.0,7584.75,7585.5,636
2026-07-10 06:15:00-04:00,7584.75,7585.5,7584.25,7585.0,465
2026-07-10 06:20:00-04:00,7585.0,7586.75,7581.5,7585.0,2225
2026-07-10 06:25:00-04:00,7586.25,7586.25,7584.25,7585.25,523
2026-07-10 06:30:00-04:00,7588.5,7589.25,7586.25,7586.25,971
2026-07-10 06:35:00-04:00,7588.75,7589.25,7587.5,7588.5,583
2026-07-10 06:40:00-04:00,7590.5,7590.75,7587.75,7588.75,915
2026-07-10 06:45:00-04:00,7588.75,7590.5,7588.25,7590.5,627
2026-07-10 06:50:00-04:00,7587.5,7588.75,7587.25,7588.5,951
2026-07-10 06:55:00-04:00,7590.5,7590.75,7587.25,7587.75,1145
2026-07-10 07:00:00-04:00,7590.75,7592.25,7590.0,7590.25,2391
2026-07-10 07:05:00-04:00,7589.75,7591.25,7589.25,7590.75,740
2026-07-10 07:10:00-04:00,7590.0,7591.0,7589.5,7589.75,672
2026-07-10 07:15:00-04:00,7590.75,7591.5,7590.0,7590.0,526
2026-07-10 07:20:00-04:00,7591.25,7591.5,7590.25,7590.5,335
2026-07-10 07:25:00-04:00,7586.75,7591.5,7586.5,7591.25,1465
2026-07-10 07:30:00-04:00,7584.25,7586.75,7583.0,7586.75,1313
2026-07-10 07:35:00-04:00,7582.0,7584.75,7580.75,7584.25,1463
2026-07-10 07:40:00-04:00,7584.75,7584.75,7582.0,7582.0,767
2026-07-10 07:45:00-04:00,7584.0,7585.75,7583.25,7584.5,1494
2026-07-10 07:50:00-04:00,7584.0,7585.75,7583.75,7583.75,1023
2026-07-10 07:55:00-04:00,7583.25,7585.5,7582.25,7584.0,1665
2026-07-10 08:00:00-04:00,7579.5,7583.75,7579.0,7583.5,1721
2026-07-10 08:05:00-04:00,7580.25,7580.75,7577.25,7579.25,1851
2026-07-10 08:10:00-04:00,7589.0,7595.5,7578.75,7580.5,10204
2026-07-10 08:15:00-04:00,7587.75,7590.25,7586.25,7589.0,2969
2026-07-10 08:20:00-04:00,7588.25,7589.0,7585.25,7587.5,1607
2026-07-10 08:25:00-04:00,7587.75,7588.5,7587.0,7588.0,929
2026-07-10 08:30:00-04:00,7586.5,7588.0,7585.75,7587.75,868
2026-07-10 08:35:00-04:00,7591.0,7591.5,7584.25,7586.5,3910
2026-07-10 08:40:00-04:00,7588.5,7592.5,7588.5,7591.0,2689
2026-07-10 08:45:00-04:00,7589.5,7592.25,7588.75,7588.75,1387
2026-07-10 08:50:00-04:00,7588.75,7590.25,7588.25,7589.75,1490
2026-07-10 08:55:00-04:00,7588.0,7590.5,7587.75,7588.5,1138
2026-07-10 09:00:00-04:00,7588.75,7590.5,7586.75,7588.25,2549
2026-07-10 09:05:00-04:00,7589.25,7591.25,7588.75,7588.75,1727
2026-07-10 09:10:00-04:00,7591.0,7591.25,7588.0,7589.5,1683
2026-07-10 09:15:00-04:00,7591.0,7591.75,7589.75,7590.75,1674
2026-07-10 09:20:00-04:00,7592.25,7592.5,7590.75,7591.25,1767
2026-07-10 09:25:00-04:00,7592.25,7594.0,7589.25,7592.0,5178
2026-07-10 09:30:00-04:00,7597.75,7600.5,7592.25,7592.25,25683
2026-07-10 09:35:00-04:00,7597.75,7604.5,7596.5,7597.75,14820
2026-07-10 09:40:00-04:00,7594.25,7598.5,7590.0,7598.0,19822
2026-07-10 09:45:00-04:00,7602.5,7603.5,7592.75,7594.5,13463
2026-07-10 09:50:00-04:00,7601.25,7604.25,7598.75,7602.25,12208
2026-07-10 09:55:00-04:00,7601.5,7604.5,7598.0,7601.25,12786
2026-07-10 10:00:00-04:00,7603.5,7605.75,7598.75,7601.5,13793
2026-07-10 10:05:00-04:00,7602.75,7604.75,7596.75,7603.5,13215
2026-07-10 10:10:00-04:00,7599.25,7603.75,7598.25,7603.0,8600
2026-07-10 10:15:00-04:00,7599.0,7601.75,7595.25,7599.0,14284
2026-07-10 10:20:00-04:00,7597.75,7600.25,7593.0,7599.0,12418
2026-07-10 10:25:00-04:00,7598.0,7603.75,7593.25,7597.5,13157
2026-07-10 10:30:00-04:00,7581.25,7602.75,7552.75,7597.75,55385
2026-07-10 10:35:00-04:00,7589.25,7592.75,7576.0,7581.25,25578
2026-07-10 10:40:00-04:00,7593.25,7595.0,7585.0,7589.0,15223
2026-07-10 10:45:00-04:00,7596.0,7596.75,7588.0,7593.5,13103
2026-07-10 10:50:00-04:00,7591.75,7598.25,7591.25,7596.0,11130
2026-07-10 10:55:00-04:00,7584.25,7592.5,7583.0,7591.75,17006
2026-07-10 11:00:00-04:00,7581.75,7586.75,7581.0,7584.25,17250
2026-07-10 11:05:00-04:00,7590.0,7590.0,7578.5,7581.75,12601
2026-07-10 11:10:00-04:00,7591.75,7593.0,7588.25,7590.0,9390
2026-07-10 11:15:00-04:00,7599.5,7604.25,7591.5,7591.75,17258
2026-07-10 11:20:00-04:00,7602.75,7603.5,7596.75,7599.5,9966
2026-07-10 11:25:00-04:00,7605.25,7606.75,7603.0,7603.0,12268
2026-07-10 11:30:00-04:00,7602.75,7606.5,7601.0,7605.25,13393
2026-07-10 11:35:00-04:00,7596.5,7603.0,7595.25,7602.5,11738
2026-07-10 11:40:00-04:00,7592.5,7597.5,7586.0,7596.5,17346
2026-07-10 11:45:00-04:00,7596.5,7598.75,7588.0,7592.75,12226
2026-07-10 11:50:00-04:00,7600.5,7601.5,7595.5,7596.75,7582
2026-07-10 11:55:00-04:00,7600.25,7601.5,7597.25,7600.75,6008
2026-07-10 12:00:00-04:00,7603.75,7606.25,7600.0,7600.25,10140
2026-07-10 12:05:00-04:00,7601.75,7604.25,7600.5,7603.75,6758
2026-07-10 12:10:00-04:00,7604.0,7604.75,7600.25,7601.75,6916
2026-07-10 12:15:00-04:00,7608.0,7609.25,7604.0,7604.25,8858
2026-07-10 12:20:00-04:00,7606.0,7608.5,7603.5,7608.0,5310
2026-07-10 12:25:00-04:00,7604.25,7606.25,7603.5,7606.0,5257
2026-07-10 12:30:00-04:00,7606.75,7608.0,7604.0,7604.0,4548
2026-07-10 12:35:00-04:00,7605.0,7608.25,7601.5,7606.75,5856
2026-07-10 12:40:00-04:00,7608.5,7608.75,7604.5,7605.0,4699
2026-07-10 12:45:00-04:00,7610.75,7612.0,7608.25,7608.5,7691
2026-07-10 12:50:00-04:00,7612.25,7613.5,7610.25,7610.75,6880
2026-07-10 12:55:00-04:00,7612.75,7614.0,7610.75,7612.0,5802
2026-07-10 13:00:00-04:00,7609.75,7613.0,7608.75,7612.5,6856
2026-07-10 13:05:00-04:00,7609.0,7610.75,7608.75,7609.75,3401
2026-07-10 13:10:00-04:00,7610.5,7610.75,7607.25,7609.25,4061
2026-07-10 13:15:00-04:00,7611.25,7613.0,7610.25,7610.5,4425
2026-07-10 13:20:00-04:00,7612.0,7612.75,7610.75,7611.25,2932
2026-07-10 13:25:00-04:00,7613.0,7613.25,7611.5,7612.25,3551
2026-07-10 13:30:00-04:00,7613.0,7614.5,7611.5,7613.0,5640
2026-07-10 13:35:00-04:00,7615.0,7617.0,7612.5,7613.0,7878
2026-07-10 13:40:00-04:00,7614.0,7616.25,7613.5,7615.25,4118
2026-07-10 13:45:00-04:00,7616.0,7616.25,7613.75,7614.0,2871
2026-07-10 13:50:00-04:00,7615.5,7616.75,7615.25,7615.75,2749
2026-07-10 13:55:00-04:00,7612.75,7615.75,7612.0,7615.5,4436
2026-07-10 14:00:00-04:00,7613.5,7614.75,7612.0,7612.75,5482
2026-07-10 14:05:00-04:00,7615.5,7616.25,7613.5,7613.75,5223
2026-07-10 14:10:00-04:00,7616.0,7619.0,7615.25,7615.5,7626
2026-07-10 14:15:00-04:00,7615.0,7616.75,7614.25,7616.0,4320
2026-07-10 14:20:00-04:00,7616.25,7617.0,7613.75,7615.0,3981
2026-07-10 14:25:00-04:00,7617.25,7620.0,7616.25,7616.25,6536
2026-07-10 14:30:00-04:00,7618.5,7619.0,7616.75,7617.5,3871
2026-07-10 14:35:00-04:00,7617.25,7618.75,7616.25,7618.5,3459
2026-07-10 14:40:00-04:00,7618.5,7619.5,7617.0,7617.25,3886
2026-07-10 14:45:00-04:00,7618.75,7619.5,7618.0,7618.25,3591
2026-07-10 14:50:00-04:00,7619.5,7619.75,7618.0,7618.5,3366
2026-07-10 14:55:00-04:00,7618.5,7620.25,7618.25,7619.25,3508
2026-07-10 15:00:00-04:00,7623.25,7624.25,7618.25,7618.5,9820
2026-07-10 15:05:00-04:00,7622.75,7625.5,7622.0,7623.5,7096
2026-07-10 15:10:00-04:00,7624.75,7625.0,7622.75,7622.75,5709
2026-07-10 15:15:00-04:00,7623.5,7625.25,7622.75,7624.5,6633
2026-07-10 15:20:00-04:00,7622.75,7624.0,7622.25,7623.5,6507
2026-07-10 15:25:00-04:00,7622.75,7624.25,7622.5,7622.75,5265
2026-07-10 15:30:00-04:00,7622.5,7624.75,7621.25,7622.75,8713
2026-07-10 15:35:00-04:00,7623.25,7624.5,7621.75,7622.75,5301
2026-07-10 15:40:00-04:00,7623.5,7625.25,7623.0,7623.25,6318
2026-07-10 15:45:00-04:00,7623.75,7624.75,7622.5,7623.5,7128
2026-07-10 15:50:00-04:00,7623.0,7627.25,7622.5,7624.0,15618
2026-07-10 15:55:00-04:00,7621.0,7624.0,7617.75,7623.0,55190
2026-07-10 16:00:00-04:00,7622.5,7624.75,7618.0,7621.0,19272
2026-07-10 16:05:00-04:00,7621.75,7623.0,7620.5,7622.75,4617
2026-07-10 16:10:00-04:00,7622.5,7623.25,7621.5,7622.0,3522
2026-07-10 16:15:00-04:00,7622.75,7623.5,7622.0,7622.75,1296
2026-07-10 16:20:00-04:00,7622.25,7623.0,7621.75,7622.75,1138
2026-07-10 16:25:00-04:00,7624.75,7625.25,7621.75,7622.25,3102
2026-07-10 16:30:00-04:00,7625.0,7626.0,7624.0,7624.75,1192
2026-07-10 16:35:00-04:00,7625.25,7625.25,7624.5,7625.0,623
2026-07-10 16:40:00-04:00,7625.75,7626.0,7624.75,7625.0,1101
2026-07-10 16:45:00-04:00,7626.5,7627.25,7624.75,7625.5,1845
2026-07-10 16:50:00-04:00,7627.25,7627.5,7626.5,7626.5,1461
2026-07-10 16:55:00-04:00,7620.25,7628.75,7620.25,7627.25,2702
2026-07-12 18:10:00-04:00,7593.25,7602.25,7593.0,7600.0,2664
2026-07-12 18:15:00-04:00,7593.25,7598.0,7591.75,7593.5,2168
2026-07-12 18:20:00-04:00,7595.25,7596.75,7592.5,7593.0,1154
2026-07-12 18:25:00-04:00,7596.25,7596.5,7593.75,7595.25,524
2026-07-12 18:30:00-04:00,7598.5,7599.5,7596.25,7596.25,854
2026-07-12 18:35:00-04:00,7599.25,7599.75,7595.75,7598.5,569
2026-07-12 18:40:00-04:00,7599.5,7600.5,7597.5,7599.0,509
2026-07-12 18:45:00-04:00,7597.75,7600.0,7596.75,7599.5,369
2026-07-12 18:50:00-04:00,7600.0,7601.0,7597.5,7597.5,363
2026-07-12 18:55:00-04:00,7600.75,7602.0,7599.75,7599.75,365
2026-07-12 19:00:00-04:00,7599.25,7601.0,7598.5,7600.75,406
2026-07-12 19:05:00-04:00,7599.25,7601.0,7598.5,7599.25,213
2026-07-12 19:10:00-04:00,7598.75,7599.5,7598.0,7599.0,212
2026-07-12 19:15:00-04:00,7598.75,7599.0,7596.75,7598.75,432
2026-07-12 19:20:00-04:00,7597.25,7599.0,7596.25,7598.75,272
2026-07-12 19:25:00-04:00,7598.0,7598.25,7596.25,7597.25,241
2026-07-12 19:30:00-04:00,7597.5,7598.5,7596.75,7597.75,278
2026-07-12 19:35:00-04:00,7597.75,7598.25,7595.75,7597.25,347
2026-07-12 19:40:00-04:00,7597.25,7598.5,7596.75,7598.0,316
2026-07-12 19:45:00-04:00,7594.5,7597.5,7593.0,7597.25,958
2026-07-12 19:50:00-04:00,7596.75,7599.5,7594.25,7594.5,726
2026-07-12 19:55:00-04:00,7599.0,7599.5,7595.5,7597.0,328
2026-07-12 20:00:00-04:00,7605.75,7608.0,7596.25,7599.25,2834
2026-07-12 20:05:00-04:00,7609.25,7610.75,7604.25,7605.5,1838
2026-07-12 20:10:00-04:00,7613.0,7615.25,7609.5,7609.5,2074
2026-07-12 20:15:00-04:00,7609.0,7614.5,7607.0,7612.75,1606
2026-07-12 20:20:00-04:00,7611.0,7612.5,7608.25,7609.25,900
2026-07-12 20:25:00-04:00,7607.75,7611.5,7607.5,7610.5,759
2026-07-12 20:30:00-04:00,7602.25,7608.25,7602.0,7608.0,1608
2026-07-12 20:35:00-04:00,7602.0,7604.25,7600.5,7602.25,1591
2026-07-12 20:40:00-04:00,7600.75,7603.0,7596.5,7601.75,2213
2026-07-12 20:45:00-04:00,7598.75,7603.0,7598.75,7600.75,1070
2026-07-12 20:50:00-04:00,7596.0,7599.5,7592.75,7599.0,2431
2026-07-12 20:55:00-04:00,7597.0,7598.0,7595.0,7595.75,1091
2026-07-12 21:00:00-04:00,7593.75,7598.0,7592.5,7597.0,1737
2026-07-12 21:05:00-04:00,7591.25,7595.0,7591.25,7594.0,902
2026-07-12 21:10:00-04:00,7593.75,7595.0,7590.5,7591.25,1157
2026-07-12 21:15:00-04:00,7596.75,7599.25,7593.75,7593.75,1150
2026-07-12 21:20:00-04:00,7593.5,7597.5,7592.5,7596.75,760
2026-07-12 21:25:00-04:00,7594.75,7595.0,7591.75,7593.75,1064
2026-07-12 21:30:00-04:00,7594.0,7596.25,7592.75,7594.5,858
2026-07-12 21:35:00-04:00,7598.5,7599.0,7593.0,7594.0,847
2026-07-12 21:40:00-04:00,7594.5,7599.0,7593.25,7598.5,612
2026-07-12 21:45:00-04:00,7592.0,7594.75,7591.75,7594.75,844
2026-07-12 21:50:00-04:00,7591.0,7593.0,7589.0,7591.75,1623
2026-07-12 21:55:00-04:00,7592.25,7593.0,7588.75,7590.75,1042
2026-07-12 22:00:00-04:00,7589.25,7593.5,7587.5,7592.25,1231
2026-07-12 22:05:00-04:00,7589.75,7591.75,7588.5,7589.25,816
2026-07-12 22:10:00-04:00,7589.5,7591.0,7588.75,7590.0,712
2026-07-12 22:15:00-04:00,7591.0,7591.5,7588.5,7589.5,606
2026-07-12 22:20:00-04:00,7592.75,7594.25,7590.75,7591.25,730
2026-07-12 22:25:00-04:00,7592.75,7594.25,7592.25,7593.0,541
2026-07-12 22:30:00-04:00,7591.25,7593.0,7589.25,7592.75,645
2026-07-12 22:35:00-04:00,7590.0,7592.0,7589.25,7591.25,352
2026-07-12 22:40:00-04:00,7590.0,7590.25,7588.5,7590.0,423
2026-07-12 22:45:00-04:00,7590.0,7590.25,7588.5,7590.0,358
2026-07-12 22:50:00-04:00,7588.25,7590.75,7588.0,7590.0,530
2026-07-12 22:55:00-04:00,7586.25,7589.0,7585.75,7588.25,714
2026-07-12 23:00:00-04:00,7584.5,7586.5,7584.25,7586.25,1257
2026-07-12 23:05:00-04:00,7584.25,7585.5,7583.25,7584.5,884
2026-07-12 23:10:00-04:00,7584.5,7584.75,7583.5,7584.0,649
2026-07-12 23:15:00-04:00,7584.5,7584.75,7583.25,7584.75,628
2026-07-12 23:20:00-04:00,7584.5,7585.0,7583.25,7584.5,572
2026-07-12 23:25:00-04:00,7586.0,7586.75,7584.25,7584.5,469
2026-07-12 23:30:00-04:00,7584.5,7586.75,7584.0,7586.0,615
2026-07-12 23:35:00-04:00,7585.5,7585.75,7583.25,7584.5,532
2026-07-12 23:40:00-04:00,7584.25,7586.75,7583.75,7585.25,474
2026-07-12 23:45:00-04:00,7585.75,7586.0,7584.25,7584.25,397
2026-07-12 23:50:00-04:00,7584.0,7586.0,7583.25,7586.0,371
2026-07-12 23:55:00-04:00,7583.75,7584.5,7582.25,7584.0,418
2026-07-13 00:00:00-04:00,7581.0,7583.25,7580.25,7583.25,1248
2026-07-13 00:05:00-04:00,7580.0,7581.25,7579.5,7581.0,900
2026-07-13 00:10:00-04:00,7580.25,7581.25,7579.0,7580.0,833
2026-07-13 00:15:00-04:00,7582.5,7583.0,7579.5,7580.25,599
2026-07-13 00:20:00-04:00,7581.5,7583.25,7581.25,7582.75,517
2026-07-13 00:25:00-04:00,7580.75,7581.75,7579.5,7581.5,442
2026-07-13 00:30:00-04:00,7579.75,7581.5,7579.75,7580.75,451
2026-07-13 00:35:00-04:00,7578.25,7579.75,7577.75,7579.5,979
2026-07-13 00:40:00-04:00,7576.75,7578.5,7576.0,7578.25,888
2026-07-13 00:45:00-04:00,7576.5,7577.25,7576.0,7576.75,571
2026-07-13 00:50:00-04:00,7576.75,7577.0,7575.5,7576.5,693
2026-07-13 00:55:00-04:00,7577.5,7578.5,7576.5,7576.75,555
2026-07-13 01:00:00-04:00,7576.0,7578.0,7575.25,7577.25,1627
2026-07-13 01:05:00-04:00,7581.0,7582.5,7575.25,7576.0,1771
2026-07-13 01:10:00-04:00,7583.5,7584.25,7580.5,7581.0,1207
2026-07-13 01:15:00-04:00,7579.75,7583.75,7579.25,7583.75,751
2026-07-13 01:20:00-04:00,7573.0,7580.0,7572.5,7579.5,1547
2026-07-13 01:25:00-04:00,7571.25,7573.75,7570.75,7572.75,1553
2026-07-13 01:30:00-04:00,7575.5,7575.5,7566.5,7571.5,2187
2026-07-13 01:35:00-04:00,7577.25,7577.5,7574.75,7575.25,1510
2026-07-13 01:40:00-04:00,7575.25,7578.75,7574.75,7577.25,923
2026-07-13 01:45:00-04:00,7573.5,7575.75,7571.25,7575.5,686
2026-07-13 01:50:00-04:00,7574.25,7578.0,7574.0,7574.0,951
2026-07-13 01:55:00-04:00,7578.5,7578.5,7573.75,7574.25,800
2026-07-13 02:00:00-04:00,7580.0,7581.0,7577.5,7578.25,1269
2026-07-13 02:05:00-04:00,7577.25,7580.75,7577.25,7580.0,682
2026-07-13 02:10:00-04:00,7575.0,7577.75,7574.0,7577.0,1223
2026-07-13 02:15:00-04:00,7578.75,7578.75,7575.0,7575.25,1448
2026-07-13 02:20:00-04:00,7581.25,7582.0,7578.25,7578.75,844
2026-07-13 02:25:00-04:00,7583.5,7583.5,7581.0,7581.25,793
2026-07-13 02:30:00-04:00,7580.75,7584.75,7580.5,7583.5,985
2026-07-13 02:35:00-04:00,7579.5,7581.25,7578.75,7580.5,963
2026-07-13 02:40:00-04:00,7582.5,7583.0,7579.0,7579.25,710
2026-07-13 02:45:00-04:00,7583.75,7584.75,7581.0,7582.75,1018
2026-07-13 02:50:00-04:00,7582.25,7584.5,7581.5,7584.0,533
2026-07-13 02:55:00-04:00,7584.0,7584.5,7581.75,7582.25,631
2026-07-13 03:00:00-04:00,7586.75,7588.25,7581.5,7584.25,2335
2026-07-13 03:05:00-04:00,7588.75,7588.75,7586.0,7587.0,975
2026-07-13 03:10:00-04:00,7590.5,7591.25,7588.25,7588.5,1298
2026-07-13 03:15:00-04:00,7585.75,7591.25,7585.5,7590.75,1750
2026-07-13 03:20:00-04:00,7589.0,7589.5,7585.5,7586.0,933
2026-07-13 03:25:00-04:00,7586.75,7589.0,7586.0,7589.0,808
2026-07-13 03:30:00-04:00,7583.75,7586.5,7582.0,7586.5,1398
2026-07-13 03:35:00-04:00,7587.0,7587.75,7583.75,7584.0,761
2026-07-13 03:40:00-04:00,7587.25,7588.75,7586.25,7587.25,556
2026-07-13 03:45:00-04:00,7585.75,7587.5,7585.0,7587.25,570
2026-07-13 03:50:00-04:00,7588.25,7588.25,7584.5,7585.75,528
2026-07-13 03:55:00-04:00,7587.75,7589.25,7586.25,7588.25,945
2026-07-13 04:00:00-04:00,7590.25,7591.25,7586.75,7587.75,1545
2026-07-13 04:05:00-04:00,7593.0,7594.0,7588.5,7590.0,2404
2026-07-13 04:10:00-04:00,7595.75,7596.25,7592.25,7593.0,1728
2026-07-13 04:15:00-04:00,7596.5,7598.5,7596.0,7596.0,1150
2026-07-13 04:20:00-04:00,7595.75,7597.75,7595.5,7596.5,1189
2026-07-13 04:25:00-04:00,7595.75,7597.5,7595.0,7595.5,1036
2026-07-13 04:30:00-04:00,7594.75,7597.25,7594.75,7595.75,457
2026-07-13 04:35:00-04:00,7595.0,7595.75,7593.25,7594.5,613
2026-07-13 04:40:00-04:00,7596.5,7596.75,7594.25,7594.75,648
2026-07-13 04:45:00-04:00,7597.75,7597.75,7596.0,7596.25,813
2026-07-13 04:50:00-04:00,7598.25,7599.5,7597.25,7597.75,1275
2026-07-13 04:55:00-04:00,7598.5,7599.0,7597.0,7598.5,645
2026-07-13 05:00:00-04:00,7595.75,7598.75,7595.5,7598.5,806
2026-07-13 05:05:00-04:00,7597.0,7597.0,7595.25,7595.75,519
2026-07-13 05:10:00-04:00,7597.0,7597.0,7594.75,7596.75,845
2026-07-13 05:15:00-04:00,7599.75,7600.75,7596.5,7596.75,1063
2026-07-13 05:20:00-04:00,7601.0,7602.0,7599.5,7600.0,617
2026-07-13 05:25:00-04:00,7602.5,7603.0,7601.0,7601.0,835
2026-07-13 05:30:00-04:00,7602.25,7603.5,7601.0,7602.5,842
2026-07-13 05:35:00-04:00,7603.0,7603.75,7602.0,7602.0,534
2026-07-13 05:40:00-04:00,7602.75,7603.25,7601.75,7603.0,425
2026-07-13 05:45:00-04:00,7601.75,7602.75,7601.0,7602.75,409
2026-07-13 05:50:00-04:00,7601.25,7601.75,7600.0,7601.5,832
2026-07-13 05:55:00-04:00,7601.5,7602.0,7600.75,7601.0,633
2026-07-13 06:00:00-04:00,7600.75,7602.5,7599.0,7601.75,890
2026-07-13 06:05:00-04:00,7599.0,7601.0,7598.5,7600.75,1689
2026-07-13 06:10:00-04:00,7599.0,7599.25,7598.0,7599.0,537
2026-07-13 06:15:00-04:00,7601.0,7601.5,7598.75,7599.0,748
2026-07-13 06:20:00-04:00,7599.0,7601.25,7599.0,7601.0,377
2026-07-13 06:25:00-04:00,7598.0,7599.0,7597.25,7599.0,685
2026-07-13 06:30:00-04:00,7597.75,7599.0,7597.25,7598.0,711
2026-07-13 06:35:00-04:00,7598.75,7599.5,7597.75,7597.75,265
2026-07-13 06:40:00-04:00,7597.5,7599.25,7597.0,7599.0,452
2026-07-13 06:45:00-04:00,7598.75,7599.75,7597.0,7597.5,989
2026-07-13 06:50:00-04:00,7598.5,7599.5,7597.75,7598.75,626
2026-07-13 06:55:00-04:00,7598.0,7598.5,7597.0,7598.5,1402
2026-07-13 07:00:00-04:00,7600.5,7602.0,7597.75,7597.75,1754
2026-07-13 07:05:00-04:00,7600.25,7604.5,7599.75,7600.5,1647
2026-07-13 07:10:00-04:00,7597.75,7600.75,7596.25,7600.0,1563
2026-07-13 07:15:00-04:00,7596.25,7599.75,7596.25,7597.75,807
2026-07-13 07:20:00-04:00,7598.0,7598.5,7595.0,7596.25,740
2026-07-13 07:25:00-04:00,7599.5,7600.75,7597.5,7597.5,634
2026-07-13 07:30:00-04:00,7601.25,7601.5,7597.75,7599.5,1423
2026-07-13 07:35:00-04:00,7599.75,7602.25,7599.0,7601.0,854
2026-07-13 07:40:00-04:00,7598.0,7600.25,7597.75,7599.5,513
2026-07-13 07:45:00-04:00,7596.5,7598.25,7594.5,7597.75,1834
2026-07-13 07:50:00-04:00,7594.25,7596.75,7594.0,7596.25,796
2026-07-13 07:55:00-04:00,7594.25,7594.75,7592.0,7594.0,1280
2026-07-13 08:00:00-04:00,7593.0,7595.25,7591.75,7594.25,1284
2026-07-13 08:05:00-04:00,7594.25,7594.5,7591.75,7593.0,1424
2026-07-13 08:10:00-04:00,7592.5,7598.25,7587.75,7594.0,5078
2026-07-13 08:15:00-04:00,7592.75,7593.25,7590.5,7592.5,1194
2026-07-13 08:20:00-04:00,7591.0,7592.75,7590.25,7592.75,1245
2026-07-13 08:25:00-04:00,7589.5,7591.75,7589.0,7590.75,940
2026-07-13 08:30:00-04:00,7588.5,7589.75,7586.0,7589.75,2655
2026-07-13 08:35:00-04:00,7588.75,7589.0,7586.0,7588.25,1583
2026-07-13 08:40:00-04:00,7590.75,7591.5,7587.75,7588.75,1739
2026-07-13 08:45:00-04:00,7594.5,7595.0,7590.75,7590.75,1293
2026-07-13 08:50:00-04:00,7594.5,7595.75,7593.0,7594.5,2564
2026-07-13 08:55:00-04:00,7597.0,7597.25,7594.5,7594.5,2064
2026-07-13 09:00:00-04:00,7598.25,7599.75,7596.25,7597.0,1859
2026-07-13 09:05:00-04:00,7596.75,7599.25,7596.0,7598.25,2010
2026-07-13 09:10:00-04:00,7596.25,7597.0,7595.0,7596.75,1855
2026-07-13 09:15:00-04:00,7594.75,7596.5,7594.75,7596.25,2401
2026-07-13 09:20:00-04:00,7594.25,7595.75,7593.75,7594.5,1405
2026-07-13 09:25:00-04:00,7595.5,7596.0,7593.0,7594.0,4238
2026-07-13 09:30:00-04:00,7605.0,7609.75,7594.5,7595.5,33278
2026-07-13 09:35:00-04:00,7603.0,7608.75,7601.0,7605.25,20574
2026-07-13 09:40:00-04:00,7601.0,7603.0,7595.75,7602.75,22342
2026-07-13 09:45:00-04:00,7599.5,7602.25,7593.75,7601.25,20862
2026-07-13 09:50:00-04:00,7597.25,7600.5,7590.25,7599.75,17834
2026-07-13 09:55:00-04:00,7607.5,7608.75,7595.0,7597.0,16758
2026-07-13 10:00:00-04:00,7598.75,7610.5,7597.5,7607.5,23932
2026-07-13 10:05:00-04:00,7599.25,7600.5,7593.5,7598.75,13045
2026-07-13 10:10:00-04:00,7603.5,7604.25,7597.5,7599.25,11562
2026-07-13 10:15:00-04:00,7590.0,7604.75,7573.5,7603.75,45861
2026-07-13 10:20:00-04:00,7598.5,7600.0,7585.25,7590.0,23287
2026-07-13 10:25:00-04:00,7602.0,7602.75,7596.25,7598.5,16470
2026-07-13 10:30:00-04:00,7597.5,7603.75,7596.5,7601.75,14316
2026-07-13 10:35:00-04:00,7592.75,7598.0,7590.75,7597.5,13023
2026-07-13 10:40:00-04:00,7585.75,7593.25,7583.25,7593.0,16437
2026-07-13 10:45:00-04:00,7594.75,7595.5,7580.75,7585.75,18143
2026-07-13 10:50:00-04:00,7588.0,7595.75,7586.0,7594.75,12065
2026-07-13 10:55:00-04:00,7598.5,7599.0,7586.25,7588.0,10989
2026-07-13 11:00:00-04:00,7594.25,7601.75,7593.75,7598.5,13758
2026-07-13 11:05:00-04:00,7593.5,7597.0,7592.5,7594.0,8143
2026-07-13 11:10:00-04:00,7592.0,7596.75,7590.25,7593.5,8612
2026-07-13 11:15:00-04:00,7593.25,7594.25,7589.75,7592.0,6698
2026-07-13 11:20:00-04:00,7595.5,7597.0,7591.75,7593.25,7543
2026-07-13 11:25:00-04:00,7594.75,7596.0,7590.75,7595.5,6367
2026-07-13 11:30:00-04:00,7592.25,7596.5,7591.0,7595.0,7455
2026-07-13 11:35:00-04:00,7592.0,7593.75,7589.25,7592.25,7110
2026-07-13 11:40:00-04:00,7588.0,7592.5,7587.75,7592.0,6475
2026-07-13 11:45:00-04:00,7588.0,7589.0,7585.75,7588.0,7395
2026-07-13 11:50:00-04:00,7586.5,7588.75,7582.25,7588.0,8812
2026-07-13 11:55:00-04:00,7583.25,7586.75,7581.75,7586.5,7115
2026-07-13 12:00:00-04:00,7582.5,7585.75,7580.5,7583.25,7548
2026-07-13 12:05:00-04:00,7585.75,7586.0,7581.5,7582.5,6133
2026-07-13 12:10:00-04:00,7585.5,7589.0,7583.5,7585.75,7229
2026-07-13 12:15:00-04:00,7579.75,7585.5,7577.75,7585.25,8711
2026-07-13 12:20:00-04:00,7577.5,7580.25,7577.0,7579.75,6545
2026-07-13 12:25:00-04:00,7574.0,7578.0,7570.25,7577.5,13758
2026-07-13 12:30:00-04:00,7567.25,7574.0,7566.75,7574.0,17432
2026-07-13 12:35:00-04:00,7571.25,7573.5,7560.0,7567.25,21962
2026-07-13 12:40:00-04:00,7575.0,7576.25,7566.75,7571.0,12816
2026-07-13 12:45:00-04:00,7571.25,7578.0,7571.0,7574.75,10855
2026-07-13 12:50:00-04:00,7565.75,7572.0,7563.25,7571.25,12193
2026-07-13 12:55:00-04:00,7570.25,7572.75,7564.25,7565.5,9689
2026-07-13 13:00:00-04:00,7569.75,7574.25,7569.0,7570.0,8561
2026-07-13 13:05:00-04:00,7575.75,7576.5,7569.25,7570.0,7640
2026-07-13 13:10:00-04:00,7572.0,7578.0,7570.75,7575.75,6662
2026-07-13 13:15:00-04:00,7573.25,7574.5,7568.0,7572.0,6549
2026-07-13 13:20:00-04:00,7568.5,7575.25,7568.25,7573.0,5267
2026-07-13 13:25:00-04:00,7569.75,7571.25,7566.75,7568.75,6333
2026-07-13 13:30:00-04:00,7570.75,7572.5,7568.0,7569.75,5732
2026-07-13 13:35:00-04:00,7568.25,7571.0,7566.0,7571.0,5181
2026-07-13 13:40:00-04:00,7571.5,7572.75,7566.25,7568.25,6299
2026-07-13 13:45:00-04:00,7568.0,7574.25,7567.5,7571.5,5879
2026-07-13 13:50:00-04:00,7566.0,7568.75,7563.5,7568.0,7456
2026-07-13 13:55:00-04:00,7563.5,7567.0,7563.25,7566.25,7433
2026-07-13 14:00:00-04:00,7568.0,7570.25,7563.0,7563.75,9626
2026-07-13 14:05:00-04:00,7568.0,7574.0,7567.25,7567.75,6713
2026-07-13 14:10:00-04:00,7569.25,7569.75,7562.75,7567.75,6941
2026-07-13 14:15:00-04:00,7563.25,7569.5,7561.75,7569.0,6568
2026-07-13 14:20:00-04:00,7566.25,7566.75,7561.5,7563.5,7926
2026-07-13 14:25:00-04:00,7563.5,7567.0,7563.0,7566.25,6743
2026-07-13 14:30:00-04:00,7563.75,7566.75,7561.0,7563.75,8360
2026-07-13 14:35:00-04:00,7568.25,7569.0,7563.25,7563.75,8405
2026-07-13 14:40:00-04:00,7570.25,7572.0,7567.25,7568.0,7439
2026-07-13 14:45:00-04:00,7569.0,7570.75,7566.75,7570.25,7935
2026-07-13 14:50:00-04:00,7569.25,7572.25,7566.75,7569.0,6252
2026-07-13 14:55:00-04:00,7567.25,7570.5,7566.0,7569.5,7100
2026-07-13 15:00:00-04:00,7570.0,7570.5,7563.0,7567.25,8163
2026-07-13 15:05:00-04:00,7566.5,7571.25,7566.5,7570.0,5351
2026-07-13 15:10:00-04:00,7564.25,7566.75,7562.25,7566.5,9817
2026-07-13 15:15:00-04:00,7564.0,7565.75,7562.5,7564.25,7119
2026-07-13 15:20:00-04:00,7560.5,7564.25,7558.25,7563.75,13027
2026-07-13 15:25:00-04:00,7555.0,7560.75,7551.75,7560.5,15352
2026-07-13 15:30:00-04:00,7558.0,7558.25,7554.25,7555.0,13517
2026-07-13 15:35:00-04:00,7554.0,7558.0,7551.0,7558.0,10400
2026-07-13 15:40:00-04:00,7561.0,7561.5,7553.25,7554.0,10769
2026-07-13 15:45:00-04:00,7560.75,7562.25,7557.5,7561.25,9480
2026-07-13 15:50:00-04:00,7562.5,7566.5,7559.75,7560.75,23508
2026-07-13 15:55:00-04:00,7563.0,7568.25,7561.0,7562.5,68410
2026-07-13 16:00:00-04:00,7561.25,7563.5,7559.0,7563.0,19465
2026-07-13 16:05:00-04:00,7561.0,7563.0,7560.0,7561.25,6820
2026-07-13 16:10:00-04:00,7559.5,7561.5,7557.5,7561.0,7468
2026-07-13 16:15:00-04:00,7553.25,7559.75,7547.25,7559.5,9837
2026-07-13 16:20:00-04:00,7555.0,7555.75,7553.0,7553.25,2029
2026-07-13 16:25:00-04:00,7555.75,7556.5,7554.75,7555.0,919
2026-07-13 16:30:00-04:00,7554.5,7555.5,7552.75,7555.5,1181
2026-07-13 16:35:00-04:00,7554.75,7555.0,7554.0,7554.5,447
2026-07-13 16:40:00-04:00,7554.25,7555.0,7553.25,7554.75,1131
2026-07-13 16:45:00-04:00,7553.75,7554.25,7553.0,7554.0,1239
2026-07-13 16:50:00-04:00,7554.0,7554.75,7552.0,7553.5,1022
2026-07-13 16:55:00-04:00,7554.25,7555.75,7553.25,7554.0,1381
2026-07-13 18:00:00-04:00,7558.5,7563.25,7555.25,7557.0,0
2026-07-13 18:05:00-04:00,7559.0,7562.0,7558.25,7558.75,605
2026-07-13 18:10:00-04:00,7557.5,7559.5,7557.0,7559.0,285
2026-07-13 18:15:00-04:00,7558.25,7559.5,7557.5,7558.0,261
2026-07-13 18:20:00-04:00,7556.75,7560.25,7556.0,7558.0,376
2026-07-13 18:25:00-04:00,7555.5,7558.0,7555.25,7556.5,294
2026-07-13 18:30:00-04:00,7555.5,7556.5,7554.5,7555.25,403
2026-07-13 18:35:00-04:00,7555.75,7556.5,7554.75,7555.5,374
2026-07-13 18:40:00-04:00,7557.25,7557.5,7555.75,7555.75,229
2026-07-13 18:45:00-04:00,7557.5,7559.0,7556.25,7557.0,308
2026-07-13 18:50:00-04:00,7553.0,7557.5,7552.75,7557.25,372
2026-07-13 18:55:00-04:00,7552.0,7553.25,7551.0,7553.25,487
2026-07-13 19:00:00-04:00,7547.75,7552.25,7547.5,7552.0,878
2026-07-13 19:05:00-04:00,7548.75,7549.5,7547.25,7548.0,580
2026-07-13 19:10:00-04:00,7547.5,7549.5,7546.25,7548.75,574
2026-07-13 19:15:00-04:00,7548.25,7548.75,7547.0,7547.75,242
2026-07-13 19:20:00-04:00,7549.75,7550.25,7548.0,7548.25,295
2026-07-13 19:25:00-04:00,7547.75,7551.25,7546.75,7550.25,502
2026-07-13 19:30:00-04:00,7545.75,7547.5,7545.0,7547.5,458
2026-07-13 19:35:00-04:00,7545.5,7548.25,7545.0,7545.5,397
2026-07-13 19:40:00-04:00,7542.5,7546.0,7542.0,7545.5,720
2026-07-13 19:45:00-04:00,7543.0,7545.25,7541.5,7542.5,825
2026-07-13 19:50:00-04:00,7548.5,7549.5,7542.25,7543.0,819
2026-07-13 19:55:00-04:00,7553.25,7553.5,7546.25,7548.25,849
2026-07-13 20:00:00-04:00,7544.75,7556.75,7543.0,7553.5,2649
2026-07-13 20:05:00-04:00,7544.0,7547.25,7539.75,7544.5,2288
2026-07-13 20:10:00-04:00,7556.25,7556.25,7544.25,7544.25,2341
2026-07-13 20:15:00-04:00,7544.0,7557.5,7543.75,7556.0,1619
2026-07-13 20:20:00-04:00,7549.0,7549.5,7540.0,7544.0,1894
2026-07-13 20:25:00-04:00,7545.75,7549.25,7541.75,7548.75,961
2026-07-13 20:30:00-04:00,7550.25,7552.75,7544.25,7545.75,1312
2026-07-13 20:35:00-04:00,7549.75,7554.5,7548.5,7550.5,1124
2026-07-13 20:40:00-04:00,7544.25,7553.75,7541.75,7550.0,1605
2026-07-13 20:45:00-04:00,7549.75,7551.5,7544.25,7544.25,1162
2026-07-13 20:50:00-04:00,7557.25,7557.75,7549.75,7549.75,1399
2026-07-13 20:55:00-04:00,7558.5,7560.5,7556.75,7557.0,1404
2026-07-13 21:00:00-04:00,7558.5,7560.25,7556.75,7558.5,1263
2026-07-13 21:05:00-04:00,7558.25,7560.25,7556.25,7558.5,935
2026-07-13 21:10:00-04:00,7554.75,7558.75,7554.25,7558.5,844
2026-07-13 21:15:00-04:00,7558.75,7559.5,7553.75,7554.75,1090
2026-07-13 21:20:00-04:00,7556.0,7559.75,7554.5,7558.5,1106
2026-07-13 21:25:00-04:00,7556.0,7558.75,7555.0,7555.75,618
2026-07-13 21:30:00-04:00,7553.5,7557.5,7552.0,7556.25,872
2026-07-13 21:35:00-04:00,7550.5,7553.75,7548.75,7553.5,916
2026-07-13 21:40:00-04:00,7551.5,7552.75,7547.25,7551.0,992
2026-07-13 21:45:00-04:00,7555.0,7555.75,7551.5,7551.5,690
2026-07-13 21:50:00-04:00,7550.75,7555.5,7550.25,7555.0,478
2026-07-13 21:55:00-04:00,7548.25,7550.75,7546.25,7550.5,769
2026-07-13 22:00:00-04:00,7551.5,7552.25,7546.25,7548.5,765
2026-07-13 22:05:00-04:00,7552.0,7554.75,7551.25,7551.5,763
2026-07-13 22:10:00-04:00,7546.25,7552.25,7545.75,7552.0,630
2026-07-13 22:15:00-04:00,7544.25,7547.75,7544.25,7546.25,743
2026-07-13 22:20:00-04:00,7540.5,7545.0,7539.5,7544.25,1774
2026-07-13 22:25:00-04:00,7543.25,7543.5,7539.25,7540.5,1020
2026-07-13 22:30:00-04:00,7540.25,7544.0,7539.25,7543.25,785
2026-07-13 22:35:00-04:00,7546.75,7547.0,7539.0,7540.0,1012
2026-07-13 22:40:00-04:00,7548.25,7549.75,7546.25,7547.0,852
2026-07-13 22:45:00-04:00,7548.25,7549.5,7546.25,7548.25,628
2026-07-13 22:50:00-04:00,7540.75,7548.25,7540.25,7548.25,701
2026-07-13 22:55:00-04:00,7540.5,7541.5,7539.5,7540.5,680
2026-07-13 23:00:00-04:00,7538.0,7541.0,7537.0,7540.5,1666
2026-07-13 23:05:00-04:00,7537.5,7538.25,7536.75,7538.0,751
2026-07-13 23:10:00-04:00,7535.25,7537.75,7534.5,7537.5,1673
2026-07-13 23:15:00-04:00,7533.5,7535.5,7531.5,7535.25,1100
2026-07-13 23:20:00-04:00,7535.5,7537.5,7532.25,7533.75,1110
2026-07-13 23:25:00-04:00,7540.25,7540.5,7535.0,7535.25,863
2026-07-13 23:30:00-04:00,7537.0,7544.25,7536.5,7540.25,1305
2026-07-13 23:35:00-04:00,7538.25,7539.75,7536.25,7537.0,978
2026-07-13 23:40:00-04:00,7536.25,7538.5,7535.0,7538.5,1038
2026-07-13 23:45:00-04:00,7539.0,7541.75,7535.25,7536.0,1011
2026-07-13 23:50:00-04:00,7543.5,7544.25,7538.75,7538.75,679
2026-07-13 23:55:00-04:00,7544.0,7544.75,7542.0,7543.25,427
2026-07-14 00:05:00-04:00,7541.25,7542.5,7540.75,7542.5,1335
2026-07-14 00:10:00-04:00,7541.0,7542.0,7538.5,7541.25,566
2026-07-14 00:15:00-04:00,7542.25,7542.5,7539.5,7540.75,358
2026-07-14 00:20:00-04:00,7546.0,7546.5,7542.0,7542.0,582
2026-07-14 00:25:00-04:00,7548.75,7550.0,7545.5,7546.0,679
2026-07-14 00:30:00-04:00,7551.75,7552.0,7548.0,7548.75,729
2026-07-14 00:35:00-04:00,7556.25,7556.5,7551.5,7552.0,873
2026-07-14 00:40:00-04:00,7556.0,7557.0,7554.25,7556.0,775
2026-07-14 00:45:00-04:00,7558.75,7559.5,7555.75,7556.0,737
2026-07-14 00:50:00-04:00,7558.5,7559.75,7556.25,7558.75,584
2026-07-14 00:55:00-04:00,7560.25,7561.5,7558.25,7558.5,688
2026-07-14 01:00:00-04:00,7560.75,7561.5,7558.0,7560.5,738
2026-07-14 01:05:00-04:00,7561.75,7563.0,7559.75,7560.5,1008
2026-07-14 01:10:00-04:00,7562.5,7563.25,7561.25,7561.75,691
2026-07-14 01:15:00-04:00,7562.5,7563.25,7561.5,7562.5,458
2026-07-14 01:20:00-04:00,7567.5,7568.75,7562.75,7562.75,2365
2026-07-14 01:25:00-04:00,7569.75,7569.75,7566.75,7567.25,1120
2026-07-14 01:30:00-04:00,7569.25,7573.75,7569.25,7570.0,1613
2026-07-14 01:35:00-04:00,7569.0,7570.75,7568.25,7569.5,789
2026-07-14 01:40:00-04:00,7568.75,7569.5,7567.0,7569.0,615
2026-07-14 01:45:00-04:00,7569.25,7570.0,7567.5,7569.0,428
2026-07-14 01:50:00-04:00,7569.25,7569.75,7568.0,7569.5,475
2026-07-14 01:55:00-04:00,7568.25,7570.25,7568.0,7569.5,539
2026-07-14 02:00:00-04:00,7569.75,7571.25,7567.75,7568.0,821
2026-07-14 02:05:00-04:00,7571.5,7572.25,7569.5,7569.75,761
2026-07-14 02:10:00-04:00,7573.5,7573.5,7570.75,7571.5,812
2026-07-14 02:15:00-04:00,7574.0,7574.75,7572.0,7573.5,1410
2026-07-14 02:20:00-04:00,7570.0,7575.25,7570.0,7573.75,948
2026-07-14 02:25:00-04:00,7567.5,7570.0,7566.0,7570.0,1552
2026-07-14 02:30:00-04:00,7568.75,7570.5,7566.75,7567.5,896
2026-07-14 02:35:00-04:00,7566.5,7569.25,7566.25,7568.5,804
2026-07-14 02:40:00-04:00,7564.0,7566.5,7563.25,7566.5,685
2026-07-14 02:45:00-04:00,7561.5,7563.75,7560.5,7563.75,750
2026-07-14 02:50:00-04:00,7560.25,7563.0,7560.25,7561.75,358
2026-07-14 02:55:00-04:00,7559.0,7561.75,7559.0,7560.25,892
2026-07-14 03:00:00-04:00,7561.75,7562.25,7555.75,7559.25,2188
2026-07-14 03:05:00-04:00,7564.5,7566.0,7561.5,7562.0,1419
2026-07-14 03:10:00-04:00,7563.0,7564.75,7561.5,7564.75,1315
2026-07-14 03:15:00-04:00,7560.75,7563.5,7560.25,7563.0,798
2026-07-14 03:20:00-04:00,7560.75,7562.0,7557.25,7560.75,880
2026-07-14 03:25:00-04:00,7560.5,7563.5,7560.25,7560.75,1001
2026-07-14 03:30:00-04:00,7560.25,7561.5,7556.25,7560.5,1043
2026-07-14 03:35:00-04:00,7560.25,7561.5,7558.0,7560.25,945
2026-07-14 03:40:00-04:00,7555.75,7560.5,7555.0,7560.25,645
2026-07-14 03:45:00-04:00,7560.0,7560.0,7552.5,7555.5,1115
2026-07-14 03:50:00-04:00,7561.0,7562.25,7558.75,7560.0,656
2026-07-14 03:55:00-04:00,7559.0,7561.5,7557.5,7561.0,681
2026-07-14 04:00:00-04:00,7558.25,7561.0,7554.0,7559.0,2622
2026-07-14 04:05:00-04:00,7553.5,7558.75,7552.5,7558.5,1514
2026-07-14 04:10:00-04:00,7557.25,7557.75,7553.5,7553.5,884
2026-07-14 04:15:00-04:00,7561.5,7562.25,7557.25,7557.5,917
2026-07-14 04:20:00-04:00,7559.75,7561.75,7559.25,7561.0,942
2026-07-14 04:25:00-04:00,7562.75,7564.5,7560.0,7560.0,1095
2026-07-14 04:30:00-04:00,7562.5,7564.0,7560.5,7562.5,734
2026-07-14 04:35:00-04:00,7560.75,7562.75,7559.5,7562.25,957
2026-07-14 04:40:00-04:00,7559.75,7561.5,7558.75,7560.75,596
2026-07-14 04:45:00-04:00,7554.75,7560.0,7554.5,7560.0,707
2026-07-14 04:50:00-04:00,7557.0,7557.5,7552.75,7554.75,801
2026-07-14 04:55:00-04:00,7554.25,7557.75,7554.0,7557.0,567
2026-07-14 05:00:00-04:00,7558.0,7558.5,7551.25,7554.5,1083
2026-07-14 05:05:00-04:00,7560.5,7561.0,7555.5,7558.25,1407
2026-07-14 05:10:00-04:00,7563.0,7563.75,7558.75,7560.5,1228
2026-07-14 05:15:00-04:00,7559.25,7564.0,7557.75,7562.75,1161
2026-07-14 05:20:00-04:00,7558.25,7560.0,7557.0,7559.5,407
2026-07-14 05:25:00-04:00,7554.25,7558.5,7554.0,7558.25,763
2026-07-14 05:30:00-04:00,7556.0,7557.25,7554.25,7554.25,762
2026-07-14 05:35:00-04:00,7557.75,7557.75,7555.75,7556.0,394
2026-07-14 05:40:00-04:00,7557.5,7559.0,7557.0,7557.5,657
2026-07-14 05:45:00-04:00,7561.5,7561.75,7557.0,7557.25,625
2026-07-14 05:50:00-04:00,7558.75,7561.25,7557.75,7561.25,676
2026-07-14 05:55:00-04:00,7557.5,7558.75,7556.75,7558.75,323
2026-07-14 06:00:00-04:00,7559.5,7559.5,7556.25,7557.75,410
2026-07-14 06:05:00-04:00,7560.25,7560.25,7558.0,7560.0,260
2026-07-14 06:10:00-04:00,7557.5,7560.75,7556.25,7560.25,689
2026-07-14 06:15:00-04:00,7558.0,7559.0,7556.5,7557.75,427
2026-07-14 06:20:00-04:00,7558.0,7558.25,7556.5,7558.0,245
2026-07-14 06:25:00-04:00,7558.5,7558.5,7555.5,7557.75,349
2026-07-14 06:30:00-04:00,7556.75,7561.25,7553.75,7558.25,1822
2026-07-14 06:35:00-04:00,7560.75,7566.0,7556.25,7556.5,1704
2026-07-14 06:40:00-04:00,7556.75,7560.75,7556.25,7560.75,1152
2026-07-14 06:45:00-04:00,7558.5,7559.25,7556.0,7556.75,760
2026-07-14 06:50:00-04:00,7556.0,7560.0,7555.75,7558.5,583
2026-07-14 06:55:00-04:00,7557.0,7557.25,7553.25,7556.0,955
2026-07-14 07:00:00-04:00,7547.5,7558.0,7546.25,7557.0,3739
2026-07-14 07:05:00-04:00,7546.0,7550.25,7544.5,7547.25,2339
2026-07-14 07:10:00-04:00,7553.0,7553.5,7544.0,7545.75,2845
2026-07-14 07:15:00-04:00,7556.5,7556.5,7552.5,7553.0,2913
2026-07-14 07:20:00-04:00,7561.75,7562.75,7554.25,7556.25,3108
2026-07-14 07:25:00-04:00,7558.5,7564.25,7557.75,7561.75,3055
2026-07-14 07:30:00-04:00,7556.5,7562.5,7556.25,7558.5,1279
2026-07-14 07:35:00-04:00,7555.5,7557.0,7553.25,7556.75,1224
2026-07-14 07:40:00-04:00,7553.75,7556.75,7553.0,7555.75,981
2026-07-14 07:45:00-04:00,7557.0,7559.75,7553.5,7553.75,1441
2026-07-14 07:50:00-04:00,7556.0,7558.5,7556.0,7557.0,756
2026-07-14 07:55:00-04:00,7555.75,7557.25,7554.0,7556.0,914
2026-07-14 08:00:00-04:00,7549.25,7555.75,7548.25,7555.5,3136
2026-07-14 08:05:00-04:00,7548.0,7549.75,7546.5,7549.0,2046
2026-07-14 08:10:00-04:00,7547.5,7549.0,7544.75,7548.0,1526
2026-07-14 08:15:00-04:00,7549.75,7551.0,7545.5,7547.75,1816
2026-07-14 08:20:00-04:00,7557.25,7557.75,7548.5,7549.75,1943
2026-07-14 08:25:00-04:00,7560.75,7563.0,7556.0,7557.5,2424
2026-07-14 08:30:00-04:00,7595.75,7613.75,7558.75,7561.0,28546
2026-07-14 08:35:00-04:00,7586.75,7596.25,7581.5,7595.5,11823
2026-07-14 08:40:00-04:00,7588.0,7590.75,7582.0,7586.5,7800
2026-07-14 08:45:00-04:00,7583.25,7590.25,7581.0,7588.25,4872
2026-07-14 08:50:00-04:00,7579.25,7583.0,7576.5,7583.0,5381
2026-07-14 08:55:00-04:00,7579.5,7581.75,7575.75,7579.5,3751
2026-07-14 09:00:00-04:00,7579.5,7584.0,7577.25,7579.5,5075
2026-07-14 09:05:00-04:00,7579.75,7583.5,7578.75,7579.5,2779
2026-07-14 09:10:00-04:00,7579.25,7582.25,7577.5,7579.75,3580
2026-07-14 09:15:00-04:00,7575.0,7580.5,7574.5,7579.25,4184
2026-07-14 09:20:00-04:00,7581.0,7582.5,7570.75,7575.0,5352
2026-07-14 09:25:00-04:00,7579.5,7585.0,7578.25,7581.0,6189
2026-07-14 09:30:00-04:00,7566.5,7581.25,7565.25,7579.5,33955
2026-07-14 09:35:00-04:00,7581.75,7584.0,7564.25,7566.25,24682
2026-07-14 09:40:00-04:00,7583.25,7585.5,7575.75,7582.0,19885
2026-07-14 09:45:00-04:00,7579.75,7588.25,7576.25,7583.0,17688
2026-07-14 09:50:00-04:00,7581.0,7586.5,7576.0,7579.75,13802
2026-07-14 09:55:00-04:00,7583.5,7586.0,7577.25,7581.25,10361
2026-07-14 10:00:00-04:00,7574.5,7585.25,7572.0,7583.5,14777
2026-07-14 10:05:00-04:00,7572.75,7577.25,7568.75,7574.5,12169
2026-07-14 10:10:00-04:00,7574.5,7575.25,7567.75,7572.5,12193
2026-07-14 10:15:00-04:00,7569.0,7574.5,7556.5,7574.5,24072
2026-07-14 10:20:00-04:00,7571.75,7579.5,7568.0,7568.75,16285
2026-07-14 10:25:00-04:00,7577.25,7583.5,7570.0,7572.0,14155
2026-07-14 10:30:00-04:00,7591.0,7603.75,7575.0,7577.25,27049
2026-07-14 10:35:00-04:00,7589.75,7592.0,7585.75,7591.0,15142
2026-07-14 10:40:00-04:00,7581.75,7593.75,7580.0,7589.75,12382
2026-07-14 10:45:00-04:00,7579.25,7585.0,7578.25,7581.5,11414
2026-07-14 10:50:00-04:00,7586.75,7586.75,7575.25,7579.25,10014
2026-07-14 10:55:00-04:00,7587.5,7590.5,7585.75,7586.75,8225
2026-07-14 11:00:00-04:00,7594.0,7600.75,7583.25,7587.5,20852
2026-07-14 11:05:00-04:00,7598.75,7601.5,7591.75,7594.0,16913
2026-07-14 11:10:00-04:00,7596.0,7601.0,7594.25,7598.75,10279
2026-07-14 11:15:00-04:00,7590.0,7597.5,7587.5,7596.0,10599
2026-07-14 11:20:00-04:00,7595.75,7595.75,7587.0,7589.75,9454
2026-07-14 11:25:00-04:00,7597.25,7598.0,7593.5,7595.75,7213
2026-07-14 11:30:00-04:00,7590.0,7600.5,7589.0,7597.0,12925
2026-07-14 11:35:00-04:00,7589.0,7591.0,7585.5,7590.0,11366
2026-07-14 11:40:00-04:00,7586.25,7589.0,7577.75,7589.0,14025
2026-07-14 11:45:00-04:00,7586.25,7590.0,7585.5,7586.0,7226
2026-07-14 11:50:00-04:00,7580.25,7587.25,7579.25,7586.5,8629
2026-07-14 11:55:00-04:00,7579.75,7582.0,7576.25,7580.25,7547
2026-07-14 12:00:00-04:00,7573.5,7580.75,7570.0,7580.0,11079
2026-07-14 12:05:00-04:00,7574.5,7577.0,7570.0,7573.5,9860
2026-07-14 12:10:00-04:00,7575.25,7576.5,7570.0,7574.75,6872
2026-07-14 12:15:00-04:00,7574.25,7576.75,7570.0,7575.5,6874
2026-07-14 12:20:00-04:00,7573.5,7575.75,7570.0,7574.25,5858
2026-07-14 12:25:00-04:00,7578.25,7579.25,7572.5,7573.5,7670
2026-07-14 12:30:00-04:00,7581.0,7581.0,7576.5,7578.0,6408
2026-07-14 12:35:00-04:00,7582.75,7583.75,7579.75,7581.0,5811
2026-07-14 12:40:00-04:00,7585.0,7588.25,7581.25,7582.75,6781
2026-07-14 12:45:00-04:00,7584.5,7588.0,7580.0,7585.25,6349
2026-07-14 12:50:00-04:00,7585.25,7587.25,7583.25,7584.5,4322
2026-07-14 12:55:00-04:00,7589.25,7589.25,7584.25,7585.5,4589
2026-07-14 13:00:00-04:00,7587.25,7591.0,7586.75,7589.25,6725
2026-07-14 13:05:00-04:00,7591.75,7592.25,7586.0,7587.5,4454
2026-07-14 13:10:00-04:00,7588.75,7592.75,7588.75,7591.5,4822
2026-07-14 13:15:00-04:00,7591.25,7592.25,7585.25,7588.75,7578
2026-07-14 13:20:00-04:00,7595.0,7596.75,7591.0,7591.25,6747
2026-07-14 13:25:00-04:00,7593.75,7596.25,7592.75,7595.0,5214
2026-07-14 13:30:00-04:00,7590.75,7595.75,7590.5,7594.0,5813
2026-07-14 13:35:00-04:00,7591.5,7591.75,7588.75,7590.75,4712
2026-07-14 13:40:00-04:00,7590.75,7592.0,7589.25,7591.75,3901
2026-07-14 13:45:00-04:00,7591.25,7592.75,7587.75,7590.75,4047
2026-07-14 13:50:00-04:00,7592.75,7593.5,7591.0,7591.0,3449
2026-07-14 13:55:00-04:00,7593.25,7593.75,7591.75,7592.5,3641
2026-07-14 14:00:00-04:00,7595.0,7595.25,7589.75,7593.5,5746
2026-07-14 14:05:00-04:00,7594.75,7595.5,7593.0,7594.75,5073
2026-07-14 14:10:00-04:00,7596.25,7596.75,7593.75,7594.75,3784
2026-07-14 14:15:00-04:00,7596.75,7598.25,7595.0,7596.5,5087
2026-07-14 14:20:00-04:00,7595.0,7598.0,7594.5,7596.75,3498
2026-07-14 14:25:00-04:00,7595.5,7596.75,7593.5,7595.0,4067
2026-07-14 14:30:00-04:00,7594.75,7596.0,7593.5,7595.25,4526
2026-07-14 14:35:00-04:00,7593.5,7596.25,7590.5,7594.75,8070
2026-07-14 14:40:00-04:00,7590.25,7593.75,7587.0,7593.5,12036
2026-07-14 14:45:00-04:00,7589.75,7592.0,7589.0,7590.5,4213
2026-07-14 14:50:00-04:00,7592.25,7593.5,7588.75,7590.0,4536
2026-07-14 14:55:00-04:00,7592.0,7592.75,7591.0,7592.5,3191
2026-07-14 15:00:00-04:00,7589.5,7592.75,7588.75,7592.25,4668
2026-07-14 15:05:00-04:00,7588.75,7591.0,7588.25,7589.75,3870
2026-07-14 15:10:00-04:00,7590.25,7591.25,7587.5,7589.0,4122
2026-07-14 15:15:00-04:00,7591.0,7592.5,7588.25,7590.25,6524
2026-07-14 15:20:00-04:00,7594.25,7594.75,7590.25,7591.0,4139
2026-07-14 15:25:00-04:00,7591.5,7594.5,7591.0,7594.25,4611
2026-07-14 15:30:00-04:00,7590.25,7591.75,7587.0,7591.5,11420
2026-07-14 15:35:00-04:00,7589.75,7593.0,7589.0,7590.0,5282
2026-07-14 15:40:00-04:00,7593.25,7594.75,7589.25,7589.75,6325
2026-07-14 15:45:00-04:00,7595.0,7595.25,7592.75,7593.0,6237
2026-07-14 15:50:00-04:00,7591.5,7596.0,7591.5,7595.0,14045
2026-07-14 15:55:00-04:00,7590.0,7596.0,7589.25,7591.5,53762
2026-07-14 16:00:00-04:00,7589.25,7591.5,7588.5,7590.0,13989
2026-07-14 16:05:00-04:00,7589.75,7592.5,7589.0,7589.25,4308
2026-07-14 16:10:00-04:00,7589.25,7590.5,7587.75,7589.5,3223
2026-07-14 16:15:00-04:00,7589.25,7590.0,7588.75,7589.25,1322
2026-07-14 16:20:00-04:00,7587.75,7589.25,7585.75,7589.25,1320
2026-07-14 16:25:00-04:00,7586.0,7588.75,7585.75,7587.75,1434
2026-07-14 16:30:00-04:00,7587.0,7587.5,7585.75,7586.0,1064
2026-07-14 16:35:00-04:00,7589.25,7589.5,7587.0,7587.0,948
2026-07-14 16:40:00-04:00,7588.75,7589.5,7588.25,7589.25,568
2026-07-14 16:45:00-04:00,7589.0,7589.5,7588.25,7588.75,334
2026-07-14 16:50:00-04:00,7590.0,7590.0,7587.25,7587.25,1184
2026-07-14 16:55:00-04:00,7591.0,7591.75,7589.5,7590.0,1578
2026-07-14 18:00:00-04:00,7589.5,7591.5,7588.75,7589.75,0
2026-07-14 18:05:00-04:00,7588.0,7590.0,7586.75,7589.5,391
2026-07-14 18:10:00-04:00,7584.0,7588.5,7583.0,7587.75,984
2026-07-14 18:15:00-04:00,7588.5,7588.75,7584.0,7584.25,398
2026-07-14 18:20:00-04:00,7591.5,7592.25,7588.25,7588.5,567
2026-07-14 18:25:00-04:00,7590.5,7591.75,7590.0,7591.75,225
2026-07-14 18:30:00-04:00,7590.75,7592.25,7590.25,7590.5,206
2026-07-14 18:35:00-04:00,7591.25,7591.25,7590.5,7590.5,84
2026-07-14 18:40:00-04:00,7590.75,7591.5,7590.25,7591.0,137
2026-07-14 18:45:00-04:00,7589.75,7590.75,7589.0,7590.75,173
2026-07-14 18:50:00-04:00,7589.0,7590.5,7588.25,7589.75,270
2026-07-14 18:55:00-04:00,7589.0,7589.5,7588.0,7588.75,156
2026-07-14 19:00:00-04:00,7589.75,7590.25,7587.75,7589.0,319
2026-07-14 19:05:00-04:00,7591.0,7591.5,7589.75,7590.25,209
2026-07-14 19:10:00-04:00,7592.0,7592.75,7591.0,7591.0,279
2026-07-14 19:15:00-04:00,7592.0,7592.5,7591.0,7592.0,142
2026-07-14 19:20:00-04:00,7593.5,7593.75,7591.5,7591.75,225
2026-07-14 19:25:00-04:00,7599.5,7600.0,7593.0,7593.5,1441
2026-07-14 19:30:00-04:00,7601.0,7602.25,7599.5,7599.5,975
2026-07-14 19:35:00-04:00,7600.75,7601.75,7600.25,7601.0,452
2026-07-14 19:40:00-04:00,7601.0,7603.25,7600.5,7600.5,694
2026-07-14 19:45:00-04:00,7602.75,7603.25,7600.25,7601.0,448
2026-07-14 19:50:00-04:00,7603.5,7604.25,7601.75,7602.5,778
2026-07-14 19:55:00-04:00,7602.75,7604.25,7601.25,7603.75,719
2026-07-14 20:00:00-04:00,7600.75,7604.0,7599.75,7602.75,1121
2026-07-14 20:05:00-04:00,7600.5,7600.75,7598.0,7600.75,928
2026-07-14 20:10:00-04:00,7603.0,7604.5,7600.25,7600.25,889
2026-07-14 20:15:00-04:00,7601.5,7603.5,7601.0,7603.0,1040
2026-07-14 20:20:00-04:00,7602.0,7604.5,7601.5,7601.75,800
2026-07-14 20:25:00-04:00,7602.25,7603.0,7601.0,7602.25,580
2026-07-14 20:30:00-04:00,7599.5,7603.0,7599.25,7602.5,770
2026-07-14 20:35:00-04:00,7597.75,7599.75,7595.5,7599.75,979
2026-07-14 20:40:00-04:00,7594.0,7598.5,7592.5,7597.75,985
2026-07-14 20:45:00-04:00,7596.0,7597.25,7592.75,7594.0,635
2026-07-14 20:50:00-04:00,7599.5,7600.0,7596.0,7596.25,757
2026-07-14 20:55:00-04:00,7601.5,7603.5,7599.0,7599.5,653
2026-07-14 21:00:00-04:00,7598.25,7603.0,7596.25,7601.75,992
2026-07-14 21:05:00-04:00,7597.0,7599.0,7596.0,7598.5,579
2026-07-14 21:10:00-04:00,7598.5,7599.0,7596.0,7597.0,468
2026-07-14 21:15:00-04:00,7600.75,7602.25,7598.25,7598.5,569
2026-07-14 21:20:00-04:00,7600.75,7601.75,7599.75,7601.0,416
2026-07-14 21:25:00-04:00,7601.5,7603.75,7600.0,7600.5,757
2026-07-14 21:30:00-04:00,7601.75,7602.5,7600.75,7601.5,542
2026-07-14 21:35:00-04:00,7602.75,7603.25,7601.0,7602.0,543
2026-07-14 21:40:00-04:00,7597.5,7602.75,7597.5,7602.75,685
2026-07-14 21:45:00-04:00,7599.75,7600.5,7597.5,7597.75,473
2026-07-14 21:50:00-04:00,7601.75,7601.75,7599.25,7599.75,489
2026-07-14 21:55:00-04:00,7604.25,7604.5,7601.5,7601.75,798
2026-07-14 22:00:00-04:00,7603.75,7604.5,7602.5,7604.5,624
2026-07-14 22:05:00-04:00,7604.0,7606.25,7603.0,7603.75,897
2026-07-14 22:10:00-04:00,7603.5,7605.25,7603.25,7604.25,720
2026-07-14 22:15:00-04:00,7604.5,7605.5,7603.25,7603.75,478
2026-07-14 22:20:00-04:00,7603.75,7605.5,7603.5,7604.75,667
2026-07-14 22:25:00-04:00,7604.5,7604.75,7603.5,7603.5,421
2026-07-14 22:30:00-04:00,7606.0,7606.75,7604.25,7604.75,742
2026-07-14 22:35:00-04:00,7606.0,7607.5,7605.25,7606.0,431
2026-07-14 22:40:00-04:00,7606.75,7606.75,7605.75,7606.25,383
2026-07-14 22:45:00-04:00,7606.25,7606.75,7605.75,7606.5,418
2026-07-14 22:50:00-04:00,7604.25,7606.25,7604.0,7606.25,720
2026-07-14 22:55:00-04:00,7603.25,7604.75,7602.75,7604.25,408
2026-07-14 23:00:00-04:00,7603.75,7604.0,7602.75,7603.25,462
2026-07-14 23:05:00-04:00,7602.75,7603.75,7602.5,7603.5,289
2026-07-14 23:10:00-04:00,7602.0,7603.0,7601.25,7603.0,457
2026-07-14 23:15:00-04:00,7604.25,7604.75,7602.25,7602.25,581
2026-07-14 23:20:00-04:00,7603.75,7604.75,7603.0,7604.25,282
2026-07-14 23:25:00-04:00,7604.75,7605.5,7603.25,7603.5,314
2026-07-14 23:30:00-04:00,7606.0,7606.25,7604.5,7604.5,475
2026-07-14 23:35:00-04:00,7605.5,7606.25,7605.5,7606.0,187
2026-07-14 23:40:00-04:00,7605.0,7606.5,7605.0,7605.5,316
2026-07-14 23:45:00-04:00,7607.0,7607.0,7604.75,7605.0,272
2026-07-14 23:50:00-04:00,7607.75,7608.25,7607.25,7607.25,549
2026-07-14 23:55:00-04:00,7607.25,7608.0,7607.0,7607.75,237
2026-07-15 00:05:00-04:00,7605.75,7606.25,7605.75,7606.25,774
2026-07-15 00:10:00-04:00,7606.5,7607.0,7605.75,7606.0,227
2026-07-15 00:15:00-04:00,7608.0,7608.25,7606.25,7606.75,242
2026-07-15 00:20:00-04:00,7607.75,7608.25,7607.25,7608.0,261
2026-07-15 00:25:00-04:00,7607.0,7608.25,7606.75,7608.0,324
2026-07-15 00:30:00-04:00,7606.5,7607.25,7606.0,7606.75,438
2026-07-15 00:35:00-04:00,7607.75,7608.0,7606.5,7606.5,382
2026-07-15 00:40:00-04:00,7606.75,7608.0,7606.5,7607.75,258
2026-07-15 00:45:00-04:00,7607.0,7607.75,7606.75,7607.0,181
2026-07-15 00:50:00-04:00,7607.5,7608.0,7606.75,7607.25,265
2026-07-15 00:55:00-04:00,7608.5,7608.5,7607.25,7607.75,339
2026-07-15 01:00:00-04:00,7605.25,7613.5,7604.0,7608.5,3400
2026-07-15 01:05:00-04:00,7607.25,7607.25,7603.25,7605.25,882
2026-07-15 01:10:00-04:00,7604.75,7607.75,7604.0,7607.25,583
2026-07-15 01:15:00-04:00,7607.0,7607.75,7604.5,7604.5,394
2026-07-15 01:20:00-04:00,7605.0,7608.0,7604.75,7607.0,477
2026-07-15 01:25:00-04:00,7603.75,7604.75,7602.75,7604.75,651
2026-07-15 01:30:00-04:00,7605.75,7606.0,7602.5,7603.5,651
2026-07-15 01:35:00-04:00,7608.0,7608.0,7605.75,7605.75,609
2026-07-15 01:40:00-04:00,7606.0,7608.0,7605.25,7608.0,615
2026-07-15 01:45:00-04:00,7607.25,7607.75,7605.25,7606.0,465
2026-07-15 01:50:00-04:00,7607.5,7608.0,7606.25,7607.25,494
2026-07-15 01:55:00-04:00,7609.0,7609.25,7607.25,7607.5,821
2026-07-15 02:00:00-04:00,7609.5,7609.5,7608.25,7609.25,958
2026-07-15 02:05:00-04:00,7608.25,7609.75,7607.5,7609.5,663
2026-07-15 02:10:00-04:00,7608.25,7609.0,7607.0,7608.25,428
2026-07-15 02:15:00-04:00,7608.25,7608.25,7606.25,7608.0,660
2026-07-15 02:20:00-04:00,7607.75,7608.25,7606.5,7608.0,517
2026-07-15 02:25:00-04:00,7610.0,7610.5,7607.75,7608.0,876
2026-07-15 02:30:00-04:00,7608.75,7611.0,7606.5,7610.0,1485
2026-07-15 02:35:00-04:00,7608.0,7609.25,7607.75,7608.75,356
2026-07-15 02:40:00-04:00,7607.25,7608.0,7606.5,7607.75,326
2026-07-15 02:45:00-04:00,7608.25,7608.75,7607.25,7607.5,445
2026-07-15 02:50:00-04:00,7608.0,7608.25,7606.75,7608.25,373
2026-07-15 02:55:00-04:00,7607.75,7608.5,7606.75,7608.25,742
2026-07-15 03:00:00-04:00,7607.25,7607.75,7604.75,7607.5,1545
2026-07-15 03:05:00-04:00,7607.5,7609.0,7606.75,7607.25,1186
2026-07-15 03:10:00-04:00,7607.25,7608.0,7606.75,7607.5,943
2026-07-15 03:15:00-04:00,7605.5,7607.5,7605.5,7607.0,927
2026-07-15 03:20:00-04:00,7602.25,7605.75,7602.25,7605.5,1091
2026-07-15 03:25:00-04:00,7599.0,7602.25,7593.5,7602.25,3018
2026-07-15 03:30:00-04:00,7598.5,7600.25,7597.0,7599.0,1170
2026-07-15 03:35:00-04:00,7600.5,7601.25,7598.5,7598.75,911
2026-07-15 03:40:00-04:00,7602.0,7602.5,7600.25,7600.5,982
2026-07-15 03:45:00-04:00,7604.5,7604.75,7600.75,7602.0,827
2026-07-15 03:50:00-04:00,7605.0,7606.25,7603.75,7604.5,959
2026-07-15 03:55:00-04:00,7604.5,7605.0,7603.5,7604.75,428
2026-07-15 04:00:00-04:00,7599.25,7605.25,7598.25,7604.5,1685
2026-07-15 04:05:00-04:00,7599.0,7600.0,7597.75,7599.25,1062
2026-07-15 04:10:00-04:00,7600.25,7601.5,7597.25,7599.0,1486
2026-07-15 04:15:00-04:00,7601.0,7602.5,7599.0,7600.25,914
2026-07-15 04:20:00-04:00,7597.75,7601.5,7595.75,7601.0,925
2026-07-15 04:25:00-04:00,7601.25,7601.25,7597.25,7597.5,1188
2026-07-15 04:30:00-04:00,7601.25,7602.5,7600.0,7601.25,783
2026-07-15 04:35:00-04:00,7603.75,7604.25,7600.5,7601.5,768
2026-07-15 04:40:00-04:00,7604.0,7604.75,7600.5,7603.75,1518
2026-07-15 04:45:00-04:00,7605.75,7607.25,7603.75,7604.0,1038
2026-07-15 04:50:00-04:00,7604.0,7606.0,7604.0,7605.75,515
2026-07-15 04:55:00-04:00,7606.75,7606.75,7603.75,7603.75,653
2026-07-15 05:00:00-04:00,7608.25,7608.25,7606.5,7606.75,627
2026-07-15 05:05:00-04:00,7609.5,7609.5,7607.75,7608.25,622
2026-07-15 05:10:00-04:00,7609.5,7610.75,7608.5,7609.75,850
2026-07-15 05:15:00-04:00,7610.25,7610.5,7608.25,7609.75,1128
2026-07-15 05:20:00-04:00,7609.5,7610.5,7608.75,7610.0,673
2026-07-15 05:25:00-04:00,7608.25,7609.75,7607.75,7609.5,486
2026-07-15 05:30:00-04:00,7607.75,7608.5,7607.0,7608.25,660
2026-07-15 05:35:00-04:00,7607.75,7609.25,7607.25,7607.75,592
2026-07-15 05:40:00-04:00,7609.5,7610.25,7607.75,7608.0,477
2026-07-15 05:45:00-04:00,7607.25,7609.75,7606.25,7609.75,483
2026-07-15 05:50:00-04:00,7605.0,7607.75,7604.25,7607.25,972
2026-07-15 05:55:00-04:00,7604.5,7605.25,7603.75,7605.25,597
2026-07-15 06:00:00-04:00,7605.0,7606.0,7603.5,7604.75,561
2026-07-15 06:05:00-04:00,7604.75,7606.25,7604.25,7605.0,428
2026-07-15 06:10:00-04:00,7605.75,7606.25,7604.25,7605.0,343
2026-07-15 06:15:00-04:00,7605.5,7606.75,7605.25,7605.75,226
2026-07-15 06:20:00-04:00,7600.25,7605.5,7600.25,7605.25,1404
2026-07-15 06:25:00-04:00,7598.25,7600.75,7597.0,7600.25,1540
2026-07-15 06:30:00-04:00,7598.25,7599.75,7597.75,7598.25,877
2026-07-15 06:35:00-04:00,7601.25,7602.25,7598.25,7598.5,630
2026-07-15 06:40:00-04:00,7599.5,7601.25,7599.0,7601.0,459
2026-07-15 06:45:00-04:00,7601.75,7602.0,7599.5,7599.5,430
2026-07-15 06:50:00-04:00,7601.0,7602.0,7600.25,7601.75,415
2026-07-15 06:55:00-04:00,7601.5,7603.0,7600.5,7601.0,831
2026-07-15 07:00:00-04:00,7602.75,7603.75,7601.0,7601.0,1368
2026-07-15 07:05:00-04:00,7602.25,7603.5,7600.25,7603.0,454
2026-07-15 07:10:00-04:00,7600.25,7602.0,7599.25,7602.0,608
2026-07-15 07:15:00-04:00,7600.25,7602.25,7600.0,7600.25,615
2026-07-15 07:20:00-04:00,7600.75,7602.0,7600.0,7600.0,441
2026-07-15 07:25:00-04:00,7600.5,7601.75,7600.0,7600.75,402
2026-07-15 07:30:00-04:00,7601.0,7601.0,7598.0,7600.75,833
2026-07-15 07:35:00-04:00,7601.75,7602.5,7600.0,7600.75,513
2026-07-15 07:40:00-04:00,7601.75,7603.5,7601.25,7601.75,916
2026-07-15 07:45:00-04:00,7599.0,7602.0,7598.25,7602.0,705
2026-07-15 07:50:00-04:00,7599.5,7601.25,7598.5,7598.75,906
2026-07-15 07:55:00-04:00,7600.0,7601.25,7598.25,7599.0,649
2026-07-15 08:00:00-04:00,7598.0,7600.75,7597.75,7600.0,681
2026-07-15 08:05:00-04:00,7596.75,7597.75,7594.75,7597.75,1429
2026-07-15 08:10:00-04:00,7596.0,7597.5,7594.75,7596.5,867
2026-07-15 08:15:00-04:00,7596.0,7597.5,7595.75,7596.0,659
2026-07-15 08:20:00-04:00,7594.5,7596.25,7592.5,7596.0,1436
2026-07-15 08:25:00-04:00,7595.25,7595.25,7593.5,7594.25,1318
2026-07-15 08:30:00-04:00,7605.0,7608.0,7593.75,7594.5,6338
2026-07-15 08:35:00-04:00,7606.75,7609.0,7604.5,7605.0,3430
2026-07-15 08:40:00-04:00,7610.75,7613.25,7605.5,7607.0,3727
2026-07-15 08:45:00-04:00,7612.25,7613.0,7608.0,7610.75,2660
2026-07-15 08:50:00-04:00,7613.25,7614.75,7612.0,7612.0,3006
2026-07-15 08:55:00-04:00,7611.5,7614.0,7610.75,7613.5,2713
2026-07-15 09:00:00-04:00,7614.0,7614.5,7610.75,7611.5,2540
2026-07-15 09:05:00-04:00,7610.75,7615.5,7610.5,7614.0,3019
2026-07-15 09:10:00-04:00,7607.25,7611.0,7606.5,7610.75,2997
2026-07-15 09:15:00-04:00,7609.5,7609.75,7606.5,7607.0,2341
2026-07-15 09:20:00-04:00,7608.0,7609.75,7607.5,7609.75,1767
2026-07-15 09:25:00-04:00,7612.25,7612.5,7605.75,7608.0,4954
2026-07-15 09:30:00-04:00,7621.75,7622.75,7611.75,7612.5,34207
2026-07-15 09:35:00-04:00,7618.5,7626.25,7615.25,7622.0,26046
2026-07-15 09:40:00-04:00,7613.5,7618.75,7612.75,7618.75,16611
2026-07-15 09:45:00-04:00,7605.5,7614.75,7603.25,7613.5,25216
2026-07-15 09:50:00-04:00,7610.75,7610.75,7601.25,7605.5,22664
2026-07-15 09:55:00-04:00,7614.5,7616.75,7608.5,7610.5,24593
2026-07-15 10:00:00-04:00,7618.0,7621.75,7614.5,7614.5,21334
2026-07-15 10:05:00-04:00,7620.5,7623.5,7616.5,7618.0,16263
2026-07-15 10:10:00-04:00,7617.75,7622.25,7616.5,7620.75,13549
2026-07-15 10:15:00-04:00,7623.5,7626.0,7617.0,7617.75,15105
2026-07-15 10:20:00-04:00,7608.0,7624.0,7603.25,7623.5,25063
2026-07-15 10:25:00-04:00,7616.5,7617.5,7603.75,7607.75,25524
2026-07-15 10:30:00-04:00,7616.25,7618.75,7609.25,7616.25,16438
2026-07-15 10:35:00-04:00,7606.75,7618.0,7605.0,7616.25,15134
2026-07-15 10:40:00-04:00,7605.0,7609.75,7597.75,7606.75,21445
2026-07-15 10:45:00-04:00,7607.75,7608.25,7599.0,7605.0,15301
2026-07-15 10:50:00-04:00,7600.5,7608.25,7597.25,7607.75,13478
2026-07-15 10:55:00-04:00,7604.75,7605.75,7598.25,7600.75,11647
2026-07-15 11:00:00-04:00,7602.0,7606.75,7600.0,7605.0,8899
2026-07-15 11:05:00-04:00,7610.0,7611.25,7599.5,7602.0,9047
2026-07-15 11:10:00-04:00,7601.0,7611.5,7600.5,7610.0,8851
2026-07-15 11:15:00-04:00,7602.5,7603.5,7592.0,7601.25,17169
2026-07-15 11:20:00-04:00,7598.75,7602.75,7594.25,7602.5,11995
2026-07-15 11:25:00-04:00,7605.75,7606.25,7597.5,7599.0,16705
2026-07-15 11:30:00-04:00,7605.5,7608.5,7601.5,7605.75,13102
2026-07-15 11:35:00-04:00,7606.5,7607.75,7601.0,7605.5,9743
2026-07-15 11:40:00-04:00,7601.5,7607.5,7600.0,7606.75,7713
2026-07-15 11:45:00-04:00,7598.0,7602.5,7597.5,7601.5,9586
2026-07-15 11:50:00-04:00,7597.0,7598.25,7592.75,7598.0,9977
2026-07-15 11:55:00-04:00,7596.25,7597.75,7592.5,7597.0,7359
2026-07-15 12:00:00-04:00,7590.5,7598.0,7587.25,7596.25,14454
2026-07-15 12:05:00-04:00,7588.75,7590.75,7583.25,7590.5,15983
2026-07-15 12:10:00-04:00,7581.5,7590.5,7581.0,7588.75,10199
2026-07-15 12:15:00-04:00,7579.75,7583.25,7578.25,7581.5,16009
2026-07-15 12:20:00-04:00,7574.75,7581.25,7573.75,7580.0,14267
2026-07-15 12:25:00-04:00,7577.75,7578.75,7574.0,7574.5,11605
2026-07-15 12:30:00-04:00,7575.25,7581.5,7574.25,7577.75,10682
2026-07-15 12:35:00-04:00,7574.0,7576.0,7572.5,7575.5,9383
2026-07-15 12:40:00-04:00,7578.75,7579.0,7571.75,7574.0,9746
2026-07-15 12:45:00-04:00,7583.25,7593.25,7577.0,7578.75,20956
2026-07-15 12:50:00-04:00,7584.25,7588.5,7582.75,7583.25,11624
2026-07-15 12:55:00-04:00,7586.75,7586.75,7579.5,7584.25,8051
2026-07-15 13:00:00-04:00,7589.0,7590.75,7586.0,7587.0,9900
2026-07-15 13:05:00-04:00,7591.25,7594.25,7588.25,7589.0,8656
2026-07-15 13:10:00-04:00,7588.0,7592.5,7587.75,7591.25,7123
2026-07-15 13:15:00-04:00,7594.0,7594.75,7587.5,7588.0,6050
2026-07-15 13:20:00-04:00,7594.25,7596.0,7592.25,7594.25,7037
2026-07-15 13:25:00-04:00,7598.25,7598.75,7593.5,7594.5,7265
2026-07-15 13:30:00-04:00,7601.0,7602.5,7598.5,7598.5,12929
2026-07-15 13:35:00-04:00,7604.0,7605.0,7600.0,7601.25,9675
2026-07-15 13:40:00-04:00,7603.25,7604.75,7602.25,7604.25,7984
2026-07-15 13:45:00-04:00,7610.75,7611.0,7602.75,7603.5,13845
2026-07-15 13:50:00-04:00,7615.0,7616.25,7608.75,7610.75,14050
2026-07-15 13:55:00-04:00,7612.5,7615.25,7611.25,7615.25,10804
2026-07-15 14:00:00-04:00,7614.0,7616.0,7611.75,7612.5,10437
2026-07-15 14:05:00-04:00,7616.25,7617.25,7613.25,7614.0,7345
2026-07-15 14:10:00-04:00,7616.0,7618.25,7615.75,7616.25,7541
2026-07-15 14:15:00-04:00,7614.0,7616.25,7612.75,7616.25,8865
2026-07-15 14:20:00-04:00,7617.75,7619.0,7613.75,7613.75,7052
2026-07-15 14:25:00-04:00,7616.75,7618.5,7616.0,7617.75,5029
2026-07-15 14:30:00-04:00,7618.75,7619.75,7615.75,7616.75,6156
2026-07-15 14:35:00-04:00,7615.5,7618.75,7614.75,7618.75,5560
2026-07-15 14:40:00-04:00,7610.5,7616.25,7610.25,7615.25,7375
2026-07-15 14:45:00-04:00,7606.5,7611.0,7604.5,7610.75,14352
2026-07-15 14:50:00-04:00,7603.75,7607.5,7601.75,7606.5,11262
2026-07-15 14:55:00-04:00,7602.0,7605.75,7601.0,7603.75,9633
2026-07-15 15:00:00-04:00,7606.75,7607.5,7600.5,7602.0,9640
2026-07-15 15:05:00-04:00,7605.75,7608.5,7605.0,7606.75,7113
2026-07-15 15:10:00-04:00,7608.0,7609.0,7604.75,7605.5,8649
2026-07-15 15:15:00-04:00,7605.25,7608.5,7605.25,7608.0,5682
2026-07-15 15:20:00-04:00,7603.5,7605.75,7601.75,7605.25,7653
2026-07-15 15:25:00-04:00,7606.5,7608.0,7601.75,7603.5,7119
2026-07-15 15:30:00-04:00,7602.5,7609.5,7601.25,7606.5,15604
2026-07-15 15:35:00-04:00,7608.5,7609.0,7601.25,7602.75,8988
2026-07-15 15:40:00-04:00,7611.25,7612.75,7608.0,7608.5,10552
2026-07-15 15:45:00-04:00,7606.75,7612.0,7605.25,7611.25,9766
2026-07-15 15:50:00-04:00,7611.5,7611.75,7606.75,7607.0,14864
2026-07-15 15:55:00-04:00,7616.75,7618.0,7611.5,7611.5,64166
2026-07-15 16:00:00-04:00,7617.5,7619.75,7613.25,7616.75,21469
2026-07-15 16:05:00-04:00,7613.0,7617.5,7608.75,7617.25,6153
2026-07-15 16:10:00-04:00,7614.5,7615.5,7612.25,7613.0,3551
2026-07-15 16:15:00-04:00,7615.5,7615.5,7613.5,7614.75,1784
2026-07-15 16:20:00-04:00,7617.75,7617.75,7615.25,7615.5,1698
2026-07-15 16:25:00-04:00,7617.0,7618.0,7616.5,7617.75,723
2026-07-15 16:30:00-04:00,7615.25,7617.0,7614.75,7616.75,920
2026-07-15 16:35:00-04:00,7616.25,7616.5,7614.75,7615.0,632
2026-07-15 16:40:00-04:00,7616.5,7617.25,7615.75,7616.25,662
2026-07-15 16:45:00-04:00,7616.75,7617.75,7616.5,7616.75,642
2026-07-15 16:50:00-04:00,7615.5,7617.0,7615.5,7616.75,927
2026-07-15 16:55:00-04:00,7616.0,7617.0,7615.25,7615.75,1336
2026-07-15 18:00:00-04:00,7620.75,7621.0,7614.0,7615.0,0
2026-07-15 18:05:00-04:00,7620.25,7622.25,7619.75,7620.75,577
2026-07-15 18:10:00-04:00,7619.0,7620.25,7618.5,7620.0,433
2026-07-15 18:15:00-04:00,7618.5,7619.25,7618.0,7618.75,235
2026-07-15 18:20:00-04:00,7617.0,7618.75,7616.5,7618.25,403
2026-07-15 18:25:00-04:00,7616.75,7617.25,7616.5,7616.75,268
2026-07-15 18:30:00-04:00,7617.0,7617.75,7616.25,7617.0,301
2026-07-15 18:35:00-04:00,7615.75,7617.25,7615.25,7616.75,392
2026-07-15 18:40:00-04:00,7615.75,7616.25,7615.0,7615.5,300
2026-07-15 18:45:00-04:00,7615.25,7616.5,7615.0,7615.5,289
2026-07-15 18:50:00-04:00,7615.75,7619.5,7613.25,7615.25,1262
2026-07-15 18:55:00-04:00,7618.25,7619.0,7614.25,7615.75,534
2026-07-15 19:00:00-04:00,7619.0,7619.5,7617.25,7618.25,354
2026-07-15 19:05:00-04:00,7618.5,7619.5,7617.5,7619.25,151
2026-07-15 19:10:00-04:00,7618.5,7619.75,7618.25,7618.75,147
2026-07-15 19:15:00-04:00,7618.25,7618.75,7617.0,7618.5,210
2026-07-15 19:20:00-04:00,7618.25,7619.0,7617.5,7618.0,162
2026-07-15 19:25:00-04:00,7619.75,7620.0,7617.75,7618.5,230
2026-07-15 19:30:00-04:00,7621.5,7622.0,7619.5,7619.75,382
2026-07-15 19:35:00-04:00,7619.5,7622.0,7619.5,7621.75,198
2026-07-15 19:40:00-04:00,7619.25,7619.75,7619.25,7619.75,24
2026-07-15 19:50:00-04:00,7616.75,7619.0,7614.75,7614.75,1040
2026-07-15 19:55:00-04:00,7616.25,7618.0,7615.5,7617.0,423
2026-07-15 20:00:00-04:00,7623.25,7623.75,7615.75,7616.25,1544
2026-07-15 20:05:00-04:00,7623.75,7624.75,7621.5,7623.25,1049
2026-07-15 20:10:00-04:00,7626.75,7626.75,7622.5,7624.0,975
2026-07-15 20:15:00-04:00,7621.0,7627.75,7621.0,7626.5,1125
2026-07-15 20:20:00-04:00,7620.25,7621.75,7619.75,7621.25,879
2026-07-15 20:25:00-04:00,7619.0,7621.5,7618.0,7620.0,957
2026-07-15 20:30:00-04:00,7621.5,7622.0,7617.5,7619.25,1209
2026-07-15 20:35:00-04:00,7617.25,7621.5,7616.75,7621.25,696
2026-07-15 20:40:00-04:00,7615.5,7617.5,7615.25,7617.0,1046
2026-07-15 20:45:00-04:00,7617.0,7617.25,7614.25,7615.25,886
2026-07-15 20:50:00-04:00,7616.5,7620.5,7615.5,7617.0,735
2026-07-15 20:55:00-04:00,7616.5,7617.25,7615.5,7616.5,709
2026-07-15 21:00:00-04:00,7616.75,7617.75,7614.5,7616.75,894
2026-07-15 21:05:00-04:00,7617.0,7618.25,7615.5,7617.0,502
2026-07-15 21:10:00-04:00,7615.0,7617.75,7613.25,7617.25,829
2026-07-15 21:15:00-04:00,7610.75,7615.25,7610.5,7614.75,1015
2026-07-15 21:20:00-04:00,7612.25,7613.25,7610.25,7610.75,1155
2026-07-15 21:25:00-04:00,7611.25,7613.25,7611.0,7612.0,541
2026-07-15 21:30:00-04:00,7611.5,7614.25,7610.75,7611.25,802
2026-07-15 21:35:00-04:00,7614.5,7615.25,7612.5,7614.0,920
2026-07-15 21:40:00-04:00,7612.5,7615.5,7611.5,7614.5,523
2026-07-15 21:45:00-04:00,7618.25,7618.25,7612.25,7612.5,764
2026-07-15 21:50:00-04:00,7617.0,7618.75,7615.5,7618.25,628
2026-07-15 21:55:00-04:00,7614.5,7619.0,7613.75,7617.0,656
2026-07-15 22:00:00-04:00,7611.75,7615.0,7611.0,7614.75,826
2026-07-15 22:05:00-04:00,7611.75,7613.25,7611.25,7611.75,479
2026-07-15 22:10:00-04:00,7613.0,7613.75,7611.5,7611.5,471
2026-07-15 22:15:00-04:00,7616.0,7616.25,7612.75,7613.0,653
2026-07-15 22:20:00-04:00,7619.5,7619.75,7615.5,7616.0,825
2026-07-15 22:25:00-04:00,7619.5,7620.5,7618.5,7619.5,790
2026-07-15 22:30:00-04:00,7620.0,7621.0,7619.0,7619.5,670
2026-07-15 22:35:00-04:00,7619.0,7621.0,7618.25,7620.0,716
2026-07-15 22:40:00-04:00,7618.75,7619.75,7618.0,7619.0,619
2026-07-15 22:45:00-04:00,7620.5,7622.0,7618.25,7618.75,625
2026-07-15 22:50:00-04:00,7621.75,7622.5,7619.75,7620.75,574
2026-07-15 22:55:00-04:00,7622.75,7623.5,7621.5,7622.0,836
2026-07-15 23:00:00-04:00,7623.0,7623.25,7622.0,7622.75,586
2026-07-15 23:05:00-04:00,7624.75,7625.0,7623.0,7623.0,785
2026-07-15 23:10:00-04:00,7623.75,7625.0,7623.5,7624.75,636
2026-07-15 23:15:00-04:00,7621.75,7624.0,7621.25,7623.75,488
2026-07-15 23:20:00-04:00,7621.25,7622.75,7621.0,7622.0,415
2026-07-15 23:25:00-04:00,7621.75,7622.0,7621.0,7621.25,294
2026-07-15 23:30:00-04:00,7624.25,7625.0,7621.5,7621.75,626
2026-07-15 23:35:00-04:00,7623.0,7625.25,7623.0,7624.25,480
2026-07-15 23:40:00-04:00,7623.0,7624.25,7622.75,7623.25,275
2026-07-15 23:45:00-04:00,7622.25,7623.5,7621.75,7623.0,306
2026-07-15 23:50:00-04:00,7623.75,7624.25,7622.0,7622.0,241
2026-07-15 23:55:00-04:00,7624.0,7624.0,7623.25,7623.5,189
2026-07-16 00:05:00-04:00,7624.25,7624.5,7624.0,7624.0,1138
2026-07-16 00:10:00-04:00,7626.25,7626.5,7623.75,7624.0,570
2026-07-16 00:15:00-04:00,7623.75,7626.25,7623.75,7626.25,458
2026-07-16 00:20:00-04:00,7623.5,7624.0,7622.5,7623.75,356
2026-07-16 00:25:00-04:00,7622.5,7623.75,7622.0,7623.75,245
2026-07-16 00:30:00-04:00,7622.25,7623.25,7622.0,7622.75,232
2026-07-16 00:35:00-04:00,7621.5,7622.25,7621.0,7622.0,334
2026-07-16 00:40:00-04:00,7621.5,7622.5,7620.5,7621.25,363
2026-07-16 00:45:00-04:00,7621.75,7621.75,7620.5,7621.25,208
2026-07-16 00:50:00-04:00,7622.5,7622.5,7621.5,7621.5,212
2026-07-16 00:55:00-04:00,7621.75,7623.0,7621.5,7622.25,197
2026-07-16 01:00:00-04:00,7623.5,7624.5,7622.0,7622.0,396
2026-07-16 01:05:00-04:00,7622.5,7624.0,7622.5,7623.75,303
2026-07-16 01:10:00-04:00,7626.75,7626.75,7621.75,7622.75,698
2026-07-16 01:15:00-04:00,7627.25,7630.0,7626.0,7626.75,1356
2026-07-16 01:20:00-04:00,7628.25,7629.0,7627.25,7627.25,800
2026-07-16 01:25:00-04:00,7627.5,7629.25,7626.5,7628.0,886
2026-07-16 01:30:00-04:00,7622.25,7632.0,7621.75,7627.75,2596
2026-07-16 01:35:00-04:00,7618.0,7622.25,7617.0,7622.25,1581
2026-07-16 01:40:00-04:00,7620.0,7622.25,7616.75,7618.0,928
2026-07-16 01:45:00-04:00,7617.0,7620.75,7616.75,7620.0,528
2026-07-16 01:50:00-04:00,7616.0,7617.25,7615.5,7617.25,880
2026-07-16 01:55:00-04:00,7617.0,7618.5,7615.75,7615.75,567
2026-07-16 02:00:00-04:00,7619.25,7621.5,7617.0,7617.25,775
2026-07-16 02:05:00-04:00,7620.75,7625.0,7613.5,7619.25,3708
2026-07-16 02:10:00-04:00,7622.0,7622.0,7618.75,7621.0,854
2026-07-16 02:15:00-04:00,7622.25,7623.5,7621.25,7622.0,582
2026-07-16 02:20:00-04:00,7618.25,7622.75,7618.0,7622.5,591
2026-07-16 02:25:00-04:00,7618.0,7619.5,7617.0,7618.5,953
2026-07-16 02:30:00-04:00,7614.25,7618.5,7614.0,7617.75,1156
2026-07-16 02:35:00-04:00,7614.25,7614.75,7611.0,7614.0,1294
2026-07-16 02:40:00-04:00,7615.5,7615.75,7614.5,7614.5,605
2026-07-16 02:45:00-04:00,7615.75,7616.25,7613.75,7615.5,655
2026-07-16 02:50:00-04:00,7616.0,7616.0,7615.25,7615.75,482
2026-07-16 02:55:00-04:00,7618.25,7619.0,7615.75,7616.0,641
2026-07-16 03:00:00-04:00,7615.5,7618.75,7610.5,7618.25,1844
2026-07-16 03:05:00-04:00,7613.5,7616.0,7613.0,7615.5,759
2026-07-16 03:10:00-04:00,7610.25,7614.0,7610.0,7613.75,873
2026-07-16 03:15:00-04:00,7609.75,7610.75,7608.5,7610.0,1267
2026-07-16 03:20:00-04:00,7611.25,7613.25,7609.75,7609.75,948
2026-07-16 03:25:00-04:00,7610.5,7611.75,7609.25,7611.25,400
2026-07-16 03:30:00-04:00,7609.25,7611.75,7607.25,7610.75,827
2026-07-16 03:35:00-04:00,7607.0,7609.5,7606.75,7609.5,900
2026-07-16 03:40:00-04:00,7606.25,7607.5,7605.75,7607.0,1361
2026-07-16 03:45:00-04:00,7605.75,7606.5,7604.5,7606.25,1309
2026-07-16 03:50:00-04:00,7602.5,7606.25,7602.25,7606.0,936
2026-07-16 03:55:00-04:00,7601.75,7602.75,7600.0,7602.75,2249
2026-07-16 04:00:00-04:00,7601.25,7603.0,7599.0,7601.75,2328
2026-07-16 04:05:00-04:00,7599.25,7602.25,7599.25,7601.25,1257
2026-07-16 04:10:00-04:00,7594.0,7599.25,7593.5,7599.25,3196
2026-07-16 04:15:00-04:00,7598.5,7599.0,7593.75,7594.25,1517
2026-07-16 04:20:00-04:00,7599.5,7603.75,7598.25,7598.75,1623
2026-07-16 04:25:00-04:00,7601.5,7602.0,7599.5,7599.75,932
2026-07-16 04:30:00-04:00,7602.25,7604.0,7600.5,7601.5,711
2026-07-16 04:35:00-04:00,7604.75,7605.5,7602.25,7602.25,885
2026-07-16 04:40:00-04:00,7603.75,7606.0,7602.75,7604.75,550
2026-07-16 04:45:00-04:00,7609.5,7610.0,7603.75,7603.75,1070
2026-07-16 04:50:00-04:00,7608.25,7609.75,7607.75,7609.5,609
2026-07-16 04:55:00-04:00,7609.5,7610.0,7608.0,7608.25,649
2026-07-16 05:00:00-04:00,7612.0,7613.25,7609.75,7609.75,1347
2026-07-16 05:05:00-04:00,7611.0,7613.0,7611.0,7612.0,667
2026-07-16 05:10:00-04:00,7613.0,7613.75,7610.5,7611.25,868
2026-07-16 05:15:00-04:00,7612.75,7615.5,7612.5,7613.25,1216
2026-07-16 05:20:00-04:00,7611.75,7614.75,7611.75,7613.0,704
2026-07-16 05:25:00-04:00,7610.75,7614.0,7610.5,7611.75,811
2026-07-16 05:30:00-04:00,7611.25,7613.0,7610.25,7610.75,611
2026-07-16 05:35:00-04:00,7609.75,7611.5,7609.25,7611.5,504
2026-07-16 05:40:00-04:00,7608.75,7611.25,7608.75,7609.5,538
2026-07-16 05:45:00-04:00,7605.5,7608.75,7605.25,7608.5,1311
2026-07-16 05:50:00-04:00,7606.5,7606.75,7605.0,7605.5,444
2026-07-16 05:55:00-04:00,7605.0,7610.25,7605.0,7606.75,2054
2026-07-16 06:00:00-04:00,7605.5,7606.0,7602.25,7605.25,1173
2026-07-16 06:05:00-04:00,7607.5,7607.75,7604.75,7605.75,477
2026-07-16 06:10:00-04:00,7606.25,7607.25,7605.25,7607.25,422
2026-07-16 06:15:00-04:00,7604.25,7606.25,7604.0,7606.0,429
2026-07-16 06:20:00-04:00,7602.0,7605.0,7601.5,7604.25,876
2026-07-16 06:25:00-04:00,7604.5,7604.75,7601.5,7602.0,644
2026-07-16 06:30:00-04:00,7607.0,7607.0,7604.5,7604.5,1010
2026-07-16 06:35:00-04:00,7602.5,7607.25,7602.0,7607.25,522
2026-07-16 06:40:00-04:00,7603.5,7604.75,7602.0,7602.25,501
2026-07-16 06:45:00-04:00,7602.0,7604.5,7601.5,7603.75,847
2026-07-16 06:50:00-04:00,7601.5,7602.5,7600.75,7602.0,1467
2026-07-16 06:55:00-04:00,7603.0,7604.25,7601.5,7601.75,1578
2026-07-16 07:00:00-04:00,7599.0,7603.25,7596.0,7602.75,2397
2026-07-16 07:05:00-04:00,7598.25,7600.25,7597.0,7599.0,1183
2026-07-16 07:10:00-04:00,7600.75,7600.75,7596.75,7598.25,884
2026-07-16 07:15:00-04:00,7597.0,7601.75,7595.75,7600.75,1873
2026-07-16 07:20:00-04:00,7603.0,7603.0,7596.75,7597.0,1097
2026-07-16 07:25:00-04:00,7599.75,7603.5,7598.5,7603.0,862
2026-07-16 07:30:00-04:00,7597.0,7600.0,7594.75,7600.0,1025
2026-07-16 07:35:00-04:00,7597.25,7599.0,7595.25,7597.0,1166
2026-07-16 07:40:00-04:00,7596.75,7598.5,7596.0,7597.5,930
2026-07-16 07:45:00-04:00,7584.0,7598.0,7580.75,7596.75,5450
2026-07-16 07:50:00-04:00,7594.0,7594.5,7583.75,7584.0,6103
2026-07-16 07:55:00-04:00,7597.25,7598.0,7593.5,7594.0,2047
2026-07-16 08:00:00-04:00,7595.0,7599.0,7594.75,7597.0,1981
2026-07-16 08:05:00-04:00,7591.75,7595.75,7590.5,7595.0,2055
2026-07-16 08:10:00-04:00,7591.5,7592.25,7588.25,7592.0,2210
2026-07-16 08:15:00-04:00,7594.0,7594.5,7589.75,7591.25,1608
2026-07-16 08:20:00-04:00,7585.25,7594.25,7585.0,7594.25,4774
2026-07-16 08:25:00-04:00,7587.0,7588.0,7584.0,7585.0,2495
2026-07-16 08:30:00-04:00,7588.25,7591.0,7584.25,7587.25,3019
2026-07-16 08:35:00-04:00,7583.25,7588.75,7580.5,7588.5,3235
2026-07-16 08:40:00-04:00,7583.0,7585.25,7581.25,7583.25,3501
2026-07-16 08:45:00-04:00,7585.75,7588.75,7581.75,7582.75,3824
2026-07-16 08:50:00-04:00,7588.5,7590.25,7585.25,7585.75,2458
2026-07-16 08:55:00-04:00,7586.5,7588.5,7586.25,7588.25,1224
2026-07-16 09:00:00-04:00,7592.0,7592.75,7586.0,7586.75,4205
2026-07-16 09:05:00-04:00,7594.0,7595.0,7591.5,7591.75,2728
2026-07-16 09:10:00-04:00,7595.75,7596.25,7592.25,7594.0,2120
2026-07-16 09:15:00-04:00,7595.5,7597.75,7594.5,7595.75,2923
2026-07-16 09:20:00-04:00,7597.25,7597.5,7594.25,7595.5,2151
2026-07-16 09:25:00-04:00,7596.5,7598.0,7594.75,7597.0,5452
2026-07-16 09:30:00-04:00,7590.75,7604.25,7589.75,7596.75,30124
2026-07-16 09:35:00-04:00,7585.75,7594.25,7585.0,7591.0,23437
2026-07-16 09:40:00-04:00,7582.0,7592.0,7579.75,7586.0,26304
2026-07-16 09:45:00-04:00,7579.0,7586.25,7575.5,7581.75,24090
2026-07-16 09:50:00-04:00,7583.75,7591.5,7578.5,7579.25,24853
2026-07-16 09:55:00-04:00,7588.0,7590.0,7580.25,7583.75,17225
2026-07-16 10:00:00-04:00,7596.25,7597.25,7585.25,7587.75,20539
2026-07-16 10:05:00-04:00,7603.25,7604.75,7595.0,7596.25,19337
2026-07-16 10:10:00-04:00,7602.75,7605.5,7601.0,7603.0,18270
2026-07-16 10:15:00-04:00,7607.75,7608.5,7601.25,7602.75,14908
2026-07-16 10:20:00-04:00,7605.5,7608.75,7600.0,7608.0,14220
2026-07-16 10:25:00-04:00,7612.5,7613.0,7602.0,7605.75,15959
2026-07-16 10:30:00-04:00,7610.75,7613.5,7608.75,7612.5,14240
2026-07-16 10:35:00-04:00,7608.5,7613.75,7607.25,7610.75,13418
2026-07-16 10:40:00-04:00,7612.75,7613.5,7606.5,7608.25,9398
2026-07-16 10:45:00-04:00,7611.0,7615.0,7610.5,7613.0,12842
2026-07-16 10:50:00-04:00,7606.0,7611.75,7604.5,7611.0,15042
2026-07-16 10:55:00-04:00,7611.25,7611.25,7602.75,7606.0,14339
2026-07-16 11:00:00-04:00,7605.75,7613.25,7605.25,7611.0,13746
2026-07-16 11:05:00-04:00,7604.5,7607.25,7600.25,7605.75,14286
2026-07-16 11:10:00-04:00,7602.25,7606.75,7599.75,7604.5,12151
2026-07-16 11:15:00-04:00,7605.25,7605.5,7598.75,7602.5,10797
2026-07-16 11:20:00-04:00,7605.25,7605.5,7599.25,7605.25,10216
2026-07-16 11:25:00-04:00,7607.25,7613.5,7604.75,7605.25,17966
2026-07-16 11:30:00-04:00,7611.25,7611.5,7601.75,7607.25,11470
2026-07-16 11:35:00-04:00,7612.25,7612.75,7607.5,7611.0,10412
2026-07-16 11:40:00-04:00,7605.75,7613.25,7604.0,7612.0,10782
2026-07-16 11:45:00-04:00,7604.0,7605.5,7599.25,7605.5,11774
2026-07-16 11:50:00-04:00,7607.0,7610.25,7604.0,7604.0,9270
2026-07-16 11:55:00-04:00,7604.75,7607.0,7602.0,7607.0,6975
2026-07-16 12:00:00-04:00,7596.5,7605.5,7596.25,7605.0,9057
2026-07-16 12:05:00-04:00,7597.75,7599.25,7592.0,7596.75,14252
2026-07-16 12:10:00-04:00,7589.25,7598.0,7588.5,7597.75,12945
2026-07-16 12:15:00-04:00,7590.75,7594.25,7587.5,7589.0,11662
2026-07-16 12:20:00-04:00,7585.0,7591.0,7584.0,7591.0,17621
2026-07-16 12:25:00-04:00,7588.25,7590.25,7583.0,7585.0,10651
2026-07-16 12:30:00-04:00,7590.75,7594.25,7587.75,7588.5,10608
2026-07-16 12:35:00-04:00,7588.0,7592.5,7587.5,7590.75,10888
2026-07-16 12:40:00-04:00,7588.75,7591.25,7586.75,7588.0,5885
2026-07-16 12:45:00-04:00,7589.5,7591.25,7586.0,7588.75,5946
2026-07-16 12:50:00-04:00,7595.25,7595.75,7588.0,7589.25,7545
2026-07-16 12:55:00-04:00,7598.25,7599.25,7595.25,7595.25,9109
2026-07-16 13:00:00-04:00,7595.25,7598.75,7591.5,7598.25,7490
2026-07-16 13:05:00-04:00,7596.0,7597.75,7591.25,7595.25,4326
2026-07-16 13:10:00-04:00,7591.25,7597.0,7590.5,7596.25,4365
2026-07-16 13:15:00-04:00,7593.25,7594.25,7590.25,7591.25,4777
2026-07-16 13:20:00-04:00,7589.5,7594.25,7589.5,7593.0,4688
2026-07-16 13:25:00-04:00,7596.0,7597.25,7589.25,7589.5,6501
2026-07-16 13:30:00-04:00,7589.75,7597.25,7589.25,7596.25,6828
2026-07-16 13:35:00-04:00,7585.0,7591.0,7584.0,7590.0,10524
2026-07-16 13:40:00-04:00,7583.0,7585.25,7579.5,7585.25,12673
2026-07-16 13:45:00-04:00,7586.0,7588.0,7579.75,7583.25,9034
2026-07-16 13:50:00-04:00,7584.75,7587.75,7582.75,7586.0,5256
2026-07-16 13:55:00-04:00,7582.25,7585.0,7579.75,7584.75,6930
2026-07-16 14:00:00-04:00,7578.0,7584.0,7578.0,7582.25,7079
2026-07-16 14:05:00-04:00,7576.5,7578.75,7573.25,7578.25,12187
2026-07-16 14:10:00-04:00,7576.25,7583.75,7576.25,7576.75,12136
2026-07-16 14:15:00-04:00,7581.5,7583.0,7573.75,7576.25,10013
2026-07-16 14:20:00-04:00,7583.0,7586.5,7580.75,7581.25,11300
2026-07-16 14:25:00-04:00,7578.5,7584.5,7578.0,7582.75,8994
2026-07-16 14:30:00-04:00,7576.25,7578.5,7574.75,7578.5,8083
2026-07-16 14:35:00-04:00,7573.0,7576.25,7572.75,7576.25,7112
2026-07-16 14:40:00-04:00,7574.5,7576.75,7568.0,7573.0,12847
2026-07-16 14:45:00-04:00,7577.0,7578.5,7572.5,7574.25,6129
2026-07-16 14:50:00-04:00,7571.5,7578.75,7571.5,7576.75,6304
2026-07-16 14:55:00-04:00,7571.5,7573.75,7570.5,7571.5,5859
2026-07-16 15:00:00-04:00,7574.5,7576.25,7570.0,7571.25,7794
2026-07-16 15:05:00-04:00,7567.0,7576.0,7566.5,7574.25,10092
2026-07-16 15:10:00-04:00,7566.5,7567.75,7564.75,7566.75,8300
2026-07-16 15:15:00-04:00,7567.0,7568.0,7563.0,7566.5,10740
2026-07-16 15:20:00-04:00,7564.5,7569.5,7564.25,7567.0,8866
2026-07-16 15:25:00-04:00,7560.25,7566.0,7558.0,7564.5,10541
2026-07-16 15:30:00-04:00,7556.0,7561.0,7553.5,7560.25,16174
2026-07-16 15:35:00-04:00,7559.75,7561.0,7553.0,7556.0,12740
2026-07-16 15:40:00-04:00,7554.5,7561.25,7554.25,7559.5,10747
2026-07-16 15:45:00-04:00,7551.75,7555.75,7548.25,7554.5,14293
2026-07-16 15:50:00-04:00,7568.5,7569.5,7551.75,7551.75,31427
2026-07-16 15:55:00-04:00,7577.25,7579.5,7568.75,7568.75,70202
2026-07-16 16:00:00-04:00,7573.0,7578.0,7570.75,7577.25,21007
2026-07-16 16:05:00-04:00,7570.25,7573.0,7569.5,7572.75,5895
2026-07-16 16:10:00-04:00,7567.25,7571.0,7567.0,7570.5,5202
2026-07-16 16:15:00-04:00,7570.0,7570.75,7566.25,7567.25,2108
2026-07-16 16:20:00-04:00,7571.75,7573.75,7570.0,7570.25,2795
2026-07-16 16:25:00-04:00,7569.25,7572.25,7569.0,7572.0,1001
2026-07-16 16:30:00-04:00,7569.25,7569.5,7566.5,7569.0,1502
2026-07-16 16:35:00-04:00,7569.5,7570.75,7569.25,7569.25,984
2026-07-16 16:40:00-04:00,7568.75,7570.25,7568.5,7569.5,856
2026-07-16 16:45:00-04:00,7568.0,7570.0,7568.0,7568.75,933
2026-07-16 16:50:00-04:00,7569.5,7570.0,7567.25,7568.0,1145
2026-07-16 16:55:00-04:00,7569.25,7570.0,7567.75,7569.5,971
2026-07-16 18:00:00-04:00,7573.5,7575.0,7570.5,7572.75,0
2026-07-16 18:05:00-04:00,7571.75,7574.0,7571.5,7574.0,422
2026-07-16 18:10:00-04:00,7570.25,7572.25,7569.5,7572.0,572
2026-07-16 18:15:00-04:00,7567.5,7570.75,7567.25,7570.5,639
2026-07-16 18:20:00-04:00,7569.0,7570.0,7566.5,7567.5,439
2026-07-16 18:25:00-04:00,7567.0,7569.5,7566.75,7568.75,462
2026-07-16 18:30:00-04:00,7566.25,7568.25,7565.25,7567.25,547
2026-07-16 18:35:00-04:00,7567.5,7568.0,7565.75,7566.5,230
2026-07-16 18:40:00-04:00,7567.25,7567.75,7565.25,7567.75,482
2026-07-16 18:45:00-04:00,7565.5,7567.5,7565.0,7567.25,629
2026-07-16 18:50:00-04:00,7564.0,7566.25,7564.0,7565.5,850
2026-07-16 18:55:00-04:00,7565.75,7566.5,7563.75,7564.25,444
2026-07-16 19:00:00-04:00,7565.25,7567.0,7563.5,7566.0,483
2026-07-16 19:05:00-04:00,7562.5,7565.5,7561.75,7565.25,618
2026-07-16 19:10:00-04:00,7564.75,7565.75,7561.25,7562.5,357
2026-07-16 19:15:00-04:00,7563.0,7564.75,7562.25,7564.75,221
2026-07-16 19:20:00-04:00,7559.75,7563.0,7559.5,7562.5,490
2026-07-16 19:25:00-04:00,7561.0,7562.25,7558.75,7560.0,572
2026-07-16 19:30:00-04:00,7560.0,7561.25,7558.0,7560.75,458
2026-07-16 19:35:00-04:00,7561.75,7562.0,7557.0,7559.75,871
2026-07-16 19:40:00-04:00,7562.25,7564.0,7561.75,7562.0,513
2026-07-16 19:45:00-04:00,7560.75,7562.25,7559.25,7562.25,483
2026-07-16 19:50:00-04:00,7562.5,7563.5,7560.25,7560.5,455
2026-07-16 19:55:00-04:00,7560.5,7562.5,7558.75,7562.5,407
2026-07-16 20:00:00-04:00,7558.75,7563.5,7558.5,7560.25,801
2026-07-16 20:05:00-04:00,7555.5,7559.0,7554.0,7558.75,1330
2026-07-16 20:10:00-04:00,7553.25,7555.75,7552.25,7555.5,1139
2026-07-16 20:15:00-04:00,7554.0,7557.5,7552.75,7553.25,1568
2026-07-16 20:20:00-04:00,7552.5,7555.0,7552.0,7554.0,892
2026-07-16 20:25:00-04:00,7550.25,7553.25,7549.5,7552.5,1225
2026-07-16 20:30:00-04:00,7549.5,7551.0,7547.75,7550.5,1274
2026-07-16 20:35:00-04:00,7548.25,7550.75,7547.75,7549.25,737
2026-07-16 20:40:00-04:00,7548.5,7549.0,7546.0,7548.25,1484
2026-07-16 20:45:00-04:00,7550.25,7550.25,7547.75,7548.5,778
2026-07-16 20:50:00-04:00,7553.75,7553.75,7549.25,7550.0,1014
2026-07-16 20:55:00-04:00,7552.25,7555.5,7552.0,7554.0,904
2026-07-16 21:00:00-04:00,7552.75,7556.0,7551.5,7552.25,1039
2026-07-16 21:05:00-04:00,7549.5,7552.75,7546.5,7552.75,1244
2026-07-16 21:10:00-04:00,7546.0,7550.25,7545.25,7549.25,1096
2026-07-16 21:15:00-04:00,7546.5,7548.5,7545.75,7546.0,796
2026-07-16 21:20:00-04:00,7545.5,7547.25,7544.5,7546.5,1091
2026-07-16 21:25:00-04:00,7548.25,7548.25,7543.5,7545.5,1146
2026-07-16 21:30:00-04:00,7540.5,7548.75,7540.25,7548.25,2335
2026-07-16 21:35:00-04:00,7542.5,7544.25,7540.0,7540.75,1180
2026-07-16 21:40:00-04:00,7538.75,7543.25,7537.75,7542.25,1337
2026-07-16 21:45:00-04:00,7537.0,7540.5,7535.5,7539.0,1880
2026-07-16 21:50:00-04:00,7536.25,7538.0,7535.5,7537.0,750
2026-07-16 21:55:00-04:00,7538.0,7538.75,7535.5,7536.0,634
2026-07-16 22:00:00-04:00,7538.5,7539.5,7537.25,7538.25,760
2026-07-16 22:05:00-04:00,7534.0,7538.75,7534.0,7538.75,845
2026-07-16 22:10:00-04:00,7535.0,7536.5,7533.75,7534.25,605
2026-07-16 22:15:00-04:00,7533.75,7535.25,7532.25,7535.0,824
2026-07-16 22:20:00-04:00,7532.0,7534.0,7531.25,7534.0,1078
2026-07-16 22:25:00-04:00,7531.5,7532.25,7530.0,7531.75,1020
2026-07-16 22:30:00-04:00,7529.5,7532.25,7528.0,7531.5,1147
2026-07-16 22:35:00-04:00,7529.75,7530.75,7528.5,7529.25,643
2026-07-16 22:40:00-04:00,7532.5,7532.5,7529.25,7530.0,679
2026-07-16 22:45:00-04:00,7529.75,7533.0,7529.25,7532.5,757
2026-07-16 22:50:00-04:00,7527.25,7530.25,7527.25,7529.75,712
2026-07-16 22:55:00-04:00,7530.0,7530.5,7525.5,7527.25,1736
2026-07-16 23:00:00-04:00,7531.5,7531.75,7528.5,7530.25,968
2026-07-16 23:05:00-04:00,7534.25,7535.25,7531.0,7531.25,1066
2026-07-16 23:10:00-04:00,7534.0,7535.0,7533.25,7534.25,543
2026-07-16 23:15:00-04:00,7537.0,7537.25,7534.0,7534.0,833
2026-07-16 23:20:00-04:00,7538.75,7540.5,7536.75,7537.25,972
2026-07-16 23:25:00-04:00,7539.5,7541.5,7538.75,7538.75,683
2026-07-16 23:30:00-04:00,7533.75,7539.75,7533.25,7539.5,872
2026-07-16 23:35:00-04:00,7534.0,7536.75,7533.75,7534.0,506
2026-07-16 23:40:00-04:00,7530.25,7534.0,7528.5,7534.0,1382
2026-07-16 23:45:00-04:00,7527.5,7530.5,7527.0,7530.25,780
2026-07-16 23:50:00-04:00,7526.0,7527.75,7525.5,7527.5,964
2026-07-16 23:55:00-04:00,7525.75,7527.0,7524.5,7526.0,843
2026-07-17 00:05:00-04:00,7520.0,7521.75,7520.0,7521.0,3372
2026-07-17 00:10:00-04:00,7518.5,7520.75,7517.5,7519.75,1247
2026-07-17 00:15:00-04:00,7517.75,7519.25,7516.75,7518.75,819
2026-07-17 00:20:00-04:00,7516.5,7519.5,7514.0,7517.5,1407
2026-07-17 00:25:00-04:00,7514.25,7516.75,7512.5,7516.5,1915
2026-07-17 00:30:00-04:00,7511.5,7516.0,7507.75,7514.25,1854
2026-07-17 00:35:00-04:00,7511.75,7513.0,7509.25,7511.5,1480
2026-07-17 00:40:00-04:00,7514.0,7515.25,7510.0,7511.75,1094
2026-07-17 00:45:00-04:00,7516.75,7517.75,7513.5,7514.25,844
2026-07-17 00:50:00-04:00,7519.0,7519.25,7516.25,7517.0,1139
2026-07-17 00:55:00-04:00,7513.75,7519.25,7513.75,7519.0,912
2026-07-17 01:00:00-04:00,7515.5,7516.0,7511.75,7513.75,1070
2026-07-17 01:05:00-04:00,7513.25,7515.5,7511.5,7515.25,1017
2026-07-17 01:10:00-04:00,7512.0,7514.5,7510.75,7513.0,815
2026-07-17 01:15:00-04:00,7513.25,7514.75,7510.0,7512.25,796
2026-07-17 01:20:00-04:00,7512.0,7513.5,7511.5,7513.5,435
2026-07-17 01:25:00-04:00,7511.75,7512.75,7510.75,7512.0,504
2026-07-17 01:30:00-04:00,7509.25,7514.25,7508.5,7511.75,1186
2026-07-17 01:35:00-04:00,7506.5,7510.5,7505.0,7509.5,1743
2026-07-17 01:40:00-04:00,7508.0,7508.0,7503.0,7506.5,2150
2026-07-17 01:45:00-04:00,7510.0,7511.0,7505.25,7508.0,939
2026-07-17 01:50:00-04:00,7510.5,7510.75,7508.25,7510.0,916
2026-07-17 01:55:00-04:00,7511.25,7511.75,7507.75,7511.0,2033
2026-07-17 02:00:00-04:00,7513.5,7515.25,7510.75,7511.0,1766
2026-07-17 02:05:00-04:00,7510.25,7515.0,7509.5,7513.75,1249
2026-07-17 02:10:00-04:00,7513.75,7515.75,7509.25,7510.25,1265
2026-07-17 02:15:00-04:00,7517.25,7518.0,7513.25,7513.75,1419
2026-07-17 02:20:00-04:00,7520.5,7521.0,7517.25,7517.5,1739
2026-07-17 02:25:00-04:00,7522.0,7523.0,7520.75,7520.75,1267
2026-07-17 02:30:00-04:00,7523.0,7523.5,7521.25,7522.0,841
2026-07-17 02:35:00-04:00,7517.5,7522.75,7517.25,7522.75,1183
2026-07-17 02:40:00-04:00,7515.5,7518.0,7514.25,7517.75,984
2026-07-17 02:45:00-04:00,7511.5,7515.25,7510.75,7515.25,1733
2026-07-17 02:50:00-04:00,7511.25,7512.25,7509.0,7511.75,1703
2026-07-17 02:55:00-04:00,7512.0,7513.0,7510.5,7511.25,1092
2026-07-17 03:00:00-04:00,7516.25,7516.25,7510.25,7512.25,3739
2026-07-17 03:05:00-04:00,7511.75,7516.25,7511.25,7516.25,1635
2026-07-17 03:10:00-04:00,7514.5,7514.75,7510.0,7512.0,1258
2026-07-17 03:15:00-04:00,7516.25,7517.0,7514.25,7514.75,1850
2026-07-17 03:20:00-04:00,7511.75,7516.0,7510.75,7516.0,1521
2026-07-17 03:25:00-04:00,7516.75,7517.0,7510.25,7511.75,1381
2026-07-17 03:30:00-04:00,7515.0,7519.0,7514.75,7517.0,1852
2026-07-17 03:35:00-04:00,7515.75,7515.75,7512.75,7514.5,1611
2026-07-17 03:40:00-04:00,7515.5,7517.25,7513.25,7516.0,1064
2026-07-17 03:45:00-04:00,7513.75,7515.5,7510.75,7515.25,1000
2026-07-17 03:50:00-04:00,7513.5,7515.5,7512.75,7514.0,1023
2026-07-17 03:55:00-04:00,7511.75,7516.25,7510.5,7513.25,1125
2026-07-17 04:00:00-04:00,7514.75,7515.25,7510.75,7511.75,2946
2026-07-17 04:05:00-04:00,7512.5,7516.75,7509.75,7514.75,2633
2026-07-17 04:10:00-04:00,7507.75,7512.5,7506.25,7512.25,2568
2026-07-17 04:15:00-04:00,7497.5,7508.25,7495.5,7507.5,5928
2026-07-17 04:20:00-04:00,7498.25,7501.25,7495.0,7497.5,3580
2026-07-17 04:25:00-04:00,7500.25,7503.75,7495.5,7498.0,3472
2026-07-17 04:30:00-04:00,7495.75,7502.5,7495.0,7500.25,1439
2026-07-17 04:35:00-04:00,7493.0,7497.0,7491.75,7495.75,3300
2026-07-17 04:40:00-04:00,7495.0,7495.25,7491.25,7493.0,2818
2026-07-17 04:45:00-04:00,7496.0,7498.25,7494.5,7495.0,2702
2026-07-17 04:50:00-04:00,7499.25,7500.0,7494.0,7496.0,2929
2026-07-17 04:55:00-04:00,7499.5,7504.0,7498.75,7499.25,2064
2026-07-17 05:00:00-04:00,7500.75,7500.75,7496.75,7499.5,1681
2026-07-17 05:05:00-04:00,7500.0,7501.0,7497.75,7500.75,1219
2026-07-17 05:10:00-04:00,7505.5,7506.0,7499.0,7500.0,1611
2026-07-17 05:15:00-04:00,7503.75,7505.5,7502.0,7505.5,1376
2026-07-17 05:20:00-04:00,7508.0,7508.0,7503.0,7503.75,2377
2026-07-17 05:25:00-04:00,7510.25,7510.25,7507.75,7507.75,1673
2026-07-17 05:30:00-04:00,7505.25,7510.5,7505.25,7510.25,1073
2026-07-17 05:35:00-04:00,7506.75,7507.75,7504.0,7505.5,1341
2026-07-17 05:40:00-04:00,7503.5,7507.0,7503.0,7507.0,1515
2026-07-17 05:45:00-04:00,7504.75,7507.5,7503.5,7503.75,970
2026-07-17 05:50:00-04:00,7509.0,7510.25,7504.75,7504.75,1800
2026-07-17 05:55:00-04:00,7510.25,7510.5,7507.75,7509.0,2141
2026-07-17 06:00:00-04:00,7509.25,7511.75,7507.0,7510.25,2242
2026-07-17 06:05:00-04:00,7512.75,7513.5,7509.25,7509.25,1824
2026-07-17 06:10:00-04:00,7516.25,7517.25,7511.25,7512.5,2675
2026-07-17 06:15:00-04:00,7514.75,7517.75,7514.0,7516.5,2200
2026-07-17 06:20:00-04:00,7513.5,7516.0,7511.0,7514.5,2638
2026-07-17 06:25:00-04:00,7515.5,7516.25,7511.75,7513.25,1816
2026-07-17 06:30:00-04:00,7519.0,7519.0,7515.5,7515.5,1493
2026-07-17 06:35:00-04:00,7520.5,7520.75,7518.25,7519.0,1545
2026-07-17 06:40:00-04:00,7519.25,7522.0,7518.5,7520.25,1868
2026-07-17 06:45:00-04:00,7518.25,7520.5,7518.0,7519.25,1012
2026-07-17 06:50:00-04:00,7517.5,7518.5,7516.25,7518.25,1090
2026-07-17 06:55:00-04:00,7518.25,7520.25,7516.5,7517.25,2689
2026-07-17 07:00:00-04:00,7517.0,7522.0,7516.75,7518.25,2124
2026-07-17 07:05:00-04:00,7514.25,7519.25,7513.75,7517.0,1582
2026-07-17 07:10:00-04:00,7513.0,7515.5,7512.0,7514.25,1474
2026-07-17 07:15:00-04:00,7511.75,7514.0,7511.25,7513.0,986
2026-07-17 07:20:00-04:00,7512.0,7513.75,7509.25,7511.75,2532
2026-07-17 07:25:00-04:00,7517.0,7517.0,7511.75,7512.25,2213
2026-07-17 07:30:00-04:00,7515.25,7517.5,7513.75,7517.25,974
2026-07-17 07:35:00-04:00,7516.75,7518.5,7515.25,7515.25,867
2026-07-17 07:40:00-04:00,7514.0,7518.0,7513.25,7516.75,1185
2026-07-17 07:45:00-04:00,7516.0,7517.25,7512.25,7514.0,1224
2026-07-17 07:50:00-04:00,7519.75,7520.5,7513.25,7516.0,2273
2026-07-17 07:55:00-04:00,7519.0,7520.5,7517.5,7519.75,1742
2026-07-17 08:00:00-04:00,7513.25,7519.5,7512.75,7518.75,1706
2026-07-17 08:05:00-04:00,7511.25,7513.75,7510.25,7513.25,1888
2026-07-17 08:10:00-04:00,7510.5,7512.25,7509.5,7511.25,1710
2026-07-17 08:15:00-04:00,7508.5,7511.5,7508.5,7510.5,1544
2026-07-17 08:20:00-04:00,7510.75,7512.5,7507.5,7508.5,1610
2026-07-17 08:25:00-04:00,7509.5,7511.25,7507.75,7511.0,1421
2026-07-17 08:30:00-04:00,7508.25,7510.0,7507.0,7509.25,2576
2026-07-17 08:35:00-04:00,7508.75,7509.75,7506.5,7508.0,3560
2026-07-17 08:40:00-04:00,7508.0,7512.25,7505.25,7508.75,2707
2026-07-17 08:45:00-04:00,7503.75,7510.25,7503.75,7507.75,2060
2026-07-17 08:50:00-04:00,7506.25,7506.5,7502.5,7503.75,2443
2026-07-17 08:55:00-04:00,7504.25,7508.5,7503.75,7506.25,2225
2026-07-17 09:00:00-04:00,7499.0,7504.5,7498.0,7504.5,4900
2026-07-17 09:05:00-04:00,7494.5,7500.25,7494.0,7499.0,7051
2026-07-17 09:10:00-04:00,7493.25,7495.5,7492.75,7494.5,3220
2026-07-17 09:15:00-04:00,7491.75,7496.5,7490.5,7493.5,6052
2026-07-17 09:20:00-04:00,7487.0,7492.5,7486.75,7491.75,5365
2026-07-17 09:25:00-04:00,7485.5,7494.5,7483.25,7487.25,18741
2026-07-17 09:30:00-04:00,7475.25,7491.25,7475.0,7485.25,49332
2026-07-17 09:35:00-04:00,7480.5,7482.0,7473.0,7475.25,36636
2026-07-17 09:40:00-04:00,7475.75,7492.25,7473.5,7480.75,34030
2026-07-17 09:45:00-04:00,7495.75,7497.0,7475.0,7475.75,31425
2026-07-17 09:50:00-04:00,7504.0,7507.75,7495.5,7495.75,24462
2026-07-17 09:55:00-04:00,7513.75,7514.0,7501.5,7504.25,22829
2026-07-17 10:00:00-04:00,7519.0,7523.75,7512.5,7513.75,38547
2026-07-17 10:05:00-04:00,7529.0,7530.5,7518.75,7518.75,28447
2026-07-17 10:10:00-04:00,7528.75,7533.75,7525.0,7529.0,28381
2026-07-17 10:15:00-04:00,7531.5,7539.0,7527.5,7528.5,25322
2026-07-17 10:20:00-04:00,7534.5,7536.5,7527.75,7531.5,21057
2026-07-17 10:25:00-04:00,7529.25,7538.0,7527.5,7534.25,19793
2026-07-17 10:30:00-04:00,7525.75,7532.5,7521.75,7529.5,22622
2026-07-17 10:35:00-04:00,7532.75,7534.0,7523.0,7526.0,18839
2026-07-17 10:40:00-04:00,7524.5,7533.75,7523.25,7532.75,16366
2026-07-17 10:45:00-04:00,7522.25,7531.5,7518.5,7524.75,18766
2026-07-17 10:50:00-04:00,7520.0,7524.25,7517.25,7522.5,15303
2026-07-17 10:55:00-04:00,7516.25,7527.5,7514.25,7519.75,15875
2026-07-17 11:00:00-04:00,7507.75,7518.0,7506.75,7516.25,17430
2026-07-17 11:05:00-04:00,7514.25,7515.75,7506.75,7507.75,15281
2026-07-17 11:10:00-04:00,7509.0,7517.75,7506.5,7514.25,14093
2026-07-17 11:15:00-04:00,7511.0,7514.25,7505.25,7509.0,16207
2026-07-17 11:20:00-04:00,7508.75,7514.75,7504.75,7511.0,17530
2026-07-17 11:25:00-04:00,7520.25,7521.5,7508.25,7508.75,18572
2026-07-17 11:30:00-04:00,7515.5,7525.0,7514.25,7520.25,23692
2026-07-17 11:35:00-04:00,7522.0,7523.5,7510.0,7515.75,15778
2026-07-17 11:40:00-04:00,7520.75,7524.5,7515.25,7522.0,11350
2026-07-17 11:45:00-04:00,7521.25,7521.75,7514.5,7520.5,13034
2026-07-17 11:50:00-04:00,7526.0,7526.25,7517.25,7521.0,11355
2026-07-17 11:55:00-04:00,7534.25,7536.5,7525.5,7526.5,16201
2026-07-17 12:00:00-04:00,7521.0,7536.75,7517.0,7534.25,27213
2026-07-17 12:05:00-04:00,7525.0,7525.0,7513.5,7521.0,16578
2026-07-17 12:10:00-04:00,7528.25,7529.0,7522.5,7524.75,11044
2026-07-17 12:15:00-04:00,7529.0,7531.0,7525.25,7528.5,10019
2026-07-17 12:20:00-04:00,7517.75,7530.75,7517.5,7528.75,12505
2026-07-17 12:25:00-04:00,7524.75,7529.5,7516.5,7517.75,11482
2026-07-17 12:30:00-04:00,7521.0,7527.25,7520.75,7524.75,8796
2026-07-17 12:35:00-04:00,7524.5,7526.25,7520.75,7521.25,6646
2026-07-17 12:40:00-04:00,7529.75,7530.0,7521.25,7524.5,8956
2026-07-17 12:45:00-04:00,7534.25,7536.0,7528.0,7529.75,12207
2026-07-17 12:50:00-04:00,7534.25,7538.5,7531.25,7534.5,13049
2026-07-17 12:55:00-04:00,7529.25,7535.25,7527.0,7534.25,7592
2026-07-17 13:00:00-04:00,7532.5,7538.0,7527.75,7529.0,11419
2026-07-17 13:05:00-04:00,7535.5,7535.5,7530.25,7532.25,5392
2026-07-17 13:10:00-04:00,7530.0,7537.0,7529.75,7535.25,7077
2026-07-17 13:15:00-04:00,7528.75,7535.75,7528.0,7530.0,7648
2026-07-17 13:20:00-04:00,7528.75,7530.0,7525.25,7528.5,7650
2026-07-17 13:25:00-04:00,7534.5,7536.0,7528.5,7528.75,6931
2026-07-17 13:30:00-04:00,7531.5,7535.5,7530.75,7534.5,6454
2026-07-17 13:35:00-04:00,7525.5,7532.5,7524.5,7531.5,7644
2026-07-17 13:40:00-04:00,7521.5,7526.0,7520.25,7525.25,7845
2026-07-17 13:45:00-04:00,7521.0,7524.25,7519.25,7521.25,7510
2026-07-17 13:50:00-04:00,7514.0,7521.75,7513.0,7521.0,8764
2026-07-17 13:55:00-04:00,7510.75,7515.25,7508.75,7514.0,8565
2026-07-17 14:00:00-04:00,7511.5,7516.75,7509.0,7511.0,10935
2026-07-17 14:05:00-04:00,7508.5,7511.5,7506.75,7511.5,8240
2026-07-17 14:10:00-04:00,7506.5,7510.0,7506.0,7508.5,7393
2026-07-17 14:15:00-04:00,7503.5,7507.25,7500.75,7506.25,13538
2026-07-17 14:20:00-04:00,7502.5,7507.0,7500.75,7503.5,8633
2026-07-17 14:25:00-04:00,7502.25,7502.75,7497.75,7502.25,10182
2026-07-17 14:30:00-04:00,7501.75,7508.5,7498.75,7502.25,12768
2026-07-17 14:35:00-04:00,7502.5,7504.5,7500.25,7501.5,5582
2026-07-17 14:40:00-04:00,7497.5,7503.5,7495.75,7502.75,8998
2026-07-17 14:45:00-04:00,7504.0,7507.25,7495.75,7497.5,9805
2026-07-17 14:50:00-04:00,7510.75,7511.0,7501.5,7504.0,8767
2026-07-17 14:55:00-04:00,7508.5,7511.75,7506.5,7510.75,8256
2026-07-17 15:00:00-04:00,7503.75,7510.0,7502.5,7508.75,10525
2026-07-17 15:05:00-04:00,7499.25,7505.25,7499.0,7504.0,8111
2026-07-17 15:10:00-04:00,7492.5,7500.0,7492.25,7499.5,11752
2026-07-17 15:15:00-04:00,7494.25,7495.0,7490.75,7492.25,14531
2026-07-17 15:20:00-04:00,7488.5,7494.25,7488.5,7494.25,9273
2026-07-17 15:25:00-04:00,7496.75,7498.0,7486.25,7488.5,13326
2026-07-17 15:30:00-04:00,7495.25,7501.5,7492.75,7497.0,18365
2026-07-17 15:35:00-04:00,7493.5,7500.5,7492.25,7495.25,10364
2026-07-17 15:40:00-04:00,7499.75,7501.5,7491.0,7493.5,11565
2026-07-17 15:45:00-04:00,7505.25,7505.5,7498.75,7500.0,16321
2026-07-17 15:50:00-04:00,7504.75,7508.25,7499.75,7505.25,25225
2026-07-17 15:55:00-04:00,7496.75,7509.25,7494.25,7504.5,77969
2026-07-17 16:00:00-04:00,7490.0,7497.75,7487.0,7496.5,31124
2026-07-17 16:05:00-04:00,7489.0,7491.25,7487.0,7489.75,8039
2026-07-17 16:10:00-04:00,7488.75,7490.0,7484.0,7489.25,7938
2026-07-17 16:15:00-04:00,7489.0,7490.25,7487.25,7488.75,3385
2026-07-17 16:20:00-04:00,7492.5,7492.75,7489.25,7489.25,3243
2026-07-17 16:25:00-04:00,7493.0,7493.75,7492.25,7492.5,1845
2026-07-17 16:30:00-04:00,7495.0,7496.0,7492.5,7492.75,2340
2026-07-17 16:35:00-04:00,7494.75,7495.75,7493.0,7495.0,1188
2026-07-17 16:40:00-04:00,7496.0,7496.25,7494.25,7494.5,1183
2026-07-17 16:45:00-04:00,7494.5,7496.5,7494.0,7496.25,1067
2026-07-17 16:50:00-04:00,7496.75,7497.25,7493.5,7494.25,1748
2026-07-17 16:55:00-04:00,7497.75,7497.75,7494.75,7497.0,2112
2026-07-19 18:10:00-04:00,7483.75,7487.5,7482.0,7487.0,658
2026-07-19 18:15:00-04:00,7492.5,7492.75,7483.75,7484.0,1439
2026-07-19 18:20:00-04:00,7490.75,7496.75,7490.75,7492.5,1460
2026-07-19 18:25:00-04:00,7487.5,7491.0,7487.0,7491.0,881
2026-07-19 18:30:00-04:00,7496.5,7496.75,7486.0,7487.0,1149
2026-07-19 18:35:00-04:00,7495.25,7497.75,7494.0,7496.5,581
2026-07-19 18:40:00-04:00,7500.5,7502.5,7495.25,7495.25,894
2026-07-19 18:45:00-04:00,7498.75,7502.0,7497.0,7500.75,843
2026-07-19 18:50:00-04:00,7496.0,7499.25,7494.5,7499.0,742
2026-07-19 18:55:00-04:00,7495.75,7497.25,7495.0,7496.0,384
2026-07-19 19:00:00-04:00,7494.25,7496.25,7492.25,7496.0,669
2026-07-19 19:05:00-04:00,7497.0,7497.25,7493.5,7494.25,553
2026-07-19 19:10:00-04:00,7495.75,7498.5,7495.0,7497.0,491
2026-07-19 19:15:00-04:00,7495.0,7496.5,7493.25,7495.75,343
2026-07-19 19:20:00-04:00,7496.25,7496.75,7492.25,7495.25,465
2026-07-19 19:25:00-04:00,7493.5,7498.25,7492.0,7496.75,903
2026-07-19 19:30:00-04:00,7496.5,7496.5,7491.25,7493.5,455
2026-07-19 19:35:00-04:00,7497.0,7498.5,7494.0,7496.25,621
2026-07-19 19:40:00-04:00,7502.0,7502.0,7496.25,7496.75,654
2026-07-19 19:45:00-04:00,7495.75,7501.75,7494.75,7501.75,952
2026-07-19 19:50:00-04:00,7500.25,7503.0,7495.75,7495.75,904
2026-07-19 19:55:00-04:00,7504.0,7505.25,7499.25,7500.5,617
2026-07-19 20:00:00-04:00,7504.5,7505.25,7496.75,7504.5,1440
2026-07-19 20:05:00-04:00,7512.75,7514.5,7504.25,7504.25,2286
2026-07-19 20:10:00-04:00,7514.75,7517.5,7511.75,7512.75,1847
2026-07-19 20:15:00-04:00,7516.0,7517.25,7513.75,7514.75,1325
2026-07-19 20:20:00-04:00,7512.75,7516.75,7511.75,7515.75,1232
2026-07-19 20:25:00-04:00,7511.5,7513.0,7510.25,7512.5,924
2026-07-19 20:30:00-04:00,7504.0,7512.0,7503.75,7511.5,1433
2026-07-19 20:35:00-04:00,7506.0,7509.5,7503.5,7504.0,872
2026-07-19 20:40:00-04:00,7504.5,7510.0,7504.25,7506.0,809
2026-07-19 20:45:00-04:00,7505.0,7506.5,7502.25,7504.5,1075
2026-07-19 20:50:00-04:00,7503.5,7506.5,7503.0,7505.25,575
2026-07-19 20:55:00-04:00,7503.25,7506.5,7502.0,7503.5,635
2026-07-19 21:00:00-04:00,7505.25,7508.0,7503.25,7503.5,986
2026-07-19 21:05:00-04:00,7509.75,7510.5,7504.5,7505.25,828
2026-07-19 21:10:00-04:00,7503.5,7511.75,7502.75,7510.0,1015
2026-07-19 21:15:00-04:00,7502.5,7505.75,7501.75,7503.75,1059
2026-07-19 21:20:00-04:00,7504.75,7507.5,7500.25,7502.25,1057
2026-07-19 21:25:00-04:00,7499.25,7507.25,7498.0,7505.0,999
2026-07-19 21:30:00-04:00,7499.25,7500.5,7498.0,7499.0,968
2026-07-19 21:35:00-04:00,7499.75,7500.75,7497.25,7499.0,963
2026-07-19 21:40:00-04:00,7495.25,7500.75,7492.75,7499.75,1289
2026-07-19 21:45:00-04:00,7497.25,7498.25,7493.75,7495.25,765
2026-07-19 21:50:00-04:00,7490.5,7497.75,7490.0,7497.25,1088
2026-07-19 21:55:00-04:00,7494.75,7496.0,7490.25,7490.5,887
2026-07-19 22:00:00-04:00,7504.25,7505.25,7494.75,7494.75,1628
2026-07-19 22:05:00-04:00,7503.75,7506.5,7503.0,7504.25,734
2026-07-19 22:10:00-04:00,7499.5,7503.75,7499.0,7503.5,489
2026-07-19 22:15:00-04:00,7495.25,7500.0,7494.5,7499.75,742
2026-07-19 22:20:00-04:00,7495.25,7496.5,7494.0,7495.5,562
2026-07-19 22:25:00-04:00,7496.5,7498.0,7493.75,7495.25,508
2026-07-19 22:30:00-04:00,7502.5,7504.5,7496.25,7496.25,992
2026-07-19 22:35:00-04:00,7502.5,7505.5,7501.0,7502.25,590
2026-07-19 22:40:00-04:00,7506.75,7509.25,7502.0,7502.5,1093
2026-07-19 22:45:00-04:00,7510.25,7510.5,7506.25,7507.0,894
2026-07-19 22:50:00-04:00,7507.25,7511.0,7507.0,7510.25,546
2026-07-19 22:55:00-04:00,7505.5,7508.5,7505.25,7507.25,520
2026-07-19 23:00:00-04:00,7505.25,7507.75,7505.0,7505.5,509
2026-07-19 23:05:00-04:00,7502.25,7505.5,7501.25,7505.25,657
2026-07-19 23:10:00-04:00,7503.5,7504.0,7501.5,7502.5,493
2026-07-19 23:15:00-04:00,7506.0,7507.75,7502.5,7503.5,449
2026-07-19 23:20:00-04:00,7506.5,7507.0,7503.25,7505.5,459
2026-07-19 23:25:00-04:00,7504.25,7506.75,7503.5,7506.25,306
2026-07-19 23:30:00-04:00,7504.5,7507.25,7503.0,7503.75,369
2026-07-19 23:35:00-04:00,7506.0,7506.75,7502.5,7504.5,456
2026-07-19 23:40:00-04:00,7507.5,7508.25,7504.0,7505.75,411
2026-07-19 23:45:00-04:00,7507.5,7508.5,7506.0,7507.5,336
2026-07-19 23:50:00-04:00,7509.5,7510.25,7507.0,7507.5,630
2026-07-19 23:55:00-04:00,7505.25,7510.0,7504.0,7509.75,581
2026-07-20 00:00:00-04:00,7506.0,7507.75,7505.25,7505.75,523
2026-07-20 00:05:00-04:00,7504.0,7506.25,7502.75,7506.0,502
2026-07-20 00:10:00-04:00,7502.0,7504.75,7501.25,7504.0,446
2026-07-20 00:15:00-04:00,7501.25,7501.75,7499.0,7501.75,535
2026-07-20 00:20:00-04:00,7502.75,7503.25,7500.0,7501.25,475
2026-07-20 00:25:00-04:00,7507.75,7508.25,7502.75,7502.75,479
2026-07-20 00:30:00-04:00,7508.5,7512.25,7506.25,7508.0,691
2026-07-20 00:35:00-04:00,7510.75,7512.0,7507.5,7508.75,397
2026-07-20 00:40:00-04:00,7512.25,7513.5,7510.0,7510.5,696
2026-07-20 00:45:00-04:00,7514.0,7514.25,7511.5,7512.25,490
2026-07-20 00:50:00-04:00,7511.5,7515.0,7511.5,7514.0,652
2026-07-20 00:55:00-04:00,7509.25,7512.25,7508.75,7511.5,285
2026-07-20 01:00:00-04:00,7507.25,7510.25,7506.75,7509.5,505
2026-07-20 01:05:00-04:00,7503.5,7507.25,7502.75,7507.25,621
2026-07-20 01:10:00-04:00,7503.25,7504.0,7498.0,7503.75,1248
2026-07-20 01:15:00-04:00,7502.5,7503.0,7500.25,7503.0,504
2026-07-20 01:20:00-04:00,7501.0,7503.0,7499.0,7502.5,431
2026-07-20 01:25:00-04:00,7500.25,7501.75,7499.25,7501.0,350
2026-07-20 01:30:00-04:00,7498.5,7500.5,7497.5,7500.25,515
2026-07-20 01:35:00-04:00,7498.25,7500.5,7498.25,7498.75,489
2026-07-20 01:40:00-04:00,7497.25,7500.0,7497.25,7498.25,508
2026-07-20 01:45:00-04:00,7498.0,7499.75,7496.25,7497.5,555
2026-07-20 01:50:00-04:00,7495.0,7498.0,7494.5,7498.0,467
2026-07-20 01:55:00-04:00,7496.0,7498.5,7494.0,7495.0,629
2026-07-20 02:00:00-04:00,7498.0,7498.5,7495.75,7496.25,711
2026-07-20 02:05:00-04:00,7497.5,7499.75,7495.0,7498.25,812
2026-07-20 02:10:00-04:00,7495.0,7497.25,7494.5,7497.25,646
2026-07-20 02:15:00-04:00,7495.75,7497.75,7493.75,7495.0,976
2026-07-20 02:20:00-04:00,7493.25,7498.0,7493.25,7496.0,802
2026-07-20 02:25:00-04:00,7494.5,7496.0,7492.75,7493.0,510
2026-07-20 02:30:00-04:00,7493.0,7496.0,7492.25,7494.75,460
2026-07-20 02:35:00-04:00,7492.5,7493.75,7491.0,7492.75,477
2026-07-20 02:40:00-04:00,7496.5,7498.25,7492.25,7492.5,1295
2026-07-20 02:45:00-04:00,7494.75,7497.0,7493.5,7496.5,566
2026-07-20 02:50:00-04:00,7496.0,7497.75,7494.75,7494.75,410
2026-07-20 02:55:00-04:00,7497.0,7497.25,7494.25,7496.5,498
2026-07-20 03:00:00-04:00,7500.5,7502.5,7497.25,7497.25,1708
2026-07-20 03:05:00-04:00,7500.5,7501.5,7499.0,7500.5,1099
2026-07-20 03:10:00-04:00,7499.5,7501.0,7498.75,7500.75,923
2026-07-20 03:15:00-04:00,7498.75,7499.75,7496.75,7499.75,1206
2026-07-20 03:20:00-04:00,7504.5,7506.0,7498.5,7499.0,2110
2026-07-20 03:25:00-04:00,7509.5,7510.0,7504.0,7504.25,1527
2026-07-20 03:30:00-04:00,7515.75,7517.0,7509.5,7509.5,3250
2026-07-20 03:35:00-04:00,7516.75,7518.0,7514.5,7515.75,2018
2026-07-20 03:40:00-04:00,7517.25,7519.5,7514.75,7516.5,3111
2026-07-20 03:45:00-04:00,7513.5,7518.75,7513.0,7517.25,1515
2026-07-20 03:50:00-04:00,7513.25,7514.75,7511.75,7513.5,827
2026-07-20 03:55:00-04:00,7516.0,7517.75,7513.0,7513.0,1475
2026-07-20 04:00:00-04:00,7518.5,7520.75,7515.75,7516.0,2538
2026-07-20 04:05:00-04:00,7516.0,7519.75,7514.25,7518.75,1048
2026-07-20 04:10:00-04:00,7520.0,7520.25,7514.75,7515.5,1065
2026-07-20 04:15:00-04:00,7519.25,7521.75,7519.0,7520.0,1810
2026-07-20 04:20:00-04:00,7518.5,7519.5,7517.0,7519.0,1032
2026-07-20 04:25:00-04:00,7517.75,7519.5,7517.25,7518.5,1291
2026-07-20 04:30:00-04:00,7514.75,7518.25,7512.75,7517.5,1580
2026-07-20 04:35:00-04:00,7515.25,7515.75,7512.75,7514.75,987
2026-07-20 04:40:00-04:00,7512.75,7516.5,7512.0,7515.0,678
2026-07-20 04:45:00-04:00,7515.5,7516.0,7512.25,7513.0,613
2026-07-20 04:50:00-04:00,7512.75,7515.75,7512.5,7515.5,613
2026-07-20 04:55:00-04:00,7514.25,7515.0,7512.5,7513.0,531
2026-07-20 05:00:00-04:00,7513.0,7516.0,7513.0,7514.25,719
2026-07-20 05:05:00-04:00,7512.5,7514.25,7510.5,7512.75,1267
2026-07-20 05:10:00-04:00,7513.0,7514.75,7511.75,7512.5,764
2026-07-20 05:15:00-04:00,7512.75,7517.0,7512.75,7512.75,572
2026-07-20 05:20:00-04:00,7517.25,7518.25,7513.0,7513.0,688
2026-07-20 05:25:00-04:00,7517.0,7518.0,7516.75,7517.0,556
2026-07-20 05:30:00-04:00,7517.5,7519.25,7516.0,7517.0,746
2026-07-20 05:35:00-04:00,7518.5,7519.0,7517.5,7517.75,455
2026-07-20 05:40:00-04:00,7520.5,7521.0,7518.25,7518.75,636
2026-07-20 05:45:00-04:00,7523.5,7524.0,7520.5,7520.5,1463
2026-07-20 05:50:00-04:00,7523.5,7527.75,7523.0,7523.5,2393
2026-07-20 05:55:00-04:00,7521.75,7523.75,7520.5,7523.5,1057
2026-07-20 06:00:00-04:00,7520.5,7522.75,7519.75,7521.75,1124
2026-07-20 06:05:00-04:00,7519.25,7521.0,7518.5,7520.5,529
2026-07-20 06:10:00-04:00,7518.25,7521.25,7518.0,7519.25,721
2026-07-20 06:15:00-04:00,7517.5,7518.5,7516.0,7518.5,1521
2026-07-20 06:20:00-04:00,7520.0,7521.0,7517.5,7517.75,687
2026-07-20 06:25:00-04:00,7520.0,7520.75,7518.0,7520.0,721
2026-07-20 06:30:00-04:00,7520.5,7523.0,7518.75,7519.75,1010
2026-07-20 06:35:00-04:00,7518.75,7520.5,7517.5,7520.25,728
2026-07-20 06:40:00-04:00,7519.5,7520.0,7517.5,7518.5,686
2026-07-20 06:45:00-04:00,7521.25,7522.5,7518.5,7519.5,1326
2026-07-20 06:50:00-04:00,7524.0,7524.25,7520.5,7521.5,854
2026-07-20 06:55:00-04:00,7522.0,7524.0,7521.0,7524.0,531
2026-07-20 07:00:00-04:00,7525.75,7526.0,7520.75,7522.0,2253
2026-07-20 07:05:00-04:00,7527.25,7527.75,7525.5,7525.75,1519
2026-07-20 07:10:00-04:00,7527.5,7529.75,7526.5,7527.25,1323
2026-07-20 07:15:00-04:00,7525.25,7528.25,7525.0,7527.5,1070
2026-07-20 07:20:00-04:00,7524.0,7526.25,7524.0,7525.25,780
2026-07-20 07:25:00-04:00,7523.5,7524.5,7522.75,7523.75,837
2026-07-20 07:30:00-04:00,7540.75,7545.25,7523.25,7523.5,17378
2026-07-20 07:35:00-04:00,7538.75,7544.25,7538.0,7541.0,3808
2026-07-20 07:40:00-04:00,7539.25,7544.25,7535.75,7539.0,5277
2026-07-20 07:45:00-04:00,7534.75,7540.75,7533.25,7539.25,4568
2026-07-20 07:50:00-04:00,7537.25,7537.5,7531.0,7534.5,3344
2026-07-20 07:55:00-04:00,7535.5,7537.5,7534.75,7537.25,1055
2026-07-20 08:00:00-04:00,7525.0,7536.0,7521.0,7535.5,10573
2026-07-20 08:05:00-04:00,7527.5,7530.25,7523.5,7525.0,4837
2026-07-20 08:10:00-04:00,7526.0,7528.75,7523.75,7527.5,2447
2026-07-20 08:15:00-04:00,7526.25,7528.5,7523.5,7526.0,1783
2026-07-20 08:20:00-04:00,7524.75,7526.75,7523.75,7526.25,1179
2026-07-20 08:25:00-04:00,7530.0,7530.25,7523.25,7524.75,2124
2026-07-20 08:30:00-04:00,7529.0,7532.75,7526.5,7530.25,2708
2026-07-20 08:35:00-04:00,7529.0,7531.0,7528.5,7529.25,1579
2026-07-20 08:40:00-04:00,7525.25,7529.5,7524.25,7528.75,2485
2026-07-20 08:45:00-04:00,7529.25,7530.75,7524.75,7525.25,2367
2026-07-20 08:50:00-04:00,7524.5,7529.5,7524.25,7529.25,3214
2026-07-20 08:55:00-04:00,7527.25,7527.5,7522.75,7524.75,3349
2026-07-20 09:00:00-04:00,7529.75,7530.25,7526.0,7527.25,3734
2026-07-20 09:05:00-04:00,7528.75,7530.25,7528.0,7529.5,2740
2026-07-20 09:10:00-04:00,7527.25,7531.25,7527.0,7529.0,2203
2026-07-20 09:15:00-04:00,7528.25,7529.0,7526.25,7527.25,1775
2026-07-20 09:20:00-04:00,7530.5,7531.25,7528.25,7528.5,1410
2026-07-20 09:25:00-04:00,7534.25,7536.25,7530.0,7530.25,6633
2026-07-20 09:30:00-04:00,7544.75,7545.0,7532.75,7534.5,34309
2026-07-20 09:35:00-04:00,7546.0,7551.5,7541.25,7545.0,29865
2026-07-20 09:40:00-04:00,7550.25,7550.5,7545.0,7546.0,16920
2026-07-20 09:45:00-04:00,7540.0,7552.0,7539.25,7550.0,22496
2026-07-20 09:50:00-04:00,7528.5,7542.5,7526.25,7539.75,28034
2026-07-20 09:55:00-04:00,7520.5,7529.0,7519.0,7528.75,25241
2026-07-20 10:00:00-04:00,7522.25,7527.5,7517.5,7520.75,22647
2026-07-20 10:05:00-04:00,7517.75,7525.25,7516.25,7522.5,17682
2026-07-20 10:10:00-04:00,7514.0,7517.75,7511.25,7517.75,20071
2026-07-20 10:15:00-04:00,7512.5,7519.0,7510.0,7514.0,17500
2026-07-20 10:20:00-04:00,7513.5,7516.0,7506.0,7512.25,16639
2026-07-20 10:25:00-04:00,7520.5,7521.25,7512.5,7513.5,13030
2026-07-20 10:30:00-04:00,7516.25,7522.75,7514.0,7520.75,13415
2026-07-20 10:35:00-04:00,7517.5,7519.5,7513.25,7516.25,10627
2026-07-20 10:40:00-04:00,7512.75,7521.75,7511.25,7517.75,11061
2026-07-20 10:45:00-04:00,7510.25,7521.5,7508.75,7512.75,19129
2026-07-20 10:50:00-04:00,7507.25,7513.5,7505.5,7510.0,12209
2026-07-20 10:55:00-04:00,7505.25,7508.75,7500.75,7507.0,15479
2026-07-20 11:00:00-04:00,7509.5,7512.5,7502.0,7505.0,15103
2026-07-20 11:05:00-04:00,7518.25,7518.75,7502.0,7509.5,16442
2026-07-20 11:10:00-04:00,7512.0,7518.75,7510.5,7518.0,11782
2026-07-20 11:15:00-04:00,7516.5,7519.5,7509.75,7512.0,9334
2026-07-20 11:20:00-04:00,7521.0,7524.25,7514.5,7516.5,12071
2026-07-20 11:25:00-04:00,7522.5,7523.75,7516.0,7521.0,11958
2026-07-20 11:30:00-04:00,7522.75,7524.25,7521.25,7522.5,9883
2026-07-20 11:35:00-04:00,7518.5,7523.25,7517.75,7522.75,9021
2026-07-20 11:40:00-04:00,7523.5,7524.0,7516.5,7518.5,7886
2026-07-20 11:45:00-04:00,7516.75,7523.75,7514.5,7523.75,10839
2026-07-20 11:50:00-04:00,7526.0,7528.0,7515.0,7516.5,10286
2026-07-20 11:55:00-04:00,7523.5,7528.25,7523.25,7526.25,8301
2026-07-20 12:00:00-04:00,7525.25,7526.5,7519.5,7523.75,9257
2026-07-20 12:05:00-04:00,7531.75,7532.25,7525.25,7525.5,12316
2026-07-20 12:10:00-04:00,7531.75,7534.0,7530.25,7531.75,13368
2026-07-20 12:15:00-04:00,7530.75,7532.5,7528.0,7532.0,7031
2026-07-20 12:20:00-04:00,7531.5,7532.75,7530.0,7530.75,6377
2026-07-20 12:25:00-04:00,7528.75,7532.0,7525.25,7531.5,8482
2026-07-20 12:30:00-04:00,7521.75,7531.5,7521.75,7528.75,8773
2026-07-20 12:35:00-04:00,7527.25,7527.5,7521.5,7521.75,6171
2026-07-20 12:40:00-04:00,7518.0,7529.0,7508.25,7527.25,22255
2026-07-20 12:45:00-04:00,7525.25,7526.0,7516.0,7518.0,9673
2026-07-20 12:50:00-04:00,7513.75,7525.75,7513.25,7525.25,10692
2026-07-20 12:55:00-04:00,7513.75,7515.5,7511.0,7513.5,9664
2026-07-20 13:00:00-04:00,7509.5,7515.75,7509.5,7513.75,10425
2026-07-20 13:05:00-04:00,7509.75,7510.25,7505.0,7509.25,10159
2026-07-20 13:10:00-04:00,7502.75,7510.25,7502.0,7509.75,8193
2026-07-20 13:15:00-04:00,7504.75,7506.25,7499.25,7502.5,11669
2026-07-20 13:20:00-04:00,7504.75,7508.5,7503.25,7504.75,7297
2026-07-20 13:25:00-04:00,7505.0,7507.25,7502.5,7504.5,6067
2026-07-20 13:30:00-04:00,7507.0,7507.75,7503.0,7504.75,6316
2026-07-20 13:35:00-04:00,7504.0,7509.25,7503.5,7506.75,5336
2026-07-20 13:40:00-04:00,7501.25,7504.25,7499.25,7504.0,6440
2026-07-20 13:45:00-04:00,7506.25,7507.25,7500.75,7501.25,5316
2026-07-20 13:50:00-04:00,7510.0,7512.5,7505.75,7506.0,5784
2026-07-20 13:55:00-04:00,7509.0,7510.5,7505.5,7510.0,5217
2026-07-20 14:00:00-04:00,7512.0,7515.5,7509.25,7509.25,9717
2026-07-20 14:05:00-04:00,7512.25,7513.0,7508.5,7512.0,5632
2026-07-20 14:10:00-04:00,7514.0,7516.0,7510.5,7512.5,6754
2026-07-20 14:15:00-04:00,7516.0,7517.75,7512.5,7514.0,6652
2026-07-20 14:20:00-04:00,7506.25,7516.75,7506.0,7516.25,10363
2026-07-20 14:25:00-04:00,7508.25,7511.75,7504.75,7506.5,7351
2026-07-20 14:30:00-04:00,7500.0,7508.5,7498.25,7508.5,10523
2026-07-20 14:35:00-04:00,7499.25,7506.75,7498.25,7500.0,8699
2026-07-20 14:40:00-04:00,7488.75,7499.75,7488.5,7499.25,16253
2026-07-20 14:45:00-04:00,7490.25,7494.25,7487.75,7489.0,13609
2026-07-20 14:50:00-04:00,7494.0,7495.75,7489.0,7490.25,8362
2026-07-20 14:55:00-04:00,7490.5,7494.75,7488.25,7494.25,6848
2026-07-20 15:00:00-04:00,7489.25,7495.25,7487.5,7490.25,9756
2026-07-20 15:05:00-04:00,7490.25,7491.5,7486.0,7489.25,9261
2026-07-20 15:10:00-04:00,7480.25,7494.25,7480.25,7490.25,12585
2026-07-20 15:15:00-04:00,7482.5,7485.25,7478.0,7480.25,15246
2026-07-20 15:20:00-04:00,7486.5,7487.75,7480.75,7482.25,9357
2026-07-20 15:25:00-04:00,7490.5,7492.75,7481.75,7486.5,14545
2026-07-20 15:30:00-04:00,7493.0,7495.5,7486.75,7490.75,15210
2026-07-20 15:35:00-04:00,7493.5,7495.0,7488.75,7493.0,8585
2026-07-20 15:40:00-04:00,7493.75,7497.25,7490.5,7493.25,10715
2026-07-20 15:45:00-04:00,7494.75,7496.25,7490.75,7493.75,11187
2026-07-20 15:50:00-04:00,7485.75,7494.5,7482.0,7494.5,18495
2026-07-20 15:55:00-04:00,7485.75,7486.5,7480.25,7485.75,74477
2026-07-20 16:00:00-04:00,7486.75,7493.25,7485.5,7485.75,21624
2026-07-20 16:05:00-04:00,7482.25,7488.0,7481.25,7486.75,5870
2026-07-20 16:10:00-04:00,7482.0,7483.25,7481.0,7482.0,3434
2026-07-20 16:15:00-04:00,7479.5,7482.0,7478.75,7481.75,2414
2026-07-20 16:20:00-04:00,7480.0,7480.75,7479.0,7479.5,1214
2026-07-20 16:25:00-04:00,7479.0,7481.0,7476.75,7479.75,2800
2026-07-20 16:30:00-04:00,7481.75,7481.75,7478.75,7479.0,1496
2026-07-20 16:35:00-04:00,7483.0,7483.25,7481.25,7481.5,1023
2026-07-20 16:40:00-04:00,7481.75,7483.0,7480.75,7482.75,1225
2026-07-20 16:45:00-04:00,7483.25,7483.75,7481.0,7482.0,994
2026-07-20 16:50:00-04:00,7483.5,7483.5,7480.75,7483.25,1360
2026-07-20 16:55:00-04:00,7483.25,7484.0,7482.5,7483.5,969
2026-07-20 18:00:00-04:00,7477.0,7485.75,7477.0,7484.0,0
2026-07-20 18:05:00-04:00,7476.5,7477.25,7473.25,7477.25,1598
2026-07-20 18:10:00-04:00,7476.0,7477.5,7475.5,7476.5,525
2026-07-20 18:15:00-04:00,7476.25,7477.5,7475.0,7476.0,337
2026-07-20 18:20:00-04:00,7477.0,7477.25,7475.0,7476.0,289
2026-07-20 18:25:00-04:00,7476.0,7477.25,7475.0,7477.0,269
2026-07-20 18:30:00-04:00,7474.0,7477.0,7473.0,7475.75,598
2026-07-20 18:35:00-04:00,7475.0,7476.0,7473.25,7473.75,326
2026-07-20 18:40:00-04:00,7476.0,7476.0,7474.25,7475.0,298
2026-07-20 18:45:00-04:00,7474.5,7477.0,7474.0,7476.25,302
2026-07-20 18:50:00-04:00,7475.0,7475.75,7474.0,7474.5,275
2026-07-20 18:55:00-04:00,7475.5,7475.5,7475.0,7475.25,87
2026-07-20 19:00:00-04:00,7478.0,7478.0,7474.5,7475.5,386
2026-07-20 19:05:00-04:00,7482.75,7483.0,7477.75,7478.0,575
2026-07-20 19:10:00-04:00,7482.75,7483.25,7481.75,7482.75,358
2026-07-20 19:15:00-04:00,7487.0,7487.25,7482.75,7483.0,660
2026-07-20 19:20:00-04:00,7488.75,7489.5,7486.75,7487.0,681
2026-07-20 19:25:00-04:00,7489.75,7490.0,7487.5,7489.0,368
2026-07-20 19:30:00-04:00,7489.75,7491.0,7488.75,7489.5,433
2026-07-20 19:35:00-04:00,7488.25,7490.0,7488.0,7489.75,242
2026-07-20 19:40:00-04:00,7489.0,7489.25,7487.75,7488.25,204
2026-07-20 19:45:00-04:00,7487.0,7491.0,7486.5,7488.75,842
2026-07-20 19:50:00-04:00,7483.75,7486.75,7480.5,7486.75,937
2026-07-20 19:55:00-04:00,7485.25,7487.75,7483.0,7483.75,522
2026-07-20 20:00:00-04:00,7479.75,7485.0,7477.25,7485.0,1959
2026-07-20 20:05:00-04:00,7477.25,7480.75,7474.25,7479.25,1062
2026-07-20 20:10:00-04:00,7477.5,7482.25,7474.75,7477.0,1371
2026-07-20 20:15:00-04:00,7485.0,7485.25,7473.75,7477.75,1918
2026-07-20 20:20:00-04:00,7483.75,7485.75,7481.0,7484.75,1102
2026-07-20 20:25:00-04:00,7486.25,7488.5,7482.0,7483.5,929
2026-07-20 20:30:00-04:00,7492.25,7493.0,7486.0,7486.0,1587
2026-07-20 20:35:00-04:00,7492.0,7493.0,7489.5,7492.0,879
2026-07-20 20:40:00-04:00,7492.25,7494.0,7490.75,7492.0,874
2026-07-20 20:45:00-04:00,7495.0,7495.75,7490.75,7492.5,1284
2026-07-20 20:50:00-04:00,7494.0,7495.75,7493.25,7495.25,781
2026-07-20 20:55:00-04:00,7492.25,7494.25,7492.0,7493.75,474
2026-07-20 21:00:00-04:00,7493.5,7493.75,7489.5,7492.25,930
2026-07-20 21:05:00-04:00,7497.0,7498.25,7493.5,7493.5,1413
2026-07-20 21:10:00-04:00,7497.75,7498.75,7496.0,7496.75,1122
2026-07-20 21:15:00-04:00,7498.0,7499.25,7494.5,7498.0,1862
2026-07-20 21:20:00-04:00,7496.75,7499.0,7495.5,7497.5,582
2026-07-20 21:25:00-04:00,7495.5,7497.25,7495.25,7496.75,468
2026-07-20 21:30:00-04:00,7497.75,7498.25,7494.5,7495.75,889
2026-07-20 21:35:00-04:00,7494.25,7498.0,7494.25,7497.5,766
2026-07-20 21:40:00-04:00,7491.75,7495.0,7491.0,7494.25,887
2026-07-20 21:45:00-04:00,7495.0,7496.0,7490.75,7491.75,606
2026-07-20 21:50:00-04:00,7495.0,7496.0,7492.75,7495.25,356
2026-07-20 21:55:00-04:00,7492.5,7495.0,7491.75,7495.0,694
2026-07-20 22:00:00-04:00,7495.75,7496.5,7492.5,7493.0,522
2026-07-20 22:05:00-04:00,7494.25,7500.0,7493.75,7495.75,1022
2026-07-20 22:10:00-04:00,7493.0,7494.5,7492.25,7494.25,731
2026-07-20 22:15:00-04:00,7489.0,7493.5,7488.75,7493.0,921
2026-07-20 22:20:00-04:00,7496.25,7496.25,7488.75,7489.0,635
2026-07-20 22:25:00-04:00,7494.0,7497.25,7493.75,7496.25,607
2026-07-20 22:30:00-04:00,7497.75,7498.75,7493.75,7494.0,484
2026-07-20 22:35:00-04:00,7500.75,7501.5,7497.75,7497.75,1385
2026-07-20 22:40:00-04:00,7500.5,7501.25,7499.75,7501.0,394
2026-07-20 22:45:00-04:00,7498.75,7500.5,7498.75,7500.5,402
2026-07-20 22:50:00-04:00,7499.75,7499.75,7498.25,7498.75,456
2026-07-20 22:55:00-04:00,7501.75,7501.75,7499.5,7499.5,463
2026-07-20 23:00:00-04:00,7503.5,7503.75,7501.5,7501.5,1040
2026-07-20 23:05:00-04:00,7503.0,7504.25,7502.75,7503.75,769
2026-07-20 23:10:00-04:00,7503.75,7504.5,7502.75,7503.0,392
2026-07-20 23:15:00-04:00,7506.5,7506.75,7503.5,7503.75,628
2026-07-20 23:20:00-04:00,7507.5,7508.0,7505.75,7506.25,706
2026-07-20 23:25:00-04:00,7507.75,7508.0,7507.0,7507.5,514
2026-07-20 23:30:00-04:00,7508.5,7508.75,7507.25,7508.0,688
2026-07-20 23:35:00-04:00,7510.25,7510.75,7508.0,7508.75,1141
2026-07-20 23:40:00-04:00,7509.5,7511.25,7509.5,7510.25,621
2026-07-20 23:45:00-04:00,7511.75,7512.5,7509.25,7509.5,959
2026-07-20 23:50:00-04:00,7512.0,7512.25,7511.0,7512.0,649
2026-07-20 23:55:00-04:00,7511.75,7512.5,7511.0,7512.25,420
2026-07-21 00:05:00-04:00,7514.5,7515.0,7514.25,7515.0,3072
2026-07-21 00:10:00-04:00,7514.25,7515.25,7514.0,7514.25,448
2026-07-21 00:15:00-04:00,7513.25,7514.5,7513.0,7514.0,391
2026-07-21 00:20:00-04:00,7514.0,7514.75,7513.0,7513.25,478
2026-07-21 00:25:00-04:00,7513.75,7515.0,7513.25,7513.75,403
2026-07-21 00:30:00-04:00,7514.25,7514.5,7513.5,7514.0,272
2026-07-21 00:35:00-04:00,7515.5,7516.25,7514.0,7514.25,405
2026-07-21 00:40:00-04:00,7514.5,7515.5,7513.75,7515.5,441
2026-07-21 00:45:00-04:00,7515.5,7515.75,7513.75,7514.5,232
2026-07-21 00:50:00-04:00,7514.0,7515.75,7513.25,7515.5,339
2026-07-21 00:55:00-04:00,7514.25,7514.75,7513.0,7514.0,385
2026-07-21 01:00:00-04:00,7514.0,7514.5,7513.75,7514.25,208
2026-07-21 01:05:00-04:00,7513.5,7514.25,7512.75,7514.25,336
2026-07-21 01:10:00-04:00,7511.75,7513.5,7511.25,7513.5,422
2026-07-21 01:15:00-04:00,7510.5,7512.0,7510.0,7511.75,615
2026-07-21 01:20:00-04:00,7514.0,7514.5,7510.25,7510.25,502
2026-07-21 01:25:00-04:00,7516.5,7517.0,7513.75,7513.75,890
2026-07-21 01:30:00-04:00,7516.25,7517.5,7514.5,7516.75,637
2026-07-21 01:35:00-04:00,7516.5,7517.5,7516.0,7516.25,623
2026-07-21 01:40:00-04:00,7521.0,7522.0,7516.75,7516.75,1197
2026-07-21 01:45:00-04:00,7521.0,7521.75,7519.0,7521.25,655
2026-07-21 01:50:00-04:00,7521.5,7523.75,7521.0,7521.0,781
2026-07-21 01:55:00-04:00,7520.75,7521.75,7520.25,7521.5,314
2026-07-21 02:00:00-04:00,7522.0,7522.25,7520.5,7520.75,911
2026-07-21 02:05:00-04:00,7520.5,7522.75,7520.0,7522.0,753
2026-07-21 02:10:00-04:00,7521.25,7522.25,7519.5,7520.25,878
2026-07-21 02:15:00-04:00,7519.5,7521.75,7519.25,7521.25,1125
2026-07-21 02:20:00-04:00,7520.0,7520.5,7518.0,7519.5,851
2026-07-21 02:25:00-04:00,7520.0,7522.75,7519.5,7520.0,744
2026-07-21 02:30:00-04:00,7523.0,7523.0,7520.0,7520.25,807
2026-07-21 02:35:00-04:00,7524.0,7530.25,7522.75,7522.75,2192
2026-07-21 02:40:00-04:00,7525.25,7526.0,7523.5,7523.75,478
2026-07-21 02:45:00-04:00,7524.0,7525.5,7522.25,7525.25,593
2026-07-21 02:50:00-04:00,7524.25,7524.75,7523.0,7524.25,813
2026-07-21 02:55:00-04:00,7523.75,7524.75,7522.75,7524.25,673
2026-07-21 03:00:00-04:00,7525.5,7528.0,7522.5,7524.0,2714
2026-07-21 03:05:00-04:00,7524.5,7526.75,7524.5,7525.5,1473
2026-07-21 03:10:00-04:00,7523.0,7525.5,7520.75,7524.5,1450
2026-07-21 03:15:00-04:00,7522.25,7522.75,7520.25,7522.75,1479
2026-07-21 03:20:00-04:00,7518.75,7522.0,7518.25,7522.0,1411
2026-07-21 03:25:00-04:00,7516.75,7520.25,7515.75,7519.0,1547
2026-07-21 03:30:00-04:00,7519.5,7519.5,7514.0,7517.0,1447
2026-07-21 03:35:00-04:00,7519.0,7520.75,7518.75,7519.5,808
2026-07-21 03:40:00-04:00,7517.5,7519.5,7517.0,7519.25,625
2026-07-21 03:45:00-04:00,7515.5,7518.5,7515.25,7517.5,897
2026-07-21 03:50:00-04:00,7515.75,7516.5,7514.25,7515.5,1376
2026-07-21 03:55:00-04:00,7517.75,7518.25,7515.25,7516.0,924
2026-07-21 04:00:00-04:00,7519.0,7519.5,7516.0,7517.75,1566
2026-07-21 04:05:00-04:00,7519.75,7520.25,7518.25,7519.0,954
2026-07-21 04:10:00-04:00,7523.0,7523.0,7517.75,7519.5,889
2026-07-21 04:15:00-04:00,7522.25,7523.75,7521.25,7522.75,761
2026-07-21 04:20:00-04:00,7523.25,7523.75,7521.25,7522.0,1030
2026-07-21 04:25:00-04:00,7523.5,7524.5,7522.0,7523.5,825
2026-07-21 04:30:00-04:00,7523.25,7524.5,7522.5,7523.5,747
2026-07-21 04:35:00-04:00,7523.5,7524.75,7522.75,7523.25,697
2026-07-21 04:40:00-04:00,7524.5,7525.75,7522.25,7523.0,700
2026-07-21 04:45:00-04:00,7522.75,7524.5,7521.25,7524.5,585
2026-07-21 04:50:00-04:00,7523.0,7523.75,7522.25,7522.75,585
2026-07-21 04:55:00-04:00,7523.25,7524.0,7521.75,7522.75,564
2026-07-21 05:00:00-04:00,7525.5,7525.75,7523.0,7523.25,913
2026-07-21 05:05:00-04:00,7525.25,7526.25,7524.75,7525.25,626
2026-07-21 05:10:00-04:00,7525.25,7526.0,7524.75,7525.25,406
2026-07-21 05:15:00-04:00,7526.5,7527.5,7525.5,7525.5,1293
2026-07-21 05:20:00-04:00,7525.75,7528.25,7525.5,7526.5,710
2026-07-21 05:25:00-04:00,7523.0,7526.5,7523.0,7525.75,1004
2026-07-21 05:30:00-04:00,7524.5,7525.25,7521.75,7523.0,621
2026-07-21 05:35:00-04:00,7523.0,7524.5,7521.25,7524.5,517
2026-07-21 05:40:00-04:00,7523.0,7523.75,7521.25,7522.75,511
2026-07-21 05:45:00-04:00,7526.75,7527.25,7522.5,7522.75,662
2026-07-21 05:50:00-04:00,7525.5,7526.5,7524.25,7526.5,605
2026-07-21 05:55:00-04:00,7522.5,7525.75,7522.0,7525.5,767
2026-07-21 06:00:00-04:00,7522.75,7526.75,7522.25,7522.75,2066
2026-07-21 06:05:00-04:00,7521.5,7523.0,7521.25,7522.75,708
2026-07-21 06:10:00-04:00,7523.25,7528.0,7520.75,7521.5,3468
2026-07-21 06:15:00-04:00,7524.0,7524.5,7522.5,7523.5,637
2026-07-21 06:20:00-04:00,7525.0,7526.25,7523.75,7524.0,778
2026-07-21 06:25:00-04:00,7524.0,7525.25,7522.75,7525.25,755
2026-07-21 06:30:00-04:00,7525.5,7526.25,7523.75,7523.75,753
2026-07-21 06:35:00-04:00,7524.0,7530.25,7523.75,7525.25,2218
2026-07-21 06:40:00-04:00,7523.25,7524.5,7521.0,7523.75,1561
2026-07-21 06:45:00-04:00,7524.5,7527.0,7519.5,7523.0,2275
2026-07-21 06:50:00-04:00,7521.0,7525.0,7520.75,7524.75,1008
2026-07-21 06:55:00-04:00,7522.0,7524.25,7520.25,7521.25,1470
2026-07-21 07:00:00-04:00,7517.75,7523.5,7517.5,7522.25,1062
2026-07-21 07:05:00-04:00,7517.0,7518.25,7516.25,7518.0,981
2026-07-21 07:10:00-04:00,7519.0,7519.75,7516.0,7516.75,986
2026-07-21 07:15:00-04:00,7515.5,7519.25,7514.0,7519.0,1500
2026-07-21 07:20:00-04:00,7517.0,7517.25,7512.5,7515.75,1642
2026-07-21 07:25:00-04:00,7514.5,7517.25,7511.0,7517.0,1810
2026-07-21 07:30:00-04:00,7516.25,7518.0,7514.5,7514.5,918
2026-07-21 07:35:00-04:00,7518.25,7520.75,7516.25,7516.25,1277
2026-07-21 07:40:00-04:00,7516.75,7519.0,7516.5,7518.5,981
2026-07-21 07:45:00-04:00,7518.0,7518.25,7516.75,7516.75,619
2026-07-21 07:50:00-04:00,7514.5,7518.75,7514.0,7518.0,894
2026-07-21 07:55:00-04:00,7515.0,7515.5,7513.75,7514.5,656
2026-07-21 08:00:00-04:00,7516.0,7517.5,7513.5,7515.0,1299
2026-07-21 08:05:00-04:00,7518.0,7519.75,7515.0,7516.0,1611
2026-07-21 08:10:00-04:00,7518.0,7522.0,7517.25,7518.0,2089
2026-07-21 08:15:00-04:00,7512.75,7518.25,7510.5,7518.0,3362
2026-07-21 08:20:00-04:00,7513.75,7514.25,7511.75,7512.75,1436
2026-07-21 08:25:00-04:00,7510.75,7514.0,7510.75,7514.0,1004
2026-07-21 08:30:00-04:00,7512.25,7512.75,7510.75,7510.75,1223
2026-07-21 08:35:00-04:00,7511.5,7512.25,7509.25,7512.0,1414
2026-07-21 08:40:00-04:00,7510.0,7511.25,7505.25,7511.25,4432
2026-07-21 08:45:00-04:00,7515.0,7516.25,7509.5,7509.75,3413
2026-07-21 08:50:00-04:00,7516.75,7517.5,7514.25,7515.0,2084
2026-07-21 08:55:00-04:00,7515.5,7517.0,7514.5,7516.75,1840
2026-07-21 09:00:00-04:00,7513.25,7516.5,7512.75,7515.75,2499
2026-07-21 09:05:00-04:00,7512.75,7514.75,7512.0,7513.5,2192
2026-07-21 09:10:00-04:00,7514.0,7514.75,7512.5,7512.75,1746
2026-07-21 09:15:00-04:00,7517.0,7518.0,7513.75,7514.0,3068
2026-07-21 09:20:00-04:00,7518.0,7518.25,7516.25,7517.0,2123
2026-07-21 09:25:00-04:00,7526.0,7526.0,7518.25,7518.25,8224
2026-07-21 09:30:00-04:00,7519.0,7530.25,7514.0,7526.0,38422
2026-07-21 09:35:00-04:00,7515.5,7525.5,7515.25,7519.0,22634
2026-07-21 09:40:00-04:00,7508.0,7516.0,7505.5,7515.25,24214
2026-07-21 09:45:00-04:00,7512.5,7513.0,7504.5,7507.75,20514
2026-07-21 09:50:00-04:00,7513.25,7516.25,7505.25,7512.5,17735
2026-07-21 09:55:00-04:00,7516.5,7516.75,7509.0,7513.25,15932
2026-07-21 10:00:00-04:00,7517.25,7521.75,7512.5,7516.75,21501
2026-07-21 10:05:00-04:00,7514.75,7520.5,7513.0,7517.25,13754
2026-07-21 10:10:00-04:00,7520.5,7521.75,7512.5,7514.75,12275
2026-07-21 10:15:00-04:00,7523.5,7525.25,7510.75,7520.5,18087
2026-07-21 10:20:00-04:00,7523.0,7525.5,7517.75,7523.5,15766
2026-07-21 10:25:00-04:00,7532.0,7533.25,7522.25,7522.75,21061
2026-07-21 10:30:00-04:00,7531.25,7536.0,7529.0,7531.75,18502
2026-07-21 10:35:00-04:00,7526.5,7533.5,7524.0,7531.25,13265
2026-07-21 10:40:00-04:00,7529.5,7529.75,7520.75,7526.25,13846
2026-07-21 10:45:00-04:00,7532.75,7536.5,7528.0,7529.5,17094
2026-07-21 10:50:00-04:00,7530.25,7533.25,7528.25,7532.75,9195
2026-07-21 10:55:00-04:00,7531.25,7531.75,7525.75,7530.25,10202
2026-07-21 11:00:00-04:00,7523.5,7532.5,7521.5,7531.0,15165
2026-07-21 11:05:00-04:00,7533.0,7534.25,7521.5,7523.5,12246
2026-07-21 11:10:00-04:00,7535.5,7538.75,7532.75,7533.25,11771
2026-07-21 11:15:00-04:00,7537.5,7539.0,7534.75,7535.5,7859
2026-07-21 11:20:00-04:00,7540.25,7543.5,7536.25,7537.5,14967
2026-07-21 11:25:00-04:00,7543.75,7544.0,7539.75,7540.0,11208
2026-07-21 11:30:00-04:00,7541.25,7544.0,7537.5,7543.5,12343
2026-07-21 11:35:00-04:00,7539.25,7543.0,7537.25,7541.5,9306
2026-07-21 11:40:00-04:00,7539.25,7542.25,7538.5,7539.25,6244
2026-07-21 11:45:00-04:00,7541.5,7542.75,7538.75,7539.25,5645
2026-07-21 11:50:00-04:00,7540.5,7543.5,7540.25,7541.75,6213
2026-07-21 11:55:00-04:00,7538.75,7542.5,7538.0,7540.75,5716
2026-07-21 12:00:00-04:00,7545.5,7546.0,7538.25,7538.5,7450
2026-07-21 12:05:00-04:00,7544.75,7546.5,7544.0,7545.5,6127
2026-07-21 12:10:00-04:00,7545.5,7546.0,7543.75,7544.75,3813
2026-07-21 12:15:00-04:00,7548.0,7548.5,7545.5,7545.5,6563
2026-07-21 12:20:00-04:00,7549.0,7550.75,7547.25,7548.0,7423
2026-07-21 12:25:00-04:00,7549.75,7550.5,7547.75,7548.75,4560
2026-07-21 12:30:00-04:00,7550.25,7551.25,7548.0,7549.75,6250
2026-07-21 12:35:00-04:00,7550.25,7550.75,7548.0,7550.25,3919
2026-07-21 12:40:00-04:00,7549.75,7551.0,7548.25,7550.0,3750
2026-07-21 12:45:00-04:00,7548.25,7550.0,7547.5,7549.75,5584
2026-07-21 12:50:00-04:00,7553.0,7553.5,7547.75,7548.25,6807
2026-07-21 12:55:00-04:00,7550.5,7554.0,7550.0,7553.0,5866
2026-07-21 13:00:00-04:00,7549.5,7551.75,7549.25,7550.25,5208
2026-07-21 13:05:00-04:00,7550.5,7552.0,7549.25,7549.75,3771
2026-07-21 13:10:00-04:00,7549.25,7550.75,7548.5,7550.5,5169
2026-07-21 13:15:00-04:00,7546.5,7549.75,7546.25,7549.25,5244
2026-07-21 13:20:00-04:00,7547.25,7548.0,7545.5,7546.25,5651
2026-07-21 13:25:00-04:00,7547.0,7548.0,7545.5,7547.25,3810
2026-07-21 13:30:00-04:00,7547.0,7549.0,7545.25,7546.75,4603
2026-07-21 13:35:00-04:00,7550.25,7550.25,7546.5,7547.0,4689
2026-07-21 13:40:00-04:00,7549.75,7550.5,7548.0,7550.25,3436
2026-07-21 13:45:00-04:00,7551.25,7551.75,7548.5,7550.0,2976
2026-07-21 13:50:00-04:00,7549.75,7552.5,7549.5,7551.5,4185
2026-07-21 13:55:00-04:00,7549.25,7550.25,7548.0,7549.75,3625
2026-07-21 14:00:00-04:00,7546.0,7550.75,7545.0,7549.0,10572
2026-07-21 14:05:00-04:00,7547.5,7548.75,7545.75,7546.0,4158
2026-07-21 14:10:00-04:00,7544.75,7548.5,7544.25,7547.5,4149
2026-07-21 14:15:00-04:00,7545.0,7546.0,7543.75,7544.75,4482
2026-07-21 14:20:00-04:00,7546.0,7547.0,7544.25,7545.0,4315
2026-07-21 14:25:00-04:00,7545.0,7546.0,7543.5,7546.0,3162
2026-07-21 14:30:00-04:00,7542.5,7545.75,7542.25,7545.25,4889
2026-07-21 14:35:00-04:00,7544.25,7545.75,7542.5,7542.5,3413
2026-07-21 14:40:00-04:00,7548.25,7549.25,7543.25,7544.5,6144
2026-07-21 14:45:00-04:00,7547.75,7549.25,7546.75,7548.5,3994
2026-07-21 14:50:00-04:00,7545.5,7548.25,7545.5,7547.5,4324
2026-07-21 14:55:00-04:00,7547.0,7547.75,7545.25,7545.75,4280
2026-07-21 15:00:00-04:00,7545.75,7547.75,7544.5,7546.75,4768
2026-07-21 15:05:00-04:00,7544.5,7547.5,7544.5,7545.75,4287
2026-07-21 15:10:00-04:00,7546.0,7547.75,7544.0,7544.75,4369
2026-07-21 15:15:00-04:00,7546.5,7548.0,7545.25,7545.75,4187
2026-07-21 15:20:00-04:00,7546.0,7547.25,7545.0,7546.5,4277
2026-07-21 15:25:00-04:00,7545.75,7547.75,7545.0,7546.0,5358
2026-07-21 15:30:00-04:00,7544.5,7547.0,7544.5,7545.75,6689
2026-07-21 15:35:00-04:00,7546.75,7548.75,7544.0,7544.5,7415
2026-07-21 15:40:00-04:00,7548.0,7548.75,7545.25,7546.75,8208
2026-07-21 15:45:00-04:00,7548.75,7549.0,7544.75,7548.0,9096
2026-07-21 15:50:00-04:00,7546.5,7549.5,7545.25,7548.5,16785
2026-07-21 15:55:00-04:00,7545.75,7548.75,7543.5,7546.25,61220
2026-07-21 16:00:00-04:00,7541.75,7547.0,7541.0,7545.5,19229
2026-07-21 16:05:00-04:00,7544.0,7544.5,7541.0,7541.75,4664
2026-07-21 16:10:00-04:00,7544.5,7544.75,7542.25,7543.75,3061
2026-07-21 16:15:00-04:00,7541.5,7544.25,7541.25,7544.25,1587
2026-07-21 16:20:00-04:00,7542.0,7542.25,7540.75,7541.5,1197
2026-07-21 16:25:00-04:00,7541.25,7542.5,7541.0,7542.25,1339
2026-07-21 16:30:00-04:00,7542.5,7543.0,7541.25,7541.5,879
2026-07-21 16:35:00-04:00,7543.0,7543.75,7542.0,7542.75,871
2026-07-21 16:40:00-04:00,7542.25,7543.25,7542.0,7542.75,1058
2026-07-21 16:45:00-04:00,7541.25,7542.75,7541.25,7542.25,1153
2026-07-21 16:50:00-04:00,7541.0,7542.0,7541.0,7541.5,957
2026-07-21 16:55:00-04:00,7542.75,7543.0,7540.75,7541.25,1392
2026-07-21 18:00:00-04:00,7543.0,7545.5,7541.5,7545.0,0
2026-07-21 18:05:00-04:00,7542.75,7543.75,7541.25,7543.25,653
2026-07-21 18:10:00-04:00,7544.5,7544.5,7542.25,7542.5,496
2026-07-21 18:15:00-04:00,7544.75,7545.0,7544.25,7544.25,353
2026-07-21 18:20:00-04:00,7541.25,7545.5,7541.25,7545.0,338
2026-07-21 18:25:00-04:00,7541.5,7543.0,7540.75,7541.0,454
2026-07-21 18:30:00-04:00,7542.0,7542.25,7540.25,7541.5,367
2026-07-21 18:35:00-04:00,7542.0,7542.5,7541.0,7542.0,92
2026-07-21 18:40:00-04:00,7541.0,7542.5,7541.0,7541.75,150
2026-07-21 18:45:00-04:00,7538.5,7540.75,7538.25,7540.75,347
2026-07-21 18:50:00-04:00,7539.25,7539.25,7538.5,7538.75,173
2026-07-21 18:55:00-04:00,7540.5,7540.5,7538.5,7539.25,294
2026-07-21 19:00:00-04:00,7540.75,7541.25,7539.5,7540.5,285
2026-07-21 19:05:00-04:00,7540.75,7541.0,7539.75,7540.5,186
2026-07-21 19:10:00-04:00,7541.5,7542.0,7540.0,7540.5,313
2026-07-21 19:15:00-04:00,7543.5,7544.0,7540.25,7541.75,509
2026-07-21 19:20:00-04:00,7541.0,7543.25,7540.75,7543.25,223
2026-07-21 19:25:00-04:00,7543.0,7543.25,7540.75,7541.0,128
2026-07-21 19:30:00-04:00,7543.0,7544.0,7542.25,7542.75,183
2026-07-21 19:35:00-04:00,7541.25,7543.25,7541.0,7542.75,161
2026-07-21 19:40:00-04:00,7540.25,7541.75,7539.5,7541.5,252
2026-07-21 19:45:00-04:00,7543.25,7543.25,7540.0,7540.25,310
2026-07-21 19:50:00-04:00,7541.0,7544.0,7540.25,7543.0,366
2026-07-21 19:55:00-04:00,7543.25,7544.0,7541.25,7541.25,362
2026-07-21 20:00:00-04:00,7546.5,7547.0,7542.0,7543.0,1111
2026-07-21 20:05:00-04:00,7544.75,7547.0,7543.5,7546.75,864
2026-07-21 20:10:00-04:00,7544.75,7546.25,7542.25,7544.5,619
2026-07-21 20:15:00-04:00,7544.75,7545.25,7542.25,7545.0,633
2026-07-21 20:20:00-04:00,7542.75,7545.5,7541.75,7544.75,499
2026-07-21 20:25:00-04:00,7541.75,7544.25,7540.5,7542.75,785
2026-07-21 20:30:00-04:00,7541.0,7542.75,7539.0,7542.0,686
2026-07-21 20:35:00-04:00,7541.5,7542.0,7539.25,7540.75,626
2026-07-21 20:40:00-04:00,7540.75,7542.5,7540.25,7541.25,498
2026-07-21 20:45:00-04:00,7540.5,7541.0,7537.5,7540.75,707
2026-07-21 20:50:00-04:00,7539.25,7541.5,7538.75,7540.25,463
2026-07-21 20:55:00-04:00,7542.0,7542.25,7538.5,7539.0,433
2026-07-21 21:00:00-04:00,7537.5,7543.0,7536.0,7542.0,1216
2026-07-21 21:05:00-04:00,7536.75,7538.25,7536.0,7537.5,480
2026-07-21 21:10:00-04:00,7538.25,7538.75,7536.25,7536.75,433
2026-07-21 21:15:00-04:00,7538.5,7539.25,7537.75,7538.25,370
2026-07-21 21:20:00-04:00,7535.0,7538.5,7535.0,7538.5,740
2026-07-21 21:25:00-04:00,7536.25,7538.0,7534.5,7535.25,470
2026-07-21 21:30:00-04:00,7536.25,7536.5,7534.25,7536.25,599
2026-07-21 21:35:00-04:00,7537.25,7537.75,7536.0,7536.5,282
2026-07-21 21:40:00-04:00,7538.25,7538.5,7536.25,7537.5,558
2026-07-21 21:45:00-04:00,7542.0,7542.25,7537.5,7538.25,765
2026-07-21 21:50:00-04:00,7544.0,7544.5,7541.0,7542.25,568
2026-07-21 21:55:00-04:00,7541.0,7544.0,7540.5,7544.0,482
2026-07-21 22:00:00-04:00,7538.25,7541.75,7536.75,7541.0,786
2026-07-21 22:05:00-04:00,7537.25,7539.5,7536.0,7538.5,418
2026-07-21 22:10:00-04:00,7539.75,7540.25,7537.0,7537.25,373
2026-07-21 22:15:00-04:00,7539.5,7540.5,7538.75,7539.5,609
2026-07-21 22:20:00-04:00,7540.0,7540.5,7539.0,7539.75,321
2026-07-21 22:25:00-04:00,7541.5,7542.75,7538.25,7540.0,382
2026-07-21 22:30:00-04:00,7539.5,7541.75,7539.0,7541.25,460
2026-07-21 22:35:00-04:00,7538.5,7539.75,7538.0,7539.5,309
2026-07-21 22:40:00-04:00,7541.25,7541.75,7538.25,7538.5,440
2026-07-21 22:45:00-04:00,7542.5,7543.0,7540.75,7541.5,434
2026-07-21 22:50:00-04:00,7541.75,7542.75,7541.0,7542.75,301
2026-07-21 22:55:00-04:00,7541.25,7542.25,7539.5,7542.0,373
2026-07-21 23:00:00-04:00,7542.0,7542.5,7540.0,7541.0,690
2026-07-21 23:05:00-04:00,7539.0,7542.5,7538.75,7541.75,592
2026-07-21 23:10:00-04:00,7538.5,7539.25,7537.75,7538.75,430
2026-07-21 23:15:00-04:00,7539.75,7540.0,7538.25,7538.5,381
2026-07-21 23:20:00-04:00,7543.25,7543.75,7539.75,7539.75,466
2026-07-21 23:25:00-04:00,7544.0,7544.75,7543.0,7543.25,475
2026-07-21 23:30:00-04:00,7539.75,7544.5,7539.0,7544.0,671
2026-07-21 23:35:00-04:00,7539.75,7540.5,7538.5,7539.75,319
2026-07-21 23:40:00-04:00,7539.0,7541.0,7538.75,7539.75,253
2026-07-21 23:45:00-04:00,7539.75,7540.5,7539.25,7539.25,260
2026-07-21 23:50:00-04:00,7535.5,7539.75,7535.0,7539.75,833
2026-07-21 23:55:00-04:00,7535.0,7535.75,7534.25,7535.5,673
2026-07-22 00:05:00-04:00,7538.25,7538.25,7537.75,7538.0,786
2026-07-22 00:10:00-04:00,7537.5,7538.5,7536.75,7538.0,230
2026-07-22 00:15:00-04:00,7538.5,7539.0,7537.5,7537.5,137
2026-07-22 00:20:00-04:00,7539.0,7539.25,7538.25,7538.25,132
2026-07-22 00:25:00-04:00,7538.75,7539.0,7538.25,7539.0,231
2026-07-22 00:30:00-04:00,7536.25,7538.5,7535.75,7538.5,500
2026-07-22 00:35:00-04:00,7536.5,7537.0,7536.0,7536.25,165
2026-07-22 00:40:00-04:00,7537.75,7538.25,7536.0,7536.75,250
2026-07-22 00:45:00-04:00,7536.75,7538.0,7536.0,7537.75,262
2026-07-22 00:50:00-04:00,7536.0,7537.0,7536.0,7536.75,173
2026-07-22 00:55:00-04:00,7538.25,7538.25,7535.25,7535.75,406
2026-07-22 01:00:00-04:00,7536.25,7538.75,7536.25,7538.5,214
2026-07-22 01:05:00-04:00,7535.0,7536.5,7534.75,7536.25,517
2026-07-22 01:10:00-04:00,7535.25,7536.0,7534.5,7535.0,435
2026-07-22 01:15:00-04:00,7535.25,7536.5,7534.5,7535.25,462
2026-07-22 01:20:00-04:00,7534.25,7535.25,7533.75,7535.25,398
2026-07-22 01:25:00-04:00,7534.5,7536.5,7534.0,7534.5,366
2026-07-22 01:30:00-04:00,7536.25,7536.5,7533.5,7534.5,417
2026-07-22 01:35:00-04:00,7534.75,7536.25,7533.0,7536.25,585
2026-07-22 01:40:00-04:00,7533.0,7535.0,7532.75,7534.5,570
2026-07-22 01:45:00-04:00,7532.5,7533.25,7532.5,7533.0,99
2026-07-22 01:50:00-04:00,7534.5,7537.0,7534.0,7534.0,1001
2026-07-22 01:55:00-04:00,7536.25,7536.5,7534.25,7534.5,252
2026-07-22 02:00:00-04:00,7535.5,7536.5,7535.0,7536.25,501
2026-07-22 02:05:00-04:00,7533.0,7535.75,7532.75,7535.5,717
2026-07-22 02:10:00-04:00,7533.75,7535.0,7533.25,7533.25,490
2026-07-22 02:15:00-04:00,7529.75,7534.0,7529.0,7534.0,1618
2026-07-22 02:20:00-04:00,7525.75,7530.0,7523.5,7529.75,2346
2026-07-22 02:25:00-04:00,7524.5,7526.0,7524.0,7525.5,1116
2026-07-22 02:30:00-04:00,7527.0,7527.0,7524.25,7524.5,1432
2026-07-22 02:35:00-04:00,7527.75,7529.5,7526.75,7527.0,704
2026-07-22 02:40:00-04:00,7525.5,7528.0,7525.5,7527.75,557
2026-07-22 02:45:00-04:00,7521.75,7525.25,7521.0,7525.25,2030
2026-07-22 02:50:00-04:00,7525.0,7526.25,7521.5,7522.0,1187
2026-07-22 02:55:00-04:00,7522.75,7525.25,7522.75,7525.0,739
2026-07-22 03:00:00-04:00,7520.0,7523.25,7519.0,7522.5,2006
2026-07-22 03:05:00-04:00,7518.5,7520.0,7516.0,7520.0,1794
2026-07-22 03:10:00-04:00,7523.25,7523.25,7518.75,7518.75,1796
2026-07-22 03:15:00-04:00,7525.0,7526.25,7522.75,7523.25,1395
2026-07-22 03:20:00-04:00,7522.25,7526.0,7521.75,7524.75,923
2026-07-22 03:25:00-04:00,7525.25,7527.25,7521.25,7522.25,1199
2026-07-22 03:30:00-04:00,7519.25,7526.25,7519.0,7525.0,2099
2026-07-22 03:35:00-04:00,7515.5,7520.0,7515.25,7519.0,1646
2026-07-22 03:40:00-04:00,7517.0,7517.0,7512.0,7515.5,3280
2026-07-22 03:45:00-04:00,7514.0,7518.75,7513.5,7517.0,2088
2026-07-22 03:50:00-04:00,7515.75,7517.0,7512.75,7513.75,969
2026-07-22 03:55:00-04:00,7516.0,7517.0,7515.0,7515.75,851
2026-07-22 04:00:00-04:00,7521.25,7521.25,7514.75,7516.25,1919
2026-07-22 04:05:00-04:00,7521.0,7522.75,7518.25,7521.0,1422
2026-07-22 04:10:00-04:00,7516.25,7521.0,7515.75,7521.0,1342
2026-07-22 04:15:00-04:00,7518.5,7519.75,7516.25,7516.25,796
2026-07-22 04:20:00-04:00,7522.0,7522.5,7518.25,7518.5,983
2026-07-22 04:25:00-04:00,7523.5,7523.75,7521.0,7522.0,1374
2026-07-22 04:30:00-04:00,7525.5,7526.5,7523.0,7523.5,1580
2026-07-22 04:35:00-04:00,7522.25,7525.75,7522.25,7525.5,683
2026-07-22 04:40:00-04:00,7522.25,7523.25,7521.0,7522.5,628
2026-07-22 04:45:00-04:00,7523.25,7525.25,7522.25,7522.25,757
2026-07-22 04:50:00-04:00,7525.0,7526.0,7522.25,7523.25,847
2026-07-22 04:55:00-04:00,7525.0,7526.0,7523.25,7525.0,789
2026-07-22 05:00:00-04:00,7528.75,7529.5,7524.5,7525.25,1427
2026-07-22 05:05:00-04:00,7528.75,7531.75,7527.25,7528.75,1592
2026-07-22 05:10:00-04:00,7528.0,7529.75,7527.5,7529.0,1298
2026-07-22 05:15:00-04:00,7528.75,7529.25,7527.25,7528.0,719
2026-07-22 05:20:00-04:00,7530.25,7531.25,7528.25,7528.75,1698
2026-07-22 05:25:00-04:00,7527.25,7530.5,7527.0,7530.25,730
2026-07-22 05:30:00-04:00,7522.5,7527.5,7522.25,7527.0,1249
2026-07-22 05:35:00-04:00,7524.25,7525.0,7522.25,7522.5,816
2026-07-22 05:40:00-04:00,7524.75,7525.75,7522.5,7524.0,734
2026-07-22 05:45:00-04:00,7524.75,7526.0,7524.0,7524.5,702
2026-07-22 05:50:00-04:00,7521.5,7524.5,7520.25,7524.5,1195
2026-07-22 05:55:00-04:00,7526.25,7526.5,7521.75,7522.0,1073
2026-07-22 06:00:00-04:00,7529.0,7530.5,7526.25,7526.25,1254
2026-07-22 06:05:00-04:00,7527.5,7529.5,7526.75,7529.25,452
2026-07-22 06:10:00-04:00,7525.5,7528.25,7525.5,7527.0,896
2026-07-22 06:15:00-04:00,7526.25,7527.5,7524.5,7525.25,639
2026-07-22 06:20:00-04:00,7532.0,7533.0,7526.25,7526.5,2089
2026-07-22 06:25:00-04:00,7531.75,7532.5,7530.25,7532.0,935
2026-07-22 06:30:00-04:00,7530.25,7532.75,7530.25,7531.75,901
2026-07-22 06:35:00-04:00,7528.5,7531.0,7527.75,7530.5,942
2026-07-22 06:40:00-04:00,7526.25,7529.0,7526.25,7528.5,1068
2026-07-22 06:45:00-04:00,7531.5,7531.5,7525.75,7526.0,1003
2026-07-22 06:50:00-04:00,7530.5,7532.0,7530.25,7531.75,532
2026-07-22 06:55:00-04:00,7530.0,7531.25,7529.75,7530.5,451
2026-07-22 07:00:00-04:00,7526.5,7530.25,7526.5,7530.0,1224
2026-07-22 07:05:00-04:00,7528.75,7529.0,7526.5,7526.75,986
2026-07-22 07:10:00-04:00,7525.25,7529.75,7525.25,7529.0,827
2026-07-22 07:15:00-04:00,7524.0,7525.25,7523.5,7525.25,893
2026-07-22 07:20:00-04:00,7525.75,7527.0,7523.75,7523.75,718
2026-07-22 07:25:00-04:00,7523.0,7525.75,7522.5,7525.75,1265
2026-07-22 07:30:00-04:00,7524.75,7524.75,7522.75,7523.0,855
2026-07-22 07:35:00-04:00,7523.5,7526.5,7523.25,7524.75,796
2026-07-22 07:40:00-04:00,7516.25,7523.5,7511.5,7523.5,7388
2026-07-22 07:45:00-04:00,7521.75,7523.25,7515.5,7516.0,2752
2026-07-22 07:50:00-04:00,7518.25,7522.0,7517.5,7521.75,1434
2026-07-22 07:55:00-04:00,7517.25,7518.75,7515.5,7518.5,1358
2026-07-22 08:00:00-04:00,7515.5,7520.25,7514.0,7517.5,2882
2026-07-22 08:05:00-04:00,7516.5,7519.25,7514.75,7515.75,1849
2026-07-22 08:10:00-04:00,7518.75,7519.25,7515.75,7516.25,1518
2026-07-22 08:15:00-04:00,7516.0,7519.25,7515.0,7518.75,1729
2026-07-22 08:20:00-04:00,7512.5,7516.5,7512.25,7516.0,1872
2026-07-22 08:25:00-04:00,7516.5,7516.5,7512.0,7512.5,1445
2026-07-22 08:30:00-04:00,7521.25,7522.75,7516.25,7516.5,2958
2026-07-22 08:35:00-04:00,7522.5,7523.25,7520.25,7521.25,2018
2026-07-22 08:40:00-04:00,7521.75,7523.0,7521.75,7522.25,1062
2026-07-22 08:45:00-04:00,7516.5,7522.0,7515.5,7521.75,1922
2026-07-22 08:50:00-04:00,7519.75,7520.0,7516.0,7516.5,1192
2026-07-22 08:55:00-04:00,7514.75,7520.0,7504.0,7519.75,9772
2026-07-22 09:00:00-04:00,7519.25,7519.5,7514.75,7514.75,3651
2026-07-22 09:05:00-04:00,7520.75,7521.0,7516.25,7519.25,2643
2026-07-22 09:10:00-04:00,7519.0,7520.5,7517.5,7520.5,2279
2026-07-22 09:15:00-04:00,7524.0,7524.25,7518.75,7519.0,3635
2026-07-22 09:20:00-04:00,7526.0,7526.0,7522.5,7524.0,2503
2026-07-22 09:25:00-04:00,7528.0,7528.75,7523.5,7526.25,5232
2026-07-22 09:30:00-04:00,7534.75,7537.5,7525.25,7527.75,27840
2026-07-22 09:35:00-04:00,7535.75,7536.5,7531.75,7535.0,16131
2026-07-22 09:40:00-04:00,7537.5,7539.25,7532.5,7535.75,12897
2026-07-22 09:45:00-04:00,7539.25,7542.25,7537.25,7537.25,15847
2026-07-22 09:50:00-04:00,7543.25,7543.5,7535.5,7539.25,15923
2026-07-22 09:55:00-04:00,7549.75,7550.0,7542.0,7543.25,19422
2026-07-22 10:00:00-04:00,7552.0,7552.0,7547.0,7550.0,17105
2026-07-22 10:05:00-04:00,7547.75,7556.25,7547.5,7552.0,16248
2026-07-22 10:10:00-04:00,7544.5,7550.25,7543.25,7548.0,12350
2026-07-22 10:15:00-04:00,7543.5,7545.25,7540.0,7544.75,14651
2026-07-22 10:20:00-04:00,7538.0,7546.75,7535.75,7543.25,18798
2026-07-22 10:25:00-04:00,7534.5,7540.0,7532.75,7538.0,15737
2026-07-22 10:30:00-04:00,7534.25,7540.0,7533.5,7534.5,14587
2026-07-22 10:35:00-04:00,7535.25,7536.5,7532.5,7534.5,9962
2026-07-22 10:40:00-04:00,7529.5,7536.5,7529.5,7535.0,12594
2026-07-22 10:45:00-04:00,7536.0,7537.0,7528.75,7529.75,14060
2026-07-22 10:50:00-04:00,7536.25,7539.0,7533.0,7536.0,10694
2026-07-22 10:55:00-04:00,7541.75,7542.25,7534.0,7536.25,9973
2026-07-22 11:00:00-04:00,7545.25,7546.75,7541.25,7542.0,10701
2026-07-22 11:05:00-04:00,7548.5,7549.75,7544.25,7545.25,12289
2026-07-22 11:10:00-04:00,7551.0,7552.75,7548.25,7548.5,12422
2026-07-22 11:15:00-04:00,7551.0,7552.25,7547.5,7551.25,8731
2026-07-22 11:20:00-04:00,7556.0,7556.75,7550.5,7551.0,12143
2026-07-22 11:25:00-04:00,7557.0,7559.5,7555.25,7556.0,12485
2026-07-22 11:30:00-04:00,7552.5,7558.0,7552.0,7556.75,10563
2026-07-22 11:35:00-04:00,7551.75,7554.0,7550.0,7552.25,7424
2026-07-22 11:40:00-04:00,7552.5,7554.75,7550.5,7551.75,6960
2026-07-22 11:45:00-04:00,7556.0,7556.25,7552.5,7552.5,5965
2026-07-22 11:50:00-04:00,7555.25,7558.5,7554.75,7556.25,5897
2026-07-22 11:55:00-04:00,7560.0,7560.75,7554.25,7555.0,6152
2026-07-22 12:00:00-04:00,7559.5,7561.0,7557.25,7560.25,6275
2026-07-22 12:05:00-04:00,7560.25,7561.75,7558.0,7559.5,4602
2026-07-22 12:10:00-04:00,7559.5,7560.75,7558.75,7560.25,4085
2026-07-22 12:15:00-04:00,7562.75,7563.5,7559.25,7559.75,7223
2026-07-22 12:20:00-04:00,7561.5,7562.5,7560.5,7562.5,4053
2026-07-22 12:25:00-04:00,7561.5,7562.25,7559.5,7561.25,3919
2026-07-22 12:30:00-04:00,7562.0,7562.75,7560.5,7561.5,3760
2026-07-22 12:35:00-04:00,7561.5,7562.25,7560.5,7561.75,2699
2026-07-22 12:40:00-04:00,7560.5,7561.5,7559.25,7561.5,4093
2026-07-22 12:45:00-04:00,7558.75,7561.75,7558.0,7560.5,5016
2026-07-22 12:50:00-04:00,7558.0,7559.5,7557.5,7558.75,4288
2026-07-22 12:55:00-04:00,7561.0,7562.5,7557.75,7558.0,3994
2026-07-22 13:00:00-04:00,7557.5,7562.5,7556.75,7561.0,6362
2026-07-22 13:05:00-04:00,7558.75,7560.0,7557.25,7557.5,4953
2026-07-22 13:10:00-04:00,7555.5,7558.75,7554.75,7558.75,4352
2026-07-22 13:15:00-04:00,7555.0,7557.0,7554.25,7555.5,6536
2026-07-22 13:20:00-04:00,7554.0,7555.25,7552.0,7555.25,7880
2026-07-22 13:25:00-04:00,7553.0,7555.5,7552.25,7554.25,5137
2026-07-22 13:30:00-04:00,7551.0,7555.25,7551.0,7552.75,4587
2026-07-22 13:35:00-04:00,7556.0,7556.25,7550.75,7551.25,4920
2026-07-22 13:40:00-04:00,7553.5,7556.0,7553.0,7555.75,3095
2026-07-22 13:45:00-04:00,7552.75,7555.0,7552.5,7553.5,2676
2026-07-22 13:50:00-04:00,7549.5,7554.0,7549.25,7553.0,4660
2026-07-22 13:55:00-04:00,7547.5,7549.5,7546.0,7549.5,7405
2026-07-22 14:00:00-04:00,7546.25,7549.75,7544.5,7547.75,10571
2026-07-22 14:05:00-04:00,7545.5,7549.5,7545.0,7546.25,5930
2026-07-22 14:10:00-04:00,7542.75,7546.25,7542.25,7545.25,6484
2026-07-22 14:15:00-04:00,7544.75,7546.5,7542.5,7542.5,5703
2026-07-22 14:20:00-04:00,7544.75,7548.0,7544.0,7545.0,5244
2026-07-22 14:25:00-04:00,7547.0,7548.25,7544.5,7545.0,4377
2026-07-22 14:30:00-04:00,7544.5,7547.25,7542.5,7547.0,8527
2026-07-22 14:35:00-04:00,7546.5,7547.0,7544.0,7544.25,4335
2026-07-22 14:40:00-04:00,7545.25,7547.25,7544.75,7546.75,5889
2026-07-22 14:45:00-04:00,7544.75,7549.0,7544.5,7545.5,6436
2026-07-22 14:50:00-04:00,7547.5,7548.5,7543.5,7544.5,6544
2026-07-22 14:55:00-04:00,7546.75,7548.5,7546.25,7547.5,4720
2026-07-22 15:00:00-04:00,7545.25,7547.25,7544.0,7547.0,7167
2026-07-22 15:05:00-04:00,7544.75,7546.0,7544.0,7545.0,4367
2026-07-22 15:10:00-04:00,7541.75,7545.0,7541.0,7544.75,7218
2026-07-22 15:15:00-04:00,7543.75,7544.75,7540.75,7541.5,5612
2026-07-22 15:20:00-04:00,7541.5,7543.75,7540.75,7543.75,4615
2026-07-22 15:25:00-04:00,7542.5,7544.25,7539.0,7541.25,8554
2026-07-22 15:30:00-04:00,7539.5,7542.75,7539.25,7542.5,8301
2026-07-22 15:35:00-04:00,7536.75,7540.75,7536.25,7539.5,8474
2026-07-22 15:40:00-04:00,7540.75,7542.25,7536.75,7536.75,9308
2026-07-22 15:45:00-04:00,7542.75,7544.5,7540.25,7540.75,8759
2026-07-22 15:50:00-04:00,7541.25,7546.25,7540.0,7543.0,16589
2026-07-22 15:55:00-04:00,7536.75,7545.75,7535.75,7541.25,62192
2026-07-22 16:00:00-04:00,7536.5,7552.5,7535.5,7536.75,27356
2026-07-22 16:05:00-04:00,7535.75,7542.0,7531.75,7536.5,10929
2026-07-22 16:10:00-04:00,7553.25,7553.25,7535.0,7536.25,7590
2026-07-22 16:15:00-04:00,7552.75,7554.0,7548.5,7552.75,5090
2026-07-22 16:20:00-04:00,7551.0,7552.75,7547.25,7552.75,2552
2026-07-22 16:25:00-04:00,7548.5,7552.0,7546.25,7551.25,2031
2026-07-22 16:30:00-04:00,7547.75,7549.25,7546.5,7548.25,1536
2026-07-22 16:35:00-04:00,7546.25,7548.5,7543.0,7547.5,1882
2026-07-22 16:40:00-04:00,7544.75,7546.75,7544.75,7546.25,1172
2026-07-22 16:45:00-04:00,7544.75,7546.5,7543.75,7544.5,1154
2026-07-22 16:50:00-04:00,7547.0,7548.75,7544.5,7544.5,1776
2026-07-22 16:55:00-04:00,7541.0,7547.0,7541.0,7547.0,2787
2026-07-22 18:00:00-04:00,7524.25,7536.0,7523.0,7530.25,0
2026-07-22 18:05:00-04:00,7524.25,7525.75,7522.75,7524.5,1419
2026-07-22 18:10:00-04:00,7525.25,7526.75,7523.75,7524.5,979
2026-07-22 18:15:00-04:00,7525.0,7526.5,7522.75,7525.5,776
2026-07-22 18:20:00-04:00,7525.75,7527.25,7524.25,7524.75,964
2026-07-22 18:25:00-04:00,7522.25,7526.25,7521.75,7526.0,1285
2026-07-22 18:30:00-04:00,7522.0,7523.0,7521.25,7522.25,791
2026-07-22 18:35:00-04:00,7517.25,7522.5,7517.0,7521.75,1903
2026-07-22 18:40:00-04:00,7517.5,7518.0,7515.75,7517.25,960
2026-07-22 18:45:00-04:00,7520.5,7520.5,7516.25,7517.5,906
2026-07-22 18:50:00-04:00,7523.0,7523.5,7520.25,7520.5,637
2026-07-22 18:55:00-04:00,7522.5,7524.5,7522.0,7523.0,487
2026-07-22 19:00:00-04:00,7518.75,7522.75,7517.0,7522.5,866
2026-07-22 19:05:00-04:00,7518.25,7519.5,7517.75,7518.75,409
2026-07-22 19:10:00-04:00,7521.0,7521.5,7517.75,7518.25,517
2026-07-22 19:15:00-04:00,7517.75,7521.0,7517.25,7521.0,610
2026-07-22 19:20:00-04:00,7519.25,7519.25,7517.75,7518.0,209
2026-07-22 19:25:00-04:00,7519.5,7520.0,7518.25,7519.5,213
2026-07-22 19:30:00-04:00,7521.0,7521.5,7519.25,7519.25,397
2026-07-22 19:35:00-04:00,7521.75,7522.25,7520.75,7521.0,181
2026-07-22 19:40:00-04:00,7523.25,7523.5,7521.75,7522.0,411
2026-07-22 19:45:00-04:00,7527.0,7528.5,7522.5,7523.0,1266
2026-07-22 19:50:00-04:00,7527.0,7528.5,7525.75,7527.0,623
2026-07-22 19:55:00-04:00,7530.25,7530.5,7526.25,7527.0,766
2026-07-22 20:00:00-04:00,7531.0,7531.75,7527.75,7530.5,1363
2026-07-22 20:05:00-04:00,7532.0,7533.5,7530.75,7531.0,882
2026-07-22 20:10:00-04:00,7532.0,7532.75,7529.25,7531.75,740
2026-07-22 20:15:00-04:00,7536.5,7537.5,7530.25,7531.75,1456
2026-07-22 20:20:00-04:00,7541.25,7541.25,7536.75,7536.75,1629
2026-07-22 20:25:00-04:00,7540.75,7545.0,7540.5,7541.25,1541
2026-07-22 20:30:00-04:00,7543.0,7543.5,7540.5,7540.75,1196
2026-07-22 20:35:00-04:00,7544.0,7545.0,7542.25,7542.75,894
2026-07-22 20:40:00-04:00,7544.5,7546.25,7543.75,7544.25,1191
2026-07-22 20:45:00-04:00,7544.5,7546.0,7543.75,7544.5,616
2026-07-22 20:50:00-04:00,7548.0,7549.25,7543.5,7544.75,1106
2026-07-22 20:55:00-04:00,7546.5,7549.0,7546.25,7548.0,680
2026-07-22 21:00:00-04:00,7548.5,7549.5,7544.5,7546.5,1064
2026-07-22 21:05:00-04:00,7547.0,7549.5,7546.0,7548.5,707
2026-07-22 21:10:00-04:00,7547.25,7548.5,7546.75,7547.0,421
2026-07-22 21:15:00-04:00,7544.25,7548.0,7544.25,7547.5,845
2026-07-22 21:20:00-04:00,7544.25,7546.5,7543.75,7544.5,1858
2026-07-22 21:25:00-04:00,7543.75,7545.75,7543.25,7544.25,980
2026-07-22 21:30:00-04:00,7545.0,7545.5,7540.5,7544.0,1469
2026-07-22 21:35:00-04:00,7541.0,7546.0,7541.0,7545.25,762
2026-07-22 21:40:00-04:00,7539.25,7542.25,7539.0,7541.25,886
2026-07-22 21:45:00-04:00,7539.75,7540.5,7538.5,7539.0,652
2026-07-22 21:50:00-04:00,7541.5,7542.25,7539.0,7539.5,548
2026-07-22 21:55:00-04:00,7538.75,7542.25,7538.25,7541.5,475
2026-07-22 22:00:00-04:00,7541.0,7541.25,7537.5,7538.75,952
2026-07-22 22:05:00-04:00,7539.25,7541.75,7539.25,7541.0,423
2026-07-22 22:10:00-04:00,7536.25,7539.5,7536.0,7539.25,940
2026-07-22 22:15:00-04:00,7533.75,7537.0,7533.25,7536.25,815
2026-07-22 22:20:00-04:00,7530.75,7533.75,7530.75,7533.75,901
2026-07-22 22:25:00-04:00,7530.75,7531.5,7529.5,7530.75,766
2026-07-22 22:30:00-04:00,7533.75,7534.25,7530.5,7531.0,810
2026-07-22 22:35:00-04:00,7528.25,7533.75,7527.0,7533.75,925
2026-07-22 22:40:00-04:00,7528.0,7529.25,7526.5,7528.25,757
2026-07-22 22:45:00-04:00,7528.0,7530.25,7528.0,7528.0,490
2026-07-22 22:50:00-04:00,7531.25,7531.5,7527.5,7527.75,552
2026-07-22 22:55:00-04:00,7530.75,7531.75,7530.25,7530.75,324
2026-07-22 23:00:00-04:00,7528.75,7531.25,7528.0,7531.0,440
2026-07-22 23:05:00-04:00,7525.75,7529.5,7524.75,7528.5,826
2026-07-22 23:10:00-04:00,7523.75,7526.0,7521.5,7525.75,1067
2026-07-22 23:15:00-04:00,7524.5,7524.5,7522.5,7523.75,485
2026-07-22 23:20:00-04:00,7523.75,7525.5,7523.5,7524.5,508
2026-07-22 23:25:00-04:00,7525.25,7525.25,7520.75,7523.75,617
2026-07-22 23:30:00-04:00,7524.0,7528.25,7522.75,7525.25,686
2026-07-22 23:35:00-04:00,7525.75,7525.75,7523.25,7523.75,379
2026-07-22 23:40:00-04:00,7527.75,7528.0,7525.25,7526.0,388
2026-07-22 23:45:00-04:00,7528.5,7528.75,7525.75,7527.75,485
2026-07-22 23:50:00-04:00,7528.5,7529.0,7526.75,7528.25,350
2026-07-22 23:55:00-04:00,7528.0,7528.75,7526.75,7528.5,202
2026-07-23 00:05:00-04:00,7524.0,7525.75,7524.0,7525.0,976
2026-07-23 00:10:00-04:00,7528.5,7529.0,7523.75,7523.75,435
2026-07-23 00:15:00-04:00,7527.5,7529.5,7527.25,7529.0,345
2026-07-23 00:20:00-04:00,7530.5,7530.75,7527.5,7527.5,329
2026-07-23 00:25:00-04:00,7532.25,7533.75,7529.5,7530.5,814
2026-07-23 00:30:00-04:00,7532.75,7533.0,7530.25,7532.0,502
2026-07-23 00:35:00-04:00,7532.75,7533.25,7531.0,7533.0,438
2026-07-23 00:40:00-04:00,7530.0,7533.0,7529.75,7533.0,336
2026-07-23 00:45:00-04:00,7528.25,7531.75,7528.25,7530.0,321
2026-07-23 00:50:00-04:00,7526.75,7528.25,7525.75,7528.25,351
2026-07-23 00:55:00-04:00,7527.25,7528.0,7526.0,7526.75,201
2026-07-23 01:00:00-04:00,7526.0,7528.0,7525.0,7527.5,388
2026-07-23 01:05:00-04:00,7526.0,7526.75,7525.5,7526.25,192
2026-07-23 01:10:00-04:00,7527.0,7527.25,7524.0,7526.25,353
2026-07-23 01:15:00-04:00,7526.0,7526.75,7525.0,7526.75,255
2026-07-23 01:20:00-04:00,7527.25,7528.5,7524.5,7526.0,417
2026-07-23 01:25:00-04:00,7533.75,7533.75,7527.0,7527.0,471
2026-07-23 01:30:00-04:00,7533.25,7535.5,7533.0,7533.75,650
2026-07-23 01:35:00-04:00,7529.5,7533.5,7529.0,7533.5,380
2026-07-23 01:40:00-04:00,7529.75,7531.75,7528.25,7529.5,351
2026-07-23 01:45:00-04:00,7525.0,7530.0,7525.0,7529.75,429
2026-07-23 01:50:00-04:00,7521.5,7526.0,7521.5,7525.0,671
2026-07-23 01:55:00-04:00,7522.75,7525.0,7521.5,7521.5,712
2026-07-23 02:00:00-04:00,7524.5,7526.25,7522.5,7522.5,770
2026-07-23 02:05:00-04:00,7522.5,7525.75,7522.0,7524.5,536
2026-07-23 02:10:00-04:00,7524.25,7525.0,7522.25,7522.5,626
2026-07-23 02:15:00-04:00,7526.0,7526.0,7523.0,7524.25,934
2026-07-23 02:20:00-04:00,7523.75,7526.5,7522.5,7526.0,752
2026-07-23 02:25:00-04:00,7525.75,7526.25,7523.75,7523.75,1287
2026-07-23 02:30:00-04:00,7522.75,7526.5,7521.75,7525.75,1012
2026-07-23 02:35:00-04:00,7521.75,7523.0,7521.5,7522.75,745
2026-07-23 02:40:00-04:00,7520.25,7522.25,7520.0,7521.75,643
2026-07-23 02:45:00-04:00,7523.25,7525.5,7520.0,7520.25,743
2026-07-23 02:50:00-04:00,7521.0,7523.25,7520.0,7523.0,676
2026-07-23 02:55:00-04:00,7519.75,7521.0,7519.25,7521.0,687
2026-07-23 03:00:00-04:00,7514.75,7520.5,7512.25,7519.75,3242
2026-07-23 03:05:00-04:00,7510.25,7515.75,7510.25,7514.75,1969
2026-07-23 03:10:00-04:00,7505.0,7510.25,7498.5,7510.25,5376
2026-07-23 03:15:00-04:00,7508.5,7509.0,7505.25,7505.25,2170
2026-07-23 03:20:00-04:00,7507.5,7511.5,7507.25,7509.0,1488
2026-07-23 03:25:00-04:00,7509.5,7513.25,7507.5,7507.5,1305
2026-07-23 03:30:00-04:00,7503.0,7510.25,7502.0,7509.5,1521
2026-07-23 03:35:00-04:00,7503.25,7505.5,7502.25,7503.0,1028
2026-07-23 03:40:00-04:00,7498.5,7503.75,7497.5,7503.5,1803
2026-07-23 03:45:00-04:00,7497.5,7498.75,7495.25,7498.25,1962
2026-07-23 03:50:00-04:00,7500.0,7500.75,7496.0,7497.5,2194
2026-07-23 03:55:00-04:00,7504.5,7504.5,7500.25,7500.25,1554
2026-07-23 04:00:00-04:00,7503.0,7505.25,7498.75,7504.25,2149
2026-07-23 04:05:00-04:00,7511.75,7511.75,7502.75,7503.0,1925
2026-07-23 04:10:00-04:00,7511.25,7512.75,7509.0,7511.5,1116
2026-07-23 04:15:00-04:00,7513.75,7515.25,7508.75,7511.0,1739
2026-07-23 04:20:00-04:00,7509.75,7514.5,7508.75,7514.0,1068
2026-07-23 04:25:00-04:00,7513.5,7514.0,7509.25,7509.75,1181
2026-07-23 04:30:00-04:00,7513.0,7514.5,7510.25,7513.25,1092
2026-07-23 04:35:00-04:00,7510.75,7513.5,7510.75,7513.0,635
2026-07-23 04:40:00-04:00,7508.25,7512.0,7507.75,7511.25,1064
2026-07-23 04:45:00-04:00,7510.5,7511.0,7507.5,7508.0,864
2026-07-23 04:50:00-04:00,7514.75,7514.75,7509.5,7510.5,978
2026-07-23 04:55:00-04:00,7518.75,7519.5,7514.25,7514.5,1408
2026-07-23 05:00:00-04:00,7523.25,7526.0,7516.75,7518.75,3078
2026-07-23 05:05:00-04:00,7518.25,7523.5,7518.0,7523.25,1189
2026-07-23 05:10:00-04:00,7515.25,7519.5,7515.25,7518.25,1032
2026-07-23 05:15:00-04:00,7515.0,7517.0,7514.5,7515.25,914
2026-07-23 05:20:00-04:00,7514.75,7516.0,7513.25,7514.75,629
2026-07-23 05:25:00-04:00,7513.75,7515.0,7512.5,7514.75,640
2026-07-23 05:30:00-04:00,7511.0,7513.75,7510.0,7513.75,767
2026-07-23 05:35:00-04:00,7512.25,7512.25,7510.5,7511.0,501
2026-07-23 05:40:00-04:00,7513.25,7514.0,7511.25,7512.0,824
2026-07-23 05:45:00-04:00,7513.5,7515.5,7513.5,7513.5,547
2026-07-23 05:50:00-04:00,7512.5,7514.25,7510.25,7513.25,819
2026-07-23 05:55:00-04:00,7511.25,7513.5,7509.25,7512.5,833
2026-07-23 06:00:00-04:00,7513.0,7513.5,7510.0,7511.25,1129
2026-07-23 06:05:00-04:00,7510.75,7514.25,7510.5,7512.75,1051
2026-07-23 06:10:00-04:00,7509.25,7510.75,7508.5,7510.75,595
2026-07-23 06:15:00-04:00,7510.25,7512.0,7508.75,7509.25,536
2026-07-23 06:20:00-04:00,7512.5,7513.25,7510.0,7510.25,615
2026-07-23 06:25:00-04:00,7512.5,7514.25,7512.0,7512.75,446
2026-07-23 06:30:00-04:00,7518.0,7519.75,7511.75,7512.25,2097
2026-07-23 06:35:00-04:00,7521.25,7522.5,7518.0,7518.0,1246
2026-07-23 06:40:00-04:00,7520.5,7524.25,7519.75,7521.25,1077
2026-07-23 06:45:00-04:00,7521.75,7522.5,7520.25,7520.5,623
2026-07-23 06:50:00-04:00,7520.5,7522.0,7519.5,7521.75,674
2026-07-23 06:55:00-04:00,7520.5,7521.75,7519.5,7520.25,1046
2026-07-23 07:00:00-04:00,7514.5,7521.75,7513.75,7520.25,1498
2026-07-23 07:05:00-04:00,7511.25,7514.75,7511.0,7514.5,1010
2026-07-23 07:10:00-04:00,7514.0,7514.25,7510.5,7511.25,641
2026-07-23 07:15:00-04:00,7512.25,7515.75,7512.0,7513.75,896
2026-07-23 07:20:00-04:00,7506.25,7512.25,7505.25,7512.0,2556
2026-07-23 07:25:00-04:00,7504.5,7508.25,7502.5,7506.0,1745
2026-07-23 07:30:00-04:00,7501.75,7505.75,7499.75,7504.5,2912
2026-07-23 07:35:00-04:00,7493.5,7501.5,7491.0,7501.5,6356
2026-07-23 07:40:00-04:00,7493.0,7496.25,7490.0,7493.5,3948
2026-07-23 07:45:00-04:00,7494.5,7496.25,7490.75,7492.75,2953
2026-07-23 07:50:00-04:00,7498.0,7503.25,7494.25,7494.25,4810
2026-07-23 07:55:00-04:00,7500.0,7501.25,7496.75,7498.0,1578
2026-07-23 08:00:00-04:00,7498.5,7501.5,7496.75,7500.0,3591
2026-07-23 08:05:00-04:00,7494.75,7499.5,7493.75,7498.5,1998
2026-07-23 08:10:00-04:00,7492.5,7496.5,7492.25,7494.5,2076
2026-07-23 08:15:00-04:00,7488.5,7496.75,7487.0,7492.75,6708
2026-07-23 08:20:00-04:00,7483.0,7489.0,7482.0,7488.25,5156
2026-07-23 08:25:00-04:00,7481.5,7484.0,7477.75,7483.0,4877
2026-07-23 08:30:00-04:00,7477.75,7482.5,7475.0,7481.25,6178
2026-07-23 08:35:00-04:00,7473.75,7478.5,7471.25,7477.75,5830
2026-07-23 08:40:00-04:00,7470.75,7473.5,7466.75,7473.5,9716
2026-07-23 08:45:00-04:00,7468.25,7471.75,7462.0,7470.75,7924
2026-07-23 08:50:00-04:00,7467.25,7471.0,7465.0,7468.0,5412
2026-07-23 08:55:00-04:00,7466.0,7469.0,7463.75,7467.25,4234
2026-07-23 09:00:00-04:00,7462.75,7468.0,7461.0,7465.75,5601
2026-07-23 09:05:00-04:00,7457.75,7464.0,7456.5,7462.75,10048
2026-07-23 09:10:00-04:00,7458.25,7459.5,7453.25,7457.75,8930
2026-07-23 09:15:00-04:00,7456.75,7459.0,7453.25,7458.25,7967
2026-07-23 09:20:00-04:00,7451.25,7457.0,7451.0,7456.5,7170
2026-07-23 09:25:00-04:00,7453.5,7454.5,7449.25,7451.5,9837
2026-07-23 09:30:00-04:00,7473.75,7474.5,7445.0,7453.5,51319
2026-07-23 09:35:00-04:00,7474.5,7479.25,7468.75,7473.5,28845
2026-07-23 09:40:00-04:00,7479.0,7486.25,7474.5,7474.5,26342
2026-07-23 09:45:00-04:00,7464.25,7480.5,7462.25,7479.0,31071
2026-07-23 09:50:00-04:00,7469.75,7469.75,7457.25,7464.0,25578
2026-07-23 09:55:00-04:00,7455.75,7473.75,7453.0,7469.75,22984
2026-07-23 10:00:00-04:00,7463.75,7466.5,7455.75,7455.75,22490
2026-07-23 10:05:00-04:00,7453.75,7469.75,7448.75,7463.75,25793
2026-07-23 10:10:00-04:00,7457.0,7465.75,7452.25,7453.5,25731
2026-07-23 10:15:00-04:00,7455.0,7463.75,7454.25,7456.75,22954
2026-07-23 10:20:00-04:00,7454.0,7464.75,7451.5,7455.25,19778
2026-07-23 10:25:00-04:00,7457.75,7459.75,7450.0,7454.0,18988
2026-07-23 10:30:00-04:00,7449.75,7460.25,7446.5,7457.75,16661
2026-07-23 10:35:00-04:00,7464.0,7465.5,7446.0,7450.0,22067
2026-07-23 10:40:00-04:00,7448.75,7467.0,7446.5,7464.0,19709
2026-07-23 10:45:00-04:00,7448.5,7454.75,7446.75,7448.5,18027
2026-07-23 10:50:00-04:00,7441.75,7451.0,7440.0,7448.5,21085
2026-07-23 10:55:00-04:00,7443.5,7446.0,7440.75,7441.75,15455
2026-07-23 11:00:00-04:00,7436.75,7445.0,7435.0,7443.75,19229
2026-07-23 11:05:00-04:00,7431.25,7437.25,7429.25,7436.75,22830
2026-07-23 11:10:00-04:00,7426.25,7434.5,7424.25,7431.5,22692
2026-07-23 11:15:00-04:00,7432.0,7433.0,7425.75,7426.25,20469
2026-07-23 11:20:00-04:00,7426.75,7437.0,7420.0,7432.25,29119
2026-07-23 11:25:00-04:00,7419.25,7427.5,7418.0,7426.75,18964
2026-07-23 11:30:00-04:00,7424.0,7424.0,7411.75,7419.0,24236
2026-07-23 11:35:00-04:00,7433.75,7434.75,7423.75,7423.75,23062
2026-07-23 11:40:00-04:00,7426.5,7437.0,7426.5,7433.5,15744
2026-07-23 11:45:00-04:00,7429.25,7430.25,7423.5,7426.5,12240
2026-07-23 11:50:00-04:00,7433.5,7433.5,7426.0,7429.0,11964
2026-07-23 11:55:00-04:00,7438.25,7439.25,7431.0,7433.25,12562
2026-07-23 12:00:00-04:00,7440.25,7443.25,7435.25,7438.25,16765
2026-07-23 12:05:00-04:00,7444.5,7444.75,7435.25,7440.25,13357
2026-07-23 12:10:00-04:00,7446.0,7448.75,7444.0,7444.5,12827
2026-07-23 12:15:00-04:00,7445.5,7448.5,7442.0,7446.0,10930
2026-07-23 12:20:00-04:00,7454.75,7457.0,7445.5,7445.75,15261
2026-07-23 12:25:00-04:00,7454.75,7456.5,7451.25,7455.0,11881
2026-07-23 12:30:00-04:00,7451.5,7455.0,7450.75,7454.75,9212
2026-07-23 12:35:00-04:00,7457.0,7457.5,7449.75,7451.75,10925
2026-07-23 12:40:00-04:00,7449.75,7457.25,7449.75,7457.25,10282
2026-07-23 12:45:00-04:00,7440.25,7449.75,7440.25,7449.75,13798
2026-07-23 12:50:00-04:00,7440.25,7443.75,7437.75,7440.25,13217
2026-07-23 12:55:00-04:00,7446.75,7447.5,7440.0,7440.0,11628
2026-07-23 13:00:00-04:00,7442.5,7449.75,7442.25,7446.75,11148
2026-07-23 13:05:00-04:00,7445.0,7445.25,7438.0,7442.25,9948
2026-07-23 13:10:00-04:00,7446.0,7448.75,7444.25,7445.0,8761
2026-07-23 13:15:00-04:00,7445.5,7449.25,7441.5,7445.75,11915
2026-07-23 13:20:00-04:00,7450.0,7450.5,7444.25,7445.5,7969
2026-07-23 13:25:00-04:00,7447.75,7452.25,7447.5,7450.0,6986
2026-07-23 13:30:00-04:00,7441.25,7448.0,7440.5,7447.5,8898
2026-07-23 13:35:00-04:00,7436.5,7441.25,7434.75,7441.0,9268
2026-07-23 13:40:00-04:00,7437.75,7439.25,7433.0,7436.5,8869
2026-07-23 13:45:00-04:00,7442.0,7443.25,7435.5,7437.5,9587
2026-07-23 13:50:00-04:00,7437.5,7442.75,7437.5,7442.0,7428
2026-07-23 13:55:00-04:00,7432.0,7437.25,7431.75,7437.25,6806
2026-07-23 14:00:00-04:00,7430.0,7433.5,7429.0,7431.75,8666
2026-07-23 14:05:00-04:00,7429.25,7432.0,7428.25,7430.0,6785
2026-07-23 14:10:00-04:00,7430.0,7434.25,7429.0,7429.25,7118
2026-07-23 14:15:00-04:00,7430.5,7434.25,7428.75,7430.0,6702
2026-07-23 14:20:00-04:00,7434.75,7435.0,7429.75,7430.5,6401
2026-07-23 14:25:00-04:00,7435.0,7435.5,7430.75,7434.75,5926
2026-07-23 14:30:00-04:00,7436.75,7437.5,7433.75,7434.75,7344
2026-07-23 14:35:00-04:00,7429.75,7437.5,7428.5,7436.75,8311
2026-07-23 14:40:00-04:00,7429.0,7430.75,7426.75,7430.0,6518
2026-07-23 14:45:00-04:00,7434.0,7435.5,7428.75,7429.0,8314
2026-07-23 14:50:00-04:00,7428.0,7434.5,7427.5,7434.0,6950
2026-07-23 14:55:00-04:00,7431.25,7431.5,7427.0,7428.0,7288
2026-07-23 15:00:00-04:00,7428.75,7435.0,7428.5,7431.25,7660
2026-07-23 15:05:00-04:00,7428.25,7430.75,7427.75,7428.75,6476
2026-07-23 15:10:00-04:00,7427.0,7430.0,7425.5,7428.25,5937
2026-07-23 15:15:00-04:00,7430.75,7432.75,7427.0,7427.25,7953
2026-07-23 15:20:00-04:00,7437.5,7437.75,7430.75,7430.75,11208
2026-07-23 15:25:00-04:00,7436.25,7440.75,7434.5,7437.75,12563
2026-07-23 15:30:00-04:00,7432.75,7438.5,7428.25,7436.25,14852
2026-07-23 15:35:00-04:00,7430.25,7433.75,7429.75,7432.75,7143
2026-07-23 15:40:00-04:00,7424.0,7431.5,7424.0,7430.5,12173
2026-07-23 15:45:00-04:00,7420.75,7425.75,7418.5,7424.25,16075
2026-07-23 15:50:00-04:00,7429.0,7430.75,7420.75,7420.75,27752
2026-07-23 15:55:00-04:00,7444.0,7447.75,7429.25,7429.25,77525
2026-07-23 16:00:00-04:00,7453.0,7456.0,7443.5,7443.75,27262
2026-07-23 16:05:00-04:00,7451.0,7453.25,7449.0,7453.0,6039
2026-07-23 16:10:00-04:00,7453.25,7455.25,7450.5,7451.0,5379
2026-07-23 16:15:00-04:00,7455.25,7457.0,7452.75,7453.25,3134
2026-07-23 16:20:00-04:00,7457.5,7457.5,7453.5,7455.25,2054
2026-07-23 16:25:00-04:00,7455.25,7458.0,7454.25,7457.25,2413
2026-07-23 16:30:00-04:00,7456.5,7458.25,7454.25,7455.25,2815
2026-07-23 16:35:00-04:00,7456.75,7458.0,7455.75,7456.75,1828
2026-07-23 16:40:00-04:00,7453.5,7456.75,7452.5,7456.75,1466
2026-07-23 16:45:00-04:00,7452.5,7453.75,7452.25,7453.5,1089
2026-07-23 16:50:00-04:00,7454.0,7454.25,7452.25,7452.75,1093
2026-07-23 16:55:00-04:00,7455.75,7456.5,7453.25,7454.0,1818
2026-07-23 18:00:00-04:00,7446.25,7454.0,7445.75,7450.5,0
2026-07-23 18:05:00-04:00,7447.0,7448.25,7445.5,7446.0,653
2026-07-23 18:10:00-04:00,7445.0,7446.75,7442.75,7446.75,808
2026-07-23 18:15:00-04:00,7443.75,7445.5,7443.5,7444.75,380
2026-07-23 18:20:00-04:00,7449.0,7450.0,7443.5,7444.0,472
2026-07-23 18:25:00-04:00,7446.5,7449.0,7446.25,7449.0,436
2026-07-23 18:30:00-04:00,7448.25,7450.0,7447.0,7447.0,411
2026-07-23 18:35:00-04:00,7447.25,7449.25,7446.5,7448.0,320
2026-07-23 18:40:00-04:00,7448.5,7448.75,7446.5,7447.25,381
2026-07-23 18:45:00-04:00,7449.5,7451.25,7448.25,7448.5,367
2026-07-23 18:50:00-04:00,7450.75,7451.0,7449.25,7449.5,241
2026-07-23 18:55:00-04:00,7453.25,7454.0,7451.0,7451.0,413
2026-07-23 19:00:00-04:00,7449.25,7453.75,7448.75,7453.25,533
2026-07-23 19:05:00-04:00,7449.25,7451.25,7448.25,7449.5,496
2026-07-23 19:10:00-04:00,7449.25,7449.5,7447.75,7449.5,189
2026-07-23 19:15:00-04:00,7449.0,7450.5,7448.0,7449.25,302
2026-07-23 19:20:00-04:00,7449.5,7450.5,7448.75,7448.75,165
2026-07-23 19:25:00-04:00,7450.25,7451.0,7449.0,7449.5,299
2026-07-23 19:30:00-04:00,7450.0,7450.75,7448.25,7449.75,258
2026-07-23 19:35:00-04:00,7447.25,7450.0,7447.0,7450.0,252
2026-07-23 19:40:00-04:00,7448.5,7450.5,7444.5,7447.25,1051
2026-07-23 19:45:00-04:00,7448.5,7452.25,7447.5,7449.0,851
2026-07-23 19:50:00-04:00,7446.0,7449.5,7445.0,7448.5,796
2026-07-23 19:55:00-04:00,7449.0,7450.75,7446.0,7446.25,477
2026-07-23 20:00:00-04:00,7447.5,7455.25,7447.25,7449.25,2314
2026-07-23 20:05:00-04:00,7446.25,7450.5,7444.75,7447.75,2076
2026-07-23 20:10:00-04:00,7447.25,7448.0,7443.5,7446.25,1175
2026-07-23 20:15:00-04:00,7447.5,7450.75,7444.5,7447.5,1940
2026-07-23 20:20:00-04:00,7452.75,7455.25,7446.25,7447.5,1597
2026-07-23 20:25:00-04:00,7450.75,7453.75,7449.75,7453.0,716
2026-07-23 20:30:00-04:00,7448.0,7451.25,7447.25,7451.0,654
2026-07-23 20:35:00-04:00,7451.25,7452.75,7446.75,7448.0,735
2026-07-23 20:40:00-04:00,7454.25,7456.0,7451.25,7451.25,1119
2026-07-23 20:45:00-04:00,7454.5,7457.0,7453.5,7454.5,976
2026-07-23 20:50:00-04:00,7450.0,7455.25,7449.75,7454.5,747
2026-07-23 20:55:00-04:00,7454.25,7454.75,7448.5,7450.0,1005
2026-07-23 21:00:00-04:00,7455.75,7456.75,7452.5,7454.5,1171
2026-07-23 21:05:00-04:00,7455.5,7457.25,7454.75,7455.75,657
2026-07-23 21:10:00-04:00,7453.0,7456.0,7452.5,7455.25,694
2026-07-23 21:15:00-04:00,7453.75,7455.5,7451.75,7453.25,571
2026-07-23 21:20:00-04:00,7452.75,7454.5,7451.0,7453.75,489
2026-07-23 21:25:00-04:00,7453.25,7457.5,7452.75,7452.75,661
2026-07-23 21:30:00-04:00,7457.25,7458.0,7452.5,7453.25,897
2026-07-23 21:35:00-04:00,7454.75,7458.0,7454.5,7457.5,597
2026-07-23 21:40:00-04:00,7457.0,7459.25,7453.75,7454.75,997
2026-07-23 21:45:00-04:00,7453.75,7457.25,7453.75,7456.75,471
2026-07-23 21:50:00-04:00,7454.0,7454.5,7451.5,7453.75,614
2026-07-23 21:55:00-04:00,7451.0,7455.0,7450.25,7453.75,664
2026-07-23 22:00:00-04:00,7449.75,7451.75,7449.5,7451.0,701
2026-07-23 22:05:00-04:00,7451.0,7451.0,7448.5,7449.75,563
2026-07-23 22:10:00-04:00,7451.5,7453.25,7450.75,7451.25,533
2026-07-23 22:15:00-04:00,7450.0,7452.25,7449.75,7451.5,482
2026-07-23 22:20:00-04:00,7451.0,7451.25,7448.0,7449.75,495
2026-07-23 22:25:00-04:00,7450.0,7452.75,7449.5,7451.0,541
2026-07-23 22:30:00-04:00,7446.0,7450.0,7445.5,7450.0,672
2026-07-23 22:35:00-04:00,7443.0,7446.25,7442.75,7446.0,779
2026-07-23 22:40:00-04:00,7442.25,7444.0,7442.25,7443.25,493
2026-07-23 22:45:00-04:00,7441.0,7443.0,7440.25,7442.25,821
2026-07-23 22:50:00-04:00,7440.25,7442.25,7440.0,7441.0,581
2026-07-23 22:55:00-04:00,7439.5,7442.5,7439.25,7440.25,850
2026-07-23 23:00:00-04:00,7441.5,7442.25,7439.25,7439.5,808
2026-07-23 23:05:00-04:00,7439.75,7443.0,7439.5,7441.5,517
2026-07-23 23:10:00-04:00,7441.75,7442.75,7439.25,7440.0,602
2026-07-23 23:15:00-04:00,7441.0,7444.0,7441.0,7441.75,703
2026-07-23 23:20:00-04:00,7440.75,7442.5,7440.0,7441.0,409
2026-07-23 23:25:00-04:00,7442.25,7444.0,7440.25,7440.5,384
2026-07-23 23:30:00-04:00,7440.0,7443.25,7438.0,7442.25,750
2026-07-23 23:35:00-04:00,7440.5,7442.0,7438.75,7439.75,588
2026-07-23 23:40:00-04:00,7439.0,7441.0,7438.25,7440.75,377
2026-07-23 23:45:00-04:00,7439.5,7441.25,7437.25,7438.75,878
2026-07-23 23:50:00-04:00,7438.25,7440.0,7438.0,7439.5,433
2026-07-23 23:55:00-04:00,7437.25,7438.25,7436.75,7438.25,334
2026-07-24 00:05:00-04:00,7440.5,7441.0,7440.0,7440.5,1384
2026-07-24 00:10:00-04:00,7437.0,7440.75,7436.75,7440.75,411
2026-07-24 00:15:00-04:00,7439.5,7440.0,7436.75,7437.25,323
2026-07-24 00:20:00-04:00,7442.25,7442.75,7437.0,7439.5,527
2026-07-24 00:25:00-04:00,7444.25,7444.75,7441.0,7442.25,667
2026-07-24 00:30:00-04:00,7442.5,7444.5,7441.75,7444.25,335
2026-07-24 00:35:00-04:00,7440.25,7443.5,7440.25,7442.5,260
2026-07-24 00:40:00-04:00,7439.75,7440.75,7437.5,7440.5,492
2026-07-24 00:45:00-04:00,7439.25,7441.0,7438.5,7439.75,261
2026-07-24 00:50:00-04:00,7441.5,7442.75,7439.0,7439.25,331
2026-07-24 00:55:00-04:00,7443.5,7443.75,7441.25,7441.75,325
2026-07-24 01:00:00-04:00,7443.5,7444.5,7441.5,7443.25,483
2026-07-24 01:05:00-04:00,7445.75,7448.0,7443.5,7443.5,983
2026-07-24 01:10:00-04:00,7446.25,7446.75,7444.5,7446.0,319
2026-07-24 01:15:00-04:00,7446.0,7447.0,7444.25,7445.75,446
2026-07-24 01:20:00-04:00,7447.25,7448.0,7445.25,7446.25,426
2026-07-24 01:25:00-04:00,7446.75,7449.25,7446.5,7447.25,742
2026-07-24 01:30:00-04:00,7446.75,7448.25,7445.25,7447.0,662
2026-07-24 01:35:00-04:00,7446.75,7447.5,7444.75,7446.75,424
2026-07-24 01:40:00-04:00,7447.75,7448.0,7444.75,7446.75,756
2026-07-24 01:45:00-04:00,7447.75,7450.5,7447.25,7447.5,492
2026-07-24 01:50:00-04:00,7443.5,7448.5,7443.5,7447.75,556
2026-07-24 01:55:00-04:00,7442.0,7444.25,7442.0,7443.75,464
2026-07-24 02:00:00-04:00,7439.25,7442.75,7438.75,7442.25,750
2026-07-24 02:05:00-04:00,7438.5,7439.75,7437.5,7439.25,736
2026-07-24 02:10:00-04:00,7437.5,7440.0,7436.5,7438.75,868
2026-07-24 02:15:00-04:00,7443.5,7443.5,7437.0,7437.75,1184
2026-07-24 02:20:00-04:00,7445.0,7446.25,7443.5,7443.5,872
2026-07-24 02:25:00-04:00,7441.75,7447.25,7440.0,7445.0,906
2026-07-24 02:30:00-04:00,7442.5,7442.5,7440.0,7441.75,635
2026-07-24 02:35:00-04:00,7441.75,7445.0,7441.25,7442.5,594
2026-07-24 02:40:00-04:00,7437.5,7442.25,7437.5,7442.0,301
2026-07-24 02:45:00-04:00,7434.5,7437.75,7433.75,7437.75,765
2026-07-24 02:50:00-04:00,7438.75,7439.25,7434.25,7434.5,681
2026-07-24 02:55:00-04:00,7442.5,7443.5,7437.5,7438.5,842
2026-07-24 03:00:00-04:00,7447.25,7449.5,7442.0,7442.75,2306
2026-07-24 03:05:00-04:00,7452.25,7452.25,7446.0,7447.0,1209
2026-07-24 03:10:00-04:00,7456.0,7456.25,7452.25,7452.25,2621
2026-07-24 03:15:00-04:00,7459.25,7459.75,7454.25,7456.0,2286
2026-07-24 03:20:00-04:00,7458.0,7460.75,7457.25,7459.25,1270
2026-07-24 03:25:00-04:00,7461.75,7462.75,7458.0,7458.0,1187
2026-07-24 03:30:00-04:00,7460.0,7463.25,7458.75,7462.0,1096
2026-07-24 03:35:00-04:00,7458.25,7461.5,7458.0,7460.0,599
2026-07-24 03:40:00-04:00,7456.75,7458.5,7454.5,7458.25,913
2026-07-24 03:45:00-04:00,7457.5,7457.75,7455.75,7456.75,725
2026-07-24 03:50:00-04:00,7457.5,7458.5,7455.5,7457.75,679
2026-07-24 03:55:00-04:00,7456.5,7458.5,7456.0,7457.5,488
2026-07-24 04:00:00-04:00,7453.25,7456.75,7452.5,7456.75,1385
2026-07-24 04:05:00-04:00,7452.0,7453.75,7449.75,7453.0,1456
2026-07-24 04:10:00-04:00,7451.25,7453.0,7449.25,7452.25,827
2026-07-24 04:15:00-04:00,7453.5,7455.25,7451.0,7451.25,772
2026-07-24 04:20:00-04:00,7452.75,7455.0,7452.5,7453.5,719
2026-07-24 04:25:00-04:00,7458.75,7459.0,7451.5,7452.75,1272
2026-07-24 04:30:00-04:00,7460.0,7461.25,7457.25,7458.75,1207
2026-07-24 04:35:00-04:00,7459.75,7462.0,7458.5,7460.0,647
2026-07-24 04:40:00-04:00,7459.5,7460.25,7457.5,7459.75,797
2026-07-24 04:45:00-04:00,7458.0,7459.75,7456.0,7459.25,430
2026-07-24 04:50:00-04:00,7457.75,7458.75,7456.25,7458.0,661
2026-07-24 04:55:00-04:00,7457.25,7459.25,7456.25,7457.5,1031
2026-07-24 05:00:00-04:00,7457.25,7459.25,7456.25,7457.5,1142
2026-07-24 05:05:00-04:00,7464.75,7465.25,7456.75,7457.0,1518
2026-07-24 05:10:00-04:00,7459.75,7465.25,7459.0,7464.75,1149
2026-07-24 05:15:00-04:00,7460.25,7461.25,7457.75,7459.5,871
2026-07-24 05:20:00-04:00,7463.0,7463.5,7460.0,7460.25,998
2026-07-24 05:25:00-04:00,7463.5,7465.0,7462.75,7462.75,1196
2026-07-24 05:30:00-04:00,7465.5,7465.75,7462.0,7463.75,1107
2026-07-24 05:35:00-04:00,7465.75,7466.75,7464.5,7465.75,1196
2026-07-24 05:40:00-04:00,7466.25,7467.0,7464.75,7465.75,762
2026-07-24 05:45:00-04:00,7464.5,7467.5,7464.5,7466.25,789
2026-07-24 05:50:00-04:00,7464.0,7465.75,7463.75,7464.5,695
2026-07-24 05:55:00-04:00,7465.75,7466.25,7464.0,7464.25,793
2026-07-24 06:00:00-04:00,7463.25,7467.0,7463.25,7465.75,994
2026-07-24 06:05:00-04:00,7461.0,7464.25,7460.25,7463.5,1121
2026-07-24 06:10:00-04:00,7461.5,7461.75,7460.0,7461.25,761
2026-07-24 06:15:00-04:00,7461.5,7462.25,7460.25,7461.25,446
2026-07-24 06:20:00-04:00,7461.5,7462.25,7460.25,7461.5,596
2026-07-24 06:25:00-04:00,7461.75,7462.75,7459.25,7461.5,879
2026-07-24 06:30:00-04:00,7461.5,7464.5,7461.0,7461.75,896
2026-07-24 06:35:00-04:00,7459.5,7461.5,7459.0,7461.5,684
2026-07-24 06:40:00-04:00,7460.75,7460.75,7459.25,7459.75,448
2026-07-24 06:45:00-04:00,7461.0,7461.75,7459.75,7460.25,572
2026-07-24 06:50:00-04:00,7458.75,7461.0,7458.25,7461.0,796
2026-07-24 06:55:00-04:00,7458.5,7460.75,7457.75,7458.75,951
2026-07-24 07:00:00-04:00,7461.0,7462.5,7458.0,7458.5,1698
2026-07-24 07:05:00-04:00,7460.0,7463.0,7459.5,7461.25,1215
2026-07-24 07:10:00-04:00,7460.75,7461.25,7459.25,7460.25,508
2026-07-24 07:15:00-04:00,7461.25,7462.5,7460.5,7461.0,608
2026-07-24 07:20:00-04:00,7460.75,7462.0,7458.75,7461.5,657
2026-07-24 07:25:00-04:00,7459.75,7461.25,7458.75,7461.0,642
2026-07-24 07:30:00-04:00,7457.0,7460.25,7457.0,7459.5,977
2026-07-24 07:35:00-04:00,7457.25,7460.75,7456.0,7457.0,1476
2026-07-24 07:40:00-04:00,7455.25,7457.25,7455.25,7457.25,1022
2026-07-24 07:45:00-04:00,7456.5,7457.0,7454.0,7455.25,1409
2026-07-24 07:50:00-04:00,7456.25,7458.5,7456.0,7456.5,1302
2026-07-24 07:55:00-04:00,7465.0,7469.0,7453.0,7456.25,7080
2026-07-24 08:00:00-04:00,7461.0,7466.0,7458.0,7465.0,3544
2026-07-24 08:05:00-04:00,7463.75,7464.5,7457.5,7461.25,1832
2026-07-24 08:10:00-04:00,7466.5,7467.75,7462.5,7463.75,2684
2026-07-24 08:15:00-04:00,7465.0,7467.75,7464.25,7466.5,2046
2026-07-24 08:20:00-04:00,7466.25,7467.25,7463.25,7465.0,1740
2026-07-24 08:25:00-04:00,7466.0,7467.25,7460.5,7466.5,2635
2026-07-24 08:30:00-04:00,7459.75,7466.5,7459.25,7465.75,2201
2026-07-24 08:35:00-04:00,7459.75,7462.5,7459.0,7459.75,1958
2026-07-24 08:40:00-04:00,7455.5,7460.25,7454.5,7460.0,2335
2026-07-24 08:45:00-04:00,7455.0,7456.5,7453.5,7455.75,2030
2026-07-24 08:50:00-04:00,7453.0,7455.5,7452.5,7455.0,1887
2026-07-24 08:55:00-04:00,7450.25,7453.25,7449.0,7453.25,3350
2026-07-24 09:00:00-04:00,7450.25,7451.75,7448.5,7450.0,3420
2026-07-24 09:05:00-04:00,7449.0,7450.75,7446.5,7450.25,2936
2026-07-24 09:10:00-04:00,7450.25,7451.5,7448.5,7449.0,2280
2026-07-24 09:15:00-04:00,7452.25,7453.75,7449.5,7450.0,2802
2026-07-24 09:20:00-04:00,7451.5,7453.0,7448.5,7452.25,2769
2026-07-24 09:25:00-04:00,7443.75,7453.0,7443.5,7451.25,7531
2026-07-24 09:30:00-04:00,7451.25,7453.5,7442.25,7444.0,32504
2026-07-24 09:35:00-04:00,7449.5,7455.0,7447.0,7451.25,20367
2026-07-24 09:40:00-04:00,7446.5,7450.0,7444.75,7449.75,14693
2026-07-24 09:45:00-04:00,7456.75,7457.25,7444.25,7446.75,20593
2026-07-24 09:50:00-04:00,7436.5,7456.75,7435.0,7456.75,27301
2026-07-24 09:55:00-04:00,7433.5,7440.25,7432.5,7436.5,20921
2026-07-24 10:00:00-04:00,7436.0,7445.25,7431.5,7433.75,24758
2026-07-24 10:05:00-04:00,7451.0,7453.5,7435.0,7436.0,21970
2026-07-24 10:10:00-04:00,7454.0,7458.25,7446.5,7451.25,25358
2026-07-24 10:15:00-04:00,7443.75,7455.75,7438.5,7454.0,22479
2026-07-24 10:20:00-04:00,7454.0,7458.5,7439.75,7443.75,21139
2026-07-24 10:25:00-04:00,7450.25,7456.0,7448.0,7454.25,16517
2026-07-24 10:30:00-04:00,7442.0,7451.0,7442.0,7450.25,14931
2026-07-24 10:35:00-04:00,7439.25,7447.0,7437.75,7442.0,13330
2026-07-24 10:40:00-04:00,7437.5,7442.5,7437.0,7439.0,17099
2026-07-24 10:45:00-04:00,7444.0,7444.25,7432.75,7437.75,18425
2026-07-24 10:50:00-04:00,7449.0,7452.0,7444.0,7444.0,15805
2026-07-24 10:55:00-04:00,7465.0,7466.5,7448.75,7448.75,22680
2026-07-24 11:00:00-04:00,7461.5,7468.75,7461.0,7464.75,20586
2026-07-24 11:05:00-04:00,7455.75,7465.5,7455.5,7461.25,14725
2026-07-24 11:10:00-04:00,7478.0,7481.25,7454.75,7456.0,38361
2026-07-24 11:15:00-04:00,7474.25,7489.5,7472.25,7478.0,31112
2026-07-24 11:20:00-04:00,7483.0,7486.0,7473.25,7474.25,15996
2026-07-24 11:25:00-04:00,7485.25,7491.0,7482.5,7483.25,16650
2026-07-24 11:30:00-04:00,7480.0,7488.5,7479.5,7485.5,15715
2026-07-24 11:35:00-04:00,7490.5,7490.75,7479.5,7480.0,13577
2026-07-24 11:40:00-04:00,7481.75,7492.0,7479.5,7490.25,17421
2026-07-24 11:45:00-04:00,7480.5,7485.75,7478.0,7482.0,10129
2026-07-24 11:50:00-04:00,7485.0,7487.0,7480.5,7480.5,11016
2026-07-24 11:55:00-04:00,7489.75,7491.0,7484.5,7485.0,10904
2026-07-24 12:00:00-04:00,7491.5,7491.75,7485.75,7489.75,9055
2026-07-24 12:05:00-04:00,7492.5,7495.0,7488.75,7491.5,13390
2026-07-24 12:10:00-04:00,7489.0,7496.5,7487.25,7492.5,13173
2026-07-24 12:15:00-04:00,7490.75,7492.75,7487.5,7489.0,8671
2026-07-24 12:20:00-04:00,7493.0,7494.5,7490.5,7491.0,6324
2026-07-24 12:25:00-04:00,7491.25,7495.25,7491.0,7493.0,6873
2026-07-24 12:30:00-04:00,7484.5,7491.5,7482.5,7491.25,20164
2026-07-24 12:35:00-04:00,7482.0,7487.0,7481.5,7484.25,8263
2026-07-24 12:40:00-04:00,7475.75,7481.75,7475.5,7481.75,11447
2026-07-24 12:45:00-04:00,7471.0,7477.5,7468.25,7475.5,13423
2026-07-24 12:50:00-04:00,7469.5,7471.5,7466.25,7470.75,12730
2026-07-24 12:55:00-04:00,7473.5,7476.5,7467.5,7469.25,10161
2026-07-24 13:00:00-04:00,7470.75,7475.0,7469.0,7473.75,9843
2026-07-24 13:05:00-04:00,7462.75,7472.25,7462.5,7470.75,16919
2026-07-24 13:10:00-04:00,7468.5,7469.75,7461.0,7462.75,10215
2026-07-24 13:15:00-04:00,7473.5,7474.0,7465.5,7468.25,7879
2026-07-24 13:20:00-04:00,7472.0,7474.0,7467.75,7473.5,7284
2026-07-24 13:25:00-04:00,7476.25,7477.5,7469.0,7472.25,7140
2026-07-24 13:30:00-04:00,7480.5,7481.0,7474.25,7476.25,7513
2026-07-24 13:35:00-04:00,7474.25,7480.75,7473.5,7480.5,6888
2026-07-24 13:40:00-04:00,7470.0,7474.75,7469.75,7474.25,6340
2026-07-24 13:45:00-04:00,7472.25,7473.0,7468.25,7469.75,5167
2026-07-24 13:50:00-04:00,7472.0,7474.5,7468.75,7472.5,4900
2026-07-24 13:55:00-04:00,7469.0,7473.25,7469.0,7472.0,4809
2026-07-24 14:00:00-04:00,7468.0,7472.0,7467.0,7469.0,5767
2026-07-24 14:05:00-04:00,7469.25,7472.25,7466.0,7468.0,6516
2026-07-24 14:10:00-04:00,7465.25,7470.0,7464.0,7469.25,6986
2026-07-24 14:15:00-04:00,7461.0,7465.75,7460.25,7465.0,7520
2026-07-24 14:20:00-04:00,7457.25,7461.25,7456.25,7461.0,9203
2026-07-24 14:25:00-04:00,7449.5,7457.75,7448.75,7457.0,12224
2026-07-24 14:30:00-04:00,7440.5,7450.75,7439.5,7449.5,17030
2026-07-24 14:35:00-04:00,7441.25,7445.25,7437.0,7440.5,19869
2026-07-24 14:40:00-04:00,7437.5,7441.25,7435.5,7441.25,14480
2026-07-24 14:45:00-04:00,7442.0,7446.0,7436.75,7437.5,11556
2026-07-24 14:50:00-04:00,7441.0,7444.25,7439.5,7442.0,6445
2026-07-24 14:55:00-04:00,7443.25,7446.25,7440.25,7441.0,8641
2026-07-24 15:00:00-04:00,7442.0,7448.5,7441.25,7443.25,12447
2026-07-24 15:05:00-04:00,7435.5,7445.75,7434.75,7442.0,11824
2026-07-24 15:10:00-04:00,7435.5,7441.75,7434.0,7435.5,11722
2026-07-24 15:15:00-04:00,7437.25,7437.25,7433.75,7435.5,10662
2026-07-24 15:20:00-04:00,7433.5,7439.5,7432.0,7437.25,11261
2026-07-24 15:25:00-04:00,7435.5,7437.75,7432.25,7433.5,9636
2026-07-24 15:30:00-04:00,7440.0,7443.25,7435.5,7435.75,17008
2026-07-24 15:35:00-04:00,7440.25,7445.75,7439.0,7440.25,16218
2026-07-24 15:40:00-04:00,7442.0,7442.5,7437.0,7440.5,10976
2026-07-24 15:45:00-04:00,7442.75,7443.5,7436.75,7442.0,10919
2026-07-24 15:50:00-04:00,7444.25,7445.25,7435.5,7442.75,17685
2026-07-24 15:55:00-04:00,7448.0,7451.0,7439.75,7444.0,59654
2026-07-24 16:00:00-04:00,7444.25,7449.0,7442.75,7447.75,18919
2026-07-24 16:05:00-04:00,7443.5,7445.25,7441.75,7444.0,4398
2026-07-24 16:10:00-04:00,7444.75,7446.5,7441.75,7443.75,4737
2026-07-24 16:15:00-04:00,7446.75,7448.5,7445.0,7445.0,3115
2026-07-24 16:20:00-04:00,7446.75,7450.0,7446.75,7446.75,1926
2026-07-24 16:25:00-04:00,7443.75,7448.25,7443.25,7447.0,2446
2026-07-24 16:30:00-04:00,7440.75,7444.5,7439.25,7443.75,2775
2026-07-24 16:35:00-04:00,7441.75,7443.5,7441.0,7441.0,1329
2026-07-24 16:40:00-04:00,7444.25,7444.5,7441.0,7442.0,962
2026-07-24 16:45:00-04:00,7443.0,7446.0,7443.0,7444.5,1123
2026-07-24 16:50:00-04:00,7445.0,7445.5,7442.25,7443.25,1546
2026-07-24 16:55:00-04:00,7447.5,7447.5,7443.0,7445.0,1602
2026-07-26 18:10:00-04:00,7494.25,7494.25,7490.0,7492.5,680
2026-07-26 18:15:00-04:00,7496.0,7497.75,7491.5,7494.25,1262
2026-07-26 18:20:00-04:00,7495.0,7496.75,7494.25,7495.75,670
2026-07-26 18:25:00-04:00,7494.75,7495.25,7493.25,7494.75,736
2026-07-26 18:30:00-04:00,7496.25,7496.5,7494.25,7495.0,580
2026-07-26 18:35:00-04:00,7496.75,7498.5,7496.0,7496.5,664
2026-07-26 18:40:00-04:00,7495.25,7497.0,7495.0,7497.0,632
2026-07-26 18:45:00-04:00,7493.0,7495.25,7492.5,7495.25,475
2026-07-26 18:50:00-04:00,7493.25,7495.0,7492.5,7493.25,370
2026-07-26 18:55:00-04:00,7491.75,7494.25,7491.25,7493.0,497
2026-07-26 19:00:00-04:00,7494.5,7494.5,7491.0,7492.0,1552
2026-07-26 19:05:00-04:00,7498.5,7498.5,7494.0,7494.75,1040
2026-07-26 19:10:00-04:00,7498.75,7499.0,7497.75,7498.75,342
2026-07-26 19:15:00-04:00,7498.25,7500.5,7498.0,7498.75,1182
2026-07-26 19:20:00-04:00,7497.25,7499.5,7497.25,7498.25,302
2026-07-26 19:25:00-04:00,7498.75,7499.75,7497.5,7497.5,531
2026-07-26 19:30:00-04:00,7502.5,7503.0,7498.5,7498.5,984
2026-07-26 19:35:00-04:00,7501.0,7503.0,7500.75,7502.25,444
2026-07-26 19:40:00-04:00,7504.25,7505.5,7501.0,7501.25,1038
2026-07-26 19:45:00-04:00,7508.5,7509.0,7501.75,7504.25,1681
2026-07-26 19:50:00-04:00,7508.25,7511.5,7507.5,7508.75,1183
2026-07-26 19:55:00-04:00,7511.0,7512.0,7506.25,7508.25,1114
2026-07-26 20:00:00-04:00,7502.0,7512.0,7501.75,7511.0,2288
2026-07-26 20:05:00-04:00,7504.25,7506.0,7500.75,7501.75,1456
2026-07-26 20:10:00-04:00,7509.25,7510.0,7502.75,7504.5,1414
2026-07-26 20:15:00-04:00,7498.75,7509.25,7497.25,7509.25,2181
2026-07-26 20:20:00-04:00,7499.0,7499.75,7496.25,7498.5,1579
2026-07-26 20:25:00-04:00,7500.0,7502.0,7498.25,7499.0,1495
2026-07-26 20:30:00-04:00,7500.75,7502.25,7498.75,7500.0,1208
2026-07-26 20:35:00-04:00,7496.5,7501.25,7496.0,7500.75,1085
2026-07-26 20:40:00-04:00,7494.75,7496.5,7494.75,7496.5,931
2026-07-26 20:45:00-04:00,7495.75,7497.25,7494.5,7494.75,882
2026-07-26 20:50:00-04:00,7495.75,7499.5,7494.0,7495.75,1072
2026-07-26 20:55:00-04:00,7492.75,7495.75,7492.5,7495.75,1115
2026-07-26 21:00:00-04:00,7492.0,7496.5,7492.0,7492.5,1436
2026-07-26 21:05:00-04:00,7494.5,7496.25,7491.5,7492.0,929
2026-07-26 21:10:00-04:00,7491.0,7494.5,7490.0,7494.25,998
2026-07-26 21:15:00-04:00,7489.25,7492.5,7489.0,7491.0,1482
2026-07-26 21:20:00-04:00,7490.25,7491.0,7487.0,7489.5,1262
2026-07-26 21:25:00-04:00,7489.75,7490.25,7488.0,7490.25,919
2026-07-26 21:30:00-04:00,7494.25,7496.5,7489.5,7489.75,1341
2026-07-26 21:35:00-04:00,7497.5,7498.0,7491.25,7494.25,996
2026-07-26 21:40:00-04:00,7496.0,7499.25,7494.5,7497.25,1243
2026-07-26 21:45:00-04:00,7497.25,7498.0,7494.25,7495.75,665
2026-07-26 21:50:00-04:00,7496.0,7497.25,7493.5,7497.0,772
2026-07-26 21:55:00-04:00,7498.0,7498.5,7495.25,7495.75,489
2026-07-26 22:00:00-04:00,7497.25,7500.5,7497.0,7498.25,980
2026-07-26 22:05:00-04:00,7499.0,7499.5,7495.75,7497.25,808
2026-07-26 22:10:00-04:00,7498.5,7499.75,7496.75,7498.75,346
2026-07-26 22:15:00-04:00,7500.0,7501.0,7497.75,7498.5,880
2026-07-26 22:20:00-04:00,7499.75,7500.75,7497.25,7500.0,871
2026-07-26 22:25:00-04:00,7500.0,7502.0,7499.5,7499.5,690
2026-07-26 22:30:00-04:00,7498.0,7500.25,7496.75,7500.0,527
2026-07-26 22:35:00-04:00,7501.75,7502.25,7497.25,7498.0,508
2026-07-26 22:40:00-04:00,7501.5,7502.25,7500.5,7501.75,357
2026-07-26 22:45:00-04:00,7499.0,7502.5,7498.75,7501.25,471
2026-07-26 22:50:00-04:00,7499.25,7500.0,7498.0,7499.0,367
2026-07-26 22:55:00-04:00,7499.25,7500.25,7498.75,7499.0,242
2026-07-26 23:00:00-04:00,7499.5,7502.75,7499.0,7499.25,830
2026-07-26 23:05:00-04:00,7499.75,7501.75,7499.25,7499.75,271
2026-07-26 23:10:00-04:00,7503.0,7503.25,7499.25,7499.75,445
2026-07-26 23:15:00-04:00,7503.0,7503.5,7502.0,7503.0,565
2026-07-26 23:20:00-04:00,7501.75,7503.25,7501.5,7503.0,314
2026-07-26 23:25:00-04:00,7500.75,7502.75,7500.5,7501.5,308
2026-07-26 23:30:00-04:00,7499.75,7501.0,7498.25,7501.0,459
2026-07-26 23:35:00-04:00,7499.0,7500.0,7498.75,7499.75,190
2026-07-26 23:40:00-04:00,7500.5,7502.5,7498.75,7499.0,397
2026-07-26 23:45:00-04:00,7499.0,7501.0,7498.5,7500.25,294
2026-07-26 23:50:00-04:00,7499.5,7500.0,7498.75,7499.25,222
2026-07-26 23:55:00-04:00,7499.25,7501.0,7498.0,7499.75,345
2026-07-27 00:00:00-04:00,7500.5,7502.0,7499.5,7499.5,426
2026-07-27 00:05:00-04:00,7500.0,7501.75,7498.75,7500.5,264
2026-07-27 00:10:00-04:00,7502.0,7502.0,7499.5,7500.0,175
2026-07-27 00:15:00-04:00,7502.75,7503.5,7500.25,7501.75,385
2026-07-27 00:20:00-04:00,7502.0,7503.75,7501.5,7502.75,436
2026-07-27 00:25:00-04:00,7501.5,7503.0,7499.5,7502.0,406
2026-07-27 00:30:00-04:00,7503.25,7503.75,7500.0,7501.5,387
2026-07-27 00:35:00-04:00,7503.75,7504.25,7502.75,7503.25,474
2026-07-27 00:40:00-04:00,7505.25,7505.75,7503.75,7503.75,622
2026-07-27 00:45:00-04:00,7504.25,7505.75,7504.0,7505.25,507
2026-07-27 00:50:00-04:00,7506.5,7507.0,7504.25,7504.25,593
2026-07-27 00:55:00-04:00,7504.75,7507.0,7504.5,7506.5,609
2026-07-27 01:00:00-04:00,7505.25,7506.0,7504.25,7504.75,367
2026-07-27 01:05:00-04:00,7507.5,7507.75,7505.25,7505.5,440
2026-07-27 01:10:00-04:00,7509.0,7509.5,7507.5,7507.5,742
2026-07-27 01:15:00-04:00,7509.25,7510.25,7508.0,7508.75,894
2026-07-27 01:20:00-04:00,7510.0,7510.25,7509.25,7509.25,406
2026-07-27 01:25:00-04:00,7510.5,7510.5,7509.25,7509.75,469
2026-07-27 01:30:00-04:00,7510.75,7511.5,7509.5,7510.5,788
2026-07-27 01:35:00-04:00,7514.0,7517.0,7510.75,7511.0,1386
2026-07-27 01:40:00-04:00,7512.25,7514.0,7511.25,7514.0,772
2026-07-27 01:45:00-04:00,7513.5,7513.5,7512.0,7512.5,632
2026-07-27 01:50:00-04:00,7514.75,7515.0,7512.75,7513.5,736
2026-07-27 01:55:00-04:00,7514.5,7515.25,7513.75,7514.75,1049
2026-07-27 02:00:00-04:00,7517.0,7518.25,7514.5,7514.5,2051
2026-07-27 02:05:00-04:00,7519.25,7519.5,7516.5,7516.75,1670
2026-07-27 02:10:00-04:00,7517.5,7520.0,7516.75,7519.5,1430
2026-07-27 02:15:00-04:00,7517.75,7518.25,7516.75,7517.25,850
2026-07-27 02:20:00-04:00,7514.75,7518.0,7514.0,7518.0,1133
2026-07-27 02:25:00-04:00,7515.0,7515.25,7514.25,7514.75,688
2026-07-27 02:30:00-04:00,7515.75,7516.75,7514.5,7514.75,1025
2026-07-27 02:35:00-04:00,7515.25,7516.5,7515.0,7516.0,788
2026-07-27 02:40:00-04:00,7513.75,7515.25,7512.75,7515.0,705
2026-07-27 02:45:00-04:00,7513.25,7514.0,7512.25,7513.75,581
2026-07-27 02:50:00-04:00,7511.25,7513.5,7510.75,7513.5,1167
2026-07-27 02:55:00-04:00,7511.75,7513.25,7510.75,7511.25,1129
2026-07-27 03:00:00-04:00,7516.0,7516.5,7511.0,7511.75,2335
2026-07-27 03:05:00-04:00,7514.0,7516.25,7512.25,7516.0,1563
2026-07-27 03:10:00-04:00,7516.75,7517.0,7513.0,7514.0,1465
2026-07-27 03:15:00-04:00,7516.25,7517.25,7514.75,7516.75,1586
2026-07-27 03:20:00-04:00,7515.25,7516.75,7515.0,7516.5,749
2026-07-27 03:25:00-04:00,7513.0,7515.5,7512.75,7515.25,1029
2026-07-27 03:30:00-04:00,7512.25,7513.0,7510.25,7513.0,1012
2026-07-27 03:35:00-04:00,7510.0,7513.0,7508.75,7512.25,1070
2026-07-27 03:40:00-04:00,7511.5,7512.0,7509.25,7509.75,862
2026-07-27 03:45:00-04:00,7512.0,7512.25,7509.25,7511.25,1161
2026-07-27 03:50:00-04:00,7510.25,7512.0,7509.0,7512.0,1096
2026-07-27 03:55:00-04:00,7505.75,7511.0,7505.75,7509.75,1567
2026-07-27 04:00:00-04:00,7508.0,7510.0,7505.5,7505.75,2133
2026-07-27 04:05:00-04:00,7510.5,7511.25,7507.75,7508.0,1606
2026-07-27 04:10:00-04:00,7512.25,7512.25,7508.5,7510.75,1304
2026-07-27 04:15:00-04:00,7512.25,7513.75,7509.75,7512.0,1180
2026-07-27 04:20:00-04:00,7512.25,7513.5,7511.75,7512.5,908
2026-07-27 04:25:00-04:00,7514.75,7515.75,7512.0,7512.5,1110
2026-07-27 04:30:00-04:00,7514.25,7516.25,7514.0,7515.0,1360
2026-07-27 04:35:00-04:00,7515.75,7516.0,7512.75,7514.0,884
2026-07-27 04:40:00-04:00,7519.0,7519.75,7515.5,7515.75,1468
2026-07-27 04:45:00-04:00,7517.5,7519.5,7517.25,7519.0,1076
2026-07-27 04:50:00-04:00,7519.75,7520.0,7517.25,7517.5,972
2026-07-27 04:55:00-04:00,7519.25,7520.0,7518.0,7519.5,962
2026-07-27 05:00:00-04:00,7517.5,7519.25,7516.5,7519.25,924
2026-07-27 05:05:00-04:00,7516.75,7518.0,7516.5,7517.5,892
2026-07-27 05:10:00-04:00,7517.0,7518.0,7516.5,7516.75,624
2026-07-27 05:15:00-04:00,7516.75,7517.5,7516.5,7517.0,605
2026-07-27 05:20:00-04:00,7518.5,7519.25,7516.5,7516.75,599
2026-07-27 05:25:00-04:00,7517.75,7520.0,7517.5,7518.75,1333
2026-07-27 05:30:00-04:00,7519.0,7519.0,7517.0,7517.75,943
2026-07-27 05:35:00-04:00,7520.25,7521.0,7518.25,7518.75,1159
2026-07-27 05:40:00-04:00,7522.0,7522.5,7519.75,7520.5,1122
2026-07-27 05:45:00-04:00,7523.75,7524.75,7521.5,7521.75,1595
2026-07-27 05:50:00-04:00,7523.25,7523.75,7522.75,7523.75,930
2026-07-27 05:55:00-04:00,7522.25,7523.5,7522.0,7523.0,664
2026-07-27 06:00:00-04:00,7522.25,7523.25,7521.5,7522.25,886
2026-07-27 06:05:00-04:00,7521.5,7522.75,7521.25,7522.25,652
2026-07-27 06:10:00-04:00,7520.5,7521.5,7518.5,7521.5,1400
2026-07-27 06:15:00-04:00,7520.75,7522.0,7520.0,7520.75,602
2026-07-27 06:20:00-04:00,7520.0,7521.75,7520.0,7521.0,620
2026-07-27 06:25:00-04:00,7520.75,7522.0,7519.75,7520.0,625
2026-07-27 06:30:00-04:00,7520.5,7521.75,7520.5,7521.0,609
2026-07-27 06:35:00-04:00,7521.25,7521.5,7519.25,7520.5,911
2026-07-27 06:40:00-04:00,7522.5,7522.75,7520.25,7521.0,526
2026-07-27 06:45:00-04:00,7522.75,7522.75,7521.75,7522.25,949
2026-07-27 06:50:00-04:00,7522.75,7523.0,7522.25,7522.75,708
2026-07-27 06:55:00-04:00,7521.75,7524.25,7521.5,7522.75,1036
2026-07-27 07:00:00-04:00,7519.5,7522.0,7518.75,7521.75,1294
2026-07-27 07:05:00-04:00,7518.75,7519.75,7518.5,7519.5,807
2026-07-27 07:10:00-04:00,7517.75,7519.75,7516.75,7518.5,1217
2026-07-27 07:15:00-04:00,7516.5,7519.25,7516.5,7517.5,958
2026-07-27 07:20:00-04:00,7516.0,7517.5,7515.75,7516.5,1197
2026-07-27 07:25:00-04:00,7509.0,7517.0,7508.25,7516.0,2602
2026-07-27 07:30:00-04:00,7512.5,7514.75,7507.75,7509.0,3361
2026-07-27 07:35:00-04:00,7514.25,7515.0,7512.25,7512.5,1008
2026-07-27 07:40:00-04:00,7512.25,7514.5,7509.25,7514.25,2731
2026-07-27 07:45:00-04:00,7512.5,7513.0,7511.5,7512.25,734
2026-07-27 07:50:00-04:00,7511.5,7513.25,7511.25,7512.5,899
2026-07-27 07:55:00-04:00,7511.75,7513.0,7511.25,7511.5,1302
2026-07-27 08:00:00-04:00,7514.5,7515.25,7511.75,7511.75,2181
2026-07-27 08:05:00-04:00,7512.75,7514.75,7512.5,7514.5,1373
2026-07-27 08:10:00-04:00,7505.25,7512.75,7504.5,7512.75,3839
2026-07-27 08:15:00-04:00,7506.25,7507.75,7505.25,7505.25,1556
2026-07-27 08:20:00-04:00,7507.25,7508.25,7505.0,7506.25,1732
2026-07-27 08:25:00-04:00,7508.25,7509.5,7506.75,7507.25,1033
2026-07-27 08:30:00-04:00,7509.5,7509.75,7506.5,7508.25,2014
2026-07-27 08:35:00-04:00,7510.75,7511.75,7509.25,7509.75,1587
2026-07-27 08:40:00-04:00,7511.75,7511.75,7509.25,7510.75,1347
2026-07-27 08:45:00-04:00,7513.75,7514.25,7510.75,7511.5,2258
2026-07-27 08:50:00-04:00,7513.75,7514.25,7510.75,7513.75,3276
2026-07-27 08:55:00-04:00,7513.25,7514.5,7511.5,7513.5,1565
2026-07-27 09:00:00-04:00,7512.5,7514.5,7510.5,7513.5,3338
2026-07-27 09:05:00-04:00,7512.75,7512.75,7510.0,7512.5,2677
2026-07-27 09:10:00-04:00,7512.5,7515.25,7511.75,7512.75,2222
2026-07-27 09:15:00-04:00,7509.25,7514.0,7508.5,7512.5,3157
2026-07-27 09:20:00-04:00,7509.0,7510.25,7508.5,7509.25,2054
2026-07-27 09:25:00-04:00,7507.5,7511.75,7507.0,7509.0,6088
2026-07-27 09:30:00-04:00,7505.25,7510.5,7498.0,7507.75,31433
2026-07-27 09:35:00-04:00,7508.25,7514.0,7504.25,7505.25,22634
2026-07-27 09:40:00-04:00,7493.25,7509.25,7492.5,7508.5,23721
2026-07-27 09:45:00-04:00,7496.25,7499.75,7490.25,7493.5,25790
2026-07-27 09:50:00-04:00,7492.75,7500.0,7491.5,7496.5,17228
2026-07-27 09:55:00-04:00,7474.0,7493.0,7473.75,7492.5,28017
2026-07-27 10:00:00-04:00,7474.25,7479.25,7469.75,7474.0,31527
2026-07-27 10:05:00-04:00,7475.5,7478.5,7470.0,7474.5,21061
2026-07-27 10:10:00-04:00,7467.5,7475.75,7462.5,7475.5,24864
2026-07-27 10:15:00-04:00,7467.5,7473.5,7463.25,7467.5,21792
2026-07-27 10:20:00-04:00,7456.25,7467.5,7454.0,7467.5,22471
2026-07-27 10:25:00-04:00,7440.75,7456.5,7439.75,7456.25,26149
2026-07-27 10:30:00-04:00,7437.5,7443.5,7435.25,7441.0,28334
2026-07-27 10:35:00-04:00,7438.75,7441.25,7428.75,7437.25,28733
2026-07-27 10:40:00-04:00,7426.0,7440.75,7423.0,7438.75,27514
2026-07-27 10:45:00-04:00,7438.0,7439.75,7426.0,7426.0,27164
2026-07-27 10:50:00-04:00,7444.0,7446.25,7437.0,7438.0,23732
2026-07-27 10:55:00-04:00,7455.5,7457.25,7441.75,7444.0,18536
2026-07-27 11:00:00-04:00,7455.75,7458.25,7451.25,7455.75,19515
2026-07-27 11:05:00-04:00,7451.0,7461.75,7450.5,7455.75,15549
2026-07-27 11:10:00-04:00,7452.25,7458.0,7449.5,7451.0,16647
2026-07-27 11:15:00-04:00,7446.75,7453.5,7437.5,7452.25,17552
2026-07-27 11:20:00-04:00,7440.0,7451.75,7438.5,7446.5,15968
2026-07-27 11:25:00-04:00,7441.0,7443.75,7436.75,7440.0,13740
2026-07-27 11:30:00-04:00,7432.25,7441.5,7431.25,7441.0,15428
2026-07-27 11:35:00-04:00,7427.5,7433.25,7421.25,7432.25,17274
2026-07-27 11:40:00-04:00,7432.5,7433.25,7424.25,7427.75,15001
2026-07-27 11:45:00-04:00,7427.0,7433.75,7424.75,7432.5,11389
2026-07-27 11:50:00-04:00,7428.75,7432.25,7425.0,7427.0,10251
2026-07-27 11:55:00-04:00,7433.0,7434.5,7427.5,7428.5,10542
2026-07-27 12:00:00-04:00,7439.5,7439.75,7431.75,7433.0,11039
2026-07-27 12:05:00-04:00,7441.25,7441.75,7435.25,7439.5,10287
2026-07-27 12:10:00-04:00,7432.75,7445.25,7431.75,7441.25,12028
2026-07-27 12:15:00-04:00,7431.0,7433.25,7426.75,7432.5,10620
2026-07-27 12:20:00-04:00,7435.75,7436.5,7428.75,7431.25,9475
2026-07-27 12:25:00-04:00,7445.5,7455.25,7435.25,7436.0,32728
2026-07-27 12:30:00-04:00,7447.5,7451.5,7442.0,7445.5,12201
2026-07-27 12:35:00-04:00,7447.75,7452.0,7442.5,7447.25,9493
2026-07-27 12:40:00-04:00,7441.5,7449.25,7438.25,7447.75,8531
2026-07-27 12:45:00-04:00,7438.75,7446.25,7438.75,7441.5,8119
2026-07-27 12:50:00-04:00,7429.25,7439.0,7427.75,7439.0,12567
2026-07-27 12:55:00-04:00,7428.0,7429.5,7424.25,7429.25,12733
2026-07-27 13:00:00-04:00,7419.75,7429.0,7418.75,7428.25,13798
2026-07-27 13:05:00-04:00,7421.5,7423.75,7418.5,7419.75,10466
2026-07-27 13:10:00-04:00,7424.25,7425.5,7419.75,7421.5,10035
2026-07-27 13:15:00-04:00,7420.25,7425.5,7416.25,7424.5,9746
2026-07-27 13:20:00-04:00,7421.75,7425.75,7418.75,7420.0,7480
2026-07-27 13:25:00-04:00,7420.0,7424.5,7419.75,7422.0,6110
2026-07-27 13:30:00-04:00,7429.5,7430.0,7419.75,7420.0,9009
2026-07-27 13:35:00-04:00,7424.75,7430.75,7423.25,7429.5,7711
2026-07-27 13:40:00-04:00,7426.0,7426.75,7422.75,7424.5,5995
2026-07-27 13:45:00-04:00,7425.25,7429.25,7423.25,7426.0,5760
2026-07-27 13:50:00-04:00,7433.0,7433.5,7424.5,7425.25,6582
2026-07-27 13:55:00-04:00,7436.0,7436.5,7430.75,7432.75,8699
2026-07-27 14:00:00-04:00,7433.75,7437.5,7433.0,7436.25,9108
2026-07-27 14:05:00-04:00,7434.75,7437.5,7432.5,7434.0,6008
2026-07-27 14:10:00-04:00,7435.5,7437.25,7434.25,7435.0,6777
2026-07-27 14:15:00-04:00,7430.0,7436.25,7428.0,7435.5,9659
2026-07-27 14:20:00-04:00,7433.5,7435.0,7428.75,7430.0,5786
2026-07-27 14:25:00-04:00,7434.25,7435.75,7432.25,7433.5,5318
2026-07-27 14:30:00-04:00,7426.75,7434.5,7426.25,7434.25,6972
2026-07-27 14:35:00-04:00,7425.75,7428.75,7425.0,7426.75,6561
2026-07-27 14:40:00-04:00,7432.5,7434.0,7424.0,7425.75,18259
2026-07-27 14:45:00-04:00,7431.75,7435.25,7431.25,7432.75,6268
2026-07-27 14:50:00-04:00,7443.5,7444.5,7431.5,7431.75,12990
2026-07-27 14:55:00-04:00,7448.75,7450.5,7443.25,7443.25,16709
2026-07-27 15:00:00-04:00,7443.75,7449.75,7443.5,7448.75,10542
2026-07-27 15:05:00-04:00,7451.0,7452.0,7442.75,7443.5,10688
2026-07-27 15:10:00-04:00,7448.75,7454.0,7447.25,7451.0,8500
2026-07-27 15:15:00-04:00,7453.0,7453.0,7448.75,7448.75,6326
2026-07-27 15:20:00-04:00,7454.5,7455.75,7451.25,7453.25,8554
2026-07-27 15:25:00-04:00,7454.75,7455.25,7451.5,7454.25,6958
2026-07-27 15:30:00-04:00,7453.75,7456.75,7452.75,7454.5,9736
2026-07-27 15:35:00-04:00,7448.25,7455.0,7447.25,7453.5,11765
2026-07-27 15:40:00-04:00,7448.25,7450.5,7446.5,7448.25,9015
2026-07-27 15:45:00-04:00,7449.0,7449.25,7444.5,7448.25,10705
2026-07-27 15:50:00-04:00,7446.5,7451.0,7444.25,7449.25,14930
2026-07-27 15:55:00-04:00,7449.0,7450.0,7443.75,7446.5,57671
2026-07-27 16:00:00-04:00,7449.25,7454.25,7448.0,7449.25,18398
2026-07-27 16:05:00-04:00,7448.75,7449.5,7445.0,7449.0,3817
2026-07-27 16:10:00-04:00,7448.0,7449.5,7445.0,7449.0,3960
2026-07-27 16:15:00-04:00,7448.75,7449.25,7447.25,7448.0,1237
2026-07-27 16:20:00-04:00,7447.25,7449.0,7446.25,7448.75,843
2026-07-27 16:25:00-04:00,7448.75,7448.75,7447.25,7447.5,792
2026-07-27 16:30:00-04:00,7453.0,7453.25,7448.0,7448.5,1381
2026-07-27 16:35:00-04:00,7454.25,7456.5,7452.75,7453.0,1846
2026-07-27 16:40:00-04:00,7452.75,7454.25,7452.25,7454.25,664
2026-07-27 16:45:00-04:00,7451.5,7453.0,7451.25,7452.75,852
2026-07-27 16:50:00-04:00,7451.75,7452.5,7449.75,7451.5,1116
2026-07-27 16:55:00-04:00,7453.5,7453.5,7451.0,7451.5,908
2026-07-27 18:00:00-04:00,7450.75,7456.0,7450.75,7453.0,0
2026-07-27 18:05:00-04:00,7449.5,7452.0,7448.75,7450.75,361
2026-07-27 18:10:00-04:00,7447.0,7449.75,7446.75,7449.5,461
2026-07-27 18:15:00-04:00,7447.5,7448.75,7446.5,7447.25,447
2026-07-27 18:20:00-04:00,7446.75,7448.5,7446.25,7447.75,505
2026-07-27 18:25:00-04:00,7444.75,7447.0,7444.0,7446.75,869
2026-07-27 18:30:00-04:00,7447.25,7448.0,7444.75,7444.75,504
2026-07-27 18:35:00-04:00,7447.0,7448.5,7446.0,7447.75,308
2026-07-27 18:40:00-04:00,7445.5,7447.0,7445.0,7447.0,298
2026-07-27 18:45:00-04:00,7445.5,7446.0,7444.5,7445.75,349
2026-07-27 18:50:00-04:00,7445.25,7447.25,7445.0,7445.25,184
2026-07-27 18:55:00-04:00,7444.5,7445.5,7444.0,7445.25,208
2026-07-27 19:00:00-04:00,7441.0,7444.75,7440.0,7444.5,727
2026-07-27 19:05:00-04:00,7444.25,7447.25,7441.0,7441.25,545
2026-07-27 19:10:00-04:00,7444.0,7445.25,7443.25,7444.5,288
2026-07-27 19:15:00-04:00,7445.5,7446.0,7441.75,7443.5,397
2026-07-27 19:20:00-04:00,7446.0,7447.5,7444.25,7445.75,342
2026-07-27 19:25:00-04:00,7449.0,7449.0,7445.75,7446.25,275
2026-07-27 19:30:00-04:00,7447.5,7448.75,7447.0,7448.5,263
2026-07-27 19:35:00-04:00,7446.25,7447.75,7445.5,7447.25,280
2026-07-27 19:40:00-04:00,7445.25,7446.75,7444.75,7446.25,198
2026-07-27 19:45:00-04:00,7442.75,7446.25,7442.0,7445.5,565
2026-07-27 19:50:00-04:00,7449.0,7449.75,7442.0,7443.0,870
2026-07-27 19:55:00-04:00,7447.75,7450.0,7446.75,7449.25,463
2026-07-27 20:00:00-04:00,7450.25,7452.0,7445.75,7448.25,1663
2026-07-27 20:05:00-04:00,7444.25,7450.5,7441.75,7450.25,1127
2026-07-27 20:10:00-04:00,7441.75,7445.0,7438.25,7444.25,1357
2026-07-27 20:15:00-04:00,7440.5,7444.0,7439.25,7441.5,1068
2026-07-27 20:20:00-04:00,7438.5,7442.5,7436.5,7441.0,1178
2026-07-27 20:25:00-04:00,7440.5,7440.5,7436.25,7438.75,1121
2026-07-27 20:30:00-04:00,7442.0,7443.25,7434.25,7440.5,1546
2026-07-27 20:35:00-04:00,7442.75,7444.75,7441.25,7442.0,829
2026-07-27 20:40:00-04:00,7443.5,7445.0,7442.0,7442.75,527
2026-07-27 20:45:00-04:00,7439.0,7443.25,7438.0,7443.25,934
2026-07-27 20:50:00-04:00,7438.0,7439.5,7437.5,7439.0,497
2026-07-27 20:55:00-04:00,7437.75,7439.25,7435.5,7437.75,548
2026-07-27 21:00:00-04:00,7434.25,7438.75,7434.25,7437.5,1752
2026-07-27 21:05:00-04:00,7429.75,7434.75,7428.5,7434.25,1505
2026-07-27 21:10:00-04:00,7427.75,7430.5,7425.0,7429.75,1286
2026-07-27 21:15:00-04:00,7429.75,7429.75,7426.25,7427.75,923
2026-07-27 21:20:00-04:00,7431.25,7432.5,7428.25,7429.75,996
2026-07-27 21:25:00-04:00,7438.0,7441.25,7430.0,7431.0,1578
2026-07-27 21:30:00-04:00,7442.25,7442.75,7437.0,7437.75,841
2026-07-27 21:35:00-04:00,7439.5,7443.5,7438.75,7442.5,833
2026-07-27 21:40:00-04:00,7441.25,7441.5,7436.5,7439.75,837
2026-07-27 21:45:00-04:00,7442.0,7443.5,7439.5,7441.0,666
2026-07-27 21:50:00-04:00,7434.25,7442.0,7433.5,7441.75,1413
2026-07-27 21:55:00-04:00,7434.25,7435.25,7432.0,7434.25,756
2026-07-27 22:00:00-04:00,7431.5,7435.0,7431.0,7434.5,1123
2026-07-27 22:05:00-04:00,7431.25,7432.75,7430.5,7431.5,877
2026-07-27 22:10:00-04:00,7430.75,7432.0,7429.0,7431.25,543
2026-07-27 22:15:00-04:00,7433.0,7433.5,7428.0,7430.5,761
2026-07-27 22:20:00-04:00,7433.75,7435.75,7432.5,7433.25,704
2026-07-27 22:25:00-04:00,7430.25,7434.75,7429.0,7434.5,472
2026-07-27 22:30:00-04:00,7429.0,7430.75,7427.0,7430.25,797
2026-07-27 22:35:00-04:00,7430.0,7431.0,7427.75,7429.0,369
2026-07-27 22:40:00-04:00,7428.0,7430.25,7427.0,7429.75,534
2026-07-27 22:45:00-04:00,7428.5,7429.5,7426.75,7428.25,833
2026-07-27 22:50:00-04:00,7430.5,7433.5,7427.25,7428.5,840
2026-07-27 22:55:00-04:00,7430.5,7431.25,7429.0,7430.5,296
2026-07-27 23:00:00-04:00,7427.75,7431.0,7426.0,7430.5,716
2026-07-27 23:05:00-04:00,7425.75,7428.0,7425.25,7427.5,623
2026-07-27 23:10:00-04:00,7428.5,7429.25,7424.0,7425.75,1107
2026-07-27 23:15:00-04:00,7435.5,7435.5,7427.75,7428.5,988
2026-07-27 23:20:00-04:00,7436.75,7437.75,7435.25,7435.5,730
2026-07-27 23:25:00-04:00,7429.75,7438.0,7429.0,7436.75,1010
2026-07-27 23:30:00-04:00,7435.25,7435.75,7425.75,7429.75,1728
2026-07-27 23:35:00-04:00,7438.5,7438.75,7433.25,7435.0,1001
2026-07-27 23:40:00-04:00,7440.25,7442.0,7437.0,7438.5,1282
2026-07-27 23:45:00-04:00,7441.5,7441.75,7438.25,7440.5,876
2026-07-27 23:50:00-04:00,7440.25,7442.0,7438.25,7441.75,504
2026-07-27 23:55:00-04:00,7440.75,7440.75,7437.5,7440.0,385
2026-07-28 00:05:00-04:00,7434.5,7435.75,7434.5,7435.75,2172
2026-07-28 00:10:00-04:00,7430.75,7435.25,7430.0,7434.5,895
2026-07-28 00:15:00-04:00,7434.5,7435.0,7429.75,7430.75,734
2026-07-28 00:20:00-04:00,7430.75,7435.75,7429.75,7434.75,574
2026-07-28 00:25:00-04:00,7430.5,7431.75,7429.75,7430.5,306
2026-07-28 00:30:00-04:00,7430.25,7431.0,7429.0,7430.25,433
2026-07-28 00:35:00-04:00,7430.5,7431.5,7428.5,7430.25,454
2026-07-28 00:40:00-04:00,7430.75,7431.75,7429.25,7430.25,395
2026-07-28 00:45:00-04:00,7431.25,7434.75,7430.25,7430.5,806
2026-07-28 00:50:00-04:00,7429.25,7431.25,7428.25,7431.0,400
2026-07-28 00:55:00-04:00,7427.25,7430.0,7426.0,7429.0,553
2026-07-28 01:00:00-04:00,7430.5,7431.5,7426.5,7427.5,594
2026-07-28 01:05:00-04:00,7429.25,7430.5,7427.25,7430.25,345
2026-07-28 01:15:00-04:00,7426.75,7448.25,7426.75,7448.25,835
2026-07-28 01:20:00-04:00,7426.75,7428.0,7425.0,7426.75,618
2026-07-28 01:25:00-04:00,7424.75,7426.5,7424.0,7426.5,740
2026-07-28 01:30:00-04:00,7420.5,7425.25,7419.75,7424.75,1623
2026-07-28 01:35:00-04:00,7422.5,7424.25,7419.0,7420.5,1073
2026-07-28 01:40:00-04:00,7422.0,7422.5,7419.5,7422.5,567
2026-07-28 01:45:00-04:00,7422.75,7423.5,7421.5,7422.0,641
2026-07-28 01:50:00-04:00,7423.5,7425.5,7421.75,7422.75,840
2026-07-28 01:55:00-04:00,7420.75,7424.25,7419.5,7423.5,454
2026-07-28 02:00:00-04:00,7420.0,7424.5,7420.0,7421.25,1220
2026-07-28 02:05:00-04:00,7421.75,7423.5,7419.5,7420.25,1125
2026-07-28 02:10:00-04:00,7423.0,7423.75,7420.25,7421.75,903
2026-07-28 02:15:00-04:00,7424.75,7426.5,7423.0,7423.0,1020
2026-07-28 02:20:00-04:00,7423.5,7426.5,7419.75,7424.5,3197
2026-07-28 02:25:00-04:00,7425.5,7425.75,7422.0,7423.5,1841
2026-07-28 02:30:00-04:00,7425.5,7426.25,7423.75,7425.5,941
2026-07-28 02:35:00-04:00,7427.25,7428.75,7425.0,7425.5,867
2026-07-28 02:40:00-04:00,7427.25,7429.5,7427.0,7427.25,654
2026-07-28 02:45:00-04:00,7425.5,7427.25,7424.25,7427.25,830
2026-07-28 02:50:00-04:00,7427.25,7427.25,7425.0,7425.5,511
2026-07-28 02:55:00-04:00,7429.75,7431.5,7427.25,7427.25,1022
2026-07-28 03:00:00-04:00,7430.5,7433.5,7429.5,7429.75,2289
2026-07-28 03:05:00-04:00,7435.25,7436.25,7429.0,7431.0,1646
2026-07-28 03:10:00-04:00,7435.75,7436.75,7433.75,7435.25,1395
2026-07-28 03:15:00-04:00,7436.5,7438.5,7435.5,7435.75,1225
2026-07-28 03:20:00-04:00,7435.25,7437.75,7435.25,7436.5,964
2026-07-28 03:25:00-04:00,7435.25,7437.25,7434.0,7435.25,1410
2026-07-28 03:30:00-04:00,7435.5,7436.0,7434.0,7435.0,1169
2026-07-28 03:35:00-04:00,7436.5,7437.0,7433.25,7435.75,817
2026-07-28 03:40:00-04:00,7434.5,7437.5,7434.0,7436.5,840
2026-07-28 03:45:00-04:00,7431.25,7434.75,7429.25,7434.25,1032
2026-07-28 03:50:00-04:00,7435.5,7436.5,7430.5,7431.25,1469
2026-07-28 03:55:00-04:00,7433.25,7436.5,7432.5,7435.75,839
2026-07-28 04:00:00-04:00,7434.25,7436.5,7429.25,7433.5,2674
2026-07-28 04:05:00-04:00,7429.5,7436.25,7429.25,7434.25,2029
2026-07-28 04:10:00-04:00,7426.25,7429.5,7425.25,7429.5,1823
2026-07-28 04:15:00-04:00,7436.5,7438.0,7425.5,7426.25,2671
2026-07-28 04:20:00-04:00,7443.25,7444.5,7436.25,7436.25,2709
2026-07-28 04:25:00-04:00,7442.75,7443.25,7439.75,7443.0,1314
2026-07-28 04:30:00-04:00,7443.0,7443.5,7438.75,7443.0,1326
2026-07-28 04:35:00-04:00,7442.5,7444.75,7440.25,7442.75,1155
2026-07-28 04:40:00-04:00,7444.5,7446.25,7442.75,7443.0,1279
2026-07-28 04:45:00-04:00,7445.5,7448.5,7443.5,7444.5,1546
2026-07-28 04:50:00-04:00,7442.5,7449.0,7442.25,7445.75,1073
2026-07-28 04:55:00-04:00,7442.0,7442.5,7440.25,7442.5,1324
2026-07-28 05:00:00-04:00,7441.5,7443.25,7440.25,7441.75,981
2026-07-28 05:05:00-04:00,7443.0,7444.0,7441.25,7441.25,562
2026-07-28 05:10:00-04:00,7441.5,7445.25,7440.75,7443.0,703
2026-07-28 05:15:00-04:00,7443.75,7444.25,7441.75,7441.75,641
2026-07-28 05:20:00-04:00,7444.0,7444.5,7443.25,7443.75,547
2026-07-28 05:25:00-04:00,7445.25,7445.75,7443.25,7444.0,477
2026-07-28 05:30:00-04:00,7443.25,7445.5,7442.75,7445.5,766
2026-07-28 05:35:00-04:00,7442.75,7443.5,7441.5,7443.5,1148
2026-07-28 05:40:00-04:00,7442.25,7444.5,7441.5,7442.75,694
2026-07-28 05:45:00-04:00,7443.25,7443.5,7441.5,7442.5,658
2026-07-28 05:50:00-04:00,7442.0,7444.75,7441.75,7443.5,528
2026-07-28 05:55:00-04:00,7439.75,7442.5,7438.0,7442.0,878
2026-07-28 06:00:00-04:00,7440.75,7441.25,7438.25,7439.5,790
2026-07-28 06:05:00-04:00,7439.5,7441.0,7438.0,7440.75,696
2026-07-28 06:10:00-04:00,7439.0,7441.0,7438.0,7439.5,718
2026-07-28 06:15:00-04:00,7442.0,7442.25,7438.5,7439.0,787
2026-07-28 06:20:00-04:00,7439.25,7442.25,7437.25,7442.0,831
2026-07-28 06:25:00-04:00,7442.5,7442.5,7436.75,7439.25,781
2026-07-28 06:30:00-04:00,7439.75,7444.25,7438.5,7442.5,2108
2026-07-28 06:35:00-04:00,7436.25,7440.25,7435.25,7439.5,2840
2026-07-28 06:40:00-04:00,7437.0,7437.0,7433.75,7436.0,1372
2026-07-28 06:45:00-04:00,7438.75,7441.25,7436.5,7437.0,1469
2026-07-28 06:50:00-04:00,7441.5,7441.5,7437.75,7438.75,733
2026-07-28 06:55:00-04:00,7442.25,7442.5,7440.0,7441.5,1462
2026-07-28 07:00:00-04:00,7439.0,7446.25,7438.25,7442.25,3581
2026-07-28 07:05:00-04:00,7437.5,7441.5,7437.0,7438.75,2115
2026-07-28 07:10:00-04:00,7433.25,7437.75,7432.5,7437.5,1969
2026-07-28 07:15:00-04:00,7446.5,7450.0,7433.25,7433.25,5788
2026-07-28 07:20:00-04:00,7442.75,7448.25,7442.5,7446.5,2127
2026-07-28 07:25:00-04:00,7438.0,7442.75,7437.5,7442.5,1718
2026-07-28 07:30:00-04:00,7438.0,7440.0,7435.5,7438.0,1952
2026-07-28 07:35:00-04:00,7437.5,7450.0,7437.25,7438.0,4350
2026-07-28 07:40:00-04:00,7437.5,7439.0,7433.0,7437.5,3767
2026-07-28 07:45:00-04:00,7443.5,7446.75,7437.0,7437.5,2069
2026-07-28 07:50:00-04:00,7444.25,7446.0,7441.75,7443.25,1205
2026-07-28 07:55:00-04:00,7450.75,7452.5,7444.5,7444.5,3004
2026-07-28 08:00:00-04:00,7452.75,7454.0,7449.0,7450.75,2524
2026-07-28 08:05:00-04:00,7453.0,7455.0,7451.25,7452.75,1989
2026-07-28 08:10:00-04:00,7450.5,7453.25,7448.25,7452.75,1903
2026-07-28 08:15:00-04:00,7451.0,7451.25,7448.5,7450.75,2057
2026-07-28 08:20:00-04:00,7453.25,7453.5,7449.5,7451.0,1298
2026-07-28 08:25:00-04:00,7457.0,7458.0,7452.25,7453.25,2902
2026-07-28 08:30:00-04:00,7454.25,7459.75,7451.25,7457.25,5349
2026-07-28 08:35:00-04:00,7454.25,7458.0,7453.25,7454.0,3005
2026-07-28 08:40:00-04:00,7459.5,7460.5,7452.0,7453.75,3797
2026-07-28 08:45:00-04:00,7460.25,7467.0,7458.75,7459.5,4501
2026-07-28 08:50:00-04:00,7459.0,7461.0,7455.5,7460.75,2638
2026-07-28 08:55:00-04:00,7456.5,7460.0,7456.0,7459.25,1990
2026-07-28 09:00:00-04:00,7454.0,7457.0,7452.75,7456.5,4384
2026-07-28 09:05:00-04:00,7458.5,7459.25,7453.5,7453.75,2564
2026-07-28 09:10:00-04:00,7456.25,7458.5,7455.0,7458.25,2108
2026-07-28 09:15:00-04:00,7459.5,7462.25,7455.75,7456.0,3094
2026-07-28 09:20:00-04:00,7459.25,7461.25,7457.0,7459.5,2343
2026-07-28 09:25:00-04:00,7449.75,7459.0,7449.0,7459.0,8644
2026-07-28 09:30:00-04:00,7439.25,7452.5,7437.75,7449.75,43895
2026-07-28 09:35:00-04:00,7435.5,7448.5,7435.25,7439.25,22303
2026-07-28 09:40:00-04:00,7428.25,7441.25,7423.25,7435.75,25883
2026-07-28 09:45:00-04:00,7433.0,7433.5,7417.0,7428.0,31059
2026-07-28 09:50:00-04:00,7428.0,7439.5,7424.75,7432.75,27965
2026-07-28 09:55:00-04:00,7422.0,7430.25,7418.75,7428.0,18835
2026-07-28 10:00:00-04:00,7429.75,7434.5,7421.5,7421.75,16833
2026-07-28 10:05:00-04:00,7427.75,7439.5,7426.0,7429.5,19479
2026-07-28 10:10:00-04:00,7423.25,7435.5,7420.0,7427.75,19462
2026-07-28 10:15:00-04:00,7423.25,7429.25,7421.5,7423.5,18620
2026-07-28 10:20:00-04:00,7430.0,7436.25,7421.0,7423.25,19618
2026-07-28 10:25:00-04:00,7434.75,7435.25,7428.5,7430.25,13091
2026-07-28 10:30:00-04:00,7429.5,7437.75,7429.5,7434.75,13768
2026-07-28 10:35:00-04:00,7432.75,7444.0,7429.0,7429.75,18811
2026-07-28 10:40:00-04:00,7440.0,7444.0,7431.0,7432.75,14638
2026-07-28 10:45:00-04:00,7450.5,7451.75,7435.75,7439.75,18196
2026-07-28 10:50:00-04:00,7451.75,7455.25,7448.5,7450.5,18514
2026-07-28 10:55:00-04:00,7444.0,7456.0,7443.0,7452.0,13527
2026-07-28 11:00:00-04:00,7439.0,7449.25,7438.75,7444.25,11548
2026-07-28 11:05:00-04:00,7445.5,7446.0,7437.5,7438.75,11501
2026-07-28 11:10:00-04:00,7451.5,7454.75,7442.0,7445.5,21529
2026-07-28 11:15:00-04:00,7463.5,7463.5,7449.25,7451.5,22247
2026-07-28 11:20:00-04:00,7471.25,7471.25,7463.25,7463.5,25754
2026-07-28 11:25:00-04:00,7469.25,7477.25,7468.0,7471.25,23401
2026-07-28 11:30:00-04:00,7470.0,7472.5,7467.25,7469.25,13266
2026-07-28 11:35:00-04:00,7474.0,7476.5,7469.75,7470.0,11552
2026-07-28 11:40:00-04:00,7478.25,7478.5,7471.5,7473.75,11484
2026-07-28 11:45:00-04:00,7480.75,7482.25,7477.25,7478.25,13057
2026-07-28 11:50:00-04:00,7478.25,7482.0,7475.0,7480.75,15156
2026-07-28 11:55:00-04:00,7479.5,7481.5,7475.5,7478.0,8455
2026-07-28 12:00:00-04:00,7477.75,7481.0,7476.75,7479.75,8951
2026-07-28 12:05:00-04:00,7473.25,7479.5,7473.0,7477.5,10445
2026-07-28 12:10:00-04:00,7474.0,7476.0,7472.5,7473.5,8981
2026-07-28 12:15:00-04:00,7476.75,7476.75,7470.75,7474.0,8562
2026-07-28 12:20:00-04:00,7472.5,7478.5,7470.5,7476.75,10388
2026-07-28 12:25:00-04:00,7470.0,7473.75,7469.5,7472.25,6559
2026-07-28 12:30:00-04:00,7468.75,7471.5,7466.75,7469.75,9858
2026-07-28 12:35:00-04:00,7475.5,7475.75,7468.5,7468.75,7535
2026-07-28 12:40:00-04:00,7477.0,7479.25,7474.5,7475.25,10208
2026-07-28 12:45:00-04:00,7475.5,7478.5,7471.25,7477.0,9559
2026-07-28 12:50:00-04:00,7484.0,7484.5,7475.25,7475.25,9569
2026-07-28 12:55:00-04:00,7484.0,7485.75,7482.5,7483.75,6910
2026-07-28 13:00:00-04:00,7479.25,7485.5,7478.75,7484.0,9046
2026-07-28 13:05:00-04:00,7472.5,7481.0,7472.0,7479.25,10908
2026-07-28 13:10:00-04:00,7471.0,7476.0,7469.5,7472.75,11104
2026-07-28 13:15:00-04:00,7470.5,7473.0,7468.25,7471.0,8566
2026-07-28 13:20:00-04:00,7471.0,7479.5,7469.5,7470.5,13980
2026-07-28 13:25:00-04:00,7470.75,7474.75,7468.75,7470.75,7176
2026-07-28 13:30:00-04:00,7474.75,7476.0,7468.75,7470.75,8827
2026-07-28 13:35:00-04:00,7471.75,7477.0,7471.0,7474.5,5317
2026-07-28 13:40:00-04:00,7465.5,7474.5,7464.0,7471.5,9101
2026-07-28 13:45:00-04:00,7470.5,7471.75,7464.0,7465.5,9100
2026-07-28 13:50:00-04:00,7465.25,7470.5,7464.25,7470.5,6206
2026-07-28 13:55:00-04:00,7469.5,7470.0,7462.75,7465.25,6804
2026-07-28 14:00:00-04:00,7470.0,7473.25,7467.75,7469.75,8694
2026-07-28 14:05:00-04:00,7466.5,7470.75,7465.25,7469.75,5443
2026-07-28 14:10:00-04:00,7462.25,7467.0,7462.0,7466.5,7767
2026-07-28 14:15:00-04:00,7465.25,7466.5,7462.0,7462.25,7118
2026-07-28 14:20:00-04:00,7463.5,7467.5,7462.75,7465.5,5913
2026-07-28 14:25:00-04:00,7463.75,7464.75,7462.0,7463.25,5980
2026-07-28 14:30:00-04:00,7467.25,7468.5,7463.0,7464.0,8345
2026-07-28 14:35:00-04:00,7466.25,7469.0,7465.0,7467.25,5731
2026-07-28 14:40:00-04:00,7465.5,7466.75,7463.25,7466.0,6248
2026-07-28 14:45:00-04:00,7470.25,7472.0,7464.75,7465.5,8362
2026-07-28 14:50:00-04:00,7470.25,7473.0,7469.25,7470.25,6252
2026-07-28 14:55:00-04:00,7472.25,7474.0,7468.75,7470.5,6962
2026-07-28 15:00:00-04:00,7477.0,7477.5,7472.25,7472.25,9907
2026-07-28 15:05:00-04:00,7472.0,7477.5,7471.75,7476.75,11428
2026-07-28 15:10:00-04:00,7472.5,7474.5,7471.25,7472.25,5781
2026-07-28 15:15:00-04:00,7474.25,7475.25,7470.75,7472.5,7979
2026-07-28 15:20:00-04:00,7476.25,7476.5,7473.25,7474.25,5685
2026-07-28 15:25:00-04:00,7475.0,7476.75,7471.5,7476.25,7510
2026-07-28 15:30:00-04:00,7473.25,7475.5,7472.5,7475.25,8981
2026-07-28 15:35:00-04:00,7468.0,7473.5,7467.25,7473.25,9571
2026-07-28 15:40:00-04:00,7471.0,7471.25,7467.75,7468.0,8775
2026-07-28 15:45:00-04:00,7469.25,7471.5,7467.0,7471.0,8164
2026-07-28 15:50:00-04:00,7474.25,7475.0,7466.5,7469.25,15532
2026-07-28 15:55:00-04:00,7466.0,7474.5,7462.5,7474.5,64777
2026-07-28 16:00:00-04:00,7464.0,7467.5,7461.75,7466.25,17033
2026-07-28 16:05:00-04:00,7463.25,7469.25,7458.25,7464.0,9760
2026-07-28 16:10:00-04:00,7467.0,7468.75,7462.75,7463.25,4856
2026-07-28 16:15:00-04:00,7468.0,7468.25,7464.25,7467.0,3126
2026-07-28 16:20:00-04:00,7468.0,7468.5,7466.0,7468.0,1306
2026-07-28 16:25:00-04:00,7472.5,7474.0,7467.75,7468.0,2798
2026-07-28 16:30:00-04:00,7471.75,7473.5,7471.0,7472.5,1261
2026-07-28 16:35:00-04:00,7466.75,7473.0,7465.75,7471.75,2460
2026-07-28 16:40:00-04:00,7467.5,7467.5,7466.25,7466.75,1091
2026-07-28 16:45:00-04:00,7468.25,7469.25,7467.25,7467.5,777
2026-07-28 16:50:00-04:00,7468.25,7468.5,7466.0,7468.25,1332
2026-07-28 16:55:00-04:00,7467.5,7469.25,7467.5,7468.0,862
2026-07-28 18:00:00-04:00,7471.25,7471.5,7464.0,7464.0,0
2026-07-28 18:05:00-04:00,7473.0,7473.75,7471.25,7471.25,614
2026-07-28 18:10:00-04:00,7467.25,7474.0,7465.25,7472.75,1128
2026-07-28 18:15:00-04:00,7463.25,7468.25,7461.75,7467.25,930
2026-07-28 18:20:00-04:00,7460.0,7464.0,7459.0,7463.0,819
2026-07-28 18:25:00-04:00,7462.0,7462.75,7457.25,7459.75,1277
2026-07-28 18:30:00-04:00,7455.75,7463.0,7454.75,7461.75,1702
2026-07-28 18:35:00-04:00,7451.25,7459.5,7450.75,7456.0,1460
2026-07-28 18:40:00-04:00,7453.25,7455.5,7451.25,7451.5,1088
2026-07-28 18:45:00-04:00,7452.75,7454.0,7451.0,7453.25,2758
2026-07-28 18:50:00-04:00,7454.25,7457.25,7450.5,7452.75,2407
2026-07-28 18:55:00-04:00,7451.75,7457.0,7451.75,7454.0,2066
2026-07-28 19:00:00-04:00,7456.0,7456.25,7449.25,7452.0,2527
2026-07-28 19:05:00-04:00,7452.75,7459.25,7452.5,7455.75,3016
2026-07-28 19:10:00-04:00,7463.5,7465.5,7452.0,7453.0,2934
2026-07-28 19:15:00-04:00,7461.0,7464.75,7459.75,7463.5,1642
2026-07-28 19:20:00-04:00,7468.5,7469.25,7459.5,7461.0,1950
2026-07-28 19:25:00-04:00,7468.75,7471.0,7467.25,7468.75,1442
2026-07-28 19:30:00-04:00,7469.0,7470.75,7467.75,7468.75,731
2026-07-28 19:35:00-04:00,7468.25,7469.75,7468.0,7469.25,606
2026-07-28 19:40:00-04:00,7482.75,7484.0,7467.5,7468.25,2688
2026-07-28 19:45:00-04:00,7488.25,7489.25,7479.75,7482.5,4096
2026-07-28 19:50:00-04:00,7491.75,7495.25,7488.0,7488.25,3948
2026-07-28 19:55:00-04:00,7494.75,7495.0,7489.0,7491.5,2368
2026-07-28 20:00:00-04:00,7495.25,7498.75,7490.25,7494.75,4392
2026-07-28 20:05:00-04:00,7494.25,7499.25,7494.25,7495.5,2319
2026-07-28 20:10:00-04:00,7494.5,7496.75,7493.25,7494.25,1740
2026-07-28 20:15:00-04:00,7494.75,7496.5,7491.25,7494.25,1851
2026-07-28 20:20:00-04:00,7493.5,7501.0,7492.25,7494.5,3291
2026-07-28 20:25:00-04:00,7493.0,7494.0,7490.75,7493.25,1628
2026-07-28 20:30:00-04:00,7489.25,7494.0,7487.5,7493.0,1447
2026-07-28 20:35:00-04:00,7493.5,7495.25,7488.75,7489.0,1645
2026-07-28 20:40:00-04:00,7492.75,7494.0,7489.75,7493.5,717
2026-07-28 20:45:00-04:00,7490.5,7494.75,7490.0,7492.75,921
2026-07-28 20:50:00-04:00,7492.25,7492.5,7488.75,7490.0,831
2026-07-28 20:55:00-04:00,7486.75,7492.25,7485.25,7492.25,1179
2026-07-28 21:00:00-04:00,7486.25,7489.25,7485.0,7486.75,1226
2026-07-28 21:05:00-04:00,7479.5,7486.25,7479.0,7486.25,1785
2026-07-28 21:10:00-04:00,7472.75,7479.75,7471.5,7479.5,3162
2026-07-28 21:15:00-04:00,7472.75,7474.5,7468.75,7472.5,2593
2026-07-28 21:20:00-04:00,7480.0,7480.75,7472.75,7472.75,2113
2026-07-28 21:25:00-04:00,7478.25,7481.0,7478.0,7480.0,946
2026-07-28 21:30:00-04:00,7476.25,7479.0,7473.5,7478.0,1472
2026-07-28 21:35:00-04:00,7473.75,7476.75,7472.75,7476.0,704
2026-07-28 21:40:00-04:00,7467.5,7473.75,7467.0,7473.75,1662
2026-07-28 21:45:00-04:00,7464.5,7468.75,7463.75,7467.25,1765
2026-07-28 21:50:00-04:00,7459.75,7465.0,7458.5,7464.25,2658
2026-07-28 21:55:00-04:00,7455.5,7460.25,7455.0,7459.75,2171
2026-07-28 22:00:00-04:00,7457.0,7459.0,7453.25,7455.25,2414
2026-07-28 22:05:00-04:00,7462.0,7462.5,7456.25,7457.0,1448
2026-07-28 22:10:00-04:00,7463.0,7465.25,7461.25,7461.5,1276
2026-07-28 22:15:00-04:00,7459.0,7463.25,7457.75,7462.75,942
2026-07-28 22:20:00-04:00,7462.5,7465.75,7458.75,7458.75,1310
2026-07-28 22:25:00-04:00,7466.5,7466.5,7461.75,7462.5,596
2026-07-28 22:30:00-04:00,7465.5,7468.25,7463.75,7466.25,866
2026-07-28 22:35:00-04:00,7467.25,7468.25,7463.5,7465.5,1082
2026-07-28 22:40:00-04:00,7466.25,7468.75,7465.75,7467.5,638
2026-07-28 22:45:00-04:00,7463.75,7466.5,7463.5,7466.25,597
2026-07-28 22:50:00-04:00,7463.25,7465.75,7462.0,7463.75,812
2026-07-28 22:55:00-04:00,7463.25,7464.5,7460.75,7463.75,777
2026-07-28 23:00:00-04:00,7458.5,7463.25,7457.25,7463.25,1057
2026-07-28 23:05:00-04:00,7466.75,7467.5,7458.25,7458.5,1063
2026-07-28 23:10:00-04:00,7461.0,7468.0,7460.25,7466.75,695
2026-07-28 23:15:00-04:00,7459.25,7461.75,7458.75,7460.75,652
2026-07-28 23:20:00-04:00,7458.25,7462.25,7457.25,7459.25,567
2026-07-28 23:25:00-04:00,7455.75,7458.5,7455.5,7458.25,749
2026-07-28 23:30:00-04:00,7456.25,7456.25,7451.5,7455.5,1404
2026-07-28 23:35:00-04:00,7453.75,7457.5,7453.5,7456.25,623
2026-07-28 23:40:00-04:00,7454.75,7455.0,7451.25,7453.75,1135
2026-07-28 23:45:00-04:00,7453.0,7456.75,7453.0,7454.75,722
2026-07-28 23:50:00-04:00,7447.75,7453.0,7446.5,7453.0,1909
2026-07-28 23:55:00-04:00,7447.25,7448.0,7445.0,7447.75,1141
2026-07-29 00:05:00-04:00,7448.0,7448.0,7445.75,7445.75,1912
2026-07-29 00:10:00-04:00,7445.0,7448.0,7443.75,7447.75,996
2026-07-29 00:15:00-04:00,7445.75,7445.75,7442.25,7445.0,1185
2026-07-29 00:20:00-04:00,7446.75,7447.25,7442.75,7445.75,1124
2026-07-29 00:25:00-04:00,7445.0,7448.25,7443.5,7446.75,1442
2026-07-29 00:30:00-04:00,7443.25,7446.25,7442.0,7444.75,678
2026-07-29 00:35:00-04:00,7444.5,7447.0,7442.5,7443.25,1127
2026-07-29 00:40:00-04:00,7440.0,7444.75,7439.75,7444.75,1211
2026-07-29 00:45:00-04:00,7442.0,7443.5,7438.5,7440.25,1142
2026-07-29 00:50:00-04:00,7447.75,7448.5,7441.75,7441.75,1507
2026-07-29 00:55:00-04:00,7450.5,7450.5,7447.0,7447.75,1060
2026-07-29 01:00:00-04:00,7452.5,7454.5,7448.5,7450.75,833
2026-07-29 01:05:00-04:00,7457.25,7458.75,7450.25,7452.75,1605
2026-07-29 01:10:00-04:00,7461.0,7461.0,7456.25,7457.25,954
2026-07-29 01:15:00-04:00,7456.5,7461.0,7455.5,7460.75,761
2026-07-29 01:20:00-04:00,7459.5,7459.5,7454.75,7456.5,627
2026-07-29 01:25:00-04:00,7459.75,7461.5,7458.25,7459.5,653
2026-07-29 01:30:00-04:00,7460.75,7461.0,7457.0,7459.75,717
2026-07-29 01:35:00-04:00,7462.0,7462.75,7460.25,7460.75,903
2026-07-29 01:40:00-04:00,7460.75,7462.5,7458.75,7461.75,847
2026-07-29 01:45:00-04:00,7460.0,7462.0,7459.0,7461.25,532
2026-07-29 01:50:00-04:00,7461.0,7461.25,7458.0,7460.0,730
2026-07-29 01:55:00-04:00,7457.75,7461.25,7456.5,7461.0,747
2026-07-29 02:00:00-04:00,7452.5,7458.25,7452.5,7457.5,1285
2026-07-29 02:05:00-04:00,7452.5,7453.5,7451.25,7452.75,870
2026-07-29 02:10:00-04:00,7455.0,7455.75,7452.0,7452.75,691
2026-07-29 02:15:00-04:00,7456.75,7458.5,7455.0,7455.0,885
2026-07-29 02:20:00-04:00,7457.0,7458.25,7454.0,7456.75,993
2026-07-29 02:25:00-04:00,7461.0,7461.25,7456.75,7456.75,1291
2026-07-29 02:30:00-04:00,7468.0,7468.75,7460.75,7460.75,1916
2026-07-29 02:35:00-04:00,7471.5,7473.0,7467.5,7468.0,1427
2026-07-29 02:40:00-04:00,7473.75,7474.25,7471.25,7471.5,1251
2026-07-29 02:45:00-04:00,7476.5,7477.0,7471.5,7473.5,1386
2026-07-29 02:50:00-04:00,7478.5,7479.0,7476.25,7476.5,1470
2026-07-29 02:55:00-04:00,7478.75,7480.0,7478.25,7478.25,1208
2026-07-29 03:00:00-04:00,7477.0,7481.25,7474.75,7478.75,2508
2026-07-29 03:05:00-04:00,7480.75,7480.75,7476.5,7477.0,1582
2026-07-29 03:10:00-04:00,7479.5,7483.25,7479.0,7480.75,2571
2026-07-29 03:15:00-04:00,7479.25,7482.5,7478.25,7479.5,1376
2026-07-29 03:20:00-04:00,7477.5,7480.75,7477.0,7479.25,1221
2026-07-29 03:25:00-04:00,7482.0,7482.25,7476.75,7477.5,1329
2026-07-29 03:30:00-04:00,7481.0,7484.0,7479.75,7482.25,1668
2026-07-29 03:35:00-04:00,7482.5,7485.0,7480.25,7481.0,1300
2026-07-29 03:40:00-04:00,7482.5,7484.5,7482.25,7482.25,665
2026-07-29 03:45:00-04:00,7480.5,7483.0,7480.0,7482.5,1146
2026-07-29 03:50:00-04:00,7478.5,7481.0,7478.5,7480.25,1131
2026-07-29 03:55:00-04:00,7481.25,7483.25,7478.5,7478.5,866
2026-07-29 04:00:00-04:00,7479.75,7482.0,7479.0,7481.25,2151
2026-07-29 04:05:00-04:00,7478.75,7481.5,7477.25,7479.5,1559
2026-07-29 04:10:00-04:00,7474.75,7481.0,7474.25,7478.75,1554
2026-07-29 04:15:00-04:00,7475.0,7475.5,7474.5,7475.5,1716
2026-07-29 04:20:00-04:00,7471.5,7475.75,7470.75,7475.0,1577
2026-07-29 04:25:00-04:00,7471.25,7472.0,7469.0,7471.5,1962
2026-07-29 04:30:00-04:00,7479.25,7480.75,7470.0,7471.5,2081
2026-07-29 04:35:00-04:00,7478.5,7480.25,7477.75,7479.0,1191
2026-07-29 04:40:00-04:00,7482.5,7483.25,7477.5,7478.5,1061
2026-07-29 04:45:00-04:00,7484.5,7485.0,7481.5,7482.25,1686
2026-07-29 04:50:00-04:00,7481.25,7486.0,7480.0,7484.5,968
2026-07-29 04:55:00-04:00,7480.75,7482.0,7479.25,7481.5,537
2026-07-29 05:00:00-04:00,7482.0,7483.75,7479.5,7481.0,729
2026-07-29 05:05:00-04:00,7481.5,7483.5,7479.5,7482.0,1509
2026-07-29 05:10:00-04:00,7482.5,7482.75,7479.75,7481.5,1223
2026-07-29 05:15:00-04:00,7480.75,7482.75,7479.75,7482.5,757
2026-07-29 05:20:00-04:00,7480.5,7482.25,7479.25,7480.5,974
2026-07-29 05:25:00-04:00,7480.0,7482.5,7478.75,7480.5,822
2026-07-29 05:30:00-04:00,7479.25,7480.5,7477.5,7480.0,877
2026-07-29 05:35:00-04:00,7480.0,7483.0,7478.5,7479.25,1042
2026-07-29 05:40:00-04:00,7482.75,7484.0,7480.25,7480.25,795
2026-07-29 05:45:00-04:00,7486.5,7486.75,7483.0,7483.0,961
2026-07-29 05:50:00-04:00,7487.75,7492.0,7486.5,7486.75,2560
2026-07-29 05:55:00-04:00,7485.75,7488.0,7482.75,7488.0,1816
2026-07-29 06:00:00-04:00,7486.25,7487.75,7484.0,7485.75,958
2026-07-29 06:05:00-04:00,7484.75,7488.5,7481.25,7486.25,2355
2026-07-29 06:10:00-04:00,7483.5,7486.25,7482.25,7484.5,1026
2026-07-29 06:15:00-04:00,7484.0,7485.75,7482.75,7483.75,979
2026-07-29 06:20:00-04:00,7483.25,7484.5,7482.75,7483.75,780
2026-07-29 06:25:00-04:00,7484.5,7485.0,7481.0,7483.0,832
2026-07-29 06:30:00-04:00,7481.5,7486.25,7481.0,7484.5,843
2026-07-29 06:35:00-04:00,7478.5,7481.25,7477.25,7481.25,1666
2026-07-29 06:40:00-04:00,7480.75,7481.75,7477.5,7478.5,1009
2026-07-29 06:45:00-04:00,7480.5,7481.0,7478.75,7480.75,896
2026-07-29 06:50:00-04:00,7477.0,7481.75,7476.25,7480.25,995
2026-07-29 06:55:00-04:00,7477.5,7478.75,7476.0,7476.75,955
2026-07-29 07:00:00-04:00,7479.5,7481.5,7477.0,7478.0,1424
2026-07-29 07:05:00-04:00,7482.75,7483.5,7476.25,7479.5,1022
2026-07-29 07:10:00-04:00,7481.5,7484.0,7480.5,7482.75,684
2026-07-29 07:15:00-04:00,7482.5,7484.75,7480.0,7481.25,971
2026-07-29 07:20:00-04:00,7481.75,7484.5,7481.75,7482.5,762
2026-07-29 07:25:00-04:00,7481.75,7484.5,7481.5,7481.75,1022
2026-07-29 07:30:00-04:00,7479.5,7482.75,7478.5,7481.75,1168
2026-07-29 07:35:00-04:00,7477.5,7479.5,7476.5,7479.25,1084
2026-07-29 07:40:00-04:00,7478.0,7479.5,7477.0,7477.75,843
2026-07-29 07:45:00-04:00,7480.75,7482.75,7476.75,7478.0,1842
2026-07-29 07:50:00-04:00,7477.25,7481.5,7477.25,7480.75,1290
2026-07-29 07:55:00-04:00,7480.75,7480.75,7476.75,7477.25,1107
2026-07-29 08:00:00-04:00,7478.0,7481.0,7477.25,7480.75,1040
2026-07-29 08:05:00-04:00,7475.0,7481.5,7473.5,7478.0,1975
2026-07-29 08:10:00-04:00,7471.75,7477.0,7470.75,7474.75,2403
2026-07-29 08:15:00-04:00,7460.75,7472.75,7456.5,7472.0,10508
2026-07-29 08:20:00-04:00,7458.25,7463.25,7457.0,7461.0,4139
2026-07-29 08:25:00-04:00,7459.0,7464.0,7458.0,7458.25,1976
2026-07-29 08:30:00-04:00,7462.25,7462.25,7455.5,7458.75,2682
2026-07-29 08:35:00-04:00,7462.5,7463.25,7460.0,7462.25,1737
2026-07-29 08:40:00-04:00,7466.25,7466.5,7461.0,7462.5,2062
2026-07-29 08:45:00-04:00,7466.25,7467.0,7464.25,7466.25,1276
2026-07-29 08:50:00-04:00,7464.5,7466.75,7463.0,7466.25,1480
2026-07-29 08:55:00-04:00,7463.5,7466.0,7462.5,7464.5,1261
2026-07-29 09:00:00-04:00,7456.75,7464.5,7456.0,7463.5,2656
2026-07-29 09:05:00-04:00,7458.0,7458.5,7455.5,7456.75,2337
2026-07-29 09:10:00-04:00,7454.5,7459.0,7453.75,7457.75,2990
2026-07-29 09:15:00-04:00,7453.75,7456.5,7452.0,7454.5,3239
2026-07-29 09:20:00-04:00,7460.75,7461.25,7452.0,7453.75,4994
2026-07-29 09:25:00-04:00,7456.5,7464.75,7456.0,7460.5,6648
2026-07-29 09:30:00-04:00,7457.25,7461.0,7444.25,7456.5,40508
2026-07-29 09:35:00-04:00,7455.75,7459.5,7448.5,7457.25,24634
2026-07-29 09:40:00-04:00,7453.25,7457.5,7450.0,7455.75,21522
2026-07-29 09:45:00-04:00,7448.5,7459.0,7445.25,7453.5,20965
2026-07-29 09:50:00-04:00,7434.25,7448.75,7430.5,7448.5,27343
2026-07-29 09:55:00-04:00,7430.0,7434.0,7422.0,7434.0,25718
2026-07-29 10:00:00-04:00,7434.0,7437.0,7429.5,7430.0,26401
2026-07-29 10:05:00-04:00,7424.0,7439.75,7423.25,7434.0,19578
2026-07-29 10:10:00-04:00,7410.0,7426.5,7406.0,7423.75,30350
2026-07-29 10:15:00-04:00,7414.75,7418.75,7409.5,7410.25,27260
2026-07-29 10:20:00-04:00,7410.75,7420.5,7408.75,7414.75,18658
2026-07-29 10:25:00-04:00,7404.75,7411.0,7398.25,7410.75,27657
2026-07-29 10:30:00-04:00,7408.75,7414.5,7403.75,7404.75,19367
2026-07-29 10:35:00-04:00,7403.75,7410.25,7402.5,7409.0,14749
2026-07-29 10:40:00-04:00,7398.0,7404.0,7393.0,7403.75,20874
2026-07-29 10:45:00-04:00,7400.25,7403.75,7394.5,7397.75,17552
2026-07-29 10:50:00-04:00,7406.25,7409.5,7398.25,7400.0,23955
2026-07-29 10:55:00-04:00,7403.75,7407.0,7398.5,7406.25,12980
2026-07-29 11:00:00-04:00,7409.0,7411.25,7400.0,7403.75,17520
2026-07-29 11:05:00-04:00,7411.75,7412.0,7402.25,7409.0,14352
2026-07-29 11:10:00-04:00,7402.25,7412.5,7400.75,7411.75,13709
2026-07-29 11:15:00-04:00,7401.25,7410.75,7401.0,7402.25,12446
2026-07-29 11:20:00-04:00,7406.0,7406.25,7399.25,7401.5,10976
2026-07-29 11:25:00-04:00,7400.0,7407.75,7399.0,7405.75,10244
2026-07-29 11:30:00-04:00,7401.5,7405.75,7398.5,7400.25,12525
2026-07-29 11:35:00-04:00,7395.75,7405.5,7395.5,7401.5,11546
2026-07-29 11:40:00-04:00,7395.75,7400.25,7393.0,7395.75,10184
2026-07-29 11:45:00-04:00,7400.0,7400.75,7393.5,7395.5,11897
2026-07-29 11:50:00-04:00,7390.25,7401.5,7390.25,7400.0,11522
2026-07-29 11:55:00-04:00,7393.0,7394.5,7385.75,7390.5,14437
2026-07-29 12:00:00-04:00,7383.75,7396.0,7382.25,7393.25,13224
2026-07-29 12:05:00-04:00,7382.5,7384.0,7377.5,7383.75,15319
2026-07-29 12:10:00-04:00,7375.5,7383.0,7375.5,7382.5,9461
2026-07-29 12:15:00-04:00,7377.75,7379.0,7371.75,7375.5,13059
2026-07-29 12:20:00-04:00,7388.75,7391.5,7376.25,7377.75,15471
2026-07-29 12:25:00-04:00,7394.0,7394.75,7388.25,7389.0,9429
2026-07-29 12:30:00-04:00,7389.5,7398.75,7389.5,7393.75,11764
2026-07-29 12:35:00-04:00,7391.5,7392.25,7385.25,7389.5,9889
2026-07-29 12:40:00-04:00,7387.75,7392.75,7384.0,7391.25,8390
2026-07-29 12:45:00-04:00,7394.75,7395.0,7385.5,7387.75,10630
2026-07-29 12:50:00-04:00,7398.5,7401.0,7392.5,7394.75,13162
2026-07-29 12:55:00-04:00,7404.5,7404.5,7396.75,7398.25,12233
2026-07-29 13:00:00-04:00,7414.5,7415.5,7402.75,7404.25,15436
2026-07-29 13:05:00-04:00,7409.5,7415.0,7408.75,7414.25,13485
2026-07-29 13:10:00-04:00,7421.5,7422.0,7409.0,7409.5,12789
2026-07-29 13:15:00-04:00,7423.0,7424.5,7418.5,7421.75,11359
2026-07-29 13:20:00-04:00,7419.0,7428.25,7418.75,7423.25,12737
2026-07-29 13:25:00-04:00,7413.0,7420.5,7412.5,7419.25,12230
2026-07-29 13:30:00-04:00,7414.0,7419.5,7408.5,7413.0,14133
2026-07-29 13:35:00-04:00,7412.0,7415.25,7409.0,7414.0,8609
2026-07-29 13:40:00-04:00,7413.25,7414.75,7409.25,7412.25,9590
2026-07-29 13:45:00-04:00,7415.75,7416.25,7409.25,7413.5,7944
2026-07-29 13:50:00-04:00,7417.75,7420.0,7415.25,7415.75,8054
2026-07-29 13:55:00-04:00,7419.5,7420.0,7411.0,7417.5,8350
2026-07-29 14:00:00-04:00,7437.25,7451.5,7418.5,7419.75,41057
2026-07-29 14:05:00-04:00,7436.25,7446.5,7432.0,7437.0,21857
2026-07-29 14:10:00-04:00,7429.5,7439.5,7425.0,7436.5,16800
2026-07-29 14:15:00-04:00,7425.5,7438.25,7423.5,7429.75,12839
2026-07-29 14:20:00-04:00,7421.75,7426.5,7418.25,7425.5,13771
2026-07-29 14:25:00-04:00,7428.5,7428.75,7419.25,7422.0,11483
2026-07-29 14:30:00-04:00,7424.0,7436.0,7414.75,7428.5,25106
2026-07-29 14:35:00-04:00,7444.25,7448.0,7418.0,7424.0,17910
2026-07-29 14:40:00-04:00,7463.25,7466.0,7443.25,7444.0,27040
2026-07-29 14:45:00-04:00,7475.0,7477.0,7460.5,7463.25,26111
2026-07-29 14:50:00-04:00,7481.75,7482.75,7468.25,7475.0,20221
2026-07-29 14:55:00-04:00,7475.25,7482.5,7470.75,7482.0,20061
2026-07-29 15:00:00-04:00,7461.0,7482.0,7456.25,7475.25,23911
2026-07-29 15:05:00-04:00,7439.0,7461.25,7438.75,7461.0,24469
2026-07-29 15:10:00-04:00,7443.25,7447.5,7434.25,7439.0,25296
2026-07-29 15:15:00-04:00,7430.0,7452.25,7428.0,7443.5,22956
2026-07-29 15:20:00-04:00,7407.5,7431.0,7407.5,7430.0,37981
2026-07-29 15:25:00-04:00,7405.5,7411.0,7396.5,7407.5,32862
2026-07-29 15:30:00-04:00,7389.5,7411.0,7380.5,7405.5,33882
2026-07-29 15:35:00-04:00,7369.5,7394.25,7368.75,7389.5,35743
2026-07-29 15:40:00-04:00,7366.5,7376.0,7362.25,7369.5,41517
2026-07-29 15:45:00-04:00,7373.0,7375.25,7358.0,7366.5,32356
2026-07-29 15:50:00-04:00,7363.5,7373.0,7356.0,7373.0,36526
2026-07-29 15:55:00-04:00,7350.25,7363.5,7345.75,7363.5,99704
2026-07-29 16:00:00-04:00,7339.25,7358.0,7332.0,7350.25,35069
2026-07-29 16:05:00-04:00,7330.5,7347.75,7329.25,7339.5,18005
2026-07-29 16:10:00-04:00,7336.5,7344.75,7326.25,7330.25,20452
2026-07-29 16:15:00-04:00,7334.25,7343.25,7331.25,7337.0,7165
2026-07-29 16:20:00-04:00,7332.0,7338.5,7331.0,7333.75,5033
2026-07-29 16:25:00-04:00,7331.0,7335.25,7324.0,7332.25,4937
2026-07-29 16:30:00-04:00,7338.25,7339.75,7324.5,7330.75,5202
2026-07-29 16:35:00-04:00,7345.75,7346.5,7336.75,7338.25,4333
2026-07-29 16:40:00-04:00,7341.0,7346.25,7338.0,7345.75,3585
2026-07-29 16:45:00-04:00,7336.0,7343.25,7336.0,7340.75,2314
2026-07-29 16:50:00-04:00,7342.5,7342.5,7334.5,7336.0,2800
2026-07-29 16:55:00-04:00,7335.25,7343.5,7335.0,7343.0,3628
2026-07-29 18:00:00-04:00,7353.0,7354.0,7331.0,7338.0,0
2026-07-29 18:05:00-04:00,7366.75,7367.0,7352.5,7353.0,5472
2026-07-29 18:10:00-04:00,7369.0,7374.0,7366.0,7367.0,4253
2026-07-29 18:15:00-04:00,7374.75,7376.5,7368.0,7369.25,2259
2026-07-29 18:20:00-04:00,7370.5,7375.75,7369.5,7375.0,1969
2026-07-29 18:25:00-04:00,7371.25,7372.75,7366.5,7370.75,1897
2026-07-29 18:30:00-04:00,7368.25,7371.75,7367.5,7371.25,1162
2026-07-29 18:35:00-04:00,7370.75,7373.25,7367.75,7368.5,1341
2026-07-29 18:40:00-04:00,7372.5,7372.75,7368.5,7370.5,820
2026-07-29 18:45:00-04:00,7370.5,7375.75,7370.0,7372.5,1072
2026-07-29 18:50:00-04:00,7368.75,7373.0,7367.5,7370.5,1142
2026-07-29 18:55:00-04:00,7370.0,7370.0,7367.5,7368.5,736
2026-07-29 19:00:00-04:00,7374.75,7376.0,7370.0,7370.0,1014
2026-07-29 19:05:00-04:00,7377.0,7379.75,7372.5,7375.0,1398
2026-07-29 19:10:00-04:00,7373.25,7377.0,7369.5,7377.0,1368
2026-07-29 19:15:00-04:00,7378.25,7379.25,7372.5,7373.5,1251
2026-07-29 19:20:00-04:00,7377.75,7379.75,7376.5,7378.25,990
2026-07-29 19:25:00-04:00,7378.25,7379.5,7377.0,7377.5,881
2026-07-29 19:30:00-04:00,7379.75,7382.25,7378.0,7378.25,1238
2026-07-29 19:35:00-04:00,7379.75,7382.75,7379.0,7379.75,894
2026-07-29 19:40:00-04:00,7377.5,7380.0,7375.25,7380.0,977
2026-07-29 19:45:00-04:00,7377.0,7382.25,7376.0,7377.5,1585
2026-07-29 19:50:00-04:00,7380.5,7380.75,7374.5,7377.0,1323
2026-07-29 19:55:00-04:00,7378.25,7381.75,7378.0,7380.5,991
2026-07-29 20:00:00-04:00,7376.75,7381.25,7372.0,7378.5,2513
2026-07-29 20:05:00-04:00,7385.0,7386.25,7376.25,7376.75,2886
2026-07-29 20:10:00-04:00,7384.5,7387.75,7383.0,7384.75,1942
2026-07-29 20:15:00-04:00,7377.75,7385.75,7377.75,7384.5,3279
2026-07-29 20:20:00-04:00,7376.25,7379.5,7374.5,7378.0,2244
2026-07-29 20:25:00-04:00,7378.5,7379.75,7375.25,7376.0,1640
2026-07-29 20:30:00-04:00,7373.75,7381.25,7373.25,7378.75,1971
2026-07-29 20:35:00-04:00,7372.0,7373.75,7369.75,7373.5,1878
2026-07-29 20:40:00-04:00,7370.75,7373.75,7368.0,7372.0,1626
2026-07-29 20:45:00-04:00,7374.0,7377.0,7369.25,7370.5,1756
2026-07-29 20:50:00-04:00,7376.0,7377.75,7371.75,7373.75,1395
2026-07-29 20:55:00-04:00,7375.75,7377.25,7372.75,7376.0,791
2026-07-29 21:00:00-04:00,7380.25,7380.5,7374.25,7376.25,2003
2026-07-29 21:05:00-04:00,7380.25,7389.0,7379.25,7380.25,2765
2026-07-29 21:10:00-04:00,7378.0,7383.0,7377.25,7380.5,1528
2026-07-29 21:15:00-04:00,7380.75,7382.25,7377.25,7378.0,1132
2026-07-29 21:20:00-04:00,7382.5,7383.0,7379.5,7381.0,932
2026-07-29 21:25:00-04:00,7386.0,7387.0,7382.75,7383.0,1220
2026-07-29 21:30:00-04:00,7388.5,7390.0,7385.75,7386.0,1789
2026-07-29 21:35:00-04:00,7390.5,7391.75,7388.5,7388.75,1847
2026-07-29 21:40:00-04:00,7391.0,7392.0,7390.0,7390.5,1287
2026-07-29 21:45:00-04:00,7391.25,7392.25,7389.5,7391.0,1108
2026-07-29 21:50:00-04:00,7390.25,7392.25,7388.25,7391.5,1164
2026-07-29 21:55:00-04:00,7388.75,7391.5,7388.5,7390.0,921
2026-07-29 22:00:00-04:00,7388.75,7392.75,7388.75,7389.0,1079
2026-07-29 22:05:00-04:00,7389.25,7390.5,7387.25,7388.75,872
2026-07-29 22:10:00-04:00,7387.0,7391.0,7386.25,7389.25,685
2026-07-29 22:15:00-04:00,7386.5,7387.75,7385.0,7386.75,1115
2026-07-29 22:20:00-04:00,7388.75,7389.5,7386.0,7386.5,729
2026-07-29 22:25:00-04:00,7386.0,7390.5,7384.75,7388.75,671
2026-07-29 22:30:00-04:00,7383.25,7386.0,7383.25,7386.0,754
2026-07-29 22:35:00-04:00,7382.75,7383.75,7381.5,7383.25,618
2026-07-29 22:40:00-04:00,7387.0,7387.5,7382.25,7382.75,865
2026-07-29 22:45:00-04:00,7385.0,7388.75,7384.25,7387.25,725
2026-07-29 22:50:00-04:00,7384.0,7387.0,7383.0,7385.0,601
2026-07-29 22:55:00-04:00,7378.25,7385.0,7377.5,7384.0,1346
2026-07-29 23:00:00-04:00,7382.5,7384.0,7378.0,7378.25,927
2026-07-29 23:05:00-04:00,7377.0,7383.75,7375.5,7382.5,1042
2026-07-29 23:10:00-04:00,7373.75,7377.75,7372.25,7377.0,1296
2026-07-29 23:15:00-04:00,7372.5,7375.0,7371.0,7374.0,761
2026-07-29 23:20:00-04:00,7372.75,7373.75,7370.75,7372.5,888
2026-07-29 23:25:00-04:00,7373.25,7374.5,7371.75,7372.5,727
2026-07-29 23:30:00-04:00,7377.0,7377.25,7369.5,7373.25,1204
2026-07-29 23:35:00-04:00,7371.0,7378.25,7370.75,7377.0,869
2026-07-29 23:40:00-04:00,7375.25,7375.75,7370.0,7371.0,708
2026-07-29 23:45:00-04:00,7377.0,7378.5,7372.75,7375.25,749
2026-07-29 23:50:00-04:00,7376.75,7377.75,7374.5,7377.0,552
2026-07-29 23:55:00-04:00,7374.0,7378.0,7374.0,7376.75,506
2026-07-30 00:05:00-04:00,7371.0,7373.0,7371.0,7373.0,1068
2026-07-30 00:10:00-04:00,7370.75,7372.5,7370.25,7371.25,561
2026-07-30 00:15:00-04:00,7370.5,7371.25,7368.75,7370.5,724
2026-07-30 00:20:00-04:00,7373.25,7374.25,7369.75,7370.75,798
2026-07-30 00:25:00-04:00,7378.5,7379.25,7372.75,7373.0,1062
2026-07-30 00:30:00-04:00,7377.75,7378.75,7376.5,7378.5,519
2026-07-30 00:35:00-04:00,7373.0,7378.75,7372.25,7377.75,513
2026-07-30 00:40:00-04:00,7369.75,7374.25,7369.0,7373.0,725
2026-07-30 00:45:00-04:00,7372.0,7375.25,7369.5,7369.5,579
2026-07-30 00:50:00-04:00,7369.25,7372.25,7368.0,7371.75,603
2026-07-30 00:55:00-04:00,7367.5,7369.5,7366.25,7369.25,890
2026-07-30 01:00:00-04:00,7366.0,7368.5,7364.25,7367.75,1023
2026-07-30 01:05:00-04:00,7363.0,7367.0,7361.75,7366.0,1068
2026-07-30 01:10:00-04:00,7365.75,7365.75,7362.25,7363.0,777
2026-07-30 01:15:00-04:00,7369.75,7369.75,7365.25,7365.75,1312
2026-07-30 01:20:00-04:00,7368.5,7370.75,7366.25,7369.5,876
2026-07-30 01:25:00-04:00,7368.5,7370.5,7365.75,7368.75,732
2026-07-30 01:30:00-04:00,7369.75,7372.75,7366.75,7368.25,1003
2026-07-30 01:35:00-04:00,7368.75,7370.75,7366.75,7370.0,886
2026-07-30 01:40:00-04:00,7372.25,7373.0,7368.5,7369.0,944
2026-07-30 01:45:00-04:00,7369.75,7377.0,7368.25,7372.5,1560
2026-07-30 01:50:00-04:00,7367.75,7370.25,7366.75,7369.5,1014
2026-07-30 01:55:00-04:00,7368.5,7369.0,7365.25,7367.5,829
2026-07-30 02:00:00-04:00,7367.5,7369.25,7365.75,7368.5,1506
2026-07-30 02:05:00-04:00,7365.25,7369.0,7365.0,7367.75,1131
2026-07-30 02:10:00-04:00,7364.0,7366.5,7363.25,7365.5,1410
2026-07-30 02:15:00-04:00,7362.0,7363.75,7360.75,7363.75,1419
2026-07-30 02:20:00-04:00,7364.0,7365.0,7359.0,7362.0,1484
2026-07-30 02:25:00-04:00,7364.5,7367.5,7363.5,7364.25,1104
2026-07-30 02:30:00-04:00,7362.75,7364.5,7360.25,7364.5,1390
2026-07-30 02:35:00-04:00,7362.25,7363.5,7360.5,7362.75,1018
2026-07-30 02:40:00-04:00,7358.75,7362.75,7358.5,7362.25,1272
2026-07-30 02:45:00-04:00,7361.5,7362.75,7358.5,7358.75,1413
2026-07-30 02:50:00-04:00,7362.75,7363.0,7360.25,7361.5,609
2026-07-30 02:55:00-04:00,7363.75,7364.5,7360.5,7362.75,1101
2026-07-30 03:00:00-04:00,7377.0,7382.25,7361.75,7364.0,7436
2026-07-30 03:05:00-04:00,7374.25,7381.25,7370.75,7377.0,3761
2026-07-30 03:10:00-04:00,7375.5,7378.0,7371.5,7374.0,3023
2026-07-30 03:15:00-04:00,7367.25,7376.25,7366.75,7375.5,2798
2026-07-30 03:20:00-04:00,7368.25,7368.25,7362.5,7367.0,2584
2026-07-30 03:25:00-04:00,7365.25,7369.0,7363.5,7368.25,1983
2026-07-30 03:30:00-04:00,7360.0,7365.75,7359.25,7365.25,2544
2026-07-30 03:35:00-04:00,7363.25,7363.25,7354.25,7360.0,3900
2026-07-30 03:40:00-04:00,7365.75,7368.0,7361.75,7363.25,2176
2026-07-30 03:45:00-04:00,7365.25,7367.75,7364.25,7365.5,1519
2026-07-30 03:50:00-04:00,7361.75,7366.5,7361.5,7365.0,1797
2026-07-30 03:55:00-04:00,7359.5,7362.75,7358.5,7361.75,1206
2026-07-30 04:00:00-04:00,7358.0,7360.0,7351.5,7359.5,4051
2026-07-30 04:05:00-04:00,7370.0,7370.25,7354.5,7358.0,2706
2026-07-30 04:10:00-04:00,7368.25,7371.5,7367.75,7369.75,2338
2026-07-30 04:15:00-04:00,7366.5,7370.0,7366.5,7368.25,1971
2026-07-30 04:20:00-04:00,7374.0,7375.0,7366.25,7366.75,1813
2026-07-30 04:25:00-04:00,7376.5,7378.75,7372.25,7374.0,2159
2026-07-30 04:30:00-04:00,7376.25,7378.75,7375.5,7376.5,1263
2026-07-30 04:35:00-04:00,7373.75,7378.25,7373.25,7376.25,1348
2026-07-30 04:40:00-04:00,7374.0,7375.75,7373.0,7373.5,945
2026-07-30 04:45:00-04:00,7372.75,7376.25,7371.75,7374.0,1003
2026-07-30 04:50:00-04:00,7371.25,7373.75,7370.75,7372.75,835
2026-07-30 04:55:00-04:00,7372.75,7373.0,7368.5,7371.25,1010
2026-07-30 05:00:00-04:00,7376.0,7377.5,7371.25,7372.5,1181
2026-07-30 05:05:00-04:00,7377.25,7378.25,7374.25,7376.0,953
2026-07-30 05:10:00-04:00,7379.75,7383.75,7375.75,7377.0,2238
2026-07-30 05:15:00-04:00,7379.75,7381.75,7378.0,7380.0,1694
2026-07-30 05:20:00-04:00,7383.75,7385.0,7379.5,7379.75,1775
2026-07-30 05:25:00-04:00,7383.25,7385.0,7382.0,7383.5,1120
2026-07-30 05:30:00-04:00,7385.75,7386.0,7380.5,7383.0,1452
2026-07-30 05:35:00-04:00,7383.5,7388.0,7383.25,7385.75,1314
2026-07-30 05:40:00-04:00,7382.75,7384.0,7381.25,7383.5,1096
2026-07-30 05:45:00-04:00,7383.75,7384.5,7382.25,7382.75,611
2026-07-30 05:50:00-04:00,7383.0,7384.25,7381.25,7383.75,1066
2026-07-30 05:55:00-04:00,7374.5,7383.0,7374.0,7382.75,1314
2026-07-30 06:00:00-04:00,7374.0,7376.75,7371.5,7374.5,1402
2026-07-30 06:05:00-04:00,7380.5,7381.25,7374.0,7374.25,1157
2026-07-30 06:10:00-04:00,7377.25,7382.25,7376.0,7380.5,981
2026-07-30 06:15:00-04:00,7383.75,7385.0,7377.0,7377.5,1250
2026-07-30 06:20:00-04:00,7385.75,7386.75,7383.5,7384.0,1736
2026-07-30 06:25:00-04:00,7386.0,7388.5,7385.25,7385.5,1207
2026-07-30 06:30:00-04:00,7385.0,7388.0,7384.0,7386.0,1167
2026-07-30 06:35:00-04:00,7387.25,7388.25,7385.0,7385.0,1210
2026-07-30 06:40:00-04:00,7389.75,7391.5,7386.75,7387.25,2173
2026-07-30 06:45:00-04:00,7389.75,7392.0,7388.75,7389.5,1836
2026-07-30 06:50:00-04:00,7385.75,7392.5,7385.5,7390.0,2313
2026-07-30 06:55:00-04:00,7385.0,7387.25,7383.75,7385.5,1707
2026-07-30 07:00:00-04:00,7389.0,7390.75,7385.25,7385.25,1743
2026-07-30 07:05:00-04:00,7391.75,7392.5,7388.75,7388.75,1390
2026-07-30 07:10:00-04:00,7390.5,7393.0,7389.0,7391.75,1100
2026-07-30 07:15:00-04:00,7392.75,7395.0,7389.75,7390.5,1664
2026-07-30 07:20:00-04:00,7396.0,7396.25,7391.5,7392.75,1190
2026-07-30 07:25:00-04:00,7397.5,7397.75,7395.5,7396.0,1742
2026-07-30 07:30:00-04:00,7395.0,7399.0,7394.0,7397.5,2041
2026-07-30 07:35:00-04:00,7396.25,7399.25,7395.0,7395.0,1587
2026-07-30 07:40:00-04:00,7395.25,7399.0,7393.75,7396.25,1815
2026-07-30 07:45:00-04:00,7398.25,7398.75,7395.25,7395.25,1571
2026-07-30 07:50:00-04:00,7401.25,7401.75,7397.25,7398.25,2566
2026-07-30 07:55:00-04:00,7399.75,7402.0,7398.75,7401.0,2547
2026-07-30 08:00:00-04:00,7402.75,7403.25,7395.75,7399.5,3394
2026-07-30 08:05:00-04:00,7403.0,7403.75,7401.5,7402.5,1952
2026-07-30 08:10:00-04:00,7404.25,7404.75,7401.25,7403.25,2460
2026-07-30 08:15:00-04:00,7402.5,7404.75,7402.0,7404.25,2172
2026-07-30 08:20:00-04:00,7402.25,7403.0,7398.25,7402.25,3066
2026-07-30 08:25:00-04:00,7399.75,7403.25,7396.0,7402.25,2624
2026-07-30 08:30:00-04:00,7396.5,7406.0,7393.25,7399.75,6411
2026-07-30 08:35:00-04:00,7396.75,7400.75,7394.75,7396.5,3858
2026-07-30 08:40:00-04:00,7395.0,7397.75,7393.0,7396.5,4830
2026-07-30 08:45:00-04:00,7396.25,7396.5,7392.75,7395.25,3118
2026-07-30 08:50:00-04:00,7398.0,7399.25,7394.75,7396.25,2665
2026-07-30 08:55:00-04:00,7398.75,7400.75,7396.25,7398.0,2393
2026-07-30 09:00:00-04:00,7403.75,7404.75,7397.75,7398.75,5755
2026-07-30 09:05:00-04:00,7402.75,7410.0,7402.75,7403.75,7597
2026-07-30 09:10:00-04:00,7402.5,7406.0,7400.25,7402.75,4612
2026-07-30 09:15:00-04:00,7407.75,7408.0,7401.25,7402.5,4855
2026-07-30 09:20:00-04:00,7406.75,7407.75,7404.25,7407.75,4048
2026-07-30 09:25:00-04:00,7414.0,7414.75,7405.5,7407.0,11898
2026-07-30 09:30:00-04:00,7408.5,7416.25,7403.75,7414.25,41335
2026-07-30 09:35:00-04:00,7407.0,7414.5,7403.25,7408.5,32562
2026-07-30 09:40:00-04:00,7417.5,7421.5,7399.75,7407.0,31620
2026-07-30 09:45:00-04:00,7427.5,7427.75,7416.75,7417.25,29270
2026-07-30 09:50:00-04:00,7432.25,7437.25,7424.0,7427.5,34597
2026-07-30 09:55:00-04:00,7439.75,7440.0,7429.25,7432.25,25533
2026-07-30 10:00:00-04:00,7439.25,7443.75,7434.25,7439.5,29451
2026-07-30 10:05:00-04:00,7431.0,7443.0,7428.75,7439.25,28684
2026-07-30 10:10:00-04:00,7433.0,7435.25,7427.5,7431.0,24043
2026-07-30 10:15:00-04:00,7431.0,7438.25,7426.75,7433.0,23324
2026-07-30 10:20:00-04:00,7432.75,7439.25,7429.25,7431.25,20765
2026-07-30 10:25:00-04:00,7439.5,7446.5,7430.5,7432.75,20487
2026-07-30 10:30:00-04:00,7436.5,7442.0,7433.25,7439.75,19046
2026-07-30 10:35:00-04:00,7440.25,7442.75,7433.0,7436.5,19016
2026-07-30 10:40:00-04:00,7431.75,7444.5,7430.0,7440.0,17895
2026-07-30 10:45:00-04:00,7425.25,7434.5,7421.25,7431.5,22679
2026-07-30 10:50:00-04:00,7415.0,7426.75,7413.75,7425.25,22973
2026-07-30 10:55:00-04:00,7415.25,7418.75,7408.75,7415.0,25358
2026-07-30 11:00:00-04:00,7415.25,7419.0,7405.25,7415.25,25523
2026-07-30 11:05:00-04:00,7420.5,7421.25,7406.75,7415.25,23921
2026-07-30 11:10:00-04:00,7401.5,7420.75,7401.0,7420.25,20666
2026-07-30 11:15:00-04:00,7407.75,7410.25,7399.0,7401.5,19910
2026-07-30 11:20:00-04:00,7407.25,7414.5,7405.0,7407.75,21548
2026-07-30 11:25:00-04:00,7401.0,7411.5,7399.0,7407.0,19979
2026-07-30 11:30:00-04:00,7414.0,7414.0,7399.25,7400.75,19819
2026-07-30 11:35:00-04:00,7412.25,7417.75,7407.25,7413.75,17190
2026-07-30 11:40:00-04:00,7419.25,7422.75,7410.5,7412.25,16436
2026-07-30 11:45:00-04:00,7423.75,7425.75,7419.25,7419.5,13824
2026-07-30 11:50:00-04:00,7425.0,7425.25,7416.25,7424.0,14303
2026-07-30 11:55:00-04:00,7424.5,7430.0,7423.5,7425.25,14899
2026-07-30 12:00:00-04:00,7436.0,7436.5,7421.75,7424.5,20474
2026-07-30 12:05:00-04:00,7435.0,7437.5,7432.0,7436.0,12028
2026-07-30 12:10:00-04:00,7441.75,7443.0,7434.5,7434.75,14596
2026-07-30 12:15:00-04:00,7442.75,7445.5,7441.5,7441.75,11900
2026-07-30 12:20:00-04:00,7440.0,7444.75,7439.25,7442.75,12891
2026-07-30 12:25:00-04:00,7441.0,7443.25,7439.0,7440.0,10544
2026-07-30 12:30:00-04:00,7441.0,7442.5,7436.75,7441.0,11938
2026-07-30 12:35:00-04:00,7438.5,7444.25,7438.25,7441.25,9636
2026-07-30 12:40:00-04:00,7434.25,7439.0,7431.25,7438.75,14847
2026-07-30 12:45:00-04:00,7439.25,7441.5,7433.75,7434.25,10127
2026-07-30 12:50:00-04:00,7443.5,7445.75,7436.5,7439.5,10419
2026-07-30 12:55:00-04:00,7443.75,7445.5,7441.75,7443.75,6410
2026-07-30 13:00:00-04:00,7453.5,7454.75,7443.75,7443.75,15255
2026-07-30 13:05:00-04:00,7451.75,7455.5,7450.0,7453.75,9057
2026-07-30 13:10:00-04:00,7451.0,7454.0,7449.5,7452.0,7982
2026-07-30 13:15:00-04:00,7456.0,7456.5,7450.25,7450.75,6556
2026-07-30 13:20:00-04:00,7453.5,7456.0,7451.5,7456.0,5701
2026-07-30 13:25:00-04:00,7451.75,7454.0,7450.5,7453.5,5859
2026-07-30 13:30:00-04:00,7449.25,7454.25,7448.0,7451.75,6396
2026-07-30 13:35:00-04:00,7447.5,7453.25,7445.75,7449.5,8225
2026-07-30 13:40:00-04:00,7453.25,7455.5,7447.25,7447.25,9343
2026-07-30 13:45:00-04:00,7452.5,7455.5,7452.5,7453.25,6288
2026-07-30 13:50:00-04:00,7452.5,7457.75,7452.0,7452.75,6961
2026-07-30 13:55:00-04:00,7451.5,7453.75,7450.25,7452.5,4672
2026-07-30 14:00:00-04:00,7451.0,7456.75,7450.75,7451.75,6071
2026-07-30 14:05:00-04:00,7454.75,7455.75,7450.5,7451.0,6054
2026-07-30 14:10:00-04:00,7456.0,7456.75,7453.5,7454.75,5670
2026-07-30 14:15:00-04:00,7455.5,7457.0,7454.25,7455.75,5703
2026-07-30 14:20:00-04:00,7456.75,7458.0,7454.25,7455.25,5457
2026-07-30 14:25:00-04:00,7457.5,7457.75,7455.0,7456.75,5021
2026-07-30 14:30:00-04:00,7457.0,7459.75,7455.5,7457.5,6005
2026-07-30 14:35:00-04:00,7454.75,7457.25,7454.0,7456.75,6277
2026-07-30 14:40:00-04:00,7457.0,7457.5,7454.5,7454.75,5769
2026-07-30 14:45:00-04:00,7459.0,7459.5,7456.75,7457.0,6426
2026-07-30 14:50:00-04:00,7459.0,7460.75,7457.75,7459.0,7336
2026-07-30 14:55:00-04:00,7461.5,7462.5,7457.5,7458.75,7021
2026-07-30 15:00:00-04:00,7466.25,7467.5,7461.25,7461.5,10202
2026-07-30 15:05:00-04:00,7471.75,7472.25,7465.5,7466.25,10765
2026-07-30 15:10:00-04:00,7474.25,7477.75,7471.75,7471.75,13776
2026-07-30 15:15:00-04:00,7476.75,7478.5,7471.5,7474.5,8905
2026-07-30 15:20:00-04:00,7474.25,7477.0,7473.25,7476.75,7327
2026-07-30 15:25:00-04:00,7471.5,7475.75,7471.25,7474.25,7504
2026-07-30 15:30:00-04:00,7471.5,7473.5,7470.25,7471.5,10077
2026-07-30 15:35:00-04:00,7471.0,7472.75,7468.0,7471.75,10495
2026-07-30 15:40:00-04:00,7471.75,7472.75,7468.5,7471.0,9678
2026-07-30 15:45:00-04:00,7470.0,7472.5,7467.0,7471.5,12345
2026-07-30 15:50:00-04:00,7468.5,7471.25,7465.5,7470.25,22897
2026-07-30 15:55:00-04:00,7472.75,7476.5,7464.25,7468.25,90016
2026-07-30 16:00:00-04:00,7491.75,7492.0,7468.0,7472.75,29596
2026-07-30 16:05:00-04:00,7483.5,7492.0,7483.0,7491.75,8847
2026-07-30 16:10:00-04:00,7486.75,7488.75,7480.0,7483.25,7999
2026-07-30 16:15:00-04:00,7490.25,7491.0,7485.25,7486.75,5810
2026-07-30 16:20:00-04:00,7490.5,7492.0,7488.0,7490.25,2829
2026-07-30 16:25:00-04:00,7490.25,7491.25,7488.75,7490.75,2371
2026-07-30 16:30:00-04:00,7484.75,7498.0,7479.25,7490.5,7897
2026-07-30 16:35:00-04:00,7481.5,7485.0,7478.75,7484.75,3248
2026-07-30 16:40:00-04:00,7481.0,7481.75,7476.25,7481.25,3366
2026-07-30 16:45:00-04:00,7477.0,7482.0,7475.75,7480.75,3160
2026-07-30 16:50:00-04:00,7475.0,7478.25,7472.5,7477.0,3748
2026-07-30 16:55:00-04:00,7474.5,7476.75,7472.0,7475.0,2568
2026-07-30 18:00:00-04:00,7478.25,7479.5,7468.25,7479.5,0
2026-07-30 18:05:00-04:00,7479.0,7479.75,7475.25,7478.5,1103
2026-07-30 18:10:00-04:00,7476.5,7480.25,7474.75,7479.25,904
2026-07-30 18:15:00-04:00,7477.75,7480.75,7476.25,7476.25,873
2026-07-30 18:20:00-04:00,7473.25,7478.75,7472.75,7477.75,1062
2026-07-30 18:25:00-04:00,7475.0,7476.0,7473.25,7473.25,883
2026-07-30 18:30:00-04:00,7476.5,7476.75,7472.5,7475.0,763
2026-07-30 18:35:00-04:00,7480.25,7480.5,7476.25,7476.75,700
2026-07-30 18:40:00-04:00,7482.25,7482.5,7479.0,7480.0,583
2026-07-30 18:45:00-04:00,7482.75,7483.75,7481.75,7482.25,509
2026-07-30 18:50:00-04:00,7484.0,7485.0,7481.5,7482.75,630
2026-07-30 18:55:00-04:00,7484.5,7485.5,7483.5,7484.0,526
2026-07-30 19:00:00-04:00,7488.75,7489.25,7484.5,7484.5,970
2026-07-30 19:05:00-04:00,7484.75,7489.25,7484.75,7488.5,622
2026-07-30 19:10:00-04:00,7483.0,7485.25,7482.25,7485.0,606
2026-07-30 19:15:00-04:00,7482.0,7483.25,7481.0,7482.75,359
2026-07-30 19:20:00-04:00,7480.75,7482.0,7480.25,7481.75,317
2026-07-30 19:25:00-04:00,7482.75,7484.0,7481.0,7481.0,340
2026-07-30 19:30:00-04:00,7484.25,7485.25,7482.0,7482.75,419
2026-07-30 19:35:00-04:00,7485.75,7486.5,7483.0,7484.0,301
2026-07-30 19:40:00-04:00,7487.75,7487.75,7485.5,7485.5,645
2026-07-30 19:45:00-04:00,7489.75,7490.5,7486.0,7487.75,879
2026-07-30 19:50:00-04:00,7490.0,7490.75,7485.0,7489.5,868
2026-07-30 19:55:00-04:00,7487.75,7491.5,7487.75,7490.0,579
2026-07-30 20:00:00-04:00,7489.0,7490.5,7484.75,7487.75,1992
2026-07-30 20:05:00-04:00,7491.75,7493.75,7489.0,7489.5,1262
2026-07-30 20:10:00-04:00,7495.75,7496.5,7490.5,7491.75,1375
2026-07-30 20:15:00-04:00,7497.0,7497.75,7493.0,7495.5,1739
2026-07-30 20:20:00-04:00,7494.5,7498.0,7493.0,7497.0,874
2026-07-30 20:25:00-04:00,7494.25,7495.0,7493.25,7494.5,502
2026-07-30 20:30:00-04:00,7496.25,7497.25,7493.75,7494.0,722
2026-07-30 20:35:00-04:00,7495.0,7496.75,7494.0,7496.25,709
2026-07-30 20:40:00-04:00,7496.5,7496.75,7493.75,7494.75,948
2026-07-30 20:45:00-04:00,7492.0,7497.0,7491.5,7497.0,807
2026-07-30 20:50:00-04:00,7491.25,7493.75,7491.25,7492.0,543
2026-07-30 20:55:00-04:00,7495.0,7495.5,7491.25,7491.5,701
2026-07-30 21:00:00-04:00,7499.25,7499.75,7495.0,7495.0,1953
2026-07-30 21:05:00-04:00,7501.5,7501.75,7498.75,7499.25,1555
2026-07-30 21:10:00-04:00,7500.0,7502.0,7499.25,7501.75,1381
2026-07-30 21:15:00-04:00,7502.25,7504.5,7499.75,7500.0,1596
2026-07-30 21:20:00-04:00,7502.25,7503.75,7500.75,7502.0,935
2026-07-30 21:25:00-04:00,7502.25,7503.75,7500.75,7502.25,783
2026-07-30 21:30:00-04:00,7501.0,7502.75,7499.5,7502.25,1194
2026-07-30 21:35:00-04:00,7498.25,7501.25,7497.0,7501.25,1011
2026-07-30 21:40:00-04:00,7497.0,7498.5,7496.5,7498.25,654
2026-07-30 21:45:00-04:00,7494.75,7497.25,7494.25,7497.0,803
2026-07-30 21:50:00-04:00,7495.75,7497.0,7494.5,7495.0,915
2026-07-30 21:55:00-04:00,7497.75,7498.0,7495.5,7495.75,577
2026-07-30 22:00:00-04:00,7495.25,7500.5,7495.0,7497.75,949
2026-07-30 22:05:00-04:00,7497.75,7498.0,7494.5,7495.0,695
2026-07-30 22:10:00-04:00,7494.75,7497.75,7494.25,7497.75,593
2026-07-30 22:15:00-04:00,7492.25,7495.0,7491.25,7495.0,1390
2026-07-30 22:20:00-04:00,7492.25,7494.25,7491.5,7492.0,599
2026-07-30 22:25:00-04:00,7492.75,7493.25,7491.25,7492.5,686
2026-07-30 22:30:00-04:00,7492.5,7493.75,7491.5,7492.5,429
2026-07-30 22:35:00-04:00,7491.0,7492.5,7488.5,7492.25,774
2026-07-30 22:40:00-04:00,7492.25,7492.25,7490.25,7490.75,523
2026-07-30 22:45:00-04:00,7489.75,7493.75,7489.5,7492.5,685
2026-07-30 22:50:00-04:00,7490.5,7492.0,7489.25,7489.75,471
2026-07-30 22:55:00-04:00,7493.0,7493.0,7490.25,7490.25,490
2026-07-30 23:00:00-04:00,7492.5,7493.25,7490.25,7492.75,718
2026-07-30 23:05:00-04:00,7492.5,7493.25,7491.75,7492.25,456
2026-07-30 23:10:00-04:00,7491.25,7493.5,7488.25,7492.5,997
2026-07-30 23:15:00-04:00,7495.5,7495.75,7491.0,7491.0,666
2026-07-30 23:20:00-04:00,7495.5,7497.25,7494.5,7495.5,1162
2026-07-30 23:25:00-04:00,7496.25,7497.0,7495.0,7495.75,418
2026-07-30 23:30:00-04:00,7496.75,7498.75,7496.0,7496.5,746
2026-07-30 23:35:00-04:00,7497.5,7498.25,7496.5,7496.75,404
2026-07-30 23:40:00-04:00,7497.25,7497.75,7496.0,7497.5,298
2026-07-30 23:45:00-04:00,7493.5,7497.5,7493.25,7497.25,735
2026-07-30 23:50:00-04:00,7497.25,7498.0,7493.25,7493.25,614
2026-07-30 23:55:00-04:00,7497.5,7497.75,7496.25,7497.25,289
2026-07-31 00:05:00-04:00,7498.0,7498.25,7497.5,7497.75,890
2026-07-31 00:10:00-04:00,7498.25,7498.5,7496.75,7498.25,418
2026-07-31 00:15:00-04:00,7500.75,7501.0,7496.75,7498.0,546
2026-07-31 00:20:00-04:00,7501.5,7501.75,7500.0,7500.75,427
2026-07-31 00:25:00-04:00,7503.0,7503.25,7500.75,7501.5,749
2026-07-31 00:30:00-04:00,7505.0,7505.25,7502.25,7503.0,652
2026-07-31 00:35:00-04:00,7506.75,7507.75,7503.75,7505.0,901
2026-07-31 00:40:00-04:00,7507.5,7507.5,7506.0,7506.75,470
2026-07-31 00:45:00-04:00,7507.75,7508.5,7507.5,7507.5,627
2026-07-31 00:50:00-04:00,7508.25,7508.5,7506.0,7507.75,452
2026-07-31 00:55:00-04:00,7508.75,7509.25,7508.0,7508.25,451
2026-07-31 01:00:00-04:00,7508.75,7509.5,7508.25,7508.75,621
2026-07-31 01:05:00-04:00,7509.0,7509.25,7507.5,7508.75,499
2026-07-31 01:10:00-04:00,7508.25,7509.75,7507.0,7509.0,433
2026-07-31 01:15:00-04:00,7508.25,7508.75,7507.5,7508.25,316
2026-07-31 01:20:00-04:00,7508.25,7509.5,7508.0,7508.0,376
2026-07-31 01:25:00-04:00,7509.0,7510.25,7507.75,7508.0,610
2026-07-31 01:30:00-04:00,7506.5,7510.0,7506.25,7509.25,895
2026-07-31 01:35:00-04:00,7507.5,7507.75,7505.5,7506.5,785
2026-07-31 01:40:00-04:00,7506.75,7510.75,7506.75,7507.25,770
2026-07-31 01:45:00-04:00,7508.75,7509.0,7505.75,7506.5,583
2026-07-31 01:50:00-04:00,7509.25,7509.75,7507.25,7508.5,648
2026-07-31 01:55:00-04:00,7508.25,7509.75,7506.5,7509.25,867
2026-07-31 02:00:00-04:00,7507.75,7510.0,7507.25,7508.25,1041
2026-07-31 02:05:00-04:00,7509.25,7509.75,7507.75,7507.75,685
2026-07-31 02:10:00-04:00,7510.25,7511.25,7508.75,7509.25,657
2026-07-31 02:15:00-04:00,7510.0,7511.0,7510.0,7510.5,578
2026-07-31 02:20:00-04:00,7507.75,7510.0,7507.0,7510.0,970
2026-07-31 02:25:00-04:00,7508.0,7508.25,7506.5,7507.75,1177
2026-07-31 02:30:00-04:00,7499.75,7508.0,7499.5,7508.0,1907
2026-07-31 02:35:00-04:00,7498.25,7500.25,7495.5,7500.0,1933
2026-07-31 02:40:00-04:00,7496.5,7498.5,7493.25,7498.5,1169
2026-07-31 02:45:00-04:00,7495.0,7496.5,7491.75,7496.5,2074
2026-07-31 02:50:00-04:00,7497.25,7497.5,7492.25,7495.0,1508
2026-07-31 02:55:00-04:00,7496.5,7498.25,7495.75,7497.25,1091
2026-07-31 03:00:00-04:00,7497.5,7497.75,7493.25,7496.25,2970
2026-07-31 03:05:00-04:00,7501.5,7501.75,7497.25,7497.5,1753
2026-07-31 03:10:00-04:00,7505.75,7507.5,7501.25,7501.5,2187
2026-07-31 03:15:00-04:00,7506.25,7506.75,7500.75,7505.75,2214
2026-07-31 03:20:00-04:00,7503.5,7506.5,7501.25,7506.5,1547
2026-07-31 03:25:00-04:00,7505.25,7509.25,7503.5,7503.75,2146
2026-07-31 03:30:00-04:00,7503.25,7505.75,7503.0,7505.25,1603
2026-07-31 03:35:00-04:00,7505.0,7506.25,7502.75,7503.25,1362
2026-07-31 03:40:00-04:00,7506.75,7507.5,7504.75,7505.0,1043
2026-07-31 03:45:00-04:00,7505.0,7508.25,7504.0,7506.75,1593
2026-07-31 03:50:00-04:00,7506.25,7506.5,7502.75,7505.0,1221
2026-07-31 03:55:00-04:00,7506.75,7508.0,7505.25,7506.25,1090
2026-07-31 04:00:00-04:00,7504.5,7509.0,7503.0,7506.5,2198
2026-07-31 04:05:00-04:00,7505.5,7509.0,7504.25,7504.5,2032
2026-07-31 04:10:00-04:00,7510.5,7510.5,7504.75,7505.75,1474
2026-07-31 04:15:00-04:00,7512.5,7513.0,7510.0,7510.5,1298
2026-07-31 04:20:00-04:00,7509.5,7512.75,7508.0,7512.5,1448
2026-07-31 04:25:00-04:00,7511.5,7513.0,7509.25,7509.5,1493
2026-07-31 04:30:00-04:00,7510.5,7512.25,7509.25,7511.25,1093
2026-07-31 04:35:00-04:00,7508.25,7511.0,7508.0,7510.5,850
2026-07-31 04:40:00-04:00,7508.25,7511.5,7507.25,7508.0,1167
2026-07-31 04:45:00-04:00,7511.0,7512.25,7508.0,7508.25,998
2026-07-31 04:50:00-04:00,7510.5,7512.25,7510.0,7511.0,804
2026-07-31 04:55:00-04:00,7513.0,7513.75,7510.0,7510.25,1455
2026-07-31 05:00:00-04:00,7513.5,7514.5,7512.0,7513.0,1537
2026-07-31 05:05:00-04:00,7515.25,7515.25,7511.25,7513.25,1625
2026-07-31 05:10:00-04:00,7516.0,7517.75,7514.75,7515.0,1747
2026-07-31 05:15:00-04:00,7514.5,7516.75,7514.5,7516.0,886
2026-07-31 05:20:00-04:00,7514.0,7515.5,7513.0,7514.25,963
2026-07-31 05:25:00-04:00,7511.75,7514.75,7511.5,7514.0,986
2026-07-31 05:30:00-04:00,7508.5,7512.5,7508.0,7511.75,1152
2026-07-31 05:35:00-04:00,7505.5,7509.0,7504.0,7508.5,2095
2026-07-31 05:40:00-04:00,7506.5,7507.5,7505.0,7505.5,993
2026-07-31 05:45:00-04:00,7507.25,7508.0,7505.5,7506.25,755
2026-07-31 05:50:00-04:00,7505.5,7508.25,7505.0,7507.0,1044
2026-07-31 05:55:00-04:00,7504.25,7507.75,7503.75,7505.25,1407
2026-07-31 06:00:00-04:00,7504.25,7505.5,7502.0,7504.0,1122
2026-07-31 06:05:00-04:00,7504.75,7506.25,7503.25,7504.0,1175
2026-07-31 06:10:00-04:00,7507.25,7508.25,7504.25,7504.75,866
2026-07-31 06:15:00-04:00,7510.0,7510.25,7506.75,7507.5,988
2026-07-31 06:20:00-04:00,7508.75,7512.0,7508.75,7510.25,751
2026-07-31 06:25:00-04:00,7509.5,7510.5,7508.5,7508.75,531
2026-07-31 06:30:00-04:00,7506.5,7510.5,7505.75,7509.5,1845
2026-07-31 06:35:00-04:00,7506.75,7506.75,7504.25,7506.5,1032
2026-07-31 06:40:00-04:00,7508.25,7508.75,7506.5,7506.75,890
2026-07-31 06:45:00-04:00,7505.25,7509.5,7504.75,7508.25,1026
2026-07-31 06:50:00-04:00,7507.5,7508.25,7505.25,7505.25,1207
2026-07-31 06:55:00-04:00,7506.75,7508.5,7505.5,7507.75,776
2026-07-31 07:00:00-04:00,7510.75,7511.25,7506.0,7506.75,1550
2026-07-31 07:05:00-04:00,7509.5,7511.5,7509.25,7511.0,855
2026-07-31 07:10:00-04:00,7506.75,7509.5,7506.25,7509.5,804
2026-07-31 07:15:00-04:00,7503.0,7507.0,7500.25,7507.0,2643
2026-07-31 07:20:00-04:00,7503.25,7503.75,7501.5,7503.0,1090
2026-07-31 07:25:00-04:00,7499.75,7504.0,7499.25,7503.0,1466
2026-07-31 07:30:00-04:00,7497.0,7500.0,7495.75,7500.0,1983
2026-07-31 07:35:00-04:00,7496.25,7499.75,7495.5,7497.0,1244
2026-07-31 07:40:00-04:00,7496.25,7497.75,7494.5,7496.0,2131
2026-07-31 07:45:00-04:00,7497.75,7499.25,7495.75,7496.25,1959
2026-07-31 07:50:00-04:00,7499.5,7500.0,7497.5,7497.75,1229
2026-07-31 07:55:00-04:00,7499.25,7500.5,7498.25,7499.5,895
2026-07-31 08:00:00-04:00,7494.0,7499.5,7493.25,7499.5,1792
2026-07-31 08:05:00-04:00,7492.5,7494.25,7491.5,7494.25,2277
2026-07-31 08:10:00-04:00,7490.5,7492.75,7489.75,7492.25,2503
2026-07-31 08:15:00-04:00,7488.75,7491.0,7488.0,7490.25,2704
2026-07-31 08:20:00-04:00,7491.0,7491.5,7486.0,7489.0,3091
2026-07-31 08:25:00-04:00,7491.5,7492.75,7490.5,7491.0,1702
2026-07-31 08:30:00-04:00,7485.5,7492.0,7485.0,7491.0,3466
2026-07-31 08:35:00-04:00,7483.0,7486.25,7483.0,7485.75,3362
2026-07-31 08:40:00-04:00,7483.0,7485.5,7479.5,7483.25,4033
2026-07-31 08:45:00-04:00,7482.0,7484.5,7481.0,7483.25,2276
2026-07-31 08:50:00-04:00,7486.25,7487.0,7480.25,7481.75,2830
2026-07-31 08:55:00-04:00,7483.0,7486.75,7481.5,7486.5,2630
2026-07-31 09:00:00-04:00,7485.75,7487.25,7481.0,7483.0,3918
2026-07-31 09:05:00-04:00,7488.0,7488.25,7484.5,7485.75,2259
2026-07-31 09:10:00-04:00,7490.0,7491.0,7488.0,7488.0,3926
2026-07-31 09:15:00-04:00,7492.25,7492.75,7490.0,7490.0,4130
2026-07-31 09:20:00-04:00,7494.75,7495.0,7491.25,7492.25,4719
2026-07-31 09:25:00-04:00,7498.75,7499.5,7493.0,7495.0,9313
2026-07-31 09:30:00-04:00,7512.0,7515.5,7497.75,7498.75,40121
2026-07-31 09:35:00-04:00,7493.0,7514.75,7493.0,7512.0,30569
2026-07-31 09:40:00-04:00,7482.75,7494.0,7479.75,7493.25,30761
2026-07-31 09:45:00-04:00,7474.25,7487.75,7471.5,7483.0,38694
2026-07-31 09:50:00-04:00,7471.5,7478.25,7466.75,7474.25,42395
2026-07-31 09:55:00-04:00,7470.75,7479.75,7468.25,7471.5,29085
2026-07-31 10:00:00-04:00,7454.25,7475.25,7454.0,7470.5,32979
2026-07-31 10:05:00-04:00,7442.75,7459.0,7435.25,7454.5,49075
2026-07-31 10:10:00-04:00,7435.75,7445.25,7430.5,7442.5,44267
2026-07-31 10:15:00-04:00,7436.75,7446.0,7427.5,7435.5,48061
2026-07-31 10:20:00-04:00,7446.0,7452.0,7434.5,7436.5,32743
2026-07-31 10:25:00-04:00,7456.0,7456.5,7443.5,7446.0,24359
2026-07-31 10:30:00-04:00,7456.0,7462.0,7452.0,7456.0,21737
2026-07-31 10:35:00-04:00,7463.75,7465.5,7455.75,7456.0,18740
2026-07-31 10:40:00-04:00,7467.5,7468.25,7457.0,7463.75,22648
2026-07-31 10:45:00-04:00,7475.75,7476.5,7466.0,7467.5,25881
2026-07-31 10:50:00-04:00,7473.5,7481.25,7472.0,7475.75,19489
2026-07-31 10:55:00-04:00,7477.0,7478.5,7466.5,7473.5,20436
2026-07-31 11:00:00-04:00,7476.75,7478.75,7469.0,7477.0,16968
2026-07-31 11:05:00-04:00,7470.0,7479.75,7466.0,7476.75,15700
2026-07-31 11:10:00-04:00,7473.25,7476.75,7462.5,7470.0,20053
2026-07-31 11:15:00-04:00,7471.0,7482.5,7466.5,7473.0,23753
2026-07-31 11:20:00-04:00,7462.0,7473.5,7461.75,7471.0,12854
2026-07-31 11:25:00-04:00,7454.5,7464.0,7452.5,7462.0,20246
2026-07-31 11:30:00-04:00,7459.0,7459.0,7449.25,7454.75,22192
2026-07-31 11:35:00-04:00,7472.25,7475.25,7458.5,7459.0,18633
2026-07-31 11:40:00-04:00,7470.0,7475.25,7461.25,7472.5,15759
2026-07-31 11:45:00-04:00,7466.0,7471.5,7462.75,7470.0,14982
2026-07-31 11:50:00-04:00,7479.5,7481.0,7464.75,7466.0,16718
2026-07-31 11:55:00-04:00,7482.5,7485.0,7477.0,7479.5,12445
2026-07-31 12:00:00-04:00,7483.75,7487.0,7480.5,7482.5,12951
2026-07-31 12:05:00-04:00,7481.75,7485.25,7475.75,7483.75,12279
2026-07-31 12:10:00-04:00,7486.75,7488.0,7481.25,7481.5,10718
2026-07-31 12:15:00-04:00,7484.5,7487.5,7479.0,7486.75,9697
2026-07-31 12:20:00-04:00,7494.5,7496.0,7483.5,7484.5,12422
2026-07-31 12:25:00-04:00,7496.0,7496.0,7489.5,7494.75,10884
2026-07-31 12:30:00-04:00,7499.5,7499.75,7493.5,7496.0,13174
2026-07-31 12:35:00-04:00,7497.0,7501.0,7494.5,7499.25,11296
2026-07-31 12:40:00-04:00,7493.5,7499.25,7492.5,7496.75,11117
2026-07-31 12:45:00-04:00,7497.0,7497.75,7491.25,7493.5,9598
2026-07-31 12:50:00-04:00,7497.5,7503.0,7495.75,7497.25,9144
2026-07-31 12:55:00-04:00,7497.5,7500.5,7497.0,7497.5,7174
2026-07-31 13:00:00-04:00,7502.25,7505.0,7496.5,7497.5,9707
2026-07-31 13:05:00-04:00,7499.75,7504.5,7497.0,7502.25,8486
2026-07-31 13:10:00-04:00,7504.0,7504.75,7497.75,7499.75,6310
2026-07-31 13:15:00-04:00,7506.25,7507.0,7502.75,7504.0,7270
2026-07-31 13:20:00-04:00,7512.25,7513.0,7503.5,7506.25,9575
2026-07-31 13:25:00-04:00,7514.75,7516.0,7510.75,7512.0,16030
2026-07-31 13:30:00-04:00,7515.5,7516.25,7512.25,7514.75,10020
2026-07-31 13:35:00-04:00,7509.5,7517.0,7509.0,7515.25,11625
2026-07-31 13:40:00-04:00,7510.0,7512.0,7507.5,7509.25,9517
2026-07-31 13:45:00-04:00,7504.5,7513.0,7503.75,7510.0,10651
2026-07-31 13:50:00-04:00,7507.25,7510.0,7503.25,7504.25,8904
2026-07-31 13:55:00-04:00,7506.0,7509.25,7505.5,7507.25,6419
2026-07-31 14:00:00-04:00,7508.0,7512.0,7504.25,7505.75,9515
2026-07-31 14:05:00-04:00,7510.5,7512.0,7505.75,7508.25,7038
2026-07-31 14:10:00-04:00,7508.5,7512.0,7506.5,7510.5,7308
2026-07-31 14:15:00-04:00,7512.5,7514.5,7508.0,7508.5,7214
2026-07-31 14:20:00-04:00,7515.25,7516.0,7512.0,7512.5,8159
2026-07-31 14:25:00-04:00,7512.0,7515.5,7510.75,7515.25,6680
2026-07-31 14:30:00-04:00,7512.5,7514.5,7512.0,7512.0,5416
2026-07-31 14:35:00-04:00,7509.75,7512.75,7508.5,7512.5,7045
2026-07-31 14:40:00-04:00,7512.0,7513.25,7508.0,7509.75,6697
2026-07-31 14:45:00-04:00,7514.5,7515.0,7510.5,7512.25,5403
2026-07-31 14:50:00-04:00,7513.75,7516.75,7513.25,7514.5,6505
2026-07-31 14:55:00-04:00,7513.0,7515.25,7510.0,7514.0,7609
2026-07-31 15:00:00-04:00,7510.5,7517.25,7510.0,7512.75,10145
2026-07-31 15:05:00-04:00,7513.25,7514.0,7509.0,7510.75,8454
2026-07-31 15:10:00-04:00,7514.75,7517.0,7512.5,7513.0,6917
2026-07-31 15:15:00-04:00,7526.75,7527.0,7514.25,7514.75,17317
2026-07-31 15:20:00-04:00,7526.25,7531.0,7525.5,7526.75,18486
2026-07-31 15:25:00-04:00,7526.75,7528.25,7525.0,7526.25,10810
2026-07-31 15:30:00-04:00,7523.25,7526.75,7520.0,7526.75,15381
2026-07-31 15:35:00-04:00,7527.0,7528.25,7523.0,7523.25,14103
2026-07-31 15:40:00-04:00,7532.75,7533.25,7524.5,7527.0,15443
2026-07-31 15:45:00-04:00,7537.0,7537.25,7532.5,7532.75,19905
2026-07-31 15:50:00-04:00,7537.75,7541.0,7530.25,7536.75,33346
2026-07-31 15:55:00-04:00,7520.0,7539.0,7515.0,7537.75,140071
2026-07-31 16:00:00-04:00,7519.5,7527.75,7516.75,7520.0,42148
2026-07-31 16:05:00-04:00,7522.25,7524.0,7517.0,7519.5,9688
2026-07-31 16:10:00-04:00,7521.75,7524.5,7521.25,7522.5,6598
2026-07-31 16:15:00-04:00,7519.5,7521.75,7518.25,7521.75,3030
2026-07-31 16:20:00-04:00,7518.5,7520.25,7518.5,7519.5,1497
2026-07-31 16:25:00-04:00,7519.0,7520.0,7517.0,7518.5,2163
2026-07-31 16:30:00-04:00,7520.25,7520.25,7517.0,7518.75,1805
2026-07-31 16:35:00-04:00,7520.0,7520.5,7518.75,7520.25,1241
2026-07-31 16:40:00-04:00,7518.5,7521.0,7518.25,7519.75,1445
2026-07-31 16:45:00-04:00,7519.25,7519.75,7518.0,7518.5,1537
2026-07-31 16:50:00-04:00,7511.25,7519.25,7505.5,7519.25,6593
2026-07-31 16:55:00-04:00,7519.25,7519.25,7499.0,7511.25,7112
2026-08-02 18:10:00-04:00,7555.5,7557.5,7552.5,7553.5,1780
2026-08-02 18:15:00-04:00,7551.0,7556.25,7550.0,7555.5,1972
2026-08-02 18:20:00-04:00,7552.25,7555.75,7551.0,7551.0,1659
2026-08-02 18:25:00-04:00,7551.25,7553.25,7549.5,7552.5,967
2026-08-02 18:30:00-04:00,7550.75,7551.75,7549.75,7551.25,609
2026-08-02 18:35:00-04:00,7552.0,7552.75,7550.5,7550.75,560
2026-08-02 18:40:00-04:00,7549.25,7552.75,7549.25,7552.0,577
2026-08-02 18:45:00-04:00,7549.0,7550.25,7548.75,7549.0,363
2026-08-02 18:50:00-04:00,7548.0,7549.5,7547.75,7549.25,502
2026-08-02 18:55:00-04:00,7545.5,7549.0,7544.5,7548.25,868
2026-08-02 19:00:00-04:00,7548.0,7550.5,7545.5,7545.75,905
2026-08-02 19:05:00-04:00,7544.75,7549.0,7544.75,7548.5,652
2026-08-02 19:10:00-04:00,7545.0,7546.0,7543.5,7545.0,506
2026-08-02 19:15:00-04:00,7546.25,7546.5,7545.25,7545.25,189
2026-08-02 19:20:00-04:00,7549.25,7549.5,7545.75,7546.5,534
2026-08-02 19:25:00-04:00,7548.75,7549.75,7548.25,7549.5,215
2026-08-02 19:30:00-04:00,7550.75,7551.5,7549.0,7549.0,610
2026-08-02 19:35:00-04:00,7549.0,7550.5,7549.0,7550.5,198
2026-08-02 19:40:00-04:00,7550.25,7550.5,7548.0,7549.0,417
2026-08-02 19:45:00-04:00,7551.75,7552.75,7546.75,7550.0,828
2026-08-02 19:50:00-04:00,7549.5,7555.0,7549.0,7551.75,2308
2026-08-02 19:55:00-04:00,7551.5,7552.25,7548.0,7549.75,811
2026-08-02 20:00:00-04:00,7548.0,7551.5,7546.25,7551.5,2079
2026-08-02 20:05:00-04:00,7551.5,7551.5,7547.25,7548.0,950
2026-08-02 20:10:00-04:00,7554.0,7554.25,7549.5,7551.5,1017
2026-08-02 20:15:00-04:00,7551.5,7556.75,7551.25,7553.75,1733
2026-08-02 20:20:00-04:00,7549.0,7552.25,7549.0,7551.5,1110
2026-08-02 20:25:00-04:00,7547.0,7549.5,7545.5,7549.0,1537
2026-08-02 20:30:00-04:00,7551.0,7551.5,7546.5,7546.75,1842
2026-08-02 20:35:00-04:00,7552.5,7553.75,7550.25,7551.0,1278
2026-08-02 20:40:00-04:00,7549.5,7553.5,7548.25,7552.25,1154
2026-08-02 20:45:00-04:00,7551.75,7552.25,7548.25,7549.5,1025
2026-08-02 20:50:00-04:00,7553.25,7554.5,7548.75,7551.75,1498
2026-08-02 20:55:00-04:00,7554.25,7554.25,7553.0,7553.25,630
2026-08-02 21:00:00-04:00,7554.5,7555.25,7552.0,7554.0,1149
2026-08-02 21:05:00-04:00,7554.0,7556.25,7553.25,7554.5,1078
2026-08-02 21:10:00-04:00,7551.75,7555.75,7550.75,7554.5,973
2026-08-02 21:15:00-04:00,7550.0,7552.25,7549.75,7551.75,858
2026-08-02 21:20:00-04:00,7553.25,7553.5,7549.75,7550.0,579
2026-08-02 21:25:00-04:00,7555.25,7555.75,7553.25,7553.25,714
2026-08-02 21:30:00-04:00,7554.25,7556.0,7554.0,7555.0,630
2026-08-02 21:35:00-04:00,7555.25,7555.25,7552.75,7554.25,548
2026-08-02 21:40:00-04:00,7556.75,7557.25,7554.5,7555.25,900
2026-08-02 21:45:00-04:00,7556.25,7558.25,7555.75,7557.0,1148
2026-08-02 21:50:00-04:00,7557.0,7558.5,7556.25,7556.5,800
2026-08-02 21:55:00-04:00,7558.0,7558.75,7557.0,7557.0,641
2026-08-02 22:00:00-04:00,7558.25,7559.25,7556.5,7558.0,821
2026-08-02 22:05:00-04:00,7557.5,7559.0,7557.0,7558.5,821
2026-08-02 22:10:00-04:00,7559.0,7560.0,7557.25,7557.25,533
2026-08-02 22:15:00-04:00,7561.0,7561.25,7558.5,7559.0,822
2026-08-02 22:20:00-04:00,7559.75,7561.75,7559.5,7560.75,984
2026-08-02 22:25:00-04:00,7557.0,7559.75,7557.0,7559.75,903
2026-08-02 22:30:00-04:00,7559.5,7559.5,7556.5,7557.0,569
2026-08-02 22:35:00-04:00,7559.5,7560.5,7559.25,7559.75,367
2026-08-02 22:40:00-04:00,7558.5,7560.25,7558.5,7559.25,405
2026-08-02 22:45:00-04:00,7559.0,7559.75,7558.5,7558.75,368
2026-08-02 22:50:00-04:00,7560.25,7560.75,7559.0,7559.0,266
2026-08-02 22:55:00-04:00,7560.5,7561.0,7559.75,7560.25,324
2026-08-02 23:00:00-04:00,7561.0,7561.75,7560.5,7560.5,670
2026-08-02 23:05:00-04:00,7561.5,7562.0,7561.0,7561.0,445
2026-08-02 23:10:00-04:00,7561.5,7562.0,7561.25,7561.5,391
2026-08-02 23:15:00-04:00,7561.75,7562.0,7560.75,7561.75,554
2026-08-02 23:20:00-04:00,7559.25,7562.5,7558.75,7561.75,747
2026-08-02 23:25:00-04:00,7558.75,7560.5,7558.75,7559.0,498
2026-08-02 23:30:00-04:00,7560.25,7560.75,7558.25,7559.0,500
2026-08-02 23:35:00-04:00,7561.75,7562.5,7559.75,7560.25,421
2026-08-02 23:40:00-04:00,7562.5,7562.5,7561.75,7561.75,423
2026-08-02 23:45:00-04:00,7562.25,7563.0,7561.5,7562.5,542
2026-08-02 23:50:00-04:00,7563.5,7564.5,7562.25,7562.25,1417
2026-08-02 23:55:00-04:00,7562.25,7563.5,7561.75,7563.5,461
2026-08-03 00:00:00-04:00,7561.5,7562.25,7561.25,7561.75,564
2026-08-03 00:05:00-04:00,7562.5,7563.0,7561.0,7561.25,578
2026-08-03 00:10:00-04:00,7562.5,7562.75,7562.0,7562.5,371
2026-08-03 00:15:00-04:00,7563.0,7563.75,7562.5,7562.5,296
2026-08-03 00:20:00-04:00,7564.25,7564.5,7562.75,7563.0,452
2026-08-03 00:25:00-04:00,7564.5,7565.0,7563.5,7564.5,457
2026-08-03 00:30:00-04:00,7564.5,7565.5,7564.5,7564.75,493
2026-08-03 00:35:00-04:00,7564.5,7565.0,7564.5,7564.5,333
2026-08-03 00:40:00-04:00,7565.25,7565.25,7564.0,7564.5,381
2026-08-03 00:45:00-04:00,7565.75,7567.0,7564.75,7565.25,1267
2026-08-03 00:50:00-04:00,7564.25,7565.75,7564.0,7565.75,487
2026-08-03 00:55:00-04:00,7563.25,7564.25,7563.0,7564.25,521
2026-08-03 01:00:00-04:00,7563.75,7565.25,7563.0,7563.5,639
2026-08-03 01:05:00-04:00,7563.25,7563.75,7562.0,7563.75,455
2026-08-03 01:10:00-04:00,7563.75,7565.25,7563.25,7563.25,519
2026-08-03 01:15:00-04:00,7562.0,7563.5,7561.75,7563.5,617
2026-08-03 01:20:00-04:00,7563.0,7563.25,7562.25,7562.25,497
2026-08-03 01:25:00-04:00,7563.25,7564.5,7562.75,7563.0,655
2026-08-03 01:30:00-04:00,7563.0,7564.0,7562.75,7563.25,526
2026-08-03 01:35:00-04:00,7563.25,7563.5,7562.25,7562.75,482
2026-08-03 01:40:00-04:00,7563.0,7564.0,7562.75,7563.25,469
2026-08-03 01:45:00-04:00,7563.0,7563.5,7562.75,7563.0,265
2026-08-03 01:50:00-04:00,7560.75,7563.0,7560.25,7563.0,420
2026-08-03 01:55:00-04:00,7563.0,7563.25,7560.75,7561.0,434
2026-08-03 02:00:00-04:00,7564.75,7565.0,7562.0,7563.25,1189
2026-08-03 02:05:00-04:00,7564.25,7565.75,7563.25,7564.75,1087
2026-08-03 02:10:00-04:00,7563.75,7566.0,7563.75,7564.25,878
2026-08-03 02:15:00-04:00,7563.0,7564.0,7563.0,7563.5,590
2026-08-03 02:20:00-04:00,7561.75,7563.75,7561.5,7563.0,900
2026-08-03 02:25:00-04:00,7559.75,7561.5,7558.75,7561.5,907
2026-08-03 02:30:00-04:00,7560.75,7562.0,7559.5,7559.75,780
2026-08-03 02:35:00-04:00,7559.25,7560.75,7558.5,7560.75,517
2026-08-03 02:40:00-04:00,7558.25,7559.25,7558.25,7559.25,397
2026-08-03 02:45:00-04:00,7557.5,7559.0,7557.0,7558.0,575
2026-08-03 02:50:00-04:00,7557.5,7557.75,7556.5,7557.5,537
2026-08-03 02:55:00-04:00,7556.75,7557.75,7555.75,7557.25,910
2026-08-03 03:00:00-04:00,7557.25,7559.0,7553.0,7557.0,2375
2026-08-03 03:05:00-04:00,7558.0,7561.25,7557.25,7557.5,1924
2026-08-03 03:10:00-04:00,7560.0,7561.0,7557.75,7558.0,1041
2026-08-03 03:15:00-04:00,7554.75,7561.75,7552.75,7560.0,3779
2026-08-03 03:20:00-04:00,7556.5,7558.0,7554.0,7554.75,1323
2026-08-03 03:25:00-04:00,7556.75,7557.75,7555.25,7556.5,1084
2026-08-03 03:30:00-04:00,7558.0,7558.25,7556.25,7556.75,890
2026-08-03 03:35:00-04:00,7556.0,7560.0,7555.0,7557.75,1041
2026-08-03 03:40:00-04:00,7554.0,7556.0,7553.25,7556.0,1052
2026-08-03 03:45:00-04:00,7556.5,7557.5,7553.5,7553.75,1048
2026-08-03 03:50:00-04:00,7557.25,7557.75,7555.25,7556.5,870
2026-08-03 03:55:00-04:00,7559.75,7560.0,7557.25,7557.5,1035
2026-08-03 04:00:00-04:00,7552.0,7560.0,7551.25,7559.75,1885
2026-08-03 04:05:00-04:00,7552.75,7554.0,7550.75,7552.25,1805
2026-08-03 04:10:00-04:00,7555.0,7555.5,7552.5,7552.5,1140
2026-08-03 04:15:00-04:00,7550.75,7555.25,7550.0,7555.0,1611
2026-08-03 04:20:00-04:00,7549.75,7551.75,7549.25,7551.0,1896
2026-08-03 04:25:00-04:00,7550.25,7550.75,7547.5,7550.0,1746
2026-08-03 04:30:00-04:00,7548.75,7550.75,7547.75,7550.5,1356
2026-08-03 04:35:00-04:00,7555.5,7555.75,7548.5,7548.75,1792
2026-08-03 04:40:00-04:00,7554.5,7557.25,7553.75,7555.5,1004
2026-08-03 04:45:00-04:00,7554.75,7555.75,7552.25,7554.5,985
2026-08-03 04:50:00-04:00,7555.0,7555.5,7554.25,7554.75,1102
2026-08-03 04:55:00-04:00,7559.5,7559.5,7555.25,7555.25,1889
2026-08-03 05:00:00-04:00,7556.25,7560.25,7556.0,7559.5,1732
2026-08-03 05:05:00-04:00,7557.0,7559.0,7556.25,7556.25,1156
2026-08-03 05:10:00-04:00,7556.0,7557.5,7554.0,7557.0,1215
2026-08-03 05:15:00-04:00,7557.75,7558.75,7555.25,7556.0,947
2026-08-03 05:20:00-04:00,7556.25,7558.5,7556.25,7557.75,713
2026-08-03 05:25:00-04:00,7556.25,7557.25,7555.25,7556.5,688
2026-08-03 05:30:00-04:00,7556.75,7558.0,7555.75,7556.0,576
2026-08-03 05:35:00-04:00,7556.5,7559.75,7555.75,7557.25,1175
2026-08-03 05:40:00-04:00,7556.5,7558.25,7556.25,7556.5,624
2026-08-03 05:45:00-04:00,7556.5,7558.75,7556.0,7556.75,562
2026-08-03 05:50:00-04:00,7555.75,7557.0,7553.5,7556.75,858
2026-08-03 05:55:00-04:00,7557.5,7558.25,7555.75,7556.0,713
2026-08-03 06:00:00-04:00,7558.0,7558.5,7555.5,7557.5,854
2026-08-03 06:05:00-04:00,7558.5,7559.0,7557.5,7558.0,497
2026-08-03 06:10:00-04:00,7558.25,7560.0,7558.0,7558.5,1403
2026-08-03 06:15:00-04:00,7559.5,7560.5,7558.25,7558.25,1327
2026-08-03 06:20:00-04:00,7559.0,7560.25,7557.25,7559.5,1481
2026-08-03 06:25:00-04:00,7560.25,7560.5,7558.0,7559.25,955
2026-08-03 06:30:00-04:00,7560.75,7561.0,7558.5,7560.0,720
2026-08-03 06:35:00-04:00,7561.5,7562.0,7559.5,7560.75,1398
2026-08-03 06:40:00-04:00,7562.5,7562.5,7561.0,7561.5,766
2026-08-03 06:45:00-04:00,7561.5,7562.75,7561.0,7562.5,691
2026-08-03 06:50:00-04:00,7561.75,7562.25,7560.75,7561.5,898
2026-08-03 06:55:00-04:00,7562.75,7563.0,7561.5,7561.5,641
2026-08-03 07:00:00-04:00,7560.5,7563.25,7559.25,7562.75,1861
2026-08-03 07:05:00-04:00,7559.0,7560.75,7557.25,7560.75,1538
2026-08-03 07:10:00-04:00,7560.0,7560.25,7558.75,7559.0,1371
2026-08-03 07:15:00-04:00,7563.0,7563.25,7559.5,7560.0,1239
2026-08-03 07:20:00-04:00,7561.5,7564.0,7561.5,7563.0,1844
2026-08-03 07:25:00-04:00,7561.5,7562.75,7560.5,7561.25,1225
2026-08-03 07:30:00-04:00,7565.5,7567.75,7561.25,7561.5,3474
2026-08-03 07:35:00-04:00,7561.25,7566.75,7561.25,7566.0,1810
2026-08-03 07:40:00-04:00,7564.0,7564.0,7560.5,7561.25,1616
2026-08-03 07:45:00-04:00,7563.25,7564.5,7561.5,7563.75,2100
2026-08-03 07:50:00-04:00,7557.25,7563.5,7557.25,7563.25,2076
2026-08-03 07:55:00-04:00,7557.5,7557.75,7555.75,7557.25,2373
2026-08-03 08:00:00-04:00,7555.5,7557.5,7554.5,7557.25,2607
2026-08-03 08:05:00-04:00,7555.25,7556.0,7553.5,7555.75,2058
2026-08-03 08:10:00-04:00,7556.5,7556.75,7553.25,7555.0,2440
2026-08-03 08:15:00-04:00,7556.25,7558.25,7554.5,7556.5,2693
2026-08-03 08:20:00-04:00,7554.5,7558.75,7554.0,7556.5,2873
2026-08-03 08:25:00-04:00,7558.0,7558.75,7553.75,7554.5,2151
2026-08-03 08:30:00-04:00,7561.0,7561.0,7558.25,7558.25,2029
2026-08-03 08:35:00-04:00,7562.0,7562.25,7559.25,7561.0,3656
2026-08-03 08:40:00-04:00,7565.5,7565.75,7561.25,7562.0,2765
2026-08-03 08:45:00-04:00,7563.75,7566.25,7563.75,7565.75,2923
2026-08-03 08:50:00-04:00,7565.0,7565.5,7562.25,7563.75,2448
2026-08-03 08:55:00-04:00,7563.25,7565.25,7563.0,7565.0,1972
2026-08-03 09:00:00-04:00,7564.25,7565.0,7562.25,7563.5,2650
2026-08-03 09:05:00-04:00,7563.0,7565.0,7562.5,7564.25,2353
2026-08-03 09:10:00-04:00,7562.5,7564.25,7561.75,7562.75,2224
2026-08-03 09:15:00-04:00,7565.25,7565.75,7562.5,7562.5,3998
2026-08-03 09:20:00-04:00,7564.0,7565.5,7562.75,7565.5,2764
2026-08-03 09:25:00-04:00,7546.0,7563.75,7544.75,7563.75,13763
2026-08-03 09:30:00-04:00,7559.25,7565.25,7542.75,7546.25,46749
2026-08-03 09:35:00-04:00,7568.75,7571.0,7558.75,7559.25,33485
2026-08-03 09:40:00-04:00,7567.25,7570.0,7561.0,7568.75,25461
2026-08-03 09:45:00-04:00,7570.75,7575.0,7565.0,7567.5,29269
2026-08-03 09:50:00-04:00,7579.25,7581.25,7567.0,7570.75,30207
2026-08-03 09:55:00-04:00,7588.0,7588.25,7578.5,7579.5,23455
2026-08-03 10:00:00-04:00,7585.75,7591.25,7582.75,7587.75,28715
2026-08-03 10:05:00-04:00,7587.75,7588.5,7583.5,7586.0,18438
2026-08-03 10:10:00-04:00,7591.0,7592.5,7587.25,7587.75,17146
2026-08-03 10:15:00-04:00,7593.75,7597.5,7590.0,7591.0,22252
2026-08-03 10:20:00-04:00,7598.25,7599.75,7593.5,7594.0,17410
2026-08-03 10:25:00-04:00,7597.25,7600.0,7595.5,7598.25,16315
2026-08-03 10:30:00-04:00,7597.25,7598.5,7595.0,7597.0,14687
2026-08-03 10:35:00-04:00,7599.75,7601.5,7596.25,7597.25,13991
2026-08-03 10:40:00-04:00,7601.25,7603.75,7599.5,7600.0,14351
2026-08-03 10:45:00-04:00,7600.75,7601.75,7598.75,7601.25,11170
2026-08-03 10:50:00-04:00,7601.0,7603.5,7600.0,7600.75,14752
2026-08-03 10:55:00-04:00,7606.0,7606.0,7601.0,7601.0,12713
2026-08-03 11:00:00-04:00,7604.5,7606.25,7603.0,7606.0,11898
2026-08-03 11:05:00-04:00,7601.25,7604.5,7599.75,7604.5,12084
2026-08-03 11:10:00-04:00,7602.5,7603.25,7600.0,7601.25,10348
2026-08-03 11:15:00-04:00,7606.0,7606.0,7602.5,7602.5,9690
2026-08-03 11:20:00-04:00,7607.75,7609.0,7605.75,7606.0,13349
2026-08-03 11:25:00-04:00,7603.25,7609.0,7602.0,7607.75,19409
2026-08-03 11:30:00-04:00,7604.75,7606.75,7602.5,7603.0,11035
2026-08-03 11:35:00-04:00,7607.25,7608.0,7603.75,7605.0,11098
2026-08-03 11:40:00-04:00,7608.5,7610.5,7607.0,7607.5,12323
2026-08-03 11:45:00-04:00,7612.5,7613.0,7608.5,7608.5,14948
2026-08-03 11:50:00-04:00,7613.75,7614.0,7611.75,7612.5,10388
2026-08-03 11:55:00-04:00,7611.5,7613.75,7610.0,7613.5,12815
2026-08-03 12:00:00-04:00,7611.5,7613.5,7611.0,7611.5,9635
2026-08-03 12:05:00-04:00,7611.75,7612.5,7610.0,7611.75,8459
2026-08-03 12:10:00-04:00,7611.5,7612.0,7609.25,7611.75,7598
2026-08-03 12:15:00-04:00,7614.25,7614.5,7611.0,7611.25,8086
2026-08-03 12:20:00-04:00,7614.25,7614.5,7612.25,7614.25,6906
2026-08-03 12:25:00-04:00,7617.0,7617.75,7613.5,7614.25,11480
2026-08-03 12:30:00-04:00,7616.0,7618.0,7614.75,7617.25,10336
2026-08-03 12:35:00-04:00,7614.5,7616.0,7613.75,7616.0,6723
2026-08-03 12:40:00-04:00,7616.25,7616.75,7613.75,7614.5,6603
2026-08-03 12:45:00-04:00,7614.75,7616.5,7614.5,7616.5,5208
2026-08-03 12:50:00-04:00,7612.0,7615.5,7612.0,7614.75,8783
2026-08-03 12:55:00-04:00,7613.75,7615.25,7611.75,7612.25,7136
2026-08-03 13:00:00-04:00,7613.75,7614.75,7611.75,7614.0,8411
2026-08-03 13:05:00-04:00,7613.75,7614.5,7611.0,7613.75,6758
2026-08-03 13:10:00-04:00,7616.5,7617.75,7613.5,7613.75,7634
2026-08-03 13:15:00-04:00,7619.5,7619.5,7616.5,7616.75,6788
2026-08-03 13:20:00-04:00,7621.5,7622.0,7618.25,7619.5,10234
2026-08-03 13:25:00-04:00,7622.5,7623.25,7620.0,7621.25,7129
2026-08-03 13:30:00-04:00,7625.5,7625.5,7621.75,7622.5,7594
2026-08-03 13:35:00-04:00,7623.75,7626.25,7623.0,7625.5,8975
2026-08-03 13:40:00-04:00,7625.0,7625.25,7623.25,7624.0,5563
2026-08-03 13:45:00-04:00,7626.5,7627.25,7624.75,7625.25,9378
2026-08-03 13:50:00-04:00,7628.25,7628.25,7626.25,7626.5,5822
2026-08-03 13:55:00-04:00,7628.0,7629.75,7627.25,7628.25,9175
2026-08-03 14:00:00-04:00,7633.0,7633.25,7628.0,7628.25,15681
2026-08-03 14:05:00-04:00,7635.0,7635.0,7632.5,7633.25,10802
2026-08-03 14:10:00-04:00,7631.75,7635.0,7630.25,7634.75,11218
2026-08-03 14:15:00-04:00,7631.25,7634.75,7630.5,7631.75,7866
2026-08-03 14:20:00-04:00,7631.25,7633.25,7629.5,7631.25,8999
2026-08-03 14:25:00-04:00,7627.5,7632.0,7626.25,7631.0,12534
2026-08-03 14:30:00-04:00,7626.5,7630.0,7625.0,7627.5,11505
2026-08-03 14:35:00-04:00,7628.25,7629.5,7626.25,7626.5,7347
2026-08-03 14:40:00-04:00,7632.5,7632.75,7627.25,7628.25,7795
2026-08-03 14:45:00-04:00,7632.5,7633.5,7629.0,7632.5,9175
2026-08-03 14:50:00-04:00,7632.5,7634.25,7630.5,7632.25,11481
2026-08-03 14:55:00-04:00,7631.25,7634.0,7630.75,7632.75,6051
2026-08-03 15:00:00-04:00,7636.75,7637.75,7631.0,7631.25,12143
2026-08-03 15:05:00-04:00,7633.5,7637.25,7632.25,7637.0,9400
2026-08-03 15:10:00-04:00,7633.5,7636.0,7632.75,7633.5,6626
2026-08-03 15:15:00-04:00,7635.25,7636.25,7633.5,7633.5,9092
2026-08-03 15:20:00-04:00,7636.25,7636.25,7633.25,7635.5,8137
2026-08-03 15:25:00-04:00,7635.5,7637.25,7634.25,7636.0,9371
2026-08-03 15:30:00-04:00,7635.5,7637.0,7633.75,7635.5,10278
2026-08-03 15:35:00-04:00,7631.75,7636.5,7631.25,7635.25,10330
2026-08-03 15:40:00-04:00,7632.5,7633.5,7630.25,7632.0,12865
2026-08-03 15:45:00-04:00,7633.0,7634.25,7631.0,7632.5,14832
2026-08-03 15:50:00-04:00,7629.0,7635.75,7627.75,7633.0,31208
2026-08-03 15:55:00-04:00,7628.25,7632.0,7625.75,7629.0,96410
2026-08-03 16:00:00-04:00,7628.75,7629.0,7625.25,7628.25,21595
2026-08-03 16:05:00-04:00,7631.5,7632.5,7628.5,7628.5,6418
2026-08-03 16:10:00-04:00,7632.0,7633.0,7630.5,7631.5,4056
2026-08-03 16:15:00-04:00,7633.75,7634.25,7632.0,7632.0,1873
2026-08-03 16:20:00-04:00,7634.0,7636.5,7633.5,7634.0,2363
2026-08-03 16:25:00-04:00,7633.0,7634.25,7632.75,7633.75,951
2026-08-03 16:30:00-04:00,7633.25,7634.25,7632.75,7633.0,1044
2026-08-03 16:35:00-04:00,7634.5,7635.25,7633.5,7633.5,849
2026-08-03 16:40:00-04:00,7635.5,7636.5,7634.25,7634.5,1321
2026-08-03 16:45:00-04:00,7632.5,7635.75,7632.5,7635.5,1956
2026-08-03 16:50:00-04:00,7631.25,7633.0,7630.75,7632.5,1511
2026-08-03 16:55:00-04:00,7631.25,7632.25,7630.25,7631.5,1320
2026-08-03 18:00:00-04:00,7631.5,7633.5,7629.0,7631.0,0
2026-08-03 18:05:00-04:00,7634.5,7635.0,7631.5,7631.75,798
2026-08-03 18:10:00-04:00,7632.5,7635.5,7631.5,7634.5,609
2026-08-03 18:15:00-04:00,7634.25,7635.0,7632.5,7632.5,320
2026-08-03 18:20:00-04:00,7634.0,7634.75,7632.75,7634.25,236
2026-08-03 18:25:00-04:00,7633.75,7634.5,7633.0,7634.25,128
2026-08-03 18:30:00-04:00,7635.0,7635.5,7633.25,7633.75,318
2026-08-03 18:35:00-04:00,7635.0,7635.75,7633.5,7634.5,293
2026-08-03 18:40:00-04:00,7636.0,7636.5,7635.25,7635.25,356
2026-08-03 18:45:00-04:00,7635.5,7636.0,7634.25,7636.0,354
2026-08-03 18:50:00-04:00,7635.75,7636.0,7635.0,7635.5,398
2026-08-03 18:55:00-04:00,7635.25,7636.0,7635.25,7635.75,142
2026-08-03 19:00:00-04:00,7635.25,7635.75,7634.25,7635.25,233
2026-08-03 19:05:00-04:00,7634.0,7635.25,7633.5,7635.0,275
2026-08-03 19:10:00-04:00,7634.5,7634.5,7633.75,7634.0,122
2026-08-03 19:15:00-04:00,7635.5,7636.25,7634.5,7634.5,195
2026-08-03 19:20:00-04:00,7634.75,7636.25,7634.5,7635.75,282
2026-08-03 19:25:00-04:00,7634.75,7635.25,7634.0,7634.75,273
2026-08-03 19:30:00-04:00,7635.75,7636.25,7633.75,7634.75,426
2026-08-03 19:35:00-04:00,7632.75,7636.0,7632.75,7635.5,331
2026-08-03 19:40:00-04:00,7632.75,7633.75,7632.75,7632.75,335
2026-08-03 19:45:00-04:00,7635.0,7636.0,7632.75,7633.0,755
2026-08-03 19:50:00-04:00,7633.5,7636.0,7633.25,7635.0,544
2026-08-03 19:55:00-04:00,7635.5,7635.5,7633.25,7633.5,456
2026-08-03 20:00:00-04:00,7634.75,7636.0,7632.25,7635.5,1234
2026-08-03 20:05:00-04:00,7636.25,7637.25,7634.0,7634.75,836
2026-08-03 20:10:00-04:00,7634.0,7636.5,7633.0,7636.25,671
2026-08-03 20:15:00-04:00,7632.0,7634.0,7631.25,7634.0,793
2026-08-03 20:20:00-04:00,7633.0,7634.0,7631.75,7632.0,569
2026-08-03 20:25:00-04:00,7631.25,7634.0,7630.75,7632.75,768
2026-08-03 20:30:00-04:00,7630.5,7631.75,7630.25,7631.25,821
2026-08-03 20:35:00-04:00,7634.5,7634.75,7629.25,7630.75,1834
2026-08-03 20:40:00-04:00,7634.75,7635.25,7632.5,7634.5,1747
2026-08-03 20:45:00-04:00,7634.5,7635.0,7632.5,7634.75,649
2026-08-03 20:50:00-04:00,7633.75,7635.75,7633.0,7634.25,786
2026-08-03 20:55:00-04:00,7632.75,7634.5,7631.75,7634.0,845
2026-08-03 21:00:00-04:00,7631.25,7633.0,7629.5,7632.75,2348
2026-08-03 21:05:00-04:00,7633.5,7633.75,7629.75,7631.0,1271
2026-08-03 21:10:00-04:00,7634.25,7635.25,7633.0,7633.5,910
2026-08-03 21:15:00-04:00,7634.5,7635.25,7632.25,7634.0,559
2026-08-03 21:20:00-04:00,7635.5,7635.75,7634.25,7634.25,464
2026-08-03 21:25:00-04:00,7636.25,7636.25,7633.75,7635.5,632
2026-08-03 21:30:00-04:00,7637.75,7639.0,7635.75,7636.25,1276
2026-08-03 21:35:00-04:00,7636.25,7638.5,7636.0,7637.75,757
2026-08-03 21:40:00-04:00,7640.0,7640.5,7636.0,7636.0,874
2026-08-03 21:45:00-04:00,7642.0,7642.25,7639.75,7640.0,1251
2026-08-03 21:50:00-04:00,7646.75,7647.5,7641.5,7642.0,2289
2026-08-03 21:55:00-04:00,7646.5,7647.25,7645.75,7646.75,1040
2026-08-03 22:00:00-04:00,7644.5,7647.5,7644.25,7646.25,1047
2026-08-03 22:05:00-04:00,7642.25,7644.75,7641.25,7644.5,1066
2026-08-03 22:10:00-04:00,7640.75,7642.25,7639.75,7642.25,934
2026-08-03 22:15:00-04:00,7642.0,7642.25,7640.75,7640.75,585
2026-08-03 22:20:00-04:00,7641.5,7642.5,7639.0,7642.25,756
2026-08-03 22:25:00-04:00,7640.0,7641.75,7640.0,7641.5,629
2026-08-03 22:30:00-04:00,7641.5,7643.0,7640.25,7640.25,378
2026-08-03 22:35:00-04:00,7642.75,7644.0,7641.5,7642.0,389
2026-08-03 22:40:00-04:00,7643.75,7644.0,7642.25,7642.75,410
2026-08-03 22:45:00-04:00,7642.5,7643.75,7641.75,7643.75,402
2026-08-03 22:50:00-04:00,7644.0,7644.25,7641.75,7642.5,253
2026-08-03 22:55:00-04:00,7642.5,7644.25,7642.25,7644.0,264
2026-08-03 23:00:00-04:00,7642.0,7644.0,7641.5,7642.25,468
2026-08-03 23:05:00-04:00,7641.0,7642.5,7640.0,7642.25,609
2026-08-03 23:10:00-04:00,7639.5,7641.5,7638.25,7641.25,654
2026-08-03 23:15:00-04:00,7640.5,7641.25,7639.25,7639.5,659
2026-08-03 23:20:00-04:00,7642.75,7643.0,7639.75,7640.75,446
2026-08-03 23:25:00-04:00,7643.5,7644.5,7642.5,7643.0,356
2026-08-03 23:30:00-04:00,7645.5,7645.5,7643.5,7643.5,596
2026-08-03 23:35:00-04:00,7644.5,7645.5,7644.0,7645.25,533
2026-08-03 23:40:00-04:00,7642.75,7644.5,7641.75,7644.5,487
2026-08-03 23:45:00-04:00,7643.75,7644.25,7641.75,7642.75,528
2026-08-03 23:50:00-04:00,7644.0,7645.0,7643.5,7643.75,303
2026-08-03 23:55:00-04:00,7645.0,7645.0,7643.75,7644.0,287
2026-08-04 00:05:00-04:00,7643.75,7644.25,7643.75,7644.0,791
2026-08-04 00:10:00-04:00,7642.75,7644.0,7641.75,7643.75,258
2026-08-04 00:15:00-04:00,7645.25,7645.5,7642.75,7643.0,249
2026-08-04 00:20:00-04:00,7645.25,7645.25,7644.5,7645.25,274
2026-08-04 00:25:00-04:00,7645.5,7645.75,7645.0,7645.25,229
2026-08-04 00:30:00-04:00,7645.25,7646.0,7645.25,7645.5,255
2026-08-04 00:35:00-04:00,7645.25,7645.5,7644.75,7645.25,198
2026-08-04 00:40:00-04:00,7645.25,7645.75,7644.75,7645.0,169
2026-08-04 00:45:00-04:00,7645.75,7646.0,7644.5,7645.0,169
2026-08-04 00:50:00-04:00,7646.0,7646.5,7645.0,7646.0,241
2026-08-04 00:55:00-04:00,7645.5,7646.25,7644.25,7646.0,238
2026-08-04 01:00:00-04:00,7644.25,7645.75,7643.5,7645.25,401
2026-08-04 01:05:00-04:00,7644.75,7644.75,7643.75,7644.5,160
2026-08-04 01:10:00-04:00,7643.25,7644.75,7642.75,7644.75,491
2026-08-04 01:15:00-04:00,7644.25,7644.25,7643.0,7643.25,249
2026-08-04 01:20:00-04:00,7645.5,7645.5,7644.0,7644.25,264
2026-08-04 01:25:00-04:00,7645.5,7646.0,7644.25,7645.25,398
2026-08-04 01:30:00-04:00,7646.0,7646.5,7645.25,7645.25,574
2026-08-04 01:35:00-04:00,7646.5,7649.5,7646.25,7646.25,1316
2026-08-04 01:40:00-04:00,7647.25,7647.75,7646.0,7646.25,763
2026-08-04 01:45:00-04:00,7646.5,7647.0,7646.0,7647.0,332
2026-08-04 01:50:00-04:00,7646.5,7647.5,7646.25,7646.5,277
2026-08-04 01:55:00-04:00,7647.5,7647.75,7646.25,7646.5,286
2026-08-04 02:00:00-04:00,7648.0,7648.25,7646.75,7647.75,682
2026-08-04 02:05:00-04:00,7648.75,7649.25,7647.25,7647.75,544
2026-08-04 02:10:00-04:00,7649.75,7650.0,7648.5,7648.5,711
2026-08-04 02:15:00-04:00,7647.75,7649.75,7647.5,7649.75,578
2026-08-04 02:20:00-04:00,7647.75,7649.0,7647.0,7648.0,574
2026-08-04 02:25:00-04:00,7647.25,7649.0,7647.0,7647.75,594
2026-08-04 02:30:00-04:00,7646.75,7648.25,7646.5,7647.0,653
2026-08-04 02:35:00-04:00,7644.75,7646.75,7644.0,7646.75,731
2026-08-04 02:40:00-04:00,7644.0,7645.0,7642.75,7644.75,705
2026-08-04 02:45:00-04:00,7644.25,7644.75,7643.75,7644.0,399
2026-08-04 02:50:00-04:00,7644.25,7644.75,7643.75,7644.25,465
2026-08-04 02:55:00-04:00,7644.5,7644.75,7643.0,7644.25,683
2026-08-04 03:00:00-04:00,7646.25,7647.5,7644.0,7644.5,1881
2026-08-04 03:05:00-04:00,7642.25,7646.5,7642.0,7646.5,1636
2026-08-04 03:10:00-04:00,7643.0,7643.25,7641.5,7642.0,1254
2026-08-04 03:15:00-04:00,7643.0,7644.75,7642.5,7643.0,1035
2026-08-04 03:20:00-04:00,7644.0,7644.0,7642.5,7643.25,633
2026-08-04 03:25:00-04:00,7645.0,7646.0,7644.0,7644.25,1089
2026-08-04 03:30:00-04:00,7646.25,7648.0,7644.75,7645.0,1629
2026-08-04 03:35:00-04:00,7644.0,7646.5,7643.25,7646.25,811
2026-08-04 03:40:00-04:00,7642.5,7644.5,7642.0,7644.25,771
2026-08-04 03:45:00-04:00,7646.75,7646.75,7642.0,7642.5,1048
2026-08-04 03:50:00-04:00,7643.0,7646.5,7643.0,7646.5,1565
2026-08-04 03:55:00-04:00,7643.5,7643.75,7642.25,7643.25,1498
2026-08-04 04:00:00-04:00,7643.75,7644.75,7642.5,7643.5,1835
2026-08-04 04:05:00-04:00,7643.25,7645.0,7642.75,7644.0,1681
2026-08-04 04:10:00-04:00,7643.75,7643.75,7642.0,7643.0,1120
2026-08-04 04:15:00-04:00,7644.5,7645.5,7643.5,7644.0,1063
2026-08-04 04:20:00-04:00,7643.25,7645.75,7643.0,7644.75,1547
2026-08-04 04:25:00-04:00,7643.25,7643.75,7642.0,7643.25,1308
2026-08-04 04:30:00-04:00,7639.5,7643.25,7638.0,7643.25,2453
2026-08-04 04:35:00-04:00,7639.25,7639.75,7637.75,7639.25,1663
2026-08-04 04:40:00-04:00,7638.25,7639.25,7637.0,7639.0,1387
2026-08-04 04:45:00-04:00,7635.75,7638.25,7635.25,7638.25,2049
2026-08-04 04:50:00-04:00,7636.0,7636.75,7635.25,7636.0,878
2026-08-04 04:55:00-04:00,7637.25,7638.5,7636.0,7636.0,1181
2026-08-04 05:00:00-04:00,7635.5,7637.0,7634.0,7637.0,1390
2026-08-04 05:05:00-04:00,7633.25,7635.5,7632.75,7635.25,2050
2026-08-04 05:10:00-04:00,7633.75,7634.25,7632.0,7633.5,1294
2026-08-04 05:15:00-04:00,7633.25,7634.25,7631.75,7634.0,1210
2026-08-04 05:20:00-04:00,7633.0,7634.0,7632.5,7633.25,981
2026-08-04 05:25:00-04:00,7634.25,7634.5,7632.25,7633.0,774
2026-08-04 05:30:00-04:00,7635.75,7636.0,7634.25,7634.25,1001
2026-08-04 05:35:00-04:00,7637.25,7637.25,7635.5,7636.0,941
2026-08-04 05:40:00-04:00,7637.75,7638.25,7637.25,7637.25,784
2026-08-04 05:45:00-04:00,7638.5,7638.5,7635.5,7637.75,2687
2026-08-04 05:50:00-04:00,7635.0,7638.0,7634.75,7638.0,980
2026-08-04 05:55:00-04:00,7637.5,7637.5,7634.75,7634.75,652
2026-08-04 06:00:00-04:00,7636.75,7638.0,7636.25,7637.75,616
2026-08-04 06:05:00-04:00,7637.75,7638.5,7636.25,7636.75,773
2026-08-04 06:10:00-04:00,7638.5,7639.75,7637.75,7638.0,1257
2026-08-04 06:15:00-04:00,7637.0,7638.5,7636.0,7638.5,914
2026-08-04 06:20:00-04:00,7637.5,7638.25,7636.25,7637.0,753
2026-08-04 06:25:00-04:00,7636.5,7638.0,7636.25,7637.75,788
2026-08-04 06:30:00-04:00,7640.5,7642.25,7635.5,7636.5,3032
2026-08-04 06:35:00-04:00,7639.25,7640.75,7638.5,7640.5,860
2026-08-04 06:40:00-04:00,7643.75,7644.75,7638.0,7639.0,2899
2026-08-04 06:45:00-04:00,7644.75,7647.75,7643.0,7643.5,5001
2026-08-04 06:50:00-04:00,7643.75,7645.5,7641.5,7644.75,1628
2026-08-04 06:55:00-04:00,7643.0,7644.5,7641.75,7643.75,1332
2026-08-04 07:00:00-04:00,7644.0,7645.25,7641.75,7643.25,1763
2026-08-04 07:05:00-04:00,7642.5,7644.0,7641.5,7644.0,1081
2026-08-04 07:10:00-04:00,7643.5,7644.5,7641.75,7642.25,1479
2026-08-04 07:15:00-04:00,7644.25,7644.5,7643.0,7643.5,1168
2026-08-04 07:20:00-04:00,7645.0,7647.25,7644.25,7644.25,1593
2026-08-04 07:25:00-04:00,7648.5,7648.75,7645.0,7645.0,1313
2026-08-04 07:30:00-04:00,7647.5,7648.5,7647.0,7648.5,929
2026-08-04 07:35:00-04:00,7647.25,7648.25,7646.75,7647.5,1427
2026-08-04 07:40:00-04:00,7654.75,7657.0,7645.0,7647.0,6521
2026-08-04 07:45:00-04:00,7654.0,7655.0,7651.75,7654.75,4733
2026-08-04 07:50:00-04:00,7655.75,7657.75,7653.25,7653.75,4514
2026-08-04 07:55:00-04:00,7654.5,7656.25,7652.0,7655.75,2784
2026-08-04 08:00:00-04:00,7654.25,7655.25,7652.75,7654.5,2509
2026-08-04 08:05:00-04:00,7655.0,7656.25,7651.25,7654.25,2367
2026-08-04 08:10:00-04:00,7651.75,7655.0,7651.5,7655.0,1537
2026-08-04 08:15:00-04:00,7654.25,7654.5,7651.25,7651.75,2113
2026-08-04 08:20:00-04:00,7655.0,7655.5,7653.75,7654.5,2011
2026-08-04 08:25:00-04:00,7654.5,7655.5,7654.25,7655.0,1420
2026-08-04 08:30:00-04:00,7655.0,7655.25,7652.5,7654.75,1937
2026-08-04 08:35:00-04:00,7654.5,7655.75,7654.25,7655.0,1370
2026-08-04 08:40:00-04:00,7655.25,7655.75,7654.25,7654.25,1281
2026-08-04 08:45:00-04:00,7651.75,7655.25,7651.0,7655.0,2408
2026-08-04 08:50:00-04:00,7652.25,7653.5,7651.5,7651.75,1208
2026-08-04 08:55:00-04:00,7651.0,7652.75,7651.0,7652.5,1337
2026-08-04 09:00:00-04:00,7652.25,7653.0,7649.25,7651.0,2429
2026-08-04 09:05:00-04:00,7653.75,7654.75,7652.25,7652.5,1581
2026-08-04 09:10:00-04:00,7654.0,7654.5,7653.25,7654.0,1660
2026-08-04 09:15:00-04:00,7653.5,7656.25,7653.5,7654.0,2505
2026-08-04 09:20:00-04:00,7657.75,7666.0,7653.25,7653.25,14008
2026-08-04 09:25:00-04:00,7657.5,7662.0,7656.75,7657.5,8720
2026-08-04 09:30:00-04:00,7669.5,7670.25,7656.0,7657.25,44581
2026-08-04 09:35:00-04:00,7670.25,7673.0,7666.5,7669.75,30829
2026-08-04 09:40:00-04:00,7670.0,7673.5,7667.5,7670.25,22111
2026-08-04 09:45:00-04:00,7677.0,7677.0,7669.75,7669.75,27232
2026-08-04 09:50:00-04:00,7686.0,7686.5,7675.25,7677.0,27589
2026-08-04 09:55:00-04:00,7685.5,7686.25,7678.25,7686.0,22322
2026-08-04 10:00:00-04:00,7690.5,7693.25,7682.5,7685.25,28668
2026-08-04 10:05:00-04:00,7695.25,7697.75,7690.0,7690.5,24056
2026-08-04 10:10:00-04:00,7700.5,7700.75,7695.0,7695.25,18045
2026-08-04 10:15:00-04:00,7704.5,7706.25,7699.5,7700.75,22972
2026-08-04 10:20:00-04:00,7695.5,7705.0,7693.5,7704.75,24498
2026-08-04 10:25:00-04:00,7697.0,7700.75,7695.0,7695.25,18906
2026-08-04 10:30:00-04:00,7701.5,7702.75,7692.75,7697.0,19822
2026-08-04 10:35:00-04:00,7704.0,7709.5,7699.75,7701.5,25173
2026-08-04 10:40:00-04:00,7710.0,7711.75,7703.0,7703.75,16931
2026-08-04 10:45:00-04:00,7711.0,7711.75,7707.75,7710.25,16436
2026-08-04 10:50:00-04:00,7711.25,7712.5,7708.5,7711.0,12917
2026-08-04 10:55:00-04:00,7715.25,7716.5,7710.0,7711.0,14619
2026-08-04 11:00:00-04:00,7720.75,7721.25,7714.0,7715.5,18334
2026-08-04 11:05:00-04:00,7720.75,7721.0,7715.75,7721.0,17338
2026-08-04 11:10:00-04:00,7721.25,7724.0,7719.25,7720.5,14626
2026-08-04 11:15:00-04:00,7725.75,7726.0,7721.0,7721.5,11926
2026-08-04 11:20:00-04:00,7730.0,7730.25,7724.25,7725.75,14558
2026-08-04 11:25:00-04:00,7726.0,7731.0,7725.0,7730.0,15631
2026-08-04 11:30:00-04:00,7725.0,7728.25,7723.75,7726.0,11799
2026-08-04 11:35:00-04:00,7730.5,7733.5,7724.5,7724.75,25344
2026-08-04 11:40:00-04:00,7735.25,7735.75,7729.75,7730.5,13475
2026-08-04 11:45:00-04:00,7738.75,7739.5,7734.75,7735.25,14556
2026-08-04 11:50:00-04:00,7734.75,7741.25,7733.75,7738.75,19717
2026-08-04 11:55:00-04:00,7736.5,7738.5,7733.75,7734.75,9867
2026-08-04 12:00:00-04:00,7739.5,7741.0,7736.0,7736.5,11376
2026-08-04 12:05:00-04:00,7736.0,7741.75,7735.25,7739.5,11421
2026-08-04 12:10:00-04:00,7734.75,7737.25,7733.25,7736.0,9165
2026-08-04 12:15:00-04:00,7739.5,7739.75,7734.5,7734.5,8708
2026-08-04 12:20:00-04:00,7744.5,7745.25,7739.0,7739.25,11624
2026-08-04 12:25:00-04:00,7744.5,7745.75,7742.25,7744.25,7650
2026-08-04 12:30:00-04:00,7747.25,7748.5,7742.25,7744.5,10274
2026-08-04 12:35:00-04:00,7747.25,7749.25,7744.5,7747.25,9717
2026-08-04 12:40:00-04:00,7752.25,7752.75,7746.25,7747.25,12582
2026-08-04 12:45:00-04:00,7754.25,7754.75,7752.25,7752.5,12120
2026-08-04 12:50:00-04:00,7754.25,7755.75,7753.0,7754.25,9785
2026-08-04 12:55:00-04:00,7755.25,7755.25,7753.0,7754.25,8646
2026-08-04 13:00:00-04:00,7763.0,7763.25,7754.25,7755.25,18466
2026-08-04 13:05:00-04:00,7763.0,7765.75,7759.75,7763.0,15277
2026-08-04 13:10:00-04:00,7764.75,7765.0,7761.75,7763.0,9389
2026-08-04 13:15:00-04:00,7766.25,7769.0,7765.0,7765.0,12919
2026-08-04 13:20:00-04:00,7764.75,7766.75,7762.0,7766.25,11229
2026-08-04 13:25:00-04:00,7765.5,7767.5,7764.0,7764.75,8575
2026-08-04 13:30:00-04:00,7766.0,7766.5,7762.0,7765.5,8978
2026-08-04 13:35:00-04:00,7771.25,7771.75,7765.75,7766.0,9690
2026-08-04 13:40:00-04:00,7775.75,7776.0,7771.0,7771.0,11040
2026-08-04 13:45:00-04:00,7779.75,7783.75,7776.0,7776.0,16511
2026-08-04 13:50:00-04:00,7771.0,7780.0,7768.5,7779.75,19501
2026-08-04 13:55:00-04:00,7768.25,7774.0,7768.0,7771.25,11341
2026-08-04 14:00:00-04:00,7765.5,7772.5,7763.5,7768.25,23938
2026-08-04 14:05:00-04:00,7770.75,7772.25,7765.0,7765.75,11251
2026-08-04 14:10:00-04:00,7774.25,7774.75,7769.25,7770.5,9301
2026-08-04 14:15:00-04:00,7773.0,7776.25,7771.75,7774.25,8402
2026-08-04 14:20:00-04:00,7773.75,7777.0,7772.75,7773.25,11213
2026-08-04 14:25:00-04:00,7776.0,7776.0,7772.25,7773.5,6463
2026-08-04 14:30:00-04:00,7774.0,7777.25,7773.0,7776.0,7569
2026-08-04 14:35:00-04:00,7771.0,7775.5,7769.75,7773.75,10407
2026-08-04 14:40:00-04:00,7769.25,7771.0,7766.0,7770.75,11784
2026-08-04 14:45:00-04:00,7772.75,7775.0,7769.25,7769.5,11308
2026-08-04 14:50:00-04:00,7772.0,7775.0,7771.25,7772.75,8761
2026-08-04 14:55:00-04:00,7773.0,7773.5,7771.25,7772.0,8238
2026-08-04 15:00:00-04:00,7779.75,7782.0,7772.75,7773.0,17084
2026-08-04 15:05:00-04:00,7782.25,7782.5,7777.5,7780.0,11174
2026-08-04 15:10:00-04:00,7780.75,7782.5,7779.25,7782.0,9617
2026-08-04 15:15:00-04:00,7782.0,7782.75,7779.5,7780.75,8683
2026-08-04 15:20:00-04:00,7780.25,7783.0,7779.0,7782.0,9035
2026-08-04 15:25:00-04:00,7775.0,7781.25,7773.0,7780.25,13866
2026-08-04 15:30:00-04:00,7777.75,7778.25,7773.0,7775.0,13541
2026-08-04 15:35:00-04:00,7779.5,7780.75,7774.75,7777.5,12718
2026-08-04 15:40:00-04:00,7784.25,7785.25,7779.25,7779.25,14429
2026-08-04 15:45:00-04:00,7780.75,7786.0,7779.25,7784.25,14250
2026-08-04 15:50:00-04:00,7769.25,7782.5,7769.0,7780.75,38211
2026-08-04 15:55:00-04:00,7764.75,7775.5,7761.25,7769.25,130611
2026-08-04 16:00:00-04:00,7774.25,7775.0,7763.75,7763.75,34129
2026-08-04 16:05:00-04:00,7774.75,7781.25,7774.0,7774.25,10190
2026-08-04 16:10:00-04:00,7773.75,7775.5,7771.0,7774.5,6515
2026-08-04 16:15:00-04:00,7764.0,7773.25,7761.25,7773.25,10372
2026-08-04 16:20:00-04:00,7767.0,7771.0,7763.75,7764.0,3950
2026-08-04 16:25:00-04:00,7767.0,7771.5,7765.25,7767.25,3199
2026-08-04 16:30:00-04:00,7766.75,7769.25,7765.0,7766.75,1401
2026-08-04 16:35:00-04:00,7766.5,7768.75,7765.5,7766.75,1557
2026-08-04 16:40:00-04:00,7771.0,7773.25,7766.25,7766.75,2137
2026-08-04 16:45:00-04:00,7773.75,7774.75,7770.5,7771.0,2026
2026-08-04 16:50:00-04:00,7772.5,7773.75,7770.5,7773.75,1664
2026-08-04 16:55:00-04:00,7774.5,7775.5,7772.0,7772.5,2981
2026-08-04 18:00:00-04:00,7773.25,7775.0,7771.0,7772.0,0
2026-08-04 18:05:00-04:00,7776.0,7778.75,7773.5,7773.5,1443
2026-08-04 18:10:00-04:00,7778.25,7778.25,7775.5,7776.0,664
2026-08-04 18:15:00-04:00,7779.5,7780.0,7777.5,7778.0,923
2026-08-04 18:20:00-04:00,7777.75,7781.5,7777.75,7779.75,877
2026-08-04 18:25:00-04:00,7780.25,7781.0,7777.5,7778.0,508
2026-08-04 18:30:00-04:00,7781.75,7782.75,7779.25,7780.25,754
2026-08-04 18:35:00-04:00,7780.75,7783.25,7780.0,7781.5,585
2026-08-04 18:40:00-04:00,7778.0,7781.0,7777.75,7781.0,456
2026-08-04 18:45:00-04:00,7778.0,7779.75,7777.5,7778.25,663
2026-08-04 18:50:00-04:00,7778.5,7779.25,7777.5,7778.0,352
2026-08-04 18:55:00-04:00,7780.75,7780.75,7778.25,7778.5,260
2026-08-04 19:00:00-04:00,7782.25,7782.75,7778.75,7780.75,704
2026-08-04 19:05:00-04:00,7782.25,7782.75,7781.75,7782.0,415
2026-08-04 19:10:00-04:00,7782.0,7782.75,7781.25,7782.0,424
2026-08-04 19:15:00-04:00,7782.5,7782.5,7782.0,7782.0,151
2026-08-04 19:20:00-04:00,7780.5,7782.5,7780.5,7782.5,216
2026-08-04 19:25:00-04:00,7779.5,7780.5,7779.0,7780.5,321
2026-08-04 19:30:00-04:00,7776.5,7779.5,7776.25,7779.5,659
2026-08-04 19:35:00-04:00,7776.75,7777.5,7775.75,7776.5,515
2026-08-04 19:40:00-04:00,7779.25,7780.0,7776.5,7776.75,992
2026-08-04 19:45:00-04:00,7778.5,7781.25,7777.5,7779.25,825
2026-08-04 19:50:00-04:00,7778.25,7780.5,7777.25,7778.75,529
2026-08-04 19:55:00-04:00,7777.5,7780.5,7777.5,7778.25,480
2026-08-04 20:00:00-04:00,7778.25,7779.75,7776.0,7777.25,1106
2026-08-04 20:05:00-04:00,7777.75,7780.5,7777.25,7778.5,808
2026-08-04 20:10:00-04:00,7780.25,7780.5,7777.5,7777.75,530
2026-08-04 20:15:00-04:00,7780.0,7780.5,7778.75,7780.25,655
2026-08-04 20:20:00-04:00,7782.25,7783.25,7778.5,7780.0,841
2026-08-04 20:25:00-04:00,7783.25,7783.75,7781.5,7782.25,600
2026-08-04 20:30:00-04:00,7784.0,7785.5,7783.25,7783.5,894
2026-08-04 20:35:00-04:00,7782.0,7784.5,7780.5,7784.25,729
2026-08-04 20:40:00-04:00,7780.5,7782.75,7780.25,7782.0,491
2026-08-04 20:45:00-04:00,7780.75,7781.5,7779.0,7780.5,665
2026-08-04 20:50:00-04:00,7783.0,7784.25,7779.75,7781.0,734
2026-08-04 20:55:00-04:00,7784.25,7784.25,7782.5,7783.25,490
2026-08-04 21:00:00-04:00,7780.25,7784.5,7778.5,7784.25,1189
2026-08-04 21:05:00-04:00,7782.75,7782.75,7780.25,7780.25,525
2026-08-04 21:10:00-04:00,7782.25,7784.0,7781.75,7783.0,392
2026-08-04 21:15:00-04:00,7779.0,7782.5,7778.75,7782.25,847
2026-08-04 21:20:00-04:00,7778.75,7780.25,7778.25,7779.25,739
2026-08-04 21:25:00-04:00,7779.0,7779.5,7777.75,7778.75,504
2026-08-04 21:30:00-04:00,7779.5,7780.75,7778.5,7779.0,728
2026-08-04 21:35:00-04:00,7783.5,7783.5,7779.25,7779.75,645
2026-08-04 21:40:00-04:00,7782.5,7783.75,7781.25,7783.5,461
2026-08-04 21:45:00-04:00,7784.5,7784.75,7782.25,7782.25,1137
2026-08-04 21:50:00-04:00,7784.0,7784.75,7783.5,7784.5,741
2026-08-04 21:55:00-04:00,7784.25,7786.0,7783.5,7784.25,793
2026-08-04 22:00:00-04:00,7784.0,7787.0,7783.75,7784.5,1851
2026-08-04 22:05:00-04:00,7785.25,7785.75,7783.0,7784.0,530
2026-08-04 22:10:00-04:00,7785.5,7786.25,7784.5,7785.25,359
2026-08-04 22:15:00-04:00,7786.75,7787.0,7784.75,7785.75,486
2026-08-04 22:20:00-04:00,7785.25,7787.0,7785.0,7787.0,721
2026-08-04 22:25:00-04:00,7785.25,7786.0,7784.0,7785.25,380
2026-08-04 22:30:00-04:00,7785.75,7785.75,7783.75,7785.0,578
2026-08-04 22:35:00-04:00,7784.5,7786.0,7784.5,7785.75,464
2026-08-04 22:40:00-04:00,7786.5,7786.5,7784.25,7784.5,625
2026-08-04 22:45:00-04:00,7787.5,7788.5,7786.0,7786.5,831
2026-08-04 22:50:00-04:00,7788.0,7788.75,7787.0,7787.25,996
2026-08-04 22:55:00-04:00,7786.75,7788.25,7786.75,7788.25,593
2026-08-04 23:00:00-04:00,7789.25,7789.75,7786.5,7786.75,1231
2026-08-04 23:05:00-04:00,7790.0,7791.0,7789.0,7789.25,1164
2026-08-04 23:10:00-04:00,7790.75,7792.0,7789.75,7790.0,1254
2026-08-04 23:15:00-04:00,7791.0,7792.5,7790.75,7790.75,860
2026-08-04 23:20:00-04:00,7789.0,7792.0,7788.75,7791.0,519
2026-08-04 23:25:00-04:00,7787.5,7789.0,7787.25,7789.0,545
2026-08-04 23:30:00-04:00,7788.5,7788.5,7786.5,7787.5,489
2026-08-04 23:35:00-04:00,7790.5,7791.0,7788.25,7788.25,511
2026-08-04 23:40:00-04:00,7791.25,7791.5,7790.25,7790.75,410
2026-08-04 23:45:00-04:00,7790.5,7792.0,7789.5,7791.25,476
2026-08-04 23:50:00-04:00,7791.5,7792.0,7790.25,7790.75,371
2026-08-04 23:55:00-04:00,7792.0,7792.0,7791.25,7791.5,166
2026-08-05 00:05:00-04:00,7792.5,7792.75,7792.25,7792.75,855
2026-08-05 00:10:00-04:00,7790.75,7792.75,7790.5,7792.5,870
2026-08-05 00:15:00-04:00,7789.75,7791.0,7789.5,7791.0,474
2026-08-05 00:20:00-04:00,7788.5,7790.0,7788.25,7790.0,408
2026-08-05 00:25:00-04:00,7789.5,7789.5,7788.25,7788.75,342
2026-08-05 00:30:00-04:00,7790.75,7791.0,7789.0,7789.25,362
2026-08-05 00:35:00-04:00,7791.0,7791.5,7790.75,7790.75,337
2026-08-05 00:40:00-04:00,7791.5,7792.0,7791.25,7791.25,340
2026-08-05 00:45:00-04:00,7791.0,7791.75,7790.75,7791.25,302
2026-08-05 00:50:00-04:00,7790.75,7791.0,7789.25,7790.75,301
2026-08-05 00:55:00-04:00,7791.25,7792.5,7790.75,7791.0,344
2026-08-05 01:00:00-04:00,7791.5,7792.25,7790.5,7791.25,465
2026-08-05 01:05:00-04:00,7793.5,7794.25,7791.5,7791.75,597
2026-08-05 01:10:00-04:00,7794.75,7795.5,7793.5,7793.5,694
2026-08-05 01:15:00-04:00,7795.0,7795.5,7794.25,7794.75,476
2026-08-05 01:20:00-04:00,7795.5,7795.75,7794.75,7795.25,283
2026-08-05 01:25:00-04:00,7794.0,7796.25,7794.0,7795.25,518
2026-08-05 01:30:00-04:00,7794.25,7795.0,7793.25,7794.25,896
2026-08-05 01:35:00-04:00,7794.25,7795.0,7793.75,7794.25,427
2026-08-05 01:40:00-04:00,7796.25,7796.25,7793.75,7794.25,375
2026-08-05 01:45:00-04:00,7796.75,7797.0,7795.75,7796.0,374
2026-08-05 01:50:00-04:00,7799.0,7799.0,7796.5,7797.0,953
2026-08-05 01:55:00-04:00,7798.75,7800.0,7798.5,7799.0,888
2026-08-05 02:00:00-04:00,7797.75,7799.0,7797.25,7798.5,770
2026-08-05 02:05:00-04:00,7799.0,7799.25,7797.0,7797.75,476
2026-08-05 02:10:00-04:00,7798.75,7799.5,7798.5,7799.0,642
2026-08-05 02:15:00-04:00,7797.0,7798.75,7796.75,7798.75,641
2026-08-05 02:20:00-04:00,7794.0,7797.5,7793.25,7797.25,1143
2026-08-05 02:25:00-04:00,7792.75,7794.25,7791.0,7794.0,1249
2026-08-05 02:30:00-04:00,7795.25,7795.5,7792.5,7792.75,1270
2026-08-05 02:35:00-04:00,7795.25,7796.0,7794.5,7795.0,604
2026-08-05 02:40:00-04:00,7794.25,7795.5,7793.75,7795.0,518
2026-08-05 02:45:00-04:00,7795.5,7795.75,7794.0,7794.5,480
2026-08-05 02:50:00-04:00,7794.5,7795.75,7794.0,7795.5,616
2026-08-05 02:55:00-04:00,7798.0,7798.25,7794.25,7794.25,862
2026-08-05 03:00:00-04:00,7795.75,7799.5,7795.5,7798.25,2759
2026-08-05 03:05:00-04:00,7794.75,7797.75,7794.5,7796.0,1346
2026-08-05 03:10:00-04:00,7793.75,7795.0,7792.25,7794.75,1045
2026-08-05 03:15:00-04:00,7793.75,7794.75,7792.75,7794.0,1143
2026-08-05 03:20:00-04:00,7792.75,7794.25,7792.5,7793.25,766
2026-08-05 03:25:00-04:00,7790.75,7793.0,7790.75,7792.75,1246
2026-08-05 03:30:00-04:00,7789.25,7792.25,7788.75,7790.75,1591
2026-08-05 03:35:00-04:00,7791.0,7791.25,7788.0,7789.25,1324
2026-08-05 03:40:00-04:00,7791.0,7792.25,7790.25,7791.25,1091
2026-08-05 03:45:00-04:00,7791.5,7792.75,7790.0,7790.75,1337
2026-08-05 03:50:00-04:00,7790.75,7792.25,7790.0,7791.25,871
2026-08-05 03:55:00-04:00,7793.0,7793.0,7790.75,7790.75,1024
2026-08-05 04:00:00-04:00,7796.25,7796.5,7792.0,7792.75,1926
2026-08-05 04:05:00-04:00,7795.75,7796.75,7795.5,7796.0,529
2026-08-05 04:10:00-04:00,7787.75,7791.0,7786.25,7790.25,3317
2026-08-05 04:15:00-04:00,7787.0,7789.25,7786.5,7788.0,1845
2026-08-05 04:20:00-04:00,7783.5,7787.75,7783.0,7787.25,2073
2026-08-05 04:25:00-04:00,7785.0,7785.5,7782.25,7783.25,1613
2026-08-05 04:30:00-04:00,7782.75,7785.5,7781.75,7785.25,1146
2026-08-05 04:35:00-04:00,7782.75,7785.5,7781.5,7783.0,1960
2026-08-05 04:40:00-04:00,7782.5,7783.75,7780.25,7782.75,2602
2026-08-05 04:45:00-04:00,7783.25,7783.25,7780.25,7782.75,1917
2026-08-05 04:50:00-04:00,7782.0,7784.25,7781.75,7783.25,1462
2026-08-05 04:55:00-04:00,7784.25,7785.0,7781.75,7782.25,1243
2026-08-05 05:00:00-04:00,7784.5,7785.75,7782.5,7784.25,993
2026-08-05 05:05:00-04:00,7786.75,7787.0,7784.5,7784.5,744
2026-08-05 05:10:00-04:00,7785.75,7787.5,7785.75,7786.75,953
2026-08-05 05:15:00-04:00,7785.25,7786.25,7784.0,7785.75,992
2026-08-05 05:20:00-04:00,7787.75,7788.0,7785.25,7785.5,1327
2026-08-05 05:25:00-04:00,7788.75,7788.75,7786.5,7787.5,1199
2026-08-05 05:30:00-04:00,7791.25,7791.25,7788.5,7788.75,1474
2026-08-05 05:35:00-04:00,7789.75,7792.0,7789.25,7791.25,1391
2026-08-05 05:40:00-04:00,7790.25,7790.5,7788.5,7789.75,1178
2026-08-05 05:45:00-04:00,7787.5,7790.75,7787.25,7790.0,1230
2026-08-05 05:50:00-04:00,7789.25,7789.5,7787.5,7787.75,464
2026-08-05 05:55:00-04:00,7788.5,7789.75,7788.25,7789.25,707
2026-08-05 06:00:00-04:00,7789.0,7789.75,7788.0,7788.5,729
2026-08-05 06:05:00-04:00,7789.5,7790.0,7788.5,7789.25,801
2026-08-05 06:10:00-04:00,7789.0,7789.75,7787.5,7789.5,932
2026-08-05 06:15:00-04:00,7791.0,7793.0,7788.25,7788.75,1124
2026-08-05 06:20:00-04:00,7792.0,7792.25,7790.0,7791.0,524
2026-08-05 06:25:00-04:00,7793.0,7793.5,7791.25,7791.75,760
2026-08-05 06:30:00-04:00,7794.25,7794.5,7791.75,7793.0,1372
2026-08-05 06:35:00-04:00,7793.0,7795.0,7792.75,7794.25,990
2026-08-05 06:40:00-04:00,7793.0,7793.5,7792.25,7792.75,880
2026-08-05 06:45:00-04:00,7794.0,7797.0,7792.5,7793.25,2845
2026-08-05 06:50:00-04:00,7797.5,7798.0,7793.25,7793.75,1037
2026-08-05 06:55:00-04:00,7797.5,7797.75,7796.0,7797.75,916
2026-08-05 07:00:00-04:00,7796.0,7798.0,7795.25,7797.5,2227
2026-08-05 07:05:00-04:00,7798.75,7799.0,7795.25,7796.25,929
2026-08-05 07:10:00-04:00,7797.5,7799.0,7795.75,7798.75,949
2026-08-05 07:15:00-04:00,7797.5,7798.5,7797.0,7797.75,661
2026-08-05 07:20:00-04:00,7798.25,7798.5,7797.0,7797.75,766
2026-08-05 07:25:00-04:00,7794.5,7799.75,7794.5,7798.5,1556
2026-08-05 07:30:00-04:00,7797.75,7798.0,7793.25,7794.5,1893
2026-08-05 07:35:00-04:00,7796.5,7798.0,7795.75,7797.5,871
2026-08-05 07:40:00-04:00,7794.5,7797.25,7794.5,7796.75,1041
2026-08-05 07:45:00-04:00,7797.0,7797.25,7792.5,7794.25,1500
2026-08-05 07:50:00-04:00,7796.25,7798.25,7795.5,7797.0,1683
2026-08-05 07:55:00-04:00,7798.0,7798.25,7796.0,7796.25,895
2026-08-05 08:00:00-04:00,7799.5,7801.75,7797.5,7798.0,3466
2026-08-05 08:05:00-04:00,7798.5,7800.5,7798.25,7799.5,1953
2026-08-05 08:10:00-04:00,7800.5,7802.75,7798.25,7798.75,1452
2026-08-05 08:15:00-04:00,7801.75,7802.75,7799.25,7800.5,2291
2026-08-05 08:20:00-04:00,7802.75,7804.0,7801.25,7801.75,2628
2026-08-05 08:25:00-04:00,7803.0,7805.25,7801.5,7803.0,3582
2026-08-05 08:30:00-04:00,7801.25,7804.5,7795.5,7803.25,4250
2026-08-05 08:35:00-04:00,7801.5,7804.25,7801.25,7801.25,2582
2026-08-05 08:40:00-04:00,7802.5,7802.75,7800.5,7801.75,1269
2026-08-05 08:45:00-04:00,7802.75,7803.25,7799.75,7802.25,2124
2026-08-05 08:50:00-04:00,7800.0,7802.75,7799.75,7802.5,1307
2026-08-05 08:55:00-04:00,7799.5,7801.25,7798.5,7799.75,1499
2026-08-05 09:00:00-04:00,7803.5,7804.25,7799.25,7799.5,2034
2026-08-05 09:05:00-04:00,7807.75,7808.25,7803.25,7803.5,3117
2026-08-05 09:10:00-04:00,7806.5,7808.5,7805.75,7807.5,2437
2026-08-05 09:15:00-04:00,7805.75,7807.25,7804.5,7806.25,3178
2026-08-05 09:20:00-04:00,7804.0,7806.25,7803.0,7805.75,2177
2026-08-05 09:25:00-04:00,7809.5,7810.25,7803.75,7803.75,7219
2026-08-05 09:30:00-04:00,7813.75,7819.5,7804.0,7809.5,43959
2026-08-05 09:35:00-04:00,7817.25,7820.25,7804.5,7813.75,35173
2026-08-05 09:40:00-04:00,7817.0,7820.25,7810.25,7817.25,25722
2026-08-05 09:45:00-04:00,7805.75,7818.5,7804.75,7817.0,28351
2026-08-05 09:50:00-04:00,7811.0,7811.0,7795.0,7805.75,28469
2026-08-05 09:55:00-04:00,7819.25,7819.5,7805.5,7810.5,21219
2026-08-05 10:00:00-04:00,7810.0,7818.75,7801.0,7818.75,27166
2026-08-05 10:05:00-04:00,7812.5,7817.75,7808.0,7810.0,22788
2026-08-05 10:10:00-04:00,7814.0,7817.25,7809.75,7812.75,16183
2026-08-05 10:15:00-04:00,7808.75,7816.75,7808.25,7813.75,14983
2026-08-05 10:20:00-04:00,7809.5,7810.25,7799.25,7808.75,22221
2026-08-05 10:25:00-04:00,7799.75,7814.25,7799.25,7809.5,18755
2026-08-05 10:30:00-04:00,7798.25,7802.5,7794.0,7799.75,28667
2026-08-05 10:35:00-04:00,7791.25,7800.75,7790.25,7798.0,20334
2026-08-05 10:40:00-04:00,7792.25,7796.25,7788.0,7791.0,26307
2026-08-05 10:45:00-04:00,7798.0,7799.25,7790.25,7792.0,16432
2026-08-05 10:50:00-04:00,7783.25,7800.5,7776.0,7797.75,32923
2026-08-05 10:55:00-04:00,7786.25,7789.25,7778.75,7783.0,18997
2026-08-05 11:00:00-04:00,7787.75,7791.5,7784.75,7786.5,17997
2026-08-05 11:05:00-04:00,7788.0,7790.5,7783.0,7788.0,16124
2026-08-05 11:10:00-04:00,7782.5,7791.25,7781.75,7788.0,13934
2026-08-05 11:15:00-04:00,7775.75,7783.5,7761.0,7782.25,29222
2026-08-05 11:20:00-04:00,7773.25,7778.5,7772.25,7775.75,14146
2026-08-05 11:25:00-04:00,7768.75,7774.25,7766.75,7773.5,17510
2026-08-05 11:30:00-04:00,7770.25,7777.25,7768.25,7768.75,13296
2026-08-05 11:35:00-04:00,7772.75,7774.5,7769.5,7770.5,9838
2026-08-05 11:40:00-04:00,7771.5,7774.0,7768.25,7773.0,9806
2026-08-05 11:45:00-04:00,7764.75,7771.5,7764.25,7771.5,14793
2026-08-05 11:50:00-04:00,7764.0,7767.5,7762.75,7764.75,14842
2026-08-05 11:55:00-04:00,7758.0,7764.25,7754.5,7763.75,18072
2026-08-05 12:00:00-04:00,7760.0,7762.0,7752.0,7757.75,17456
2026-08-05 12:05:00-04:00,7754.0,7760.25,7750.5,7760.25,15205
2026-08-05 12:10:00-04:00,7756.0,7756.25,7750.5,7754.0,9732
2026-08-05 12:15:00-04:00,7757.75,7763.0,7753.75,7756.0,12726
2026-08-05 12:20:00-04:00,7762.0,7770.0,7757.0,7757.5,20761
2026-08-05 12:25:00-04:00,7772.25,7772.5,7762.0,7762.0,14226
2026-08-05 12:30:00-04:00,7768.25,7773.75,7763.25,7772.25,13282
2026-08-05 12:35:00-04:00,7766.75,7769.75,7764.75,7768.25,8258
2026-08-05 12:40:00-04:00,7767.25,7771.25,7765.25,7766.75,8028
2026-08-05 12:45:00-04:00,7765.5,7768.75,7764.0,7767.25,7466
2026-08-05 12:50:00-04:00,7771.25,7772.0,7764.75,7765.25,10553
2026-08-05 12:55:00-04:00,7769.5,7773.0,7768.0,7771.25,10531
2026-08-05 13:00:00-04:00,7765.5,7773.0,7764.25,7769.75,8884
2026-08-05 13:05:00-04:00,7764.75,7767.5,7762.25,7765.25,10276
2026-08-05 13:10:00-04:00,7766.5,7769.25,7762.0,7764.75,7769
2026-08-05 13:15:00-04:00,7765.0,7769.5,7763.5,7766.25,7448
2026-08-05 13:20:00-04:00,7765.75,7766.0,7761.75,7765.0,5661
2026-08-05 13:25:00-04:00,7764.75,7769.5,7764.0,7765.75,6284
2026-08-05 13:30:00-04:00,7767.5,7768.75,7762.25,7764.75,6915
2026-08-05 13:35:00-04:00,7768.0,7769.5,7766.25,7767.5,5168
2026-08-05 13:40:00-04:00,7768.75,7771.75,7768.0,7768.25,6184
2026-08-05 13:45:00-04:00,7770.0,7771.0,7765.0,7768.75,6189
2026-08-05 13:50:00-04:00,7768.0,7771.75,7767.5,7770.25,5295
2026-08-05 13:55:00-04:00,7767.0,7769.75,7766.0,7768.0,5469
2026-08-05 14:00:00-04:00,7773.0,7773.75,7766.75,7767.0,7606
2026-08-05 14:05:00-04:00,7770.75,7774.5,7768.5,7772.75,9084
2026-08-05 14:10:00-04:00,7769.5,7773.0,7769.25,7771.0,5061
2026-08-05 14:15:00-04:00,7772.0,7772.75,7768.5,7769.25,4959
2026-08-05 14:20:00-04:00,7770.25,7772.25,7769.0,7772.0,4716
2026-08-05 14:25:00-04:00,7771.0,7772.75,7769.5,7770.25,5009
2026-08-05 14:30:00-04:00,7765.5,7771.0,7763.25,7771.0,9471
2026-08-05 14:35:00-04:00,7766.5,7768.75,7765.0,7765.25,4878
2026-08-05 14:40:00-04:00,7767.75,7768.5,7765.5,7766.5,4514
2026-08-05 14:45:00-04:00,7770.0,7771.5,7767.0,7767.5,5336
2026-08-05 14:50:00-04:00,7769.25,7771.5,7768.25,7770.0,4853
2026-08-05 14:55:00-04:00,7765.5,7769.5,7765.0,7769.25,6616
2026-08-05 15:00:00-04:00,7767.75,7767.75,7764.0,7765.5,8775
2026-08-05 15:05:00-04:00,7768.5,7770.0,7766.75,7767.75,6612
2026-08-05 15:10:00-04:00,7768.75,7769.5,7766.5,7768.5,7973
2026-08-05 15:15:00-04:00,7770.0,7770.75,7768.0,7769.0,6753
2026-08-05 15:20:00-04:00,7770.0,7771.5,7767.75,7770.0,7806
2026-08-05 15:25:00-04:00,7769.25,7771.0,7768.75,7770.0,7051
2026-08-05 15:30:00-04:00,7766.75,7770.0,7764.75,7769.25,10300
2026-08-05 15:35:00-04:00,7764.25,7766.5,7763.5,7766.5,9262
2026-08-05 15:40:00-04:00,7766.25,7767.5,7763.75,7764.25,8873
2026-08-05 15:45:00-04:00,7766.25,7767.75,7763.0,7766.25,12240
2026-08-05 15:50:00-04:00,7766.0,7768.5,7764.5,7766.25,17384
2026-08-05 15:55:00-04:00,7748.25,7767.25,7745.75,7766.0,104292
2026-08-05 16:00:00-04:00,7753.25,7754.25,7746.75,7748.25,30651
2026-08-05 16:05:00-04:00,7754.5,7755.0,7748.5,7753.5,10880
2026-08-05 16:10:00-04:00,7759.5,7760.5,7753.5,7754.25,6133
2026-08-05 16:15:00-04:00,7755.0,7760.5,7754.75,7759.75,4160
2026-08-05 16:20:00-04:00,7757.75,7758.75,7755.0,7755.0,1963
2026-08-05 16:25:00-04:00,7757.25,7757.75,7756.0,7757.75,1277
2026-08-05 16:30:00-04:00,7760.25,7760.5,7756.5,7757.25,1696
2026-08-05 16:35:00-04:00,7759.0,7760.5,7758.5,7760.25,1385
2026-08-05 16:40:00-04:00,7761.25,7761.25,7758.5,7759.0,1392
2026-08-05 16:45:00-04:00,7759.75,7761.75,7758.75,7761.25,1360
2026-08-05 16:50:00-04:00,7760.0,7760.0,7758.5,7759.75,905
2026-08-05 16:55:00-04:00,7758.75,7760.75,7758.0,7760.0,1603
2026-08-05 18:00:00-04:00,7759.5,7761.0,7756.75,7756.75,0
2026-08-05 18:05:00-04:00,7758.25,7760.0,7757.0,7759.0,811
2026-08-05 18:10:00-04:00,7758.25,7758.75,7756.75,7758.0,438
2026-08-05 18:15:00-04:00,7761.25,7761.75,7758.0,7758.25,490
2026-08-05 18:20:00-04:00,7767.25,7767.5,7761.5,7761.5,1100
2026-08-05 18:25:00-04:00,7767.0,7767.5,7766.0,7767.25,611
2026-08-05 18:30:00-04:00,7770.75,7770.75,7766.0,7766.75,992
2026-08-05 18:35:00-04:00,7769.5,7770.75,7769.25,7770.5,374
2026-08-05 18:40:00-04:00,7768.75,7769.5,7768.5,7769.5,245
2026-08-05 18:45:00-04:00,7768.0,7770.75,7767.75,7769.0,407
2026-08-05 18:50:00-04:00,7765.5,7768.0,7764.75,7767.75,666
2026-08-05 18:55:00-04:00,7764.25,7765.5,7764.0,7765.25,373
2026-08-05 19:00:00-04:00,7764.25,7765.0,7762.75,7764.25,338
2026-08-05 19:05:00-04:00,7764.75,7765.5,7763.75,7764.0,214
2026-08-05 19:10:00-04:00,7766.25,7766.5,7764.25,7764.5,208
2026-08-05 19:15:00-04:00,7765.5,7766.0,7765.0,7766.0,175
2026-08-05 19:20:00-04:00,7765.75,7766.5,7765.25,7765.25,204
2026-08-05 19:25:00-04:00,7765.75,7767.75,7765.5,7766.0,248
2026-08-05 19:30:00-04:00,7763.25,7766.75,7763.0,7765.5,478
2026-08-05 19:35:00-04:00,7763.75,7765.25,7761.75,7763.0,707
2026-08-05 19:40:00-04:00,7763.5,7765.0,7762.75,7764.0,199
2026-08-05 19:45:00-04:00,7761.25,7763.5,7760.0,7763.0,804
2026-08-05 19:50:00-04:00,7761.75,7762.5,7761.0,7761.25,315
2026-08-05 19:55:00-04:00,7761.75,7762.25,7760.25,7762.0,455
2026-08-05 20:00:00-04:00,7761.5,7763.25,7757.75,7762.0,1458
2026-08-05 20:05:00-04:00,7761.5,7762.75,7760.0,7761.75,788
2026-08-05 20:10:00-04:00,7760.25,7761.75,7757.75,7761.5,689
2026-08-05 20:15:00-04:00,7760.75,7760.75,7756.75,7760.0,769
2026-08-05 20:20:00-04:00,7762.25,7762.5,7759.5,7760.75,533
2026-08-05 20:25:00-04:00,7758.0,7762.5,7757.25,7762.25,548
2026-08-05 20:30:00-04:00,7759.25,7759.75,7757.75,7758.25,481
2026-08-05 20:35:00-04:00,7759.25,7760.25,7758.25,7759.5,332
2026-08-05 20:40:00-04:00,7760.0,7762.0,7759.25,7759.25,566
2026-08-05 20:45:00-04:00,7759.5,7761.25,7758.75,7760.25,372
2026-08-05 20:50:00-04:00,7757.75,7759.5,7757.5,7759.5,365
2026-08-05 20:55:00-04:00,7757.0,7758.75,7757.0,7757.75,430
2026-08-05 21:00:00-04:00,7754.75,7757.5,7754.5,7757.0,1431
2026-08-05 21:05:00-04:00,7755.0,7755.75,7753.5,7755.0,967
2026-08-05 21:10:00-04:00,7755.0,7755.75,7752.75,7754.75,1069
2026-08-05 21:15:00-04:00,7752.25,7755.0,7751.5,7755.0,928
2026-08-05 21:20:00-04:00,7751.0,7752.0,7750.0,7752.0,1074
2026-08-05 21:25:00-04:00,7749.75,7751.25,7748.0,7751.0,1328
2026-08-05 21:30:00-04:00,7751.75,7754.25,7749.5,7749.75,1052
2026-08-05 21:35:00-04:00,7753.5,7753.75,7750.75,7752.0,622
2026-08-05 21:40:00-04:00,7750.75,7753.25,7750.0,7753.25,867
2026-08-05 21:45:00-04:00,7755.25,7755.5,7750.25,7750.75,1175
2026-08-05 21:50:00-04:00,7755.75,7756.0,7753.75,7755.25,747
2026-08-05 21:55:00-04:00,7755.0,7756.5,7754.25,7755.5,481
2026-08-05 22:00:00-04:00,7758.0,7758.5,7755.0,7755.0,1213
2026-08-05 22:05:00-04:00,7761.5,7761.75,7758.25,7758.25,954
2026-08-05 22:10:00-04:00,7761.0,7763.75,7759.25,7761.25,867
2026-08-05 22:15:00-04:00,7760.75,7761.75,7759.5,7761.0,377
2026-08-05 22:20:00-04:00,7762.5,7763.75,7760.75,7761.0,496
2026-08-05 22:25:00-04:00,7760.5,7762.75,7760.0,7762.5,341
2026-08-05 22:30:00-04:00,7762.5,7763.5,7758.5,7760.0,498
2026-08-05 22:35:00-04:00,7762.5,7762.75,7761.0,7762.5,256
2026-08-05 22:40:00-04:00,7767.25,7767.25,7762.25,7762.25,890
2026-08-05 22:45:00-04:00,7766.5,7768.0,7765.25,7767.0,908
2026-08-05 22:50:00-04:00,7765.5,7766.75,7764.75,7766.75,480
2026-08-05 22:55:00-04:00,7765.0,7765.25,7763.75,7765.25,364
2026-08-05 23:00:00-04:00,7767.25,7767.25,7764.0,7765.0,402
2026-08-05 23:05:00-04:00,7765.25,7767.25,7764.5,7767.25,316
2026-08-05 23:10:00-04:00,7765.0,7766.25,7765.0,7765.25,303
2026-08-05 23:15:00-04:00,7763.0,7765.75,7763.0,7765.0,372
2026-08-05 23:20:00-04:00,7761.5,7763.75,7761.5,7763.25,441
2026-08-05 23:25:00-04:00,7760.75,7761.75,7760.0,7761.75,338
2026-08-05 23:30:00-04:00,7760.75,7762.0,7759.0,7760.75,384
2026-08-05 23:35:00-04:00,7762.0,7762.75,7760.5,7761.0,306
2026-08-05 23:40:00-04:00,7761.75,7763.0,7760.75,7762.0,231
2026-08-05 23:45:00-04:00,7762.5,7763.5,7761.25,7761.5,258
2026-08-05 23:50:00-04:00,7760.5,7763.25,7759.25,7762.75,301
2026-08-05 23:55:00-04:00,7761.75,7762.25,7760.0,7760.25,265
2026-08-06 00:05:00-04:00,7762.5,7763.0,7762.25,7763.0,740
2026-08-06 00:10:00-04:00,7761.25,7763.0,7761.0,7762.25,235
2026-08-06 00:15:00-04:00,7762.0,7763.25,7761.0,7761.25,198
2026-08-06 00:20:00-04:00,7764.0,7764.25,7762.0,7762.0,247
2026-08-06 00:25:00-04:00,7763.75,7765.0,7763.5,7764.25,339
2026-08-06 00:30:00-04:00,7762.25,7765.25,7761.75,7763.75,268
2026-08-06 00:35:00-04:00,7760.5,7763.25,7760.0,7762.75,176
2026-08-06 00:40:00-04:00,7760.75,7761.25,7759.75,7760.5,180
2026-08-06 00:45:00-04:00,7760.5,7761.75,7760.0,7760.75,126
2026-08-06 00:50:00-04:00,7762.75,7762.75,7760.75,7760.75,221
2026-08-06 00:55:00-04:00,7763.0,7763.0,7761.75,7762.75,143
2026-08-06 01:00:00-04:00,7763.75,7764.75,7761.5,7763.0,307
2026-08-06 01:05:00-04:00,7764.5,7765.5,7763.25,7763.75,266
2026-08-06 01:10:00-04:00,7763.5,7764.5,7762.5,7764.25,357
2026-08-06 01:15:00-04:00,7763.25,7764.5,7761.25,7763.75,617
2026-08-06 01:20:00-04:00,7763.75,7765.25,7763.25,7763.5,639
2026-08-06 01:25:00-04:00,7763.75,7764.25,7763.0,7763.5,130
2026-08-06 01:30:00-04:00,7762.0,7764.0,7761.5,7763.75,233
2026-08-06 01:35:00-04:00,7762.0,7763.5,7761.25,7762.0,222
2026-08-06 01:40:00-04:00,7764.5,7764.5,7761.5,7762.0,206
2026-08-06 01:45:00-04:00,7761.25,7764.5,7760.5,7764.25,315
2026-08-06 01:50:00-04:00,7763.25,7764.0,7761.0,7761.25,305
2026-08-06 01:55:00-04:00,7765.0,7765.25,7762.25,7763.25,289
2026-08-06 02:00:00-04:00,7762.25,7765.25,7761.0,7765.25,537
2026-08-06 02:05:00-04:00,7760.5,7762.25,7760.0,7762.25,572
2026-08-06 02:10:00-04:00,7756.25,7760.75,7755.5,7760.5,819
2026-08-06 02:15:00-04:00,7755.5,7757.25,7754.0,7756.25,864
2026-08-06 02:20:00-04:00,7759.0,7759.25,7754.5,7755.25,539
2026-08-06 02:25:00-04:00,7761.25,7761.5,7758.75,7759.0,690
2026-08-06 02:30:00-04:00,7758.75,7761.5,7756.75,7761.0,606
2026-08-06 02:35:00-04:00,7757.5,7760.0,7757.25,7759.0,352
2026-08-06 02:40:00-04:00,7757.25,7757.5,7755.5,7757.5,453
2026-08-06 02:45:00-04:00,7756.75,7758.25,7755.25,7757.5,427
2026-08-06 02:50:00-04:00,7758.0,7758.25,7756.5,7756.75,399
2026-08-06 02:55:00-04:00,7759.75,7760.5,7757.75,7757.75,456
2026-08-06 03:00:00-04:00,7758.75,7760.5,7758.0,7759.75,1681
2026-08-06 03:05:00-04:00,7762.25,7762.75,7758.25,7758.75,1056
2026-08-06 03:10:00-04:00,7763.5,7764.5,7762.0,7762.25,862
2026-08-06 03:15:00-04:00,7763.5,7764.25,7762.5,7763.5,742
2026-08-06 03:20:00-04:00,7761.5,7764.0,7761.25,7763.75,573
2026-08-06 03:25:00-04:00,7760.25,7762.5,7759.75,7761.25,760
2026-08-06 03:30:00-04:00,7759.5,7760.25,7759.0,7760.25,304
2026-08-06 03:40:00-04:00,7756.0,7756.5,7755.25,7756.0,2015
2026-08-06 03:45:00-04:00,7758.25,7759.0,7755.25,7756.25,981
2026-08-06 03:50:00-04:00,7757.5,7758.5,7756.5,7758.25,518
2026-08-06 03:55:00-04:00,7758.5,7759.0,7757.25,7757.5,468
2026-08-06 04:00:00-04:00,7752.25,7758.75,7750.0,7758.25,1573
2026-08-06 04:05:00-04:00,7754.0,7757.25,7752.0,7752.5,943
2026-08-06 04:10:00-04:00,7753.25,7754.25,7751.5,7753.75,1204
2026-08-06 04:15:00-04:00,7754.5,7755.5,7751.5,7753.25,732
2026-08-06 04:20:00-04:00,7755.0,7755.5,7753.0,7754.5,779
2026-08-06 04:25:00-04:00,7760.5,7760.5,7755.25,7755.25,897
2026-08-06 04:35:00-04:00,7761.25,7762.0,7760.5,7761.25,2080
2026-08-06 04:40:00-04:00,7761.5,7762.25,7761.25,7761.5,480
2026-08-06 04:45:00-04:00,7762.0,7762.5,7760.0,7761.5,1092
2026-08-06 04:50:00-04:00,7765.0,7765.5,7762.25,7762.25,1027
2026-08-06 04:55:00-04:00,7764.75,7765.25,7763.5,7765.0,625
2026-08-06 05:00:00-04:00,7759.5,7764.75,7758.75,7764.75,1007
2026-08-06 05:05:00-04:00,7757.25,7760.25,7756.0,7759.5,803
2026-08-06 05:10:00-04:00,7756.25,7757.5,7755.25,7757.25,659
2026-08-06 05:15:00-04:00,7759.75,7760.5,7756.25,7756.5,1096
2026-08-06 05:20:00-04:00,7760.25,7761.25,7759.5,7759.75,509
2026-08-06 05:25:00-04:00,7760.25,7761.75,7759.25,7760.0,467
2026-08-06 05:30:00-04:00,7759.75,7760.5,7758.5,7760.25,396
2026-08-06 05:35:00-04:00,7760.5,7761.0,7759.25,7760.0,386
2026-08-06 05:40:00-04:00,7761.0,7762.25,7760.0,7760.25,580
2026-08-06 05:45:00-04:00,7764.5,7764.75,7761.0,7761.0,636
2026-08-06 05:50:00-04:00,7765.25,7765.25,7763.0,7764.5,399
2026-08-06 05:55:00-04:00,7767.0,7767.5,7764.75,7765.0,999
2026-08-06 06:00:00-04:00,7764.75,7767.25,7764.5,7767.0,929
2026-08-06 06:05:00-04:00,7764.25,7765.25,7763.5,7764.75,842
2026-08-06 06:10:00-04:00,7763.5,7764.5,7763.0,7764.5,455
2026-08-06 06:15:00-04:00,7764.5,7764.75,7762.25,7763.5,599
2026-08-06 06:20:00-04:00,7765.0,7765.25,7763.5,7764.5,414
2026-08-06 06:25:00-04:00,7765.25,7766.0,7764.75,7764.75,267
2026-08-06 06:30:00-04:00,7763.25,7765.5,7762.75,7765.25,596
2026-08-06 06:35:00-04:00,7761.25,7764.0,7761.25,7763.25,542
2026-08-06 06:40:00-04:00,7760.0,7761.75,7759.25,7761.5,775
2026-08-06 06:45:00-04:00,7761.5,7761.75,7758.75,7759.75,676
2026-08-06 06:50:00-04:00,7760.0,7761.75,7760.0,7761.25,407
2026-08-06 06:55:00-04:00,7761.75,7762.0,7759.5,7760.25,398
2026-08-06 07:00:00-04:00,7754.75,7761.75,7753.25,7761.75,2553
2026-08-06 07:05:00-04:00,7756.5,7756.5,7750.5,7754.75,2048
2026-08-06 07:10:00-04:00,7756.0,7756.75,7754.5,7756.25,839
2026-08-06 07:15:00-04:00,7760.0,7760.0,7755.75,7756.0,1261
2026-08-06 07:20:00-04:00,7760.25,7760.25,7758.75,7760.0,907
2026-08-06 07:25:00-04:00,7762.0,7762.75,7759.5,7760.25,1152
2026-08-06 07:30:00-04:00,7764.0,7765.5,7762.25,7762.25,1920
2026-08-06 07:35:00-04:00,7763.75,7765.5,7763.5,7764.25,1157
2026-08-06 07:40:00-04:00,7762.25,7764.75,7761.5,7763.75,1292
2026-08-06 07:45:00-04:00,7757.75,7764.25,7756.5,7762.0,2938
2026-08-06 07:50:00-04:00,7756.0,7757.75,7754.5,7757.5,1536
2026-08-06 07:55:00-04:00,7759.75,7760.5,7755.75,7756.0,1557
2026-08-06 08:00:00-04:00,7756.75,7760.5,7754.75,7759.75,1714
2026-08-06 08:05:00-04:00,7755.5,7758.25,7754.75,7756.75,1574
2026-08-06 08:10:00-04:00,7754.25,7756.0,7753.25,7755.25,1461
2026-08-06 08:15:00-04:00,7752.5,7755.25,7751.75,7754.25,1654
2026-08-06 08:20:00-04:00,7758.25,7759.75,7752.25,7752.5,2905
2026-08-06 08:25:00-04:00,7757.0,7760.25,7756.75,7758.25,1370
2026-08-06 08:30:00-04:00,7758.5,7759.25,7754.75,7756.75,1564
2026-08-06 08:35:00-04:00,7760.75,7761.5,7758.25,7758.25,1197
2026-08-06 08:40:00-04:00,7758.25,7761.5,7757.75,7760.5,1931
2026-08-06 08:45:00-04:00,7757.75,7760.0,7756.75,7758.25,1740
2026-08-06 08:50:00-04:00,7755.5,7758.5,7754.25,7757.75,1794
2026-08-06 08:55:00-04:00,7754.25,7756.25,7752.5,7755.5,1790
2026-08-06 09:00:00-04:00,7752.25,7754.75,7751.5,7754.25,2547
2026-08-06 09:05:00-04:00,7749.75,7752.25,7747.5,7752.0,3173
2026-08-06 09:10:00-04:00,7749.0,7750.75,7748.75,7749.5,2222
2026-08-06 09:15:00-04:00,7752.25,7752.5,7748.0,7749.25,4462
2026-08-06 09:20:00-04:00,7751.5,7754.25,7751.0,7752.0,3277
2026-08-06 09:25:00-04:00,7751.75,7753.0,7748.75,7751.75,7299
2026-08-06 09:30:00-04:00,7749.0,7757.5,7740.25,7751.75,40686
2026-08-06 09:35:00-04:00,7747.0,7759.0,7746.0,7749.25,31026
2026-08-06 09:40:00-04:00,7755.25,7759.0,7745.0,7747.0,27479
2026-08-06 09:45:00-04:00,7763.0,7765.5,7755.0,7755.25,19925
2026-08-06 09:50:00-04:00,7759.5,7765.5,7758.0,7763.0,15154
2026-08-06 09:55:00-04:00,7759.25,7763.0,7755.5,7759.25,16397
2026-08-06 10:00:00-04:00,7761.5,7763.75,7756.0,7759.25,17619
2026-08-06 10:05:00-04:00,7764.5,7765.25,7759.0,7761.75,12254
2026-08-06 10:10:00-04:00,7765.75,7767.75,7764.0,7764.5,13506
2026-08-06 10:15:00-04:00,7767.25,7768.5,7761.25,7765.75,13500
2026-08-06 10:20:00-04:00,7762.5,7768.5,7761.75,7767.5,10158
2026-08-06 10:25:00-04:00,7754.5,7762.75,7750.75,7762.5,20205
2026-08-06 10:30:00-04:00,7758.0,7759.0,7751.75,7754.75,19284
2026-08-06 10:35:00-04:00,7747.5,7759.75,7747.5,7758.0,18095
2026-08-06 10:40:00-04:00,7751.5,7757.25,7746.25,7747.5,15849
2026-08-06 10:45:00-04:00,7746.75,7752.5,7746.5,7751.5,13848
2026-08-06 10:50:00-04:00,7755.0,7755.0,7745.25,7746.75,12213
2026-08-06 10:55:00-04:00,7760.0,7760.75,7753.0,7755.0,13041
2026-08-06 11:00:00-04:00,7752.75,7762.5,7751.0,7759.75,14923
2026-08-06 11:05:00-04:00,7756.0,7758.25,7752.5,7752.75,10239
2026-08-06 11:10:00-04:00,7749.5,7757.5,7749.0,7755.75,10761
2026-08-06 11:15:00-04:00,7739.25,7751.0,7739.0,7749.5,17991
2026-08-06 11:20:00-04:00,7739.0,7742.5,7736.0,7739.5,19066
2026-08-06 11:25:00-04:00,7742.5,7742.75,7736.25,7739.0,12629
2026-08-06 11:30:00-04:00,7734.75,7744.5,7734.75,7742.25,13085
2026-08-06 11:35:00-04:00,7736.5,7738.75,7732.75,7734.75,13398
2026-08-06 11:40:00-04:00,7733.0,7739.0,7732.75,7736.5,9288
2026-08-06 11:45:00-04:00,7741.75,7745.75,7732.5,7732.75,15012
2026-08-06 11:50:00-04:00,7731.0,7747.5,7730.25,7741.75,21381
2026-08-06 11:55:00-04:00,7731.0,7735.25,7729.25,7730.75,20131
2026-08-06 12:00:00-04:00,7730.0,7732.75,7727.25,7731.0,16237
2026-08-06 12:05:00-04:00,7733.0,7734.75,7728.75,7730.0,11106
2026-08-06 12:10:00-04:00,7729.5,7735.0,7728.0,7732.75,10246
2026-08-06 12:15:00-04:00,7731.75,7732.75,7724.25,7729.5,14730
2026-08-06 12:20:00-04:00,7732.25,7733.0,7728.25,7732.0,11174
2026-08-06 12:25:00-04:00,7732.0,7734.75,7729.5,7732.5,9823
2026-08-06 12:30:00-04:00,7732.75,7738.0,7730.75,7732.25,11772
2026-08-06 12:35:00-04:00,7738.25,7738.5,7731.5,7733.0,8734
2026-08-06 12:40:00-04:00,7730.25,7738.5,7730.0,7738.5,10598
2026-08-06 12:45:00-04:00,7733.75,7733.75,7728.75,7730.25,8855
2026-08-06 12:50:00-04:00,7733.25,7736.5,7732.0,7733.75,9336
2026-08-06 12:55:00-04:00,7739.5,7740.0,7733.0,7733.25,6766
2026-08-06 13:00:00-04:00,7737.25,7741.5,7736.5,7739.5,10878
2026-08-06 13:05:00-04:00,7732.75,7741.0,7732.25,7737.25,9139
2026-08-06 13:10:00-04:00,7731.0,7735.5,7730.5,7733.0,6896
2026-08-06 13:15:00-04:00,7733.0,7734.25,7729.75,7731.0,7348
2026-08-06 13:20:00-04:00,7729.0,7733.75,7728.75,7733.25,6040
2026-08-06 13:25:00-04:00,7727.75,7732.25,7727.75,7729.0,5742
2026-08-06 13:30:00-04:00,7730.5,7731.75,7726.75,7727.75,5915
2026-08-06 13:35:00-04:00,7729.75,7732.5,7729.25,7730.5,4487
2026-08-06 13:40:00-04:00,7731.0,7731.0,7727.75,7730.0,5390
2026-08-06 13:45:00-04:00,7729.5,7733.5,7729.5,7731.0,6359
2026-08-06 13:50:00-04:00,7734.0,7734.75,7729.25,7729.5,6917
2026-08-06 13:55:00-04:00,7736.25,7736.25,7732.5,7734.0,6502
2026-08-06 14:00:00-04:00,7738.75,7738.75,7734.5,7736.25,7404
2026-08-06 14:05:00-04:00,7738.5,7739.5,7736.25,7738.5,6645
2026-08-06 14:10:00-04:00,7741.25,7742.75,7736.75,7738.25,7922
2026-08-06 14:15:00-04:00,7743.0,7747.25,7735.75,7741.5,18958
2026-08-06 14:20:00-04:00,7745.0,7746.0,7743.0,7743.0,7320
2026-08-06 14:25:00-04:00,7744.0,7745.75,7741.5,7745.25,6312
2026-08-06 14:30:00-04:00,7740.75,7744.25,7740.25,7744.0,5989
2026-08-06 14:35:00-04:00,7738.25,7742.75,7737.5,7740.5,6439
2026-08-06 14:40:00-04:00,7737.25,7739.0,7734.5,7738.25,6263
2026-08-06 14:45:00-04:00,7738.75,7741.25,7736.5,7737.5,6437
2026-08-06 14:50:00-04:00,7738.75,7740.0,7737.25,7738.75,5459
2026-08-06 14:55:00-04:00,7739.5,7740.75,7738.0,7738.5,6173
2026-08-06 15:00:00-04:00,7745.75,7745.75,7739.5,7739.5,9749
2026-08-06 15:05:00-04:00,7747.0,7747.0,7742.75,7745.5,6378
2026-08-06 15:10:00-04:00,7743.25,7747.75,7742.75,7747.25,6199
2026-08-06 15:15:00-04:00,7741.5,7743.5,7740.5,7743.25,6603
2026-08-06 15:20:00-04:00,7738.25,7744.75,7737.75,7741.5,8332
2026-08-06 15:25:00-04:00,7736.5,7740.0,7735.25,7738.0,12878
2026-08-06 15:30:00-04:00,7739.5,7740.0,7734.0,7736.5,10837
2026-08-06 15:35:00-04:00,7735.25,7739.75,7735.0,7739.25,7428
2026-08-06 15:40:00-04:00,7732.75,7735.75,7730.5,7735.0,11694
2026-08-06 15:45:00-04:00,7734.25,7735.0,7729.25,7733.0,11166
2026-08-06 15:50:00-04:00,7736.5,7738.25,7727.0,7734.0,25589
2026-08-06 15:55:00-04:00,7735.75,7739.25,7731.25,7736.75,71741
2026-08-06 16:00:00-04:00,7739.25,7741.5,7735.25,7735.75,19827
2026-08-06 16:05:00-04:00,7740.0,7740.75,7738.25,7739.5,4621
2026-08-06 16:10:00-04:00,7737.75,7740.75,7737.5,7740.25,3815
2026-08-06 16:15:00-04:00,7736.5,7739.0,7734.75,7738.0,4026
2026-08-06 16:20:00-04:00,7731.75,7738.0,7731.0,7736.5,3639
2026-08-06 16:25:00-04:00,7730.25,7733.25,7728.75,7731.75,2218
2026-08-06 16:30:00-04:00,7731.5,7731.75,7728.75,7730.25,1361
2026-08-06 16:35:00-04:00,7730.75,7731.75,7727.75,7731.5,1240
2026-08-06 16:40:00-04:00,7730.25,7731.25,7730.25,7731.0,721
2026-08-06 16:45:00-04:00,7730.25,7731.0,7729.75,7730.25,837
2026-08-06 16:50:00-04:00,7730.75,7731.5,7730.25,7730.5,728
2026-08-06 16:55:00-04:00,7731.5,7732.75,7730.75,7730.75,1307
2026-08-06 18:00:00-04:00,7732.75,7735.0,7729.75,7735.0,0
2026-08-06 18:05:00-04:00,7737.0,7737.25,7732.5,7732.5,534
2026-08-06 18:10:00-04:00,7739.5,7740.0,7736.25,7736.75,502
2026-08-06 18:15:00-04:00,7739.0,7741.0,7738.75,7739.25,484
2026-08-06 18:20:00-04:00,7737.5,7740.0,7736.25,7739.0,374
2026-08-06 18:25:00-04:00,7736.5,7739.75,7736.0,7737.75,598
2026-08-06 18:30:00-04:00,7736.0,7736.5,7735.25,7736.5,89
2026-08-06 18:35:00-04:00,7734.75,7735.0,7734.25,7734.75,492
2026-08-06 18:40:00-04:00,7735.75,7736.75,7734.75,7734.75,255
2026-08-06 18:45:00-04:00,7735.75,7736.25,7735.5,7736.0,124
2026-08-06 18:50:00-04:00,7737.25,7737.75,7736.0,7736.0,204
2026-08-06 18:55:00-04:00,7737.75,7738.0,7737.75,7738.0,203
2026-08-06 19:00:00-04:00,7737.75,7738.5,7737.25,7737.75,120
2026-08-06 19:05:00-04:00,7736.75,7737.75,7736.25,7737.75,117
2026-08-06 19:10:00-04:00,7736.75,7737.5,7736.5,7737.0,51
2026-08-06 19:15:00-04:00,7738.25,7740.75,7736.75,7737.0,374
2026-08-06 19:20:00-04:00,7739.75,7739.75,7737.75,7738.25,128
2026-08-06 19:25:00-04:00,7738.0,7740.0,7737.25,7739.75,153
2026-08-06 19:30:00-04:00,7739.5,7739.5,7737.5,7738.0,201
2026-08-06 19:35:00-04:00,7738.75,7739.5,7738.25,7739.5,177
2026-08-06 19:40:00-04:00,7739.75,7740.0,7737.25,7739.0,235
2026-08-06 19:45:00-04:00,7740.75,7741.0,7738.25,7739.75,409
2026-08-06 19:50:00-04:00,7739.5,7741.25,7738.75,7740.75,371
2026-08-06 19:55:00-04:00,7740.0,7740.0,7738.75,7739.5,171
2026-08-06 20:00:00-04:00,7741.25,7742.0,7737.75,7740.0,925
2026-08-06 20:05:00-04:00,7737.75,7742.5,7737.75,7741.5,706
2026-08-06 20:10:00-04:00,7738.0,7739.0,7736.5,7738.0,864
2026-08-06 20:15:00-04:00,7732.5,7738.25,7731.5,7738.25,1287
2026-08-06 20:20:00-04:00,7730.0,7732.75,7729.0,7732.5,1167
2026-08-06 20:25:00-04:00,7730.25,7732.25,7729.5,7730.25,583
2026-08-06 20:30:00-04:00,7739.25,7739.5,7729.75,7730.25,1193
2026-08-06 20:35:00-04:00,7734.25,7739.25,7731.5,7739.0,731
2026-08-06 20:40:00-04:00,7734.75,7735.5,7730.5,7734.5,536
2026-08-06 20:45:00-04:00,7731.5,7736.5,7730.5,7734.75,513
2026-08-06 20:50:00-04:00,7735.25,7737.0,7731.0,7731.25,714
2026-08-06 20:55:00-04:00,7735.75,7737.0,7733.0,7735.25,593
2026-08-06 21:00:00-04:00,7736.25,7737.75,7734.75,7735.75,861
2026-08-06 21:05:00-04:00,7735.25,7737.0,7734.25,7736.25,571
2026-08-06 21:10:00-04:00,7731.75,7736.0,7730.75,7735.0,763
2026-08-06 21:15:00-04:00,7729.75,7732.0,7729.25,7732.0,708
2026-08-06 21:20:00-04:00,7729.5,7729.75,7727.25,7729.75,875
2026-08-06 21:25:00-04:00,7733.75,7734.25,7728.75,7729.75,859
2026-08-06 21:30:00-04:00,7736.25,7739.25,7733.25,7733.75,1047
2026-08-06 21:35:00-04:00,7730.25,7736.25,7730.0,7736.25,1221
2026-08-06 21:40:00-04:00,7732.75,7732.75,7729.5,7730.25,701
2026-08-06 21:45:00-04:00,7733.0,7734.5,7729.75,7732.5,721
2026-08-06 21:50:00-04:00,7731.75,7733.0,7730.5,7733.0,436
2026-08-06 21:55:00-04:00,7732.75,7733.5,7731.25,7732.0,427
2026-08-06 22:00:00-04:00,7734.5,7735.25,7732.25,7732.75,440
2026-08-06 22:05:00-04:00,7731.0,7734.75,7730.5,7734.5,503
2026-08-06 22:10:00-04:00,7732.5,7734.0,7729.0,7730.75,666
2026-08-06 22:15:00-04:00,7733.25,7733.75,7732.5,7732.5,477
2026-08-06 22:20:00-04:00,7734.25,7734.25,7731.5,7733.25,260
2026-08-06 22:25:00-04:00,7732.5,7734.0,7732.0,7734.0,197
2026-08-06 22:30:00-04:00,7730.25,7732.75,7730.25,7732.75,373
2026-08-06 22:35:00-04:00,7727.75,7731.5,7726.5,7730.25,932
2026-08-06 22:40:00-04:00,7729.5,7730.25,7727.5,7727.75,512
2026-08-06 22:45:00-04:00,7733.0,7733.0,7729.0,7729.5,396
2026-08-06 22:50:00-04:00,7732.5,7733.25,7732.25,7733.0,287
2026-08-06 22:55:00-04:00,7732.0,7733.5,7731.75,7732.75,227
2026-08-06 23:00:00-04:00,7733.25,7734.25,7732.0,7732.25,1132
2026-08-06 23:05:00-04:00,7733.25,7734.0,7732.75,7733.25,320
2026-08-06 23:10:00-04:00,7732.0,7733.5,7731.75,7733.25,258
2026-08-06 23:15:00-04:00,7729.5,7732.5,7729.25,7732.0,376
2026-08-06 23:20:00-04:00,7730.5,7730.5,7728.5,7729.5,338
2026-08-06 23:25:00-04:00,7730.75,7731.5,7729.5,7730.5,294
2026-08-06 23:30:00-04:00,7730.25,7732.5,7730.0,7730.5,290
2026-08-06 23:35:00-04:00,7730.5,7732.0,7729.75,7730.25,147
2026-08-06 23:40:00-04:00,7730.25,7731.25,7729.25,7730.5,247
2026-08-06 23:45:00-04:00,7730.5,7730.75,7728.75,7730.25,202
2026-08-06 23:50:00-04:00,7729.25,7731.25,7728.5,7730.5,183
2026-08-06 23:55:00-04:00,7729.25,7729.75,7728.75,7729.0,105
2026-08-07 00:05:00-04:00,7729.5,7730.25,7729.25,7729.75,649
2026-08-07 00:10:00-04:00,7728.25,7730.5,7727.75,7729.5,460
2026-08-07 00:15:00-04:00,7728.75,7728.75,7725.5,7728.25,605
2026-08-07 00:20:00-04:00,7731.5,7732.25,7728.75,7728.75,502
2026-08-07 00:25:00-04:00,7730.5,7731.75,7729.0,7731.5,313
2026-08-07 00:30:00-04:00,7731.75,7733.5,7729.75,7730.75,484
2026-08-07 00:35:00-04:00,7730.5,7732.25,7730.0,7731.75,178
2026-08-07 00:40:00-04:00,7729.5,7730.5,7729.5,7730.5,113
2026-08-07 00:45:00-04:00,7730.0,7730.75,7729.25,7729.5,162
2026-08-07 00:50:00-04:00,7731.0,7731.0,7729.0,7729.75,327
2026-08-07 00:55:00-04:00,7731.5,7732.25,7731.0,7731.0,253
2026-08-07 01:00:00-04:00,7733.25,7733.75,7731.25,7731.5,442
2026-08-07 01:05:00-04:00,7734.75,7737.0,7733.0,7733.5,1579
2026-08-07 01:10:00-04:00,7733.75,7735.5,7733.75,7734.75,346
2026-08-07 01:15:00-04:00,7734.75,7735.25,7733.75,7733.75,171
2026-08-07 01:20:00-04:00,7734.5,7735.25,7733.75,7734.75,187
2026-08-07 01:25:00-04:00,7734.5,7735.5,7734.25,7734.25,237
2026-08-07 01:30:00-04:00,7733.5,7734.75,7733.25,7734.75,323
2026-08-07 01:35:00-04:00,7733.0,7734.0,7732.75,7733.25,276
2026-08-07 01:40:00-04:00,7733.0,7733.5,7731.75,7733.0,308
2026-08-07 01:45:00-04:00,7733.0,7733.0,7732.25,7733.0,127
2026-08-07 01:50:00-04:00,7733.25,7733.75,7732.75,7733.25,175
2026-08-07 01:55:00-04:00,7731.75,7733.75,7731.5,7733.5,218
2026-08-07 02:00:00-04:00,7734.0,7734.5,7731.75,7731.75,409
2026-08-07 02:05:00-04:00,7735.75,7736.5,7733.75,7733.75,594
2026-08-07 02:10:00-04:00,7737.75,7738.25,7735.75,7735.75,1362
2026-08-07 02:15:00-04:00,7737.5,7738.5,7737.0,7737.5,636
2026-08-07 02:20:00-04:00,7738.5,7738.5,7736.25,7737.25,309
2026-08-07 02:25:00-04:00,7739.75,7740.0,7737.25,7738.75,602
2026-08-07 02:30:00-04:00,7737.75,7739.75,7737.5,7739.75,614
2026-08-07 02:35:00-04:00,7736.75,7738.25,7736.5,7737.75,278
2026-08-07 02:40:00-04:00,7734.75,7736.75,7734.25,7736.75,393
2026-08-07 02:45:00-04:00,7734.75,7735.5,7734.25,7734.5,346
2026-08-07 02:50:00-04:00,7735.5,7736.0,7734.5,7734.75,261
2026-08-07 02:55:00-04:00,7738.0,7738.5,7735.25,7735.5,500
2026-08-07 03:00:00-04:00,7736.0,7739.0,7736.0,7738.0,1010
2026-08-07 03:05:00-04:00,7740.25,7740.75,7736.0,7736.0,738
2026-08-07 03:10:00-04:00,7742.25,7742.75,7739.75,7740.25,886
2026-08-07 03:15:00-04:00,7740.75,7742.5,7740.25,7742.25,455
2026-08-07 03:20:00-04:00,7740.5,7740.75,7739.75,7740.75,404
2026-08-07 03:25:00-04:00,7741.5,7742.0,7740.0,7740.25,378
2026-08-07 03:30:00-04:00,7740.0,7741.75,7739.75,7741.75,424
2026-08-07 03:35:00-04:00,7740.25,7741.25,7739.75,7740.0,500
2026-08-07 03:40:00-04:00,7740.75,7743.75,7740.25,7740.25,1146
2026-08-07 03:45:00-04:00,7740.5,7741.0,7739.0,7740.75,577
2026-08-07 03:50:00-04:00,7740.75,7740.75,7738.25,7740.5,625
2026-08-07 03:55:00-04:00,7740.25,7741.5,7740.0,7740.75,707
2026-08-07 04:00:00-04:00,7743.25,7744.5,7740.25,7740.5,1555
2026-08-07 04:05:00-04:00,7745.5,7745.75,7743.0,7743.25,1105
2026-08-07 04:10:00-04:00,7746.0,7746.5,7745.0,7745.25,738
2026-08-07 04:15:00-04:00,7742.75,7746.5,7742.5,7746.0,732
2026-08-07 04:20:00-04:00,7743.5,7744.25,7742.0,7742.75,989
2026-08-07 04:25:00-04:00,7744.0,7745.0,7743.5,7743.5,532
2026-08-07 04:30:00-04:00,7746.0,7747.25,7743.5,7744.25,860
2026-08-07 04:35:00-04:00,7743.5,7746.0,7742.0,7746.0,803
2026-08-07 04:40:00-04:00,7743.75,7744.75,7743.0,7743.5,649
2026-08-07 04:45:00-04:00,7743.75,7744.5,7743.25,7743.75,630
2026-08-07 04:50:00-04:00,7744.25,7744.5,7743.25,7743.75,321
2026-08-07 04:55:00-04:00,7745.25,7746.25,7744.0,7744.25,946
2026-08-07 05:00:00-04:00,7745.75,7747.0,7744.75,7745.5,584
2026-08-07 05:05:00-04:00,7745.25,7746.0,7744.25,7745.5,396
2026-08-07 05:10:00-04:00,7747.0,7747.75,7745.25,7745.25,612
2026-08-07 05:15:00-04:00,7745.25,7747.5,7745.0,7747.0,424
2026-08-07 05:20:00-04:00,7748.25,7749.5,7745.25,7745.5,938
2026-08-07 05:25:00-04:00,7746.75,7748.75,7746.75,7748.25,319
2026-08-07 05:30:00-04:00,7747.25,7748.75,7745.75,7747.0,536
2026-08-07 05:35:00-04:00,7747.5,7748.25,7747.0,7747.25,301
2026-08-07 05:40:00-04:00,7747.0,7747.5,7746.5,7747.5,408
2026-08-07 05:45:00-04:00,7747.25,7748.0,7746.25,7747.25,491
2026-08-07 05:50:00-04:00,7747.0,7748.5,7746.5,7747.25,361
2026-08-07 05:55:00-04:00,7745.75,7747.25,7745.5,7747.25,770
2026-08-07 06:00:00-04:00,7746.5,7747.0,7745.75,7746.0,579
2026-08-07 06:05:00-04:00,7745.75,7747.25,7745.75,7746.5,399
2026-08-07 06:10:00-04:00,7745.25,7747.0,7745.25,7745.75,442
2026-08-07 06:15:00-04:00,7745.0,7745.5,7744.25,7745.25,514
2026-08-07 06:20:00-04:00,7744.75,7745.5,7744.0,7745.25,381
2026-08-07 06:25:00-04:00,7747.0,7747.0,7744.75,7744.75,380
2026-08-07 06:30:00-04:00,7747.25,7747.5,7746.0,7747.0,312
2026-08-07 06:35:00-04:00,7748.0,7748.25,7747.0,7747.25,290
2026-08-07 06:40:00-04:00,7748.75,7749.0,7747.5,7748.0,506
2026-08-07 06:45:00-04:00,7746.75,7749.5,7746.0,7749.0,762
2026-08-07 06:50:00-04:00,7745.25,7747.75,7745.0,7746.75,428
2026-08-07 06:55:00-04:00,7746.5,7746.5,7744.75,7745.25,371
2026-08-07 07:00:00-04:00,7749.5,7750.5,7746.25,7746.25,1566
2026-08-07 07:05:00-04:00,7751.25,7751.5,7748.75,7749.25,875
2026-08-07 07:10:00-04:00,7750.0,7751.75,7749.75,7751.25,1037
2026-08-07 07:15:00-04:00,7752.25,7752.75,7749.75,7749.75,640
2026-08-07 07:20:00-04:00,7752.75,7753.0,7751.5,7752.0,703
2026-08-07 07:25:00-04:00,7753.5,7754.75,7752.75,7752.75,836
2026-08-07 07:30:00-04:00,7755.0,7755.25,7753.0,7753.5,747
2026-08-07 07:35:00-04:00,7755.75,7756.75,7754.5,7755.0,969
2026-08-07 07:40:00-04:00,7756.0,7756.25,7755.0,7755.5,839
2026-08-07 07:45:00-04:00,7754.75,7756.0,7754.0,7755.75,1165
2026-08-07 07:50:00-04:00,7752.75,7755.25,7752.5,7754.75,1685
2026-08-07 07:55:00-04:00,7748.75,7753.0,7748.25,7753.0,2221
2026-08-07 08:00:00-04:00,7753.5,7755.75,7747.25,7748.5,2247
2026-08-07 08:05:00-04:00,7752.25,7754.0,7751.25,7753.5,912
2026-08-07 08:10:00-04:00,7753.0,7754.0,7752.0,7752.5,852
2026-08-07 08:15:00-04:00,7754.75,7755.75,7753.0,7753.0,1485
2026-08-07 08:20:00-04:00,7755.0,7755.75,7752.0,7754.75,1638
2026-08-07 08:25:00-04:00,7757.0,7759.5,7750.5,7755.0,3584
2026-08-07 08:30:00-04:00,7766.25,7774.5,7754.5,7756.5,15952
2026-08-07 08:35:00-04:00,7775.75,7776.25,7763.5,7766.0,10411
2026-08-07 08:40:00-04:00,7772.25,7776.5,7771.5,7775.75,6005
2026-08-07 08:45:00-04:00,7775.75,7776.5,7772.25,7772.5,4780
2026-08-07 08:50:00-04:00,7777.75,7778.75,7774.75,7775.75,5566
2026-08-07 08:55:00-04:00,7774.75,7777.5,7774.0,7777.5,5573
2026-08-07 09:00:00-04:00,7766.75,7776.0,7766.75,7774.75,5102
2026-08-07 09:05:00-04:00,7765.5,7769.75,7763.25,7766.75,4388
2026-08-07 09:10:00-04:00,7761.5,7766.25,7760.0,7765.75,4773
2026-08-07 09:15:00-04:00,7760.75,7762.25,7757.5,7761.5,5482
2026-08-07 09:20:00-04:00,7760.75,7761.5,7759.75,7760.75,2831
2026-08-07 09:25:00-04:00,7757.0,7762.0,7753.25,7760.75,9497
2026-08-07 09:30:00-04:00,7762.0,7763.5,7753.25,7757.0,42192
2026-08-07 09:35:00-04:00,7758.25,7762.75,7753.75,7762.0,25463
2026-08-07 09:40:00-04:00,7767.0,7768.5,7756.0,7758.5,23804
2026-08-07 09:45:00-04:00,7764.75,7770.75,7758.25,7767.25,21460
2026-08-07 09:50:00-04:00,7767.0,7769.5,7763.0,7764.75,15123
2026-08-07 09:55:00-04:00,7758.0,7769.0,7751.75,7767.25,27086
2026-08-07 10:00:00-04:00,7751.5,7763.5,7751.25,7758.0,25910
2026-08-07 10:05:00-04:00,7752.5,7758.25,7751.25,7751.75,20469
2026-08-07 10:10:00-04:00,7745.75,7755.5,7743.5,7752.5,24348
2026-08-07 10:15:00-04:00,7765.75,7766.0,7744.0,7746.0,21921
2026-08-07 10:20:00-04:00,7767.75,7770.25,7762.5,7765.75,17734
2026-08-07 10:25:00-04:00,7779.5,7780.5,7767.75,7768.0,18372
2026-08-07 10:30:00-04:00,7773.75,7781.25,7771.5,7779.25,16092
2026-08-07 10:35:00-04:00,7766.5,7775.75,7764.5,7773.75,20733
2026-08-07 10:40:00-04:00,7767.25,7772.25,7764.5,7766.5,16011
2026-08-07 10:45:00-04:00,7771.5,7774.75,7767.0,7767.25,13076
2026-08-07 10:50:00-04:00,7769.75,7772.75,7766.25,7771.75,10569
2026-08-07 10:55:00-04:00,7776.25,7777.5,7769.25,7769.75,10370
2026-08-07 11:00:00-04:00,7775.0,7776.75,7771.25,7776.25,11627
2026-08-07 11:05:00-04:00,7777.0,7778.0,7774.75,7775.25,8902
2026-08-07 11:10:00-04:00,7778.75,7781.75,7774.0,7777.25,11279
2026-08-07 11:15:00-04:00,7776.25,7779.25,7775.25,7778.75,8567
2026-08-07 11:20:00-04:00,7783.25,7784.0,7775.75,7776.25,10190
2026-08-07 11:25:00-04:00,7784.25,7786.75,7782.25,7783.25,10475
2026-08-07 11:30:00-04:00,7782.0,7786.75,7781.5,7784.0,13333
2026-08-07 11:35:00-04:00,7781.5,7783.25,7779.5,7782.0,10665
2026-08-07 11:40:00-04:00,7779.5,7784.0,7776.5,7781.75,9608
2026-08-07 11:45:00-04:00,7783.0,7783.75,7778.0,7779.5,7066
2026-08-07 11:50:00-04:00,7780.75,7784.0,7778.0,7783.25,8043
2026-08-07 11:55:00-04:00,7778.0,7781.0,7775.5,7780.5,7514
2026-08-07 12:00:00-04:00,7779.0,7779.25,7774.75,7778.0,7608
2026-08-07 12:05:00-04:00,7779.25,7781.25,7777.75,7779.25,7180
2026-08-07 12:10:00-04:00,7777.5,7781.0,7777.5,7779.25,4987
2026-08-07 12:15:00-04:00,7777.25,7779.75,7776.25,7777.5,6010
2026-08-07 12:20:00-04:00,7769.75,7781.25,7769.75,7777.25,13634
2026-08-07 12:25:00-04:00,7764.75,7770.75,7760.75,7770.0,18105
2026-08-07 12:30:00-04:00,7766.75,7767.25,7757.75,7764.75,15273
2026-08-07 12:35:00-04:00,7770.5,7771.25,7764.25,7766.75,10671
2026-08-07 12:40:00-04:00,7773.25,7774.0,7769.75,7770.5,9274
2026-08-07 12:45:00-04:00,7774.0,7775.0,7771.75,7773.25,6588
2026-08-07 12:50:00-04:00,7769.5,7776.25,7768.25,7774.0,7339
2026-08-07 12:55:00-04:00,7767.0,7771.25,7766.75,7769.5,5597
2026-08-07 13:00:00-04:00,7767.75,7770.25,7765.0,7767.0,7175
2026-08-07 13:05:00-04:00,7770.0,7770.5,7767.75,7768.0,4568
2026-08-07 13:10:00-04:00,7768.0,7771.0,7767.25,7770.0,4370
2026-08-07 13:15:00-04:00,7770.25,7771.25,7767.25,7767.75,3453
2026-08-07 13:20:00-04:00,7766.25,7771.75,7766.25,7770.5,4140
2026-08-07 13:25:00-04:00,7768.25,7769.75,7764.25,7766.5,5369
2026-08-07 13:30:00-04:00,7766.75,7769.75,7764.5,7768.25,6997
2026-08-07 13:35:00-04:00,7771.0,7771.5,7766.25,7766.5,3416
2026-08-07 13:40:00-04:00,7769.0,7771.5,7768.5,7771.25,3853
2026-08-07 13:45:00-04:00,7770.0,7771.75,7768.25,7769.0,3731
2026-08-07 13:50:00-04:00,7770.5,7772.25,7767.0,7770.0,5180
2026-08-07 13:55:00-04:00,7768.75,7771.5,7768.75,7770.5,2857
2026-08-07 14:00:00-04:00,7768.75,7770.25,7768.25,7768.75,4748
2026-08-07 14:05:00-04:00,7767.75,7769.25,7765.5,7768.75,5225
2026-08-07 14:10:00-04:00,7763.0,7768.75,7761.75,7768.0,6023
2026-08-07 14:15:00-04:00,7764.5,7765.5,7762.0,7763.0,5252
2026-08-07 14:20:00-04:00,7763.75,7765.25,7762.75,7764.75,3918
2026-08-07 14:25:00-04:00,7762.0,7765.0,7761.75,7763.75,4945
2026-08-07 14:30:00-04:00,7761.25,7764.0,7760.5,7762.25,5712
2026-08-07 14:35:00-04:00,7760.25,7762.5,7759.0,7761.25,5096
2026-08-07 14:40:00-04:00,7757.0,7761.25,7756.0,7760.25,5400
2026-08-07 14:45:00-04:00,7759.75,7760.25,7756.25,7757.25,5926
2026-08-07 14:50:00-04:00,7760.5,7762.5,7759.5,7759.75,4664
2026-08-07 14:55:00-04:00,7764.5,7765.5,7759.5,7760.75,8273
2026-08-07 15:00:00-04:00,7768.0,7772.25,7763.75,7764.5,15460
2026-08-07 15:05:00-04:00,7774.25,7774.5,7767.75,7768.0,10091
2026-08-07 15:10:00-04:00,7776.5,7778.25,7774.25,7774.25,11239
2026-08-07 15:15:00-04:00,7776.0,7782.5,7775.5,7776.75,14224
2026-08-07 15:20:00-04:00,7776.5,7780.0,7776.0,7776.25,8863
2026-08-07 15:25:00-04:00,7778.25,7778.75,7776.0,7776.75,8099
2026-08-07 15:30:00-04:00,7775.25,7778.5,7774.0,7778.5,8870
2026-08-07 15:35:00-04:00,7777.0,7779.0,7773.75,7775.25,7777
2026-08-07 15:40:00-04:00,7773.25,7777.25,7772.75,7777.25,7999
2026-08-07 15:45:00-04:00,7776.25,7777.5,7773.0,7773.25,10099
2026-08-07 15:50:00-04:00,7775.75,7778.75,7774.0,7776.25,15619
2026-08-07 15:55:00-04:00,7778.5,7785.5,7775.5,7775.75,78026
2026-08-07 16:00:00-04:00,7775.75,7781.25,7775.25,7778.5,26654
2026-08-07 16:05:00-04:00,7774.5,7777.75,7774.0,7775.75,6031
2026-08-07 16:10:00-04:00,7775.25,7776.25,7774.0,7774.75,3509
2026-08-07 16:15:00-04:00,7775.75,7777.0,7774.25,7775.5,1888
2026-08-07 16:20:00-04:00,7774.5,7775.75,7773.75,7775.75,1710
2026-08-07 16:25:00-04:00,7773.25,7775.0,7773.0,7774.5,1466
2026-08-07 16:30:00-04:00,7776.0,7776.0,7773.0,7773.25,1082
2026-08-07 16:35:00-04:00,7776.5,7777.25,7775.75,7776.0,978
2026-08-07 16:40:00-04:00,7776.0,7776.75,7775.5,7776.75,912
2026-08-07 16:45:00-04:00,7775.25,7776.5,7775.25,7776.0,1062
2026-08-07 16:50:00-04:00,7776.25,7776.5,7775.25,7775.5,719
2026-08-07 16:55:00-04:00,7779.75,7779.75,7776.0,7776.5,2566
2026-08-09 18:10:00-04:00,7768.25,7773.5,7767.0,7772.0,1218
2026-08-09 18:15:00-04:00,7765.25,7768.5,7763.0,7768.5,1346
2026-08-09 18:20:00-04:00,7768.25,7768.25,7765.0,7765.25,806
2026-08-09 18:25:00-04:00,7769.25,7770.25,7767.5,7768.25,551
2026-08-09 18:30:00-04:00,7766.5,7770.5,7766.5,7769.25,421
2026-08-09 18:35:00-04:00,7768.0,7768.75,7766.5,7767.0,238
2026-08-09 18:40:00-04:00,7768.75,7769.75,7768.25,7768.25,248
2026-08-09 18:45:00-04:00,7768.25,7769.25,7767.75,7768.75,333
2026-08-09 18:50:00-04:00,7769.25,7769.5,7768.5,7768.5,167
2026-08-09 18:55:00-04:00,7768.5,7769.25,7768.5,7769.25,59
2026-08-09 19:00:00-04:00,7770.0,7770.0,7767.25,7769.0,262
2026-08-09 19:05:00-04:00,7771.75,7772.25,7769.75,7769.75,503
2026-08-09 19:10:00-04:00,7771.75,7772.25,7771.5,7771.5,167
2026-08-09 19:15:00-04:00,7771.75,7772.5,7771.5,7771.5,178
2026-08-09 19:20:00-04:00,7772.0,7773.25,7771.75,7771.75,244
2026-08-09 19:25:00-04:00,7771.75,7772.75,7771.25,7772.0,177
2026-08-09 19:30:00-04:00,7768.5,7772.0,7767.75,7771.75,1056
2026-08-09 19:35:00-04:00,7770.0,7770.5,7768.0,7768.75,175
2026-08-09 19:40:00-04:00,7771.25,7771.5,7769.5,7770.0,381
2026-08-09 19:45:00-04:00,7772.0,7772.5,7770.75,7771.25,607
2026-08-09 19:50:00-04:00,7770.25,7771.75,7769.75,7771.75,600
2026-08-09 19:55:00-04:00,7767.0,7770.0,7766.75,7770.0,528
2026-08-09 20:00:00-04:00,7768.5,7769.25,7765.25,7767.0,1418
2026-08-09 20:05:00-04:00,7775.25,7776.25,7768.0,7768.5,1564
2026-08-09 20:10:00-04:00,7776.25,7778.0,7774.75,7775.25,766
2026-08-09 20:15:00-04:00,7774.0,7776.25,7774.0,7776.25,726
2026-08-09 20:20:00-04:00,7772.0,7775.5,7771.5,7774.0,616
2026-08-09 20:25:00-04:00,7771.0,7773.0,7770.5,7772.0,584
2026-08-09 20:30:00-04:00,7772.25,7773.0,7770.75,7771.0,434
2026-08-09 20:35:00-04:00,7770.25,7773.0,7769.25,7772.5,809
2026-08-09 20:40:00-04:00,7769.75,7771.75,7768.75,7770.0,507
2026-08-09 20:45:00-04:00,7772.25,7772.25,7769.75,7770.0,492
2026-08-09 20:50:00-04:00,7771.0,7773.0,7770.5,7772.25,485
2026-08-09 20:55:00-04:00,7770.75,7771.5,7769.0,7771.25,438
2026-08-09 21:00:00-04:00,7773.0,7774.0,7769.75,7770.75,852
2026-08-09 21:05:00-04:00,7774.5,7775.75,7772.75,7773.0,605
2026-08-09 21:10:00-04:00,7776.75,7777.25,7774.25,7774.5,611
2026-08-09 21:15:00-04:00,7778.25,7778.5,7776.5,7777.0,675
2026-08-09 21:20:00-04:00,7780.0,7780.0,7777.25,7778.5,731
2026-08-09 21:25:00-04:00,7779.25,7780.5,7779.0,7780.0,484
2026-08-09 21:30:00-04:00,7777.5,7779.25,7776.0,7779.25,690
2026-08-09 21:35:00-04:00,7779.75,7780.25,7776.5,7777.5,598
2026-08-09 21:40:00-04:00,7780.0,7780.0,7778.0,7780.0,274
2026-08-09 21:45:00-04:00,7780.75,7781.0,7779.25,7780.0,436
2026-08-09 21:50:00-04:00,7780.75,7781.5,7780.25,7780.75,421
2026-08-09 21:55:00-04:00,7780.5,7780.75,7780.25,7780.75,248
2026-08-09 22:00:00-04:00,7781.25,7781.5,7779.5,7780.5,360
2026-08-09 22:05:00-04:00,7780.25,7781.5,7780.25,7781.25,243
2026-08-09 22:10:00-04:00,7779.5,7781.25,7779.5,7780.25,214
2026-08-09 22:15:00-04:00,7778.25,7779.75,7777.5,7779.75,489
2026-08-09 22:20:00-04:00,7778.5,7779.25,7778.0,7778.25,210
2026-08-09 22:25:00-04:00,7779.75,7780.0,7778.5,7778.5,196
2026-08-09 22:30:00-04:00,7779.25,7780.25,7779.0,7779.75,256
2026-08-09 22:35:00-04:00,7782.0,7782.0,7778.75,7779.25,340
2026-08-09 22:40:00-04:00,7782.75,7782.75,7781.5,7782.0,382
2026-08-09 22:45:00-04:00,7781.75,7783.0,7781.75,7782.75,281
2026-08-09 22:50:00-04:00,7782.75,7783.25,7781.75,7781.75,243
2026-08-09 22:55:00-04:00,7782.25,7782.75,7782.0,7782.5,312
2026-08-09 23:00:00-04:00,7781.75,7783.0,7781.5,7782.0,261
2026-08-09 23:05:00-04:00,7781.25,7781.75,7780.75,7781.75,212
2026-08-09 23:10:00-04:00,7781.0,7781.75,7780.5,7781.25,208
2026-08-09 23:15:00-04:00,7783.0,7783.25,7780.75,7781.0,182
2026-08-09 23:20:00-04:00,7782.75,7783.25,7782.5,7782.75,220
2026-08-09 23:25:00-04:00,7782.75,7783.25,7781.75,7782.75,269
2026-08-09 23:30:00-04:00,7784.25,7784.25,7782.25,7782.75,497
2026-08-09 23:35:00-04:00,7784.75,7785.5,7783.75,7784.25,545
2026-08-09 23:40:00-04:00,7785.75,7785.75,7784.5,7784.75,343
2026-08-09 23:45:00-04:00,7785.25,7786.25,7785.0,7785.75,342
2026-08-09 23:50:00-04:00,7784.0,7786.0,7784.0,7785.5,214
2026-08-09 23:55:00-04:00,7783.75,7784.25,7783.0,7784.25,258
2026-08-10 00:00:00-04:00,7784.0,7784.75,7783.0,7783.5,454
2026-08-10 00:05:00-04:00,7785.5,7785.75,7782.25,7784.0,378
2026-08-10 00:10:00-04:00,7786.0,7786.0,7784.5,7785.75,233
2026-08-10 00:15:00-04:00,7786.75,7787.25,7785.75,7786.0,320
2026-08-10 00:20:00-04:00,7787.0,7787.0,7786.25,7786.5,141
2026-08-10 00:25:00-04:00,7787.25,7788.75,7786.25,7787.0,356
2026-08-10 00:30:00-04:00,7786.25,7787.25,7786.0,7787.25,208
2026-08-10 00:35:00-04:00,7786.0,7786.75,7785.75,7786.25,132
2026-08-10 00:40:00-04:00,7786.25,7786.25,7783.5,7785.75,486
2026-08-10 00:45:00-04:00,7787.0,7787.5,7786.25,7786.25,192
2026-08-10 00:50:00-04:00,7787.75,7788.75,7787.0,7787.0,249
2026-08-10 00:55:00-04:00,7787.25,7787.5,7785.75,7787.0,318
2026-08-10 01:00:00-04:00,7788.75,7789.5,7787.25,7787.5,368
2026-08-10 01:05:00-04:00,7789.75,7790.75,7789.0,7789.0,386
2026-08-10 01:10:00-04:00,7790.25,7790.5,7789.5,7789.75,189
2026-08-10 01:15:00-04:00,7789.75,7790.5,7789.5,7790.25,212
2026-08-10 01:20:00-04:00,7790.25,7790.25,7789.0,7790.0,282
2026-08-10 01:25:00-04:00,7789.0,7790.25,7788.75,7790.25,195
2026-08-10 01:30:00-04:00,7789.25,7789.25,7788.5,7789.0,275
2026-08-10 01:35:00-04:00,7789.75,7790.25,7789.25,7789.25,257
2026-08-10 01:40:00-04:00,7789.0,7789.75,7789.0,7789.5,177
2026-08-10 01:45:00-04:00,7789.25,7790.0,7788.75,7789.0,185
2026-08-10 01:50:00-04:00,7790.75,7790.75,7788.75,7789.0,221
2026-08-10 01:55:00-04:00,7790.75,7791.25,7790.25,7790.75,251
2026-08-10 02:00:00-04:00,7790.75,7791.75,7790.25,7790.75,624
2026-08-10 02:05:00-04:00,7791.75,7791.75,7790.75,7790.75,286
2026-08-10 02:10:00-04:00,7791.75,7792.75,7791.25,7791.5,611
2026-08-10 02:15:00-04:00,7791.75,7792.0,7791.25,7791.5,586
2026-08-10 02:20:00-04:00,7787.25,7791.75,7787.0,7791.75,961
2026-08-10 02:25:00-04:00,7785.25,7787.75,7784.75,7787.25,548
2026-08-10 02:30:00-04:00,7786.5,7787.0,7784.5,7785.25,782
2026-08-10 02:35:00-04:00,7784.75,7786.5,7784.75,7786.25,283
2026-08-10 02:40:00-04:00,7785.5,7785.75,7784.5,7785.0,373
2026-08-10 02:45:00-04:00,7786.0,7786.5,7785.5,7785.75,334
2026-08-10 02:50:00-04:00,7786.5,7787.25,7786.0,7786.25,299
2026-08-10 02:55:00-04:00,7787.0,7788.25,7786.0,7786.5,578
2026-08-10 03:00:00-04:00,7787.0,7788.75,7786.25,7787.0,1429
2026-08-10 03:05:00-04:00,7786.0,7787.5,7785.5,7787.25,763
2026-08-10 03:10:00-04:00,7785.25,7786.25,7783.5,7786.0,837
2026-08-10 03:15:00-04:00,7787.5,7787.5,7785.25,7785.5,654
2026-08-10 03:20:00-04:00,7791.5,7792.0,7787.25,7787.5,1282
2026-08-10 03:25:00-04:00,7792.25,7792.5,7789.75,7791.75,747
2026-08-10 03:30:00-04:00,7792.0,7793.0,7791.25,7792.25,761
2026-08-10 03:35:00-04:00,7793.75,7794.0,7792.0,7792.0,865
2026-08-10 03:40:00-04:00,7794.0,7794.25,7792.75,7793.5,846
2026-08-10 03:45:00-04:00,7790.25,7796.25,7790.0,7794.0,2142
2026-08-10 03:50:00-04:00,7791.0,7791.75,7789.5,7790.25,487
2026-08-10 03:55:00-04:00,7792.25,7792.75,7791.25,7791.25,467
2026-08-10 04:00:00-04:00,7793.25,7793.75,7790.75,7792.25,1144
2026-08-10 04:05:00-04:00,7791.75,7793.75,7791.25,7793.25,909
2026-08-10 04:10:00-04:00,7791.25,7791.5,7789.5,7791.5,547
2026-08-10 04:15:00-04:00,7792.25,7792.75,7791.0,7791.25,628
2026-08-10 04:20:00-04:00,7791.25,7792.0,7789.0,7792.0,622
2026-08-10 04:25:00-04:00,7790.75,7791.75,7790.5,7791.5,353
2026-08-10 04:30:00-04:00,7791.0,7791.5,7790.0,7791.0,528
2026-08-10 04:35:00-04:00,7792.75,7793.25,7791.25,7791.25,495
2026-08-10 04:40:00-04:00,7791.25,7793.0,7790.75,7792.5,493
2026-08-10 04:45:00-04:00,7790.5,7791.25,7790.25,7791.25,307
2026-08-10 04:50:00-04:00,7790.5,7791.0,7789.5,7790.25,567
2026-08-10 04:55:00-04:00,7791.75,7792.25,7790.25,7790.5,727
2026-08-10 05:00:00-04:00,7792.0,7792.5,7791.0,7791.75,630
2026-08-10 05:05:00-04:00,7791.25,7792.25,7791.25,7792.0,357
2026-08-10 05:10:00-04:00,7792.0,7792.5,7790.5,7791.0,457
2026-08-10 05:15:00-04:00,7790.5,7792.75,7790.5,7792.0,504
2026-08-10 05:20:00-04:00,7792.75,7792.75,7790.5,7790.75,364
2026-08-10 05:25:00-04:00,7792.25,7793.25,7791.75,7792.75,378
2026-08-10 05:30:00-04:00,7792.75,7793.25,7791.75,7792.25,549
2026-08-10 05:35:00-04:00,7790.0,7792.5,7789.75,7792.5,535
2026-08-10 05:40:00-04:00,7789.75,7790.25,7788.5,7790.25,381
2026-08-10 05:45:00-04:00,7789.25,7790.0,7789.0,7789.75,342
2026-08-10 05:50:00-04:00,7789.5,7790.0,7788.75,7789.25,541
2026-08-10 05:55:00-04:00,7789.0,7789.75,7789.0,7789.5,228
2026-08-10 06:00:00-04:00,7790.75,7791.0,7788.25,7789.0,822
2026-08-10 06:05:00-04:00,7789.25,7791.0,7789.25,7790.75,655
2026-08-10 06:10:00-04:00,7787.0,7789.25,7786.5,7789.25,491
2026-08-10 06:15:00-04:00,7788.5,7788.75,7786.5,7786.75,398
2026-08-10 06:20:00-04:00,7790.75,7791.0,7788.5,7788.5,660
2026-08-10 06:25:00-04:00,7790.25,7791.0,7789.75,7790.75,354
2026-08-10 06:30:00-04:00,7789.25,7790.25,7788.5,7790.25,552
2026-08-10 06:35:00-04:00,7786.0,7789.25,7785.75,7789.25,1277
2026-08-10 06:40:00-04:00,7786.0,7786.0,7784.75,7786.0,716
2026-08-10 06:45:00-04:00,7786.25,7786.5,7785.75,7785.75,414
2026-08-10 06:50:00-04:00,7786.25,7788.0,7786.25,7786.25,577
2026-08-10 06:55:00-04:00,7785.5,7786.25,7784.0,7786.25,957
2026-08-10 07:00:00-04:00,7781.0,7786.25,7780.5,7785.5,2382
2026-08-10 07:05:00-04:00,7780.75,7782.25,7780.0,7780.75,859
2026-08-10 07:10:00-04:00,7780.5,7781.75,7778.5,7780.75,1297
2026-08-10 07:15:00-04:00,7780.75,7781.75,7780.0,7780.5,1047
2026-08-10 07:20:00-04:00,7782.5,7783.5,7780.5,7780.75,921
2026-08-10 07:25:00-04:00,7785.5,7786.0,7781.75,7782.25,1030
2026-08-10 07:30:00-04:00,7786.75,7787.25,7785.5,7785.75,1149
2026-08-10 07:35:00-04:00,7785.0,7787.0,7784.25,7787.0,873
2026-08-10 07:40:00-04:00,7784.0,7786.75,7784.0,7784.75,1075
2026-08-10 07:45:00-04:00,7781.25,7785.25,7780.75,7783.75,1541
2026-08-10 07:50:00-04:00,7782.5,7783.25,7781.0,7781.25,1110
2026-08-10 07:55:00-04:00,7782.5,7783.0,7781.5,7782.5,699
2026-08-10 08:00:00-04:00,7783.75,7784.25,7781.0,7782.25,1385
2026-08-10 08:05:00-04:00,7785.25,7785.25,7781.75,7784.0,1084
2026-08-10 08:10:00-04:00,7781.25,7785.75,7781.0,7785.25,832
2026-08-10 08:15:00-04:00,7779.75,7781.5,7779.0,7781.5,1635
2026-08-10 08:20:00-04:00,7777.5,7780.25,7776.5,7779.75,1646
2026-08-10 08:25:00-04:00,7778.75,7779.0,7777.0,7777.25,1027
2026-08-10 08:30:00-04:00,7774.0,7779.25,7774.0,7778.75,2026
2026-08-10 08:35:00-04:00,7773.5,7776.0,7772.75,7774.25,1977
2026-08-10 08:40:00-04:00,7774.5,7774.75,7773.0,7773.5,1546
2026-08-10 08:45:00-04:00,7774.25,7775.5,7774.0,7774.25,1417
2026-08-10 08:50:00-04:00,7772.0,7774.0,7771.75,7774.0,1622
2026-08-10 08:55:00-04:00,7773.75,7774.0,7771.5,7772.0,1175
2026-08-10 09:00:00-04:00,7775.5,7776.25,7772.75,7773.75,3127
2026-08-10 09:05:00-04:00,7776.25,7776.5,7775.25,7775.5,1658
2026-08-10 09:10:00-04:00,7776.5,7777.25,7775.25,7776.0,1604
2026-08-10 09:15:00-04:00,7775.75,7777.75,7773.75,7776.25,2910
2026-08-10 09:20:00-04:00,7773.75,7776.0,7771.5,7775.75,3366
2026-08-10 09:25:00-04:00,7772.75,7774.25,7769.75,7773.5,5535
2026-08-10 09:30:00-04:00,7772.75,7783.5,7772.0,7773.0,28971
2026-08-10 09:35:00-04:00,7774.5,7777.75,7771.25,7772.75,20616
2026-08-10 09:40:00-04:00,7773.0,7777.5,7771.5,7774.75,17325
2026-08-10 09:45:00-04:00,7777.5,7779.25,7772.5,7773.0,13901
2026-08-10 09:50:00-04:00,7777.75,7781.0,7771.25,7777.75,18876
2026-08-10 09:55:00-04:00,7780.75,7781.75,7776.5,7777.75,10886
2026-08-10 10:00:00-04:00,7783.25,7785.0,7780.25,7780.75,16018
2026-08-10 10:05:00-04:00,7787.0,7787.0,7782.25,7783.5,8934
2026-08-10 10:10:00-04:00,7789.0,7789.5,7785.5,7787.0,8969
2026-08-10 10:15:00-04:00,7789.5,7790.25,7786.25,7788.75,8997
2026-08-10 10:20:00-04:00,7786.25,7791.0,7784.75,7789.5,10266
2026-08-10 10:25:00-04:00,7790.25,7791.25,7784.0,7786.0,9797
2026-08-10 10:30:00-04:00,7790.0,7793.5,7789.25,7790.0,11357
2026-08-10 10:35:00-04:00,7790.0,7792.75,7788.25,7790.0,7747
2026-08-10 10:40:00-04:00,7792.5,7793.0,7789.5,7789.75,5897
2026-08-10 10:45:00-04:00,7795.5,7798.0,7792.5,7792.5,11047
2026-08-10 10:50:00-04:00,7785.25,7796.25,7784.5,7795.75,14119
2026-08-10 10:55:00-04:00,7781.5,7787.5,7781.25,7785.0,15291
2026-08-10 11:00:00-04:00,7783.75,7786.0,7779.25,7781.75,15603
2026-08-10 11:05:00-04:00,7782.0,7786.75,7782.0,7783.5,8691
2026-08-10 11:10:00-04:00,7784.75,7785.75,7780.75,7782.0,7709
2026-08-10 11:15:00-04:00,7785.75,7788.5,7784.25,7784.75,9693
2026-08-10 11:20:00-04:00,7785.75,7787.5,7784.5,7786.0,6415
2026-08-10 11:25:00-04:00,7784.25,7786.0,7780.75,7785.75,7822
2026-08-10 11:30:00-04:00,7780.75,7785.5,7780.0,7784.25,9349
2026-08-10 11:35:00-04:00,7779.0,7782.5,7778.5,7780.75,7683
2026-08-10 11:40:00-04:00,7784.5,7784.75,7778.0,7779.25,6871
2026-08-10 11:45:00-04:00,7782.0,7785.25,7781.5,7784.5,5729
2026-08-10 11:50:00-04:00,7788.5,7790.25,7781.5,7782.0,7958
2026-08-10 11:55:00-04:00,7790.0,7790.75,7787.0,7788.75,7793
2026-08-10 12:00:00-04:00,7788.25,7791.25,7787.0,7790.0,6446
2026-08-10 12:05:00-04:00,7786.5,7788.75,7785.25,7788.25,5601
2026-08-10 12:10:00-04:00,7784.5,7788.0,7784.25,7786.5,5385
2026-08-10 12:15:00-04:00,7783.25,7784.5,7781.0,7784.25,7163
2026-08-10 12:20:00-04:00,7784.0,7785.25,7781.25,7783.25,4797
2026-08-10 12:25:00-04:00,7780.25,7785.75,7780.0,7784.0,6675
2026-08-10 12:30:00-04:00,7773.75,7781.25,7764.5,7780.25,19470
2026-08-10 12:35:00-04:00,7772.0,7777.25,7771.0,7773.75,9722
2026-08-10 12:40:00-04:00,7767.75,7773.0,7766.0,7772.0,11681
2026-08-10 12:45:00-04:00,7772.75,7772.75,7765.75,7768.0,9635
2026-08-10 12:50:00-04:00,7771.75,7773.0,7769.25,7772.75,6445
2026-08-10 12:55:00-04:00,7776.25,7776.25,7771.75,7772.0,6991
2026-08-10 13:00:00-04:00,7773.5,7777.0,7771.5,7776.0,6334
2026-08-10 13:05:00-04:00,7777.25,7777.75,7772.5,7773.5,5368
2026-08-10 13:10:00-04:00,7777.5,7779.0,7775.75,7777.5,4795
2026-08-10 13:15:00-04:00,7777.75,7779.5,7776.5,7777.5,4920
2026-08-10 13:20:00-04:00,7778.0,7778.75,7776.5,7778.0,4088
2026-08-10 13:25:00-04:00,7777.5,7778.5,7775.0,7778.0,5071
2026-08-10 13:30:00-04:00,7777.75,7779.25,7777.25,7777.5,4691
2026-08-10 13:35:00-04:00,7774.75,7778.25,7774.0,7777.75,4440
2026-08-10 13:40:00-04:00,7773.0,7776.25,7772.5,7775.0,4579
2026-08-10 13:45:00-04:00,7773.25,7774.25,7772.0,7773.0,4964
2026-08-10 13:50:00-04:00,7772.75,7774.0,7771.25,7773.5,5415
2026-08-10 13:55:00-04:00,7773.75,7774.75,7771.75,7772.75,4296
2026-08-10 14:00:00-04:00,7773.75,7775.25,7773.0,7773.75,4944
2026-08-10 14:05:00-04:00,7776.0,7776.75,7773.0,7774.0,4091
2026-08-10 14:10:00-04:00,7773.25,7777.25,7772.75,7775.75,4299
2026-08-10 14:15:00-04:00,7772.25,7774.0,7771.75,7773.5,4383
2026-08-10 14:20:00-04:00,7772.0,7774.0,7771.25,7772.25,3978
2026-08-10 14:25:00-04:00,7771.5,7773.5,7771.5,7772.0,3045
2026-08-10 14:30:00-04:00,7771.75,7773.25,7769.25,7771.5,6668
2026-08-10 14:35:00-04:00,7772.0,7773.5,7769.5,7772.0,4033
2026-08-10 14:40:00-04:00,7775.25,7775.75,7772.0,7772.0,4940
2026-08-10 14:45:00-04:00,7775.25,7776.0,7774.0,7775.25,4925
2026-08-10 14:50:00-04:00,7777.75,7778.25,7775.0,7775.0,4667
2026-08-10 14:55:00-04:00,7778.5,7779.75,7776.5,7777.75,5242
2026-08-10 15:00:00-04:00,7778.5,7780.0,7777.25,7778.75,6042
2026-08-10 15:05:00-04:00,7780.75,7780.75,7777.75,7778.75,6203
2026-08-10 15:10:00-04:00,7779.75,7780.75,7778.75,7780.75,5268
2026-08-10 15:15:00-04:00,7779.75,7781.25,7778.75,7779.75,4942
2026-08-10 15:20:00-04:00,7780.5,7780.75,7778.5,7779.75,5084
2026-08-10 15:25:00-04:00,7775.75,7780.5,7775.25,7780.5,7473
2026-08-10 15:30:00-04:00,7775.25,7776.75,7773.75,7776.0,8411
2026-08-10 15:35:00-04:00,7778.5,7779.5,7774.5,7775.25,6631
2026-08-10 15:40:00-04:00,7777.5,7778.75,7776.0,7778.5,5329
2026-08-10 15:45:00-04:00,7778.25,7778.75,7775.25,7777.5,6484
2026-08-10 15:50:00-04:00,7771.25,7778.0,7770.5,7778.0,18634
2026-08-10 15:55:00-04:00,7778.0,7779.0,7770.25,7771.25,67487
2026-08-10 16:00:00-04:00,7775.75,7778.25,7775.0,7778.0,16093
2026-08-10 16:05:00-04:00,7775.75,7776.5,7775.0,7775.5,3214
2026-08-10 16:10:00-04:00,7775.5,7776.0,7775.0,7775.75,2538
2026-08-10 16:15:00-04:00,7773.25,7776.75,7773.0,7775.25,4557
2026-08-10 16:20:00-04:00,7774.75,7775.0,7773.25,7773.5,2108
2026-08-10 16:25:00-04:00,7776.25,7776.75,7774.25,7774.75,1140
2026-08-10 16:30:00-04:00,7775.75,7776.25,7775.0,7776.0,1110
2026-08-10 16:35:00-04:00,7775.5,7776.0,7775.25,7775.5,605
2026-08-10 16:40:00-04:00,7776.25,7776.5,7775.25,7775.5,471
2026-08-10 16:45:00-04:00,7777.25,7777.25,7776.0,7776.5,1034
2026-08-10 16:50:00-04:00,7778.25,7778.5,7776.75,7777.0,1010
2026-08-10 16:55:00-04:00,7777.25,7778.25,7777.0,7778.25,1504
2026-08-10 18:00:00-04:00,7778.75,7781.25,7777.25,7778.25,0
2026-08-10 18:05:00-04:00,7777.5,7779.75,7777.25,7778.75,544
2026-08-10 18:10:00-04:00,7777.5,7778.0,7776.75,7777.5,394
2026-08-10 18:15:00-04:00,7776.0,7778.0,7775.75,7777.75,449
2026-08-10 18:20:00-04:00,7774.0,7776.5,7773.5,7776.0,617
2026-08-10 18:25:00-04:00,7774.5,7775.0,7774.0,7774.0,368
2026-08-10 18:30:00-04:00,7772.25,7774.5,7771.5,7774.5,598
2026-08-10 18:35:00-04:00,7772.25,7772.75,7771.25,7772.25,271
2026-08-10 18:40:00-04:00,7772.25,7772.75,7772.0,7772.25,246
2026-08-10 18:45:00-04:00,7772.25,7772.25,7772.0,7772.25,113
2026-08-10 18:50:00-04:00,7772.5,7773.0,7772.0,7772.25,139
2026-08-10 18:55:00-04:00,7773.5,7773.75,7772.25,7772.5,128
2026-08-10 19:00:00-04:00,7772.5,7774.0,7771.75,7773.5,673
2026-08-10 19:05:00-04:00,7772.75,7773.0,7772.5,7772.5,364
2026-08-10 19:10:00-04:00,7772.75,7773.0,7772.25,7772.5,262
2026-08-10 19:15:00-04:00,7771.5,7772.75,7771.25,7772.75,347
2026-08-10 19:20:00-04:00,7770.25,7771.75,7769.25,7771.5,890
2026-08-10 19:25:00-04:00,7770.0,7770.75,7769.25,7770.5,401
2026-08-10 19:30:00-04:00,7769.75,7770.25,7768.5,7770.0,367
2026-08-10 19:35:00-04:00,7770.5,7770.75,7769.75,7770.0,256
2026-08-10 19:40:00-04:00,7771.5,7772.0,7770.5,7770.5,218
2026-08-10 19:45:00-04:00,7772.0,7773.0,7770.5,7771.5,362
2026-08-10 19:50:00-04:00,7769.5,7772.0,7769.0,7772.0,430
2026-08-10 19:55:00-04:00,7770.75,7771.25,7766.5,7769.5,1078
2026-08-10 20:00:00-04:00,7769.5,7770.75,7767.75,7770.75,1257
2026-08-10 20:05:00-04:00,7771.25,7773.0,7769.0,7769.5,715
2026-08-10 20:10:00-04:00,7776.25,7777.0,7771.0,7771.0,1160
2026-08-10 20:15:00-04:00,7774.75,7776.25,7773.75,7776.25,578
2026-08-10 20:20:00-04:00,7776.0,7776.5,7773.25,7775.0,336
2026-08-10 20:25:00-04:00,7778.0,7778.25,7775.75,7776.0,472
2026-08-10 20:30:00-04:00,7777.75,7778.25,7776.75,7778.0,337
2026-08-10 20:35:00-04:00,7777.25,7779.0,7776.75,7777.75,336
2026-08-10 20:40:00-04:00,7779.5,7780.25,7777.25,7777.25,1130
2026-08-10 20:45:00-04:00,7779.25,7781.25,7779.0,7779.75,544
2026-08-10 20:50:00-04:00,7780.0,7780.5,7779.25,7779.25,340
2026-08-10 20:55:00-04:00,7779.75,7780.25,7779.25,7780.0,223
2026-08-10 21:00:00-04:00,7779.25,7780.5,7778.0,7779.5,827
2026-08-10 21:05:00-04:00,7780.75,7781.0,7778.5,7779.25,410
2026-08-10 21:10:00-04:00,7784.75,7785.25,7780.75,7781.0,1759
2026-08-10 21:15:00-04:00,7783.0,7785.25,7782.5,7784.75,710
2026-08-10 21:20:00-04:00,7785.75,7786.25,7783.0,7783.25,648
2026-08-10 21:25:00-04:00,7784.75,7785.75,7783.5,7785.75,322
2026-08-10 21:30:00-04:00,7784.75,7785.75,7783.75,7784.75,390
2026-08-10 21:35:00-04:00,7784.25,7784.75,7783.5,7784.5,313
2026-08-10 21:40:00-04:00,7784.0,7784.75,7783.5,7783.75,316
2026-08-10 21:45:00-04:00,7786.0,7786.5,7783.25,7784.0,695
2026-08-10 21:50:00-04:00,7785.75,7786.25,7785.0,7786.0,320
2026-08-10 21:55:00-04:00,7783.25,7786.0,7783.25,7785.5,497
2026-08-10 22:00:00-04:00,7784.0,7784.25,7782.75,7783.0,359
2026-08-10 22:05:00-04:00,7783.0,7784.0,7782.5,7784.0,348
2026-08-10 22:10:00-04:00,7783.75,7784.0,7783.0,7783.0,261
2026-08-10 22:15:00-04:00,7783.5,7784.75,7783.0,7783.75,267
2026-08-10 22:20:00-04:00,7783.75,7784.0,7783.0,7783.75,260
2026-08-10 22:25:00-04:00,7784.75,7785.0,7783.25,7783.75,272
2026-08-10 22:30:00-04:00,7786.0,7786.25,7784.75,7784.75,439
2026-08-10 22:35:00-04:00,7785.0,7786.0,7784.75,7785.75,251
2026-08-10 22:40:00-04:00,7786.5,7786.5,7785.25,7785.25,289
2026-08-10 22:45:00-04:00,7785.75,7786.75,7785.5,7786.25,290
2026-08-10 22:50:00-04:00,7785.0,7785.5,7784.5,7785.5,332
2026-08-10 22:55:00-04:00,7784.5,7785.25,7784.0,7785.25,242
2026-08-10 23:00:00-04:00,7786.5,7786.5,7784.25,7784.25,319
2026-08-10 23:05:00-04:00,7786.25,7786.5,7785.25,7786.25,287
2026-08-10 23:10:00-04:00,7785.75,7786.25,7785.5,7786.25,177
2026-08-10 23:15:00-04:00,7786.25,7786.5,7785.5,7786.0,222
2026-08-10 23:20:00-04:00,7788.25,7788.25,7785.75,7786.0,513
2026-08-10 23:25:00-04:00,7788.5,7789.25,7788.0,7788.25,382
2026-08-10 23:30:00-04:00,7787.0,7789.0,7786.75,7788.75,330
2026-08-10 23:35:00-04:00,7788.0,7788.5,7787.25,7787.25,220
2026-08-10 23:40:00-04:00,7787.25,7789.0,7787.25,7788.0,238
2026-08-10 23:45:00-04:00,7787.25,7787.5,7786.5,7787.5,320
2026-08-10 23:50:00-04:00,7788.0,7788.0,7787.0,7787.0,170
2026-08-10 23:55:00-04:00,7787.0,7787.75,7786.25,7787.75,193
2026-08-11 00:05:00-04:00,7787.0,7787.25,7787.0,7787.0,448
2026-08-11 00:10:00-04:00,7787.75,7788.25,7787.0,7787.0,235
2026-08-11 00:15:00-04:00,7787.5,7788.0,7787.25,7788.0,135
2026-08-11 00:20:00-04:00,7787.0,7787.25,7786.75,7787.25,174
2026-08-11 00:25:00-04:00,7788.0,7788.0,7786.75,7786.75,265
2026-08-11 00:30:00-04:00,7787.75,7789.5,7787.75,7788.0,465
2026-08-11 00:35:00-04:00,7788.25,7788.25,7787.25,7787.75,241
2026-08-11 00:40:00-04:00,7787.25,7788.25,7787.0,7788.25,178
2026-08-11 00:45:00-04:00,7787.5,7788.0,7787.25,7787.25,134
2026-08-11 00:50:00-04:00,7787.0,7787.5,7786.75,7787.5,178
2026-08-11 00:55:00-04:00,7787.0,7787.5,7787.0,7787.0,109
2026-08-11 01:00:00-04:00,7787.0,7787.5,7786.5,7787.0,216
2026-08-11 01:05:00-04:00,7787.5,7788.0,7786.25,7786.75,227
2026-08-11 01:10:00-04:00,7788.75,7788.75,7787.5,7787.75,256
2026-08-11 01:15:00-04:00,7786.5,7788.75,7786.5,7788.75,315
2026-08-11 01:20:00-04:00,7785.25,7786.25,7785.0,7786.25,363
2026-08-11 01:25:00-04:00,7785.0,7785.5,7784.75,7785.25,192
2026-08-11 01:30:00-04:00,7785.25,7785.25,7783.0,7785.25,508
2026-08-11 01:35:00-04:00,7785.5,7786.25,7784.75,7785.25,280
2026-08-11 01:40:00-04:00,7785.5,7786.0,7785.0,7785.5,108
2026-08-11 01:45:00-04:00,7781.75,7785.5,7781.75,7785.25,483
2026-08-11 01:50:00-04:00,7781.25,7782.75,7780.5,7782.0,642
2026-08-11 01:55:00-04:00,7780.5,7781.75,7780.5,7781.0,370
2026-08-11 02:00:00-04:00,7783.25,7783.5,7780.25,7780.75,523
2026-08-11 02:05:00-04:00,7783.0,7783.5,7782.75,7783.0,285
2026-08-11 02:10:00-04:00,7783.5,7784.5,7783.0,7783.0,277
2026-08-11 02:15:00-04:00,7778.75,7783.75,7778.75,7783.5,581
2026-08-11 02:20:00-04:00,7777.5,7779.25,7777.25,7779.0,884
2026-08-11 02:25:00-04:00,7775.5,7777.75,7775.0,7777.75,685
2026-08-11 02:30:00-04:00,7772.75,7777.0,7770.5,7775.25,1870
2026-08-11 02:35:00-04:00,7777.5,7777.75,7771.75,7772.5,1135
2026-08-11 02:40:00-04:00,7777.0,7778.5,7777.0,7777.5,724
2026-08-11 02:45:00-04:00,7775.5,7777.5,7775.25,7777.25,524
2026-08-11 02:50:00-04:00,7773.0,7776.0,7773.0,7775.25,595
2026-08-11 02:55:00-04:00,7774.75,7774.75,7773.0,7773.25,418
2026-08-11 03:00:00-04:00,7775.0,7777.0,7773.5,7775.0,1298
2026-08-11 03:05:00-04:00,7773.5,7775.25,7771.75,7775.25,1295
2026-08-11 03:10:00-04:00,7774.25,7775.25,7773.0,7773.5,588
2026-08-11 03:15:00-04:00,7772.75,7775.0,7772.25,7774.0,531
2026-08-11 03:20:00-04:00,7771.75,7773.0,7770.75,7772.75,806
2026-08-11 03:25:00-04:00,7772.75,7774.5,7771.5,7771.75,532
2026-08-11 03:30:00-04:00,7776.0,7776.0,7773.0,7773.0,655
2026-08-11 03:35:00-04:00,7775.75,7777.5,7775.75,7776.0,659
2026-08-11 03:40:00-04:00,7776.0,7776.75,7774.25,7775.75,737
2026-08-11 03:45:00-04:00,7774.75,7776.5,7774.25,7775.75,615
2026-08-11 03:50:00-04:00,7773.75,7776.25,7773.75,7774.75,366
2026-08-11 03:55:00-04:00,7776.0,7776.75,7773.5,7773.75,457
2026-08-11 04:00:00-04:00,7777.25,7780.5,7775.75,7776.0,1707
2026-08-11 04:05:00-04:00,7773.5,7777.5,7773.25,7777.25,929
2026-08-11 04:10:00-04:00,7771.25,7774.75,7771.0,7773.75,1029
2026-08-11 04:15:00-04:00,7771.25,7772.75,7770.75,7771.25,764
2026-08-11 04:20:00-04:00,7772.75,7773.25,7770.0,7771.25,1280
2026-08-11 04:25:00-04:00,7772.75,7774.75,7772.5,7772.75,787
2026-08-11 04:30:00-04:00,7772.25,7774.25,7771.25,7772.75,529
2026-08-11 04:35:00-04:00,7772.75,7773.0,7771.0,7772.5,518
2026-08-11 04:40:00-04:00,7776.0,7776.25,7772.5,7772.75,619
2026-08-11 04:45:00-04:00,7776.5,7777.5,7775.25,7776.0,1250
2026-08-11 04:50:00-04:00,7776.25,7776.75,7775.25,7776.25,519
2026-08-11 04:55:00-04:00,7775.0,7776.25,7774.25,7776.25,667
2026-08-11 05:00:00-04:00,7774.0,7775.5,7773.0,7775.0,1204
2026-08-11 05:05:00-04:00,7771.5,7776.0,7771.5,7774.25,753
2026-08-11 05:10:00-04:00,7774.0,7774.0,7771.75,7771.75,774
2026-08-11 05:15:00-04:00,7777.0,7777.75,7773.25,7774.0,707
2026-08-11 05:20:00-04:00,7776.5,7778.25,7775.75,7777.0,510
2026-08-11 05:25:00-04:00,7776.75,7777.0,7775.0,7776.25,516
2026-08-11 05:30:00-04:00,7777.75,7779.25,7776.5,7776.5,920
2026-08-11 05:35:00-04:00,7778.75,7779.0,7777.5,7778.0,588
2026-08-11 05:40:00-04:00,7778.25,7780.5,7778.25,7778.75,583
2026-08-11 05:45:00-04:00,7779.0,7779.75,7778.25,7778.25,437
2026-08-11 05:50:00-04:00,7777.75,7778.75,7777.5,7778.75,312
2026-08-11 05:55:00-04:00,7778.0,7778.75,7777.25,7778.0,343
2026-08-11 06:00:00-04:00,7776.75,7778.5,7776.75,7778.0,538
2026-08-11 06:05:00-04:00,7777.25,7777.25,7775.75,7776.5,542
2026-08-11 06:10:00-04:00,7776.0,7777.5,7776.0,7777.25,483
2026-08-11 06:15:00-04:00,7778.0,7778.0,7775.0,7776.0,477
2026-08-11 06:20:00-04:00,7782.0,7783.0,7777.75,7778.0,1961
2026-08-11 06:25:00-04:00,7786.0,7787.75,7781.5,7782.25,1809
2026-08-11 06:30:00-04:00,7783.5,7786.0,7782.5,7786.0,1012
2026-08-11 06:35:00-04:00,7782.5,7784.0,7782.5,7783.5,483
2026-08-11 06:40:00-04:00,7784.75,7785.0,7782.5,7782.5,458
2026-08-11 06:45:00-04:00,7786.0,7786.25,7784.25,7784.5,573
2026-08-11 06:50:00-04:00,7785.0,7786.25,7785.0,7786.0,516
2026-08-11 06:55:00-04:00,7785.25,7785.25,7784.25,7785.0,558
2026-08-11 07:00:00-04:00,7794.25,7796.0,7784.75,7785.25,8370
2026-08-11 07:05:00-04:00,7792.5,7795.0,7791.5,7794.25,2144
2026-08-11 07:10:00-04:00,7793.5,7794.75,7792.25,7792.75,1300
2026-08-11 07:15:00-04:00,7788.0,7794.25,7787.75,7793.5,1598
2026-08-11 07:20:00-04:00,7787.25,7789.0,7787.25,7788.0,1060
2026-08-11 07:25:00-04:00,7788.25,7789.0,7787.0,7787.25,1020
2026-08-11 07:30:00-04:00,7787.0,7789.25,7786.0,7788.25,1003
2026-08-11 07:35:00-04:00,7786.5,7787.75,7785.75,7787.0,1101
2026-08-11 07:40:00-04:00,7788.25,7788.5,7786.25,7786.5,1443
2026-08-11 07:45:00-04:00,7787.75,7788.75,7787.0,7788.25,850
2026-08-11 07:50:00-04:00,7790.25,7790.5,7787.75,7788.0,748
2026-08-11 07:55:00-04:00,7789.25,7790.25,7788.25,7790.0,551
2026-08-11 08:00:00-04:00,7789.25,7790.25,7788.0,7789.25,834
2026-08-11 08:05:00-04:00,7791.5,7791.75,7789.25,7789.25,1174
2026-08-11 08:10:00-04:00,7792.75,7792.75,7791.0,7791.5,1331
2026-08-11 08:15:00-04:00,7793.0,7795.25,7792.0,7793.0,2894
2026-08-11 08:20:00-04:00,7786.25,7794.0,7785.25,7793.0,5551
2026-08-11 08:25:00-04:00,7788.25,7788.75,7786.25,7786.25,1665
2026-08-11 08:30:00-04:00,7788.25,7788.75,7786.5,7788.0,1595
2026-08-11 08:35:00-04:00,7790.75,7791.25,7787.75,7788.0,1166
2026-08-11 08:40:00-04:00,7789.75,7790.75,7789.0,7790.5,931
2026-08-11 08:45:00-04:00,7788.25,7790.0,7788.0,7789.75,1223
2026-08-11 08:50:00-04:00,7787.75,7788.75,7786.75,7788.25,1154
2026-08-11 08:55:00-04:00,7787.5,7789.0,7787.5,7788.0,886
2026-08-11 09:00:00-04:00,7788.5,7790.25,7787.5,7787.75,1866
2026-08-11 09:05:00-04:00,7791.0,7791.75,7788.5,7788.5,1505
2026-08-11 09:10:00-04:00,7787.75,7791.0,7787.0,7791.0,1645
2026-08-11 09:15:00-04:00,7791.25,7792.0,7786.25,7787.75,3287
2026-08-11 09:20:00-04:00,7791.25,7792.0,7790.5,7791.0,1291
2026-08-11 09:25:00-04:00,7791.5,7793.5,7790.0,7791.5,5758
2026-08-11 09:30:00-04:00,7780.75,7792.5,7778.5,7791.75,31076
2026-08-11 09:35:00-04:00,7777.5,7781.75,7774.75,7780.75,19754
2026-08-11 09:40:00-04:00,7778.75,7783.5,7777.0,7777.5,15402
2026-08-11 09:45:00-04:00,7774.5,7781.0,7771.75,7778.75,20629
2026-08-11 09:50:00-04:00,7775.0,7777.5,7771.75,7774.5,12045
2026-08-11 09:55:00-04:00,7782.0,7782.5,7774.0,7775.0,10835
2026-08-11 10:00:00-04:00,7785.0,7787.0,7780.75,7782.25,14624
2026-08-11 10:05:00-04:00,7784.0,7786.0,7781.25,7784.75,11176
2026-08-11 10:10:00-04:00,7784.0,7785.75,7781.75,7784.0,9317
2026-08-11 10:15:00-04:00,7782.25,7785.75,7779.75,7784.0,10115
2026-08-11 10:20:00-04:00,7780.0,7784.75,7779.75,7782.5,7656
2026-08-11 10:25:00-04:00,7784.75,7785.5,7779.25,7780.0,9039
2026-08-11 10:30:00-04:00,7782.75,7785.25,7780.5,7784.75,7229
2026-08-11 10:35:00-04:00,7779.5,7783.75,7778.0,7782.75,8932
2026-08-11 10:40:00-04:00,7779.5,7782.75,7778.75,7779.5,12953
2026-08-11 10:45:00-04:00,7784.75,7785.5,7779.5,7779.75,13334
2026-08-11 10:50:00-04:00,7784.75,7786.25,7780.25,7784.75,15239
2026-08-11 10:55:00-04:00,7782.0,7786.25,7781.25,7784.75,7579
2026-08-11 11:00:00-04:00,7780.75,7784.0,7779.5,7782.0,7095
2026-08-11 11:05:00-04:00,7773.5,7780.75,7772.75,7780.75,12700
2026-08-11 11:10:00-04:00,7772.25,7775.0,7771.0,7773.5,11864
2026-08-11 11:15:00-04:00,7769.75,7772.25,7767.5,7772.0,12033
2026-08-11 11:20:00-04:00,7771.0,7774.0,7769.25,7769.75,9936
2026-08-11 11:25:00-04:00,7769.5,7772.5,7769.5,7770.75,7535
2026-08-11 11:30:00-04:00,7765.0,7771.25,7763.25,7769.75,16168
2026-08-11 11:35:00-04:00,7764.25,7766.75,7762.25,7764.75,13235
2026-08-11 11:40:00-04:00,7767.25,7767.5,7763.25,7764.0,9687
2026-08-11 11:45:00-04:00,7765.5,7767.25,7764.25,7767.25,7555
2026-08-11 11:50:00-04:00,7763.75,7768.0,7763.0,7765.25,7155
2026-08-11 11:55:00-04:00,7765.5,7767.0,7763.25,7763.75,5740
2026-08-11 12:00:00-04:00,7765.75,7768.75,7765.5,7765.5,6129
2026-08-11 12:05:00-04:00,7768.5,7769.5,7765.0,7765.75,5886
2026-08-11 12:10:00-04:00,7765.25,7768.75,7764.75,7768.5,5313
2026-08-11 12:15:00-04:00,7766.25,7769.75,7765.0,7765.25,4669
2026-08-11 12:20:00-04:00,7762.5,7767.5,7761.5,7766.0,8854
2026-08-11 12:25:00-04:00,7763.5,7764.25,7759.25,7762.25,11143
2026-08-11 12:30:00-04:00,7761.0,7764.5,7760.0,7763.25,5784
2026-08-11 12:35:00-04:00,7764.0,7765.25,7760.5,7760.75,5272
2026-08-11 12:40:00-04:00,7761.5,7764.0,7760.75,7764.0,4646
2026-08-11 12:45:00-04:00,7759.75,7761.5,7758.0,7761.25,7779
2026-08-11 12:50:00-04:00,7759.0,7761.0,7758.25,7759.5,5151
2026-08-11 12:55:00-04:00,7756.75,7759.25,7755.75,7759.25,8527
2026-08-11 13:00:00-04:00,7753.0,7758.0,7753.0,7756.75,7390
2026-08-11 13:05:00-04:00,7754.25,7756.25,7753.0,7753.0,5288
2026-08-11 13:10:00-04:00,7748.5,7754.0,7748.25,7754.0,8453
2026-08-11 13:15:00-04:00,7752.75,7753.75,7747.75,7748.5,8210
2026-08-11 13:20:00-04:00,7754.25,7755.5,7751.25,7752.75,8305
2026-08-11 13:25:00-04:00,7753.5,7755.5,7752.0,7754.25,5949
2026-08-11 13:30:00-04:00,7754.75,7754.75,7752.5,7753.75,4828
2026-08-11 13:35:00-04:00,7754.25,7756.75,7753.0,7754.5,5927
2026-08-11 13:40:00-04:00,7757.75,7758.5,7753.75,7754.0,6158
2026-08-11 13:45:00-04:00,7757.0,7759.0,7756.5,7758.0,5477
2026-08-11 13:50:00-04:00,7758.0,7758.5,7756.75,7757.25,3894
2026-08-11 13:55:00-04:00,7757.5,7758.25,7756.25,7758.25,4535
2026-08-11 14:00:00-04:00,7756.25,7757.75,7754.5,7757.75,6463
2026-08-11 14:05:00-04:00,7752.5,7757.0,7752.0,7756.0,5413
2026-08-11 14:10:00-04:00,7753.75,7754.75,7752.0,7752.5,4101
2026-08-11 14:15:00-04:00,7753.0,7755.0,7752.0,7753.75,3766
2026-08-11 14:20:00-04:00,7750.25,7753.0,7748.0,7753.0,7794
2026-08-11 14:25:00-04:00,7740.25,7751.0,7738.0,7750.25,14937
2026-08-11 14:30:00-04:00,7745.25,7746.0,7740.5,7740.5,12224
2026-08-11 14:35:00-04:00,7745.5,7747.75,7744.75,7745.5,7203
2026-08-11 14:40:00-04:00,7743.25,7745.5,7742.0,7745.5,6995
2026-08-11 14:45:00-04:00,7748.75,7749.0,7743.25,7743.25,6680
2026-08-11 14:50:00-04:00,7749.0,7750.25,7747.0,7748.75,6048
2026-08-11 14:55:00-04:00,7746.25,7749.25,7746.0,7749.0,6537
2026-08-11 15:00:00-04:00,7746.5,7747.5,7744.0,7746.0,7648
2026-08-11 15:05:00-04:00,7746.25,7746.75,7743.75,7746.25,5340
2026-08-11 15:10:00-04:00,7747.75,7749.0,7745.5,7746.25,5672
2026-08-11 15:15:00-04:00,7749.75,7750.5,7747.0,7747.75,6031
2026-08-11 15:20:00-04:00,7751.75,7752.0,7749.25,7750.0,6580
2026-08-11 15:25:00-04:00,7751.75,7752.25,7749.75,7751.75,6779
2026-08-11 15:30:00-04:00,7753.5,7753.75,7751.25,7751.75,8433
2026-08-11 15:35:00-04:00,7756.25,7756.5,7752.5,7753.5,8482
2026-08-11 15:40:00-04:00,7752.75,7756.5,7752.5,7756.5,8238
2026-08-11 15:45:00-04:00,7749.25,7753.0,7748.5,7752.75,11425
2026-08-11 15:50:00-04:00,7749.5,7750.0,7743.5,7749.25,21598
2026-08-11 15:55:00-04:00,7750.0,7750.75,7743.25,7749.5,70780
2026-08-11 16:00:00-04:00,7748.0,7752.5,7746.75,7750.0,19589
2026-08-11 16:05:00-04:00,7752.0,7752.0,7748.0,7748.25,5040
2026-08-11 16:10:00-04:00,7752.25,7753.0,7750.25,7751.75,3327
2026-08-11 16:15:00-04:00,7752.75,7753.5,7751.5,7752.0,2184
2026-08-11 16:20:00-04:00,7755.75,7755.75,7752.75,7752.75,1321
2026-08-11 16:25:00-04:00,7756.5,7757.0,7754.75,7755.5,1351
2026-08-11 16:30:00-04:00,7757.25,7757.75,7756.5,7756.75,1416
2026-08-11 16:35:00-04:00,7756.5,7757.5,7756.25,7757.0,868
2026-08-11 16:40:00-04:00,7756.5,7756.75,7755.75,7756.75,972
2026-08-11 16:45:00-04:00,7754.25,7756.5,7754.25,7756.5,1748
2026-08-11 16:50:00-04:00,7753.5,7754.5,7753.0,7754.25,1725
2026-08-11 16:55:00-04:00,7753.25,7754.25,7752.5,7753.5,2166
2026-08-11 18:00:00-04:00,7752.75,7756.5,7751.5,7756.0,0
2026-08-11 18:05:00-04:00,7753.25,7754.0,7751.75,7752.5,436
2026-08-11 18:10:00-04:00,7755.25,7755.5,7751.75,7753.0,307
2026-08-11 18:15:00-04:00,7754.75,7755.75,7754.75,7755.75,176
2026-08-11 18:20:00-04:00,7755.25,7755.75,7755.0,7755.0,164
2026-08-11 18:25:00-04:00,7754.5,7755.25,7754.0,7755.25,178
2026-08-11 18:30:00-04:00,7754.0,7755.25,7752.5,7754.25,358
2026-08-11 18:35:00-04:00,7753.25,7755.0,7753.25,7754.25,174
2026-08-11 18:40:00-04:00,7752.0,7754.0,7751.75,7753.5,500
2026-08-11 18:45:00-04:00,7752.25,7752.75,7750.5,7751.75,638
2026-08-11 18:50:00-04:00,7752.75,7753.25,7751.75,7752.25,113
2026-08-11 18:55:00-04:00,7752.75,7753.75,7752.5,7753.0,139
2026-08-11 19:00:00-04:00,7752.75,7753.75,7752.25,7753.0,164
2026-08-11 19:05:00-04:00,7753.25,7753.25,7751.75,7753.0,101
2026-08-11 19:10:00-04:00,7752.5,7753.25,7752.0,7753.0,76
2026-08-11 19:15:00-04:00,7753.0,7753.0,7752.5,7752.5,78
2026-08-11 19:20:00-04:00,7753.0,7753.25,7752.75,7753.0,69
2026-08-11 19:25:00-04:00,7754.0,7754.25,7753.0,7753.0,121
2026-08-11 19:30:00-04:00,7752.5,7753.75,7752.0,7753.75,190
2026-08-11 19:35:00-04:00,7752.25,7752.75,7752.0,7752.5,66
2026-08-11 19:40:00-04:00,7753.0,7753.25,7752.25,7752.25,72
2026-08-11 19:45:00-04:00,7752.5,7753.0,7752.0,7753.0,159
2026-08-11 19:50:00-04:00,7755.25,7755.5,7752.75,7752.75,289
2026-08-11 19:55:00-04:00,7755.25,7755.75,7755.0,7755.0,194
2026-08-11 20:00:00-04:00,7751.25,7755.5,7750.0,7755.25,1536
2026-08-11 20:05:00-04:00,7750.25,7752.0,7749.0,7751.5,552
2026-08-11 20:10:00-04:00,7752.25,7752.25,7749.25,7750.0,416
2026-08-11 20:15:00-04:00,7754.0,7754.25,7750.25,7752.0,537
2026-08-11 20:20:00-04:00,7754.0,7754.75,7752.75,7754.0,312
2026-08-11 20:25:00-04:00,7752.5,7754.25,7751.75,7754.25,310
2026-08-11 20:30:00-04:00,7752.75,7753.25,7751.25,7752.75,460
2026-08-11 20:35:00-04:00,7752.0,7754.0,7752.0,7752.5,378
2026-08-11 20:40:00-04:00,7752.5,7752.75,7751.5,7752.0,262
2026-08-11 20:45:00-04:00,7752.0,7753.25,7751.5,7752.5,322
2026-08-11 20:50:00-04:00,7751.25,7752.25,7751.0,7752.0,378
2026-08-11 20:55:00-04:00,7752.5,7752.75,7751.25,7751.25,206
2026-08-11 21:00:00-04:00,7753.25,7753.5,7751.5,7752.5,371
2026-08-11 21:05:00-04:00,7753.25,7754.0,7751.25,7753.5,326
2026-08-11 21:10:00-04:00,7752.25,7753.5,7751.75,7753.25,202
2026-08-11 21:15:00-04:00,7750.75,7752.5,7749.75,7752.5,499
2026-08-11 21:20:00-04:00,7749.5,7751.25,7748.5,7750.75,480
2026-08-11 21:25:00-04:00,7751.0,7751.5,7749.0,7749.5,337
2026-08-11 21:30:00-04:00,7749.5,7750.75,7749.5,7750.75,185
2026-08-11 21:35:00-04:00,7750.0,7750.5,7749.25,7749.75,226
2026-08-11 21:40:00-04:00,7752.25,7752.5,7750.0,7750.0,892
2026-08-11 21:45:00-04:00,7752.0,7752.75,7751.0,7752.25,407
2026-08-11 21:50:00-04:00,7750.75,7752.5,7749.75,7751.75,498
2026-08-11 21:55:00-04:00,7749.75,7750.75,7748.75,7750.75,427
2026-08-11 22:00:00-04:00,7750.5,7751.5,7749.75,7749.75,380
2026-08-11 22:05:00-04:00,7751.0,7751.25,7750.0,7750.5,223
2026-08-11 22:10:00-04:00,7751.5,7751.5,7750.25,7751.25,165
2026-08-11 22:15:00-04:00,7751.75,7752.25,7751.0,7751.5,236
2026-08-11 22:20:00-04:00,7751.25,7752.25,7751.25,7752.0,195
2026-08-11 22:25:00-04:00,7752.75,7753.0,7751.25,7751.25,257
2026-08-11 22:30:00-04:00,7753.5,7754.0,7752.75,7752.75,625
2026-08-11 22:35:00-04:00,7753.25,7753.75,7753.25,7753.5,203
2026-08-11 22:40:00-04:00,7753.75,7754.5,7753.25,7753.25,520
2026-08-11 22:45:00-04:00,7754.5,7754.5,7753.75,7753.75,158
2026-08-11 22:50:00-04:00,7755.0,7755.25,7754.5,7754.5,190
2026-08-11 22:55:00-04:00,7755.5,7755.5,7755.0,7755.25,192
2026-08-11 23:00:00-04:00,7755.75,7756.5,7755.5,7755.5,436
2026-08-11 23:05:00-04:00,7755.25,7756.0,7755.25,7755.5,244
2026-08-11 23:10:00-04:00,7756.25,7756.5,7755.5,7755.5,242
2026-08-11 23:15:00-04:00,7755.25,7756.5,7754.5,7756.25,195
2026-08-11 23:20:00-04:00,7755.25,7755.75,7755.0,7755.25,167
2026-08-11 23:25:00-04:00,7756.0,7756.5,7755.0,7755.0,221
2026-08-11 23:30:00-04:00,7754.75,7756.0,7754.5,7755.75,241
2026-08-11 23:35:00-04:00,7754.25,7755.5,7754.0,7754.75,197
2026-08-11 23:40:00-04:00,7754.0,7754.5,7753.75,7754.25,222
2026-08-11 23:45:00-04:00,7755.25,7755.25,7754.25,7754.25,105
2026-08-11 23:50:00-04:00,7754.5,7755.5,7754.25,7755.25,203
2026-08-11 23:55:00-04:00,7755.5,7755.5,7754.5,7754.5,101
2026-08-12 00:05:00-04:00,7755.0,7755.0,7754.5,7754.5,427
2026-08-12 00:10:00-04:00,7755.5,7755.75,7754.75,7755.0,87
2026-08-12 00:15:00-04:00,7755.0,7755.5,7754.5,7755.5,197
2026-08-12 00:20:00-04:00,7756.0,7756.0,7755.0,7755.0,189
2026-08-12 00:25:00-04:00,7756.0,7756.5,7755.75,7756.25,284
2026-08-12 00:30:00-04:00,7754.75,7756.25,7754.5,7756.25,229
2026-08-12 00:35:00-04:00,7755.5,7755.75,7755.0,7755.0,97
2026-08-12 00:40:00-04:00,7755.25,7755.75,7755.0,7755.75,161
2026-08-12 00:45:00-04:00,7757.75,7757.75,7754.75,7755.25,250
2026-08-12 00:50:00-04:00,7757.5,7758.0,7757.25,7757.5,173
2026-08-12 00:55:00-04:00,7757.25,7757.75,7757.0,7757.5,169
2026-08-12 01:00:00-04:00,7756.75,7757.5,7756.5,7757.5,253
2026-08-12 01:05:00-04:00,7755.75,7757.0,7755.0,7756.75,222
2026-08-12 01:10:00-04:00,7755.0,7756.0,7755.0,7756.0,171
2026-08-12 01:15:00-04:00,7755.0,7755.5,7754.5,7754.75,240
2026-08-12 01:20:00-04:00,7754.25,7754.75,7752.75,7754.75,320
2026-08-12 01:25:00-04:00,7755.5,7755.5,7754.25,7754.25,174
2026-08-12 01:30:00-04:00,7756.5,7757.5,7755.25,7755.5,249
2026-08-12 01:35:00-04:00,7756.5,7756.75,7756.0,7756.25,189
2026-08-12 01:40:00-04:00,7755.5,7756.5,7755.5,7756.5,189
2026-08-12 01:45:00-04:00,7756.0,7756.5,7755.5,7755.5,142
2026-08-12 01:50:00-04:00,7757.0,7757.25,7755.5,7756.0,192
2026-08-12 01:55:00-04:00,7756.75,7757.5,7756.5,7757.25,202
2026-08-12 02:00:00-04:00,7757.75,7757.75,7756.75,7756.75,385
2026-08-12 02:05:00-04:00,7757.0,7757.75,7757.0,7757.5,285
2026-08-12 02:10:00-04:00,7755.25,7757.0,7754.25,7757.0,571
2026-08-12 02:15:00-04:00,7755.75,7756.0,7754.25,7755.25,315
2026-08-12 02:20:00-04:00,7754.75,7755.75,7754.25,7755.75,234
2026-08-12 02:25:00-04:00,7756.0,7756.5,7754.5,7754.75,289
2026-08-12 02:30:00-04:00,7757.0,7757.5,7755.5,7756.0,443
2026-08-12 02:35:00-04:00,7758.25,7758.75,7756.75,7756.75,315
2026-08-12 02:40:00-04:00,7756.5,7758.5,7755.75,7758.25,439
2026-08-12 02:45:00-04:00,7758.0,7758.25,7756.75,7756.75,488
2026-08-12 02:50:00-04:00,7758.5,7759.25,7758.0,7758.0,424
2026-08-12 02:55:00-04:00,7759.75,7759.75,7758.5,7758.5,613
2026-08-12 03:00:00-04:00,7760.25,7760.75,7759.0,7759.5,2020
2026-08-12 03:05:00-04:00,7760.5,7761.25,7759.75,7760.25,859
2026-08-12 03:10:00-04:00,7760.0,7761.5,7760.0,7760.5,600
2026-08-12 03:15:00-04:00,7760.25,7761.0,7760.0,7760.0,348
2026-08-12 03:20:00-04:00,7758.0,7760.25,7757.75,7760.25,944
2026-08-12 03:25:00-04:00,7758.75,7759.0,7757.25,7758.25,856
2026-08-12 03:30:00-04:00,7758.75,7759.0,7758.0,7758.5,370
2026-08-12 03:35:00-04:00,7759.75,7760.5,7758.75,7758.75,625
2026-08-12 03:40:00-04:00,7760.5,7760.5,7758.75,7759.75,373
2026-08-12 03:45:00-04:00,7758.75,7760.5,7758.5,7760.25,462
2026-08-12 03:50:00-04:00,7759.0,7759.5,7758.5,7758.75,359
2026-08-12 03:55:00-04:00,7759.5,7759.5,7757.0,7758.75,525
2026-08-12 04:00:00-04:00,7761.5,7762.75,7759.0,7759.5,1236
2026-08-12 04:05:00-04:00,7761.0,7762.25,7760.75,7761.5,571
2026-08-12 04:10:00-04:00,7761.75,7762.0,7760.75,7761.25,648
2026-08-12 04:15:00-04:00,7762.0,7762.5,7761.0,7761.5,512
2026-08-12 04:20:00-04:00,7762.5,7762.75,7761.75,7762.0,421
2026-08-12 04:25:00-04:00,7762.0,7762.5,7761.5,7762.5,384
2026-08-12 04:30:00-04:00,7758.5,7761.75,7758.25,7761.75,713
2026-08-12 04:35:00-04:00,7759.75,7759.75,7758.25,7758.25,380
2026-08-12 04:40:00-04:00,7760.5,7760.5,7759.25,7759.75,362
2026-08-12 04:45:00-04:00,7762.0,7762.0,7760.0,7760.25,536
2026-08-12 04:50:00-04:00,7763.25,7763.5,7762.25,7762.25,433
2026-08-12 04:55:00-04:00,7762.25,7763.5,7762.25,7763.25,456
2026-08-12 05:00:00-04:00,7763.75,7764.5,7762.25,7762.5,619
2026-08-12 05:05:00-04:00,7764.25,7764.75,7762.75,7763.75,350
2026-08-12 05:10:00-04:00,7764.75,7765.25,7764.25,7764.25,549
2026-08-12 05:15:00-04:00,7765.0,7765.5,7764.75,7765.0,327
2026-08-12 05:20:00-04:00,7771.75,7771.75,7764.25,7765.0,2731
2026-08-12 05:25:00-04:00,7768.25,7773.75,7767.75,7771.75,2650
2026-08-12 05:30:00-04:00,7769.0,7770.5,7768.25,7768.25,2438
2026-08-12 05:35:00-04:00,7770.0,7770.25,7768.5,7769.25,670
2026-08-12 05:40:00-04:00,7769.25,7770.25,7768.75,7770.0,513
2026-08-12 05:45:00-04:00,7768.75,7769.25,7767.5,7769.25,1000
2026-08-12 05:50:00-04:00,7765.25,7771.0,7765.0,7768.75,1609
2026-08-12 05:55:00-04:00,7766.5,7767.0,7765.0,7765.25,566
2026-08-12 06:00:00-04:00,7767.75,7768.0,7766.25,7766.25,492
2026-08-12 06:05:00-04:00,7768.25,7768.25,7767.0,7767.5,460
2026-08-12 06:10:00-04:00,7769.25,7769.75,7768.0,7768.0,486
2026-08-12 06:15:00-04:00,7769.25,7769.75,7768.75,7769.25,329
2026-08-12 06:20:00-04:00,7769.75,7770.0,7769.25,7769.5,453
2026-08-12 06:25:00-04:00,7768.25,7769.75,7768.25,7769.75,517
2026-08-12 06:30:00-04:00,7769.5,7769.5,7767.75,7768.25,614
2026-08-12 06:35:00-04:00,7769.25,7770.0,7768.5,7769.5,356
2026-08-12 06:40:00-04:00,7769.5,7770.25,7769.25,7769.25,324
2026-08-12 06:45:00-04:00,7765.0,7770.0,7759.25,7769.25,4031
2026-08-12 06:50:00-04:00,7765.75,7766.75,7762.5,7765.0,2218
2026-08-12 06:55:00-04:00,7766.5,7766.5,7765.25,7765.75,843
2026-08-12 07:00:00-04:00,7767.0,7768.0,7765.75,7766.25,1431
2026-08-12 07:05:00-04:00,7769.0,7769.25,7766.5,7767.0,766
2026-08-12 07:10:00-04:00,7766.75,7769.5,7766.75,7769.25,935
2026-08-12 07:15:00-04:00,7765.0,7766.75,7764.5,7766.5,717
2026-08-12 07:20:00-04:00,7765.25,7766.25,7765.0,7765.25,535
2026-08-12 07:25:00-04:00,7765.75,7766.75,7765.0,7765.25,553
2026-08-12 07:30:00-04:00,7767.5,7768.25,7765.75,7766.0,705
2026-08-12 07:35:00-04:00,7768.0,7768.5,7765.5,7767.5,710
2026-08-12 07:40:00-04:00,7768.5,7769.25,7767.75,7768.0,791
2026-08-12 07:45:00-04:00,7768.25,7769.0,7767.75,7768.5,892
2026-08-12 07:50:00-04:00,7769.25,7769.25,7768.0,7768.25,616
2026-08-12 07:55:00-04:00,7770.5,7771.5,7769.25,7769.25,1051
2026-08-12 08:00:00-04:00,7770.75,7772.25,7769.25,7770.5,1974
2026-08-12 08:05:00-04:00,7768.75,7770.75,7768.25,7770.75,1215
2026-08-12 08:10:00-04:00,7769.5,7770.25,7768.5,7768.75,1249
2026-08-12 08:15:00-04:00,7770.25,7771.5,7768.75,7769.75,1649
2026-08-12 08:20:00-04:00,7771.5,7772.25,7769.5,7770.5,1883
2026-08-12 08:25:00-04:00,7781.25,7782.25,7771.0,7771.5,4830
2026-08-12 08:30:00-04:00,7779.0,7788.0,7760.75,7780.0,12676
2026-08-12 08:35:00-04:00,7782.75,7783.0,7774.25,7779.25,5939
2026-08-12 08:40:00-04:00,7783.0,7787.25,7781.75,7782.75,6726
2026-08-12 08:45:00-04:00,7781.25,7783.5,7779.5,7783.0,4521
2026-08-12 08:50:00-04:00,7782.75,7784.0,7779.75,7781.25,2608
2026-08-12 08:55:00-04:00,7784.75,7785.0,7782.0,7783.0,2422
2026-08-12 09:00:00-04:00,7786.0,7786.5,7783.0,7784.75,3214
2026-08-12 09:05:00-04:00,7784.75,7787.5,7784.25,7786.0,2638
2026-08-12 09:10:00-04:00,7785.75,7786.5,7784.25,7784.75,1786
2026-08-12 09:15:00-04:00,7790.0,7790.5,7785.25,7785.75,3390
2026-08-12 09:20:00-04:00,7788.75,7792.0,7788.25,7790.0,3492
2026-08-12 09:25:00-04:00,7791.75,7793.75,7787.25,7788.75,6470
2026-08-12 09:30:00-04:00,7775.0,7794.0,7771.75,7791.5,40348
2026-08-12 09:35:00-04:00,7773.5,7780.5,7772.5,7775.0,22234
2026-08-12 09:40:00-04:00,7772.75,7775.75,7769.25,7773.5,19612
2026-08-12 09:45:00-04:00,7780.0,7781.25,7768.25,7772.75,22574
2026-08-12 09:50:00-04:00,7771.0,7780.0,7770.25,7780.0,15800
2026-08-12 09:55:00-04:00,7770.5,7772.5,7765.5,7771.0,14350
2026-08-12 10:00:00-04:00,7764.0,7772.75,7763.75,7770.5,18276
2026-08-12 10:05:00-04:00,7768.5,7770.0,7763.5,7764.0,10791
2026-08-12 10:10:00-04:00,7768.25,7772.75,7766.0,7768.5,12778
2026-08-12 10:15:00-04:00,7769.75,7775.0,7767.0,7768.5,12697
2026-08-12 10:20:00-04:00,7774.0,7775.0,7766.5,7769.5,13518
2026-08-12 10:25:00-04:00,7772.5,7777.75,7770.25,7774.0,12605
2026-08-12 10:30:00-04:00,7765.25,7774.75,7756.5,7772.25,25129
2026-08-12 10:35:00-04:00,7772.5,7772.5,7763.75,7765.25,12169
2026-08-12 10:40:00-04:00,7775.0,7775.5,7771.5,7772.5,9447
2026-08-12 10:45:00-04:00,7771.5,7776.75,7768.5,7775.25,9966
2026-08-12 10:50:00-04:00,7765.0,7771.75,7764.5,7771.25,11357
2026-08-12 10:55:00-04:00,7766.75,7768.0,7762.75,7765.0,11655
2026-08-12 11:00:00-04:00,7763.25,7767.5,7762.0,7766.75,11499
2026-08-12 11:05:00-04:00,7765.75,7766.75,7761.75,7763.0,10713
2026-08-12 11:10:00-04:00,7766.25,7768.75,7762.25,7765.75,10575
2026-08-12 11:15:00-04:00,7765.75,7767.75,7764.0,7766.25,7130
2026-08-12 11:20:00-04:00,7763.75,7766.5,7761.5,7765.75,6720
2026-08-12 11:25:00-04:00,7768.25,7768.25,7763.0,7763.75,7532
2026-08-12 11:30:00-04:00,7763.5,7769.5,7761.25,7768.25,8653
2026-08-12 11:35:00-04:00,7761.5,7766.75,7761.0,7763.5,7418
2026-08-12 11:40:00-04:00,7762.5,7764.25,7760.25,7761.25,6232
2026-08-12 11:45:00-04:00,7766.5,7766.5,7762.0,7762.5,5888
2026-08-12 11:50:00-04:00,7764.25,7766.5,7763.0,7766.5,3734
2026-08-12 11:55:00-04:00,7764.75,7765.5,7763.25,7764.25,6060
2026-08-12 12:00:00-04:00,7767.0,7769.0,7764.25,7764.75,6296
2026-08-12 12:05:00-04:00,7768.0,7768.25,7764.25,7767.0,4620
2026-08-12 12:10:00-04:00,7769.75,7770.75,7766.5,7768.25,6219
2026-08-12 12:15:00-04:00,7768.5,7770.75,7768.25,7769.75,6458
2026-08-12 12:20:00-04:00,7770.25,7770.75,7767.75,7768.75,6286
2026-08-12 12:25:00-04:00,7768.75,7771.25,7768.5,7770.25,4023
2026-08-12 12:30:00-04:00,7766.5,7769.75,7766.25,7769.0,6620
2026-08-12 12:35:00-04:00,7771.75,7772.25,7766.25,7766.25,5601
2026-08-12 12:40:00-04:00,7772.0,7773.5,7771.0,7772.0,6677
2026-08-12 12:45:00-04:00,7772.75,7773.25,7770.0,7772.0,5584
2026-08-12 12:50:00-04:00,7775.0,7776.25,7772.75,7772.75,7613
2026-08-12 12:55:00-04:00,7773.25,7775.0,7772.5,7775.0,5956
2026-08-12 13:00:00-04:00,7774.75,7775.25,7772.75,7773.25,5926
2026-08-12 13:05:00-04:00,7774.25,7777.5,7774.25,7774.75,5356
2026-08-12 13:10:00-04:00,7774.75,7775.0,7772.0,7774.25,4872
2026-08-12 13:15:00-04:00,7772.25,7774.75,7770.25,7774.75,5315
2026-08-12 13:20:00-04:00,7772.25,7773.5,7771.0,7772.0,4411
2026-08-12 13:25:00-04:00,7772.5,7774.75,7771.75,7772.0,4553
2026-08-12 13:30:00-04:00,7773.5,7774.5,7771.25,7772.5,5591
2026-08-12 13:35:00-04:00,7773.0,7774.0,7771.75,7773.25,3491
2026-08-12 13:40:00-04:00,7773.0,7774.25,7771.25,7773.0,5830
2026-08-12 13:45:00-04:00,7772.5,7774.25,7772.0,7773.0,3300
2026-08-12 13:50:00-04:00,7772.0,7774.25,7771.75,7772.25,5151
2026-08-12 13:55:00-04:00,7772.5,7773.5,7770.75,7771.75,3494
2026-08-12 14:00:00-04:00,7773.5,7774.25,7772.25,7772.5,4506
2026-08-12 14:05:00-04:00,7773.5,7774.25,7772.75,7773.5,3041
2026-08-12 14:10:00-04:00,7775.5,7776.75,7773.25,7773.5,4394
2026-08-12 14:15:00-04:00,7776.0,7776.0,7774.5,7775.5,4234
2026-08-12 14:20:00-04:00,7776.75,7777.0,7774.25,7776.0,5253
2026-08-12 14:25:00-04:00,7775.5,7777.5,7775.25,7776.75,4297
2026-08-12 14:30:00-04:00,7778.25,7779.25,7775.25,7775.25,5881
2026-08-12 14:35:00-04:00,7778.75,7779.75,7777.75,7778.0,4124
2026-08-12 14:40:00-04:00,7779.5,7781.0,7778.5,7778.75,5462
2026-08-12 14:45:00-04:00,7780.25,7780.25,7778.25,7779.75,4330
2026-08-12 14:50:00-04:00,7779.25,7781.0,7779.0,7780.0,4184
2026-08-12 14:55:00-04:00,7775.0,7779.25,7774.75,7779.25,8680
2026-08-12 15:00:00-04:00,7777.25,7777.75,7774.75,7775.0,4662
2026-08-12 15:05:00-04:00,7777.0,7778.75,7777.0,7777.5,4286
2026-08-12 15:10:00-04:00,7775.75,7777.75,7774.75,7777.0,5326
2026-08-12 15:15:00-04:00,7776.0,7777.0,7775.25,7775.75,4319
2026-08-12 15:20:00-04:00,7773.5,7776.25,7772.75,7776.0,7787
2026-08-12 15:25:00-04:00,7774.5,7774.75,7772.75,7773.25,4502
2026-08-12 15:30:00-04:00,7773.5,7775.0,7772.5,7774.5,6651
2026-08-12 15:35:00-04:00,7773.75,7774.75,7773.25,7773.25,4395
2026-08-12 15:40:00-04:00,7773.5,7774.0,7770.25,7773.5,9068
2026-08-12 15:45:00-04:00,7773.5,7774.75,7771.5,7773.25,7683
2026-08-12 15:50:00-04:00,7767.0,7774.25,7766.25,7773.75,21433
2026-08-12 15:55:00-04:00,7769.5,7771.75,7764.5,7767.0,49815
2026-08-12 16:00:00-04:00,7774.5,7775.5,7768.5,7769.75,14374
2026-08-12 16:05:00-04:00,7773.75,7777.75,7772.25,7774.25,7860
2026-08-12 16:10:00-04:00,7772.25,7774.5,7770.75,7773.75,3137
2026-08-12 16:15:00-04:00,7769.75,7773.5,7769.75,7772.25,2987
2026-08-12 16:20:00-04:00,7769.5,7770.75,7768.75,7770.0,1526
2026-08-12 16:25:00-04:00,7768.0,7769.5,7767.0,7769.5,1712
2026-08-12 16:30:00-04:00,7768.5,7769.0,7767.5,7768.25,927
2026-08-12 16:35:00-04:00,7768.0,7769.0,7767.25,7768.25,1271
2026-08-12 16:40:00-04:00,7768.0,7768.75,7768.0,7768.0,615
2026-08-12 16:45:00-04:00,7767.25,7768.5,7767.0,7768.25,1201
2026-08-12 16:50:00-04:00,7767.5,7769.0,7767.25,7767.5,953
2026-08-12 16:55:00-04:00,7766.75,7768.0,7766.5,7767.5,824
2026-08-12 18:00:00-04:00,7769.0,7771.0,7768.5,7770.0,0
2026-08-12 18:05:00-04:00,7770.25,7771.0,7768.75,7769.25,375
2026-08-12 18:10:00-04:00,7769.25,7770.5,7768.0,7770.25,336
2026-08-12 18:15:00-04:00,7768.5,7769.75,7768.25,7769.0,264
2026-08-12 18:20:00-04:00,7769.25,7769.5,7768.0,7768.5,420
2026-08-12 18:25:00-04:00,7769.0,7769.75,7767.75,7769.5,260
2026-08-12 18:30:00-04:00,7767.25,7768.75,7767.0,7768.5,284
2026-08-12 18:35:00-04:00,7767.75,7768.0,7766.5,7767.25,195
2026-08-12 18:40:00-04:00,7768.0,7768.75,7767.75,7767.75,162
2026-08-12 18:45:00-04:00,7768.25,7769.25,7768.0,7768.0,149
2026-08-12 18:50:00-04:00,7769.0,7769.0,7768.25,7768.25,56
2026-08-12 18:55:00-04:00,7768.75,7768.75,7768.5,7768.75,95
2026-08-12 19:00:00-04:00,7769.75,7770.25,7768.5,7768.5,216
2026-08-12 19:05:00-04:00,7770.25,7770.75,7769.75,7769.75,197
2026-08-12 19:10:00-04:00,7771.0,7771.25,7770.5,7770.5,228
2026-08-12 19:15:00-04:00,7771.25,7771.25,7770.5,7771.25,119
2026-08-12 19:20:00-04:00,7771.0,7771.75,7771.0,7771.25,119
2026-08-12 19:25:00-04:00,7770.75,7771.25,7770.25,7771.0,217
2026-08-12 19:30:00-04:00,7770.0,7771.0,7769.25,7770.75,264
2026-08-12 19:35:00-04:00,7771.25,7771.5,7769.75,7770.0,146
2026-08-12 19:40:00-04:00,7770.75,7771.5,7770.0,7771.25,182
2026-08-12 19:45:00-04:00,7768.0,7771.0,7767.5,7771.0,445
2026-08-12 19:50:00-04:00,7769.25,7769.25,7767.75,7767.75,172
2026-08-12 19:55:00-04:00,7768.25,7769.25,7767.75,7769.0,252
2026-08-12 20:00:00-04:00,7771.25,7772.75,7767.5,7768.25,1014
2026-08-12 20:05:00-04:00,7772.0,7773.5,7770.75,7771.25,707
2026-08-12 20:10:00-04:00,7770.25,7772.75,7770.25,7772.0,480
2026-08-12 20:15:00-04:00,7771.5,7771.5,7769.5,7770.5,510
2026-08-12 20:20:00-04:00,7772.5,7772.75,7770.25,7771.5,386
2026-08-12 20:25:00-04:00,7769.0,7772.5,7768.75,7772.25,515
2026-08-12 20:30:00-04:00,7769.25,7770.5,7767.75,7769.0,658
2026-08-12 20:35:00-04:00,7768.75,7769.5,7767.75,7769.0,402
2026-08-12 20:40:00-04:00,7769.5,7769.75,7768.0,7768.75,342
2026-08-12 20:45:00-04:00,7770.25,7770.25,7768.75,7769.5,230
2026-08-12 20:50:00-04:00,7768.75,7770.5,7768.5,7770.25,288
2026-08-12 20:55:00-04:00,7770.5,7770.5,7768.0,7769.0,306
2026-08-12 21:00:00-04:00,7768.5,7770.75,7767.25,7770.25,625
2026-08-12 21:05:00-04:00,7768.75,7769.0,7768.0,7768.5,362
2026-08-12 21:10:00-04:00,7766.25,7769.25,7766.0,7768.75,604
2026-08-12 21:15:00-04:00,7766.5,7767.0,7765.25,7766.25,455
2026-08-12 21:20:00-04:00,7766.25,7766.5,7765.25,7766.5,251
2026-08-12 21:25:00-04:00,7765.25,7766.25,7764.25,7766.25,502
2026-08-12 21:30:00-04:00,7767.25,7767.75,7765.25,7765.25,473
2026-08-12 21:35:00-04:00,7767.5,7768.0,7767.0,7767.5,277
2026-08-12 21:40:00-04:00,7767.0,7767.5,7766.5,7767.25,229
2026-08-12 21:45:00-04:00,7767.0,7767.75,7766.5,7767.0,292
2026-08-12 21:50:00-04:00,7770.25,7770.5,7767.0,7767.0,565
2026-08-12 21:55:00-04:00,7770.0,7771.25,7769.75,7770.25,329
2026-08-12 22:00:00-04:00,7770.75,7771.75,7770.0,7770.25,388
2026-08-12 22:05:00-04:00,7771.5,7772.0,7770.75,7771.0,242
2026-08-12 22:10:00-04:00,7771.75,7772.0,7771.25,7771.5,199
2026-08-12 22:15:00-04:00,7772.25,7772.5,7771.5,7771.75,251
2026-08-12 22:20:00-04:00,7772.0,7773.0,7771.25,7772.0,341
2026-08-12 22:25:00-04:00,7771.0,7772.5,7770.5,7772.0,261
2026-08-12 22:30:00-04:00,7768.25,7770.75,7768.0,7770.75,537
2026-08-12 22:35:00-04:00,7770.0,7770.25,7768.25,7768.25,281
2026-08-12 22:40:00-04:00,7773.25,7774.5,7770.25,7770.25,620
2026-08-12 22:45:00-04:00,7773.25,7773.5,7772.75,7773.25,255
2026-08-12 22:50:00-04:00,7773.0,7773.5,7772.5,7773.25,160
2026-08-12 22:55:00-04:00,7773.0,7773.25,7772.75,7773.0,160
2026-08-12 23:00:00-04:00,7772.25,7772.75,7772.0,7772.75,357
2026-08-12 23:05:00-04:00,7772.25,7772.75,7772.25,7772.5,272
2026-08-12 23:10:00-04:00,7773.25,7773.25,7772.0,7772.5,332
2026-08-12 23:15:00-04:00,7773.5,7773.75,7773.0,7773.0,267
2026-08-12 23:20:00-04:00,7773.25,7773.75,7772.75,7773.5,278
2026-08-12 23:25:00-04:00,7773.5,7774.0,7773.25,7773.25,238
2026-08-12 23:30:00-04:00,7773.0,7773.75,7772.5,7773.5,153
2026-08-12 23:35:00-04:00,7774.0,7774.25,7772.75,7773.0,252
2026-08-12 23:40:00-04:00,7774.5,7774.75,7773.25,7773.75,264
2026-08-12 23:45:00-04:00,7774.75,7775.25,7774.25,7774.5,287
2026-08-12 23:50:00-04:00,7775.25,7775.5,7774.75,7774.75,155
2026-08-12 23:55:00-04:00,7775.0,7775.25,7774.75,7775.0,165
2026-08-13 00:05:00-04:00,7776.25,7776.25,7775.75,7775.75,569
2026-08-13 00:10:00-04:00,7773.75,7777.25,7773.5,7776.5,461
2026-08-13 00:15:00-04:00,7773.75,7774.0,7773.25,7773.5,204
2026-08-13 00:20:00-04:00,7773.75,7773.75,7772.0,7773.5,503
2026-08-13 00:25:00-04:00,7774.75,7775.25,7773.75,7773.75,244
2026-08-13 00:30:00-04:00,7775.75,7775.75,7774.5,7774.5,145
2026-08-13 00:35:00-04:00,7775.0,7776.25,7775.0,7775.5,148
2026-08-13 00:40:00-04:00,7775.0,7775.5,7774.5,7775.0,164
2026-08-13 00:45:00-04:00,7776.75,7777.25,7774.5,7775.0,336
2026-08-13 00:50:00-04:00,7776.75,7777.5,7776.75,7777.0,191
2026-08-13 00:55:00-04:00,7775.75,7777.0,7775.5,7776.75,262
2026-08-13 01:00:00-04:00,7777.25,7778.5,7775.0,7775.75,478
2026-08-13 01:05:00-04:00,7778.0,7778.0,7777.0,7777.25,239
2026-08-13 01:10:00-04:00,7779.5,7779.75,7777.75,7778.0,377
2026-08-13 01:15:00-04:00,7778.75,7780.0,7778.5,7779.5,319
2026-08-13 01:20:00-04:00,7778.75,7779.75,7778.5,7779.0,243
2026-08-13 01:25:00-04:00,7779.5,7780.0,7778.5,7778.75,441
2026-08-13 01:30:00-04:00,7779.5,7780.5,7778.25,7779.75,809
2026-08-13 01:35:00-04:00,7779.0,7779.75,7778.25,7779.75,345
2026-08-13 01:40:00-04:00,7778.5,7779.5,7778.25,7779.0,291
2026-08-13 01:45:00-04:00,7778.5,7778.75,7778.0,7778.5,215
2026-08-13 01:50:00-04:00,7777.75,7778.75,7777.5,7778.5,248
2026-08-13 01:55:00-04:00,7776.25,7778.25,7776.25,7777.75,451
2026-08-13 02:00:00-04:00,7777.0,7777.0,7775.75,7776.5,528
2026-08-13 02:05:00-04:00,7778.0,7778.0,7776.5,7776.75,343
2026-08-13 02:10:00-04:00,7778.25,7778.75,7777.75,7778.0,241
2026-08-13 02:15:00-04:00,7779.0,7779.5,7777.75,7778.25,295
2026-08-13 02:20:00-04:00,7779.5,7779.75,7778.25,7778.75,409
2026-08-13 02:25:00-04:00,7778.25,7779.5,7777.75,7779.5,482
2026-08-13 02:30:00-04:00,7777.75,7779.0,7777.0,7778.5,366
2026-08-13 02:35:00-04:00,7776.5,7778.0,7776.25,7777.5,261
2026-08-13 02:40:00-04:00,7775.0,7776.5,7774.5,7776.5,474
2026-08-13 02:45:00-04:00,7774.5,7775.0,7773.75,7775.0,167
2026-08-13 02:50:00-04:00,7776.0,7776.25,7774.25,7774.5,361
2026-08-13 02:55:00-04:00,7777.75,7778.25,7775.75,7775.75,374
2026-08-13 03:00:00-04:00,7774.5,7778.75,7774.0,7778.0,957
2026-08-13 03:05:00-04:00,7775.0,7775.25,7774.25,7774.75,778
2026-08-13 03:10:00-04:00,7775.0,7775.25,7774.25,7775.0,418
2026-08-13 03:15:00-04:00,7775.0,7775.5,7774.0,7775.0,379
2026-08-13 03:20:00-04:00,7777.0,7777.25,7775.0,7775.25,309
2026-08-13 03:25:00-04:00,7777.5,7777.75,7776.0,7776.75,428
2026-08-13 03:30:00-04:00,7777.5,7778.25,7776.75,7777.5,390
2026-08-13 03:35:00-04:00,7778.25,7778.5,7776.75,7777.25,352
2026-08-13 03:40:00-04:00,7779.5,7779.5,7777.75,7778.25,525
2026-08-13 03:45:00-04:00,7779.5,7779.75,7778.25,7779.5,571
2026-08-13 03:50:00-04:00,7778.75,7780.0,7778.75,7779.5,490
2026-08-13 03:55:00-04:00,7777.75,7779.5,7777.5,7778.75,373
2026-08-13 04:00:00-04:00,7775.75,7778.5,7775.25,7777.75,1520
2026-08-13 04:05:00-04:00,7779.0,7780.25,7775.75,7776.0,893
2026-08-13 04:10:00-04:00,7779.5,7779.75,7777.5,7779.0,603
2026-08-13 04:15:00-04:00,7778.75,7780.0,7777.25,7779.75,544
2026-08-13 04:20:00-04:00,7780.75,7781.5,7778.0,7779.0,828
2026-08-13 04:25:00-04:00,7781.5,7782.0,7781.0,7781.0,411
2026-08-13 04:30:00-04:00,7781.5,7781.75,7780.5,7781.5,482
2026-08-13 04:35:00-04:00,7781.25,7781.5,7780.25,7781.5,274
2026-08-13 04:40:00-04:00,7781.75,7782.25,7780.75,7781.0,277
2026-08-13 04:45:00-04:00,7781.0,7781.75,7780.75,7781.5,363
2026-08-13 04:50:00-04:00,7781.0,7783.0,7781.0,7781.25,683
2026-08-13 04:55:00-04:00,7781.5,7782.0,7781.0,7781.0,237
2026-08-13 05:00:00-04:00,7780.75,7782.25,7780.25,7781.5,399
2026-08-13 05:05:00-04:00,7780.0,7781.25,7779.5,7780.75,542
2026-08-13 05:10:00-04:00,7779.5,7781.25,7779.5,7780.25,502
2026-08-13 05:15:00-04:00,7780.5,7780.75,7778.0,7779.25,460
2026-08-13 05:20:00-04:00,7781.5,7781.5,7780.25,7780.75,278
2026-08-13 05:25:00-04:00,7780.5,7781.75,7780.0,7781.75,318
2026-08-13 05:30:00-04:00,7782.5,7783.0,7780.25,7780.25,481
2026-08-13 05:35:00-04:00,7782.0,7782.75,7781.75,7782.75,318
2026-08-13 05:40:00-04:00,7783.5,7783.75,7782.0,7782.25,656
2026-08-13 05:45:00-04:00,7783.0,7784.0,7782.5,7783.25,399
2026-08-13 05:50:00-04:00,7784.25,7784.5,7783.25,7783.5,335
2026-08-13 05:55:00-04:00,7784.25,7784.75,7784.25,7784.25,373
2026-08-13 06:00:00-04:00,7783.0,7784.5,7783.0,7784.25,670
2026-08-13 06:05:00-04:00,7783.25,7784.0,7783.25,7783.25,278
2026-08-13 06:10:00-04:00,7783.5,7783.75,7783.25,7783.5,302
2026-08-13 06:15:00-04:00,7784.25,7784.75,7783.5,7783.5,345
2026-08-13 06:20:00-04:00,7784.0,7784.75,7783.75,7784.25,458
2026-08-13 06:25:00-04:00,7783.5,7784.75,7783.0,7783.75,453
2026-08-13 06:30:00-04:00,7783.75,7784.5,7783.5,7783.75,325
2026-08-13 06:35:00-04:00,7784.0,7784.5,7783.5,7783.75,364
2026-08-13 06:40:00-04:00,7784.5,7784.75,7784.0,7784.0,295
2026-08-13 06:45:00-04:00,7785.25,7785.5,7784.0,7784.5,354
2026-08-13 06:50:00-04:00,7785.5,7785.5,7784.5,7785.5,207
2026-08-13 06:55:00-04:00,7785.0,7785.25,7784.25,7785.25,340
2026-08-13 07:00:00-04:00,7784.5,7785.75,7784.25,7785.0,694
2026-08-13 07:05:00-04:00,7784.5,7785.25,7783.75,7784.5,307
2026-08-13 07:10:00-04:00,7784.75,7785.25,7784.25,7784.5,319
2026-08-13 07:15:00-04:00,7783.0,7785.0,7783.0,7784.75,636
2026-08-13 07:20:00-04:00,7783.75,7784.0,7783.0,7783.0,403
2026-08-13 07:25:00-04:00,7783.75,7784.0,7782.75,7783.75,440
2026-08-13 07:30:00-04:00,7785.75,7785.75,7783.5,7783.75,714
2026-08-13 07:35:00-04:00,7787.25,7787.5,7785.25,7786.0,660
2026-08-13 07:40:00-04:00,7788.5,7788.5,7786.25,7787.5,1054
2026-08-13 07:45:00-04:00,7786.75,7789.0,7786.5,7788.5,872
2026-08-13 07:50:00-04:00,7786.75,7787.0,7785.0,7786.5,796
2026-08-13 07:55:00-04:00,7784.0,7786.75,7783.75,7786.5,764
2026-08-13 08:00:00-04:00,7782.0,7784.5,7781.5,7784.0,1486
2026-08-13 08:05:00-04:00,7783.0,7784.0,7781.75,7781.75,1166
2026-08-13 08:10:00-04:00,7782.5,7784.0,7780.75,7783.0,1369
2026-08-13 08:15:00-04:00,7779.0,7782.5,7778.5,7782.5,875
2026-08-13 08:20:00-04:00,7779.75,7780.0,7779.0,7779.25,815
2026-08-13 08:25:00-04:00,7783.5,7783.5,7779.25,7779.75,1170
2026-08-13 08:30:00-04:00,7782.25,7790.25,7778.0,7783.5,5157
2026-08-13 08:35:00-04:00,7784.75,7785.25,7781.5,7782.0,2388
2026-08-13 08:40:00-04:00,7784.25,7786.75,7782.25,7784.75,3688
2026-08-13 08:45:00-04:00,7785.0,7786.5,7783.75,7784.0,1769
2026-08-13 08:50:00-04:00,7787.0,7787.5,7784.75,7785.0,1261
2026-08-13 08:55:00-04:00,7788.5,7788.5,7787.0,7787.0,1836
2026-08-13 09:00:00-04:00,7789.75,7790.0,7788.0,7788.5,3641
2026-08-13 09:05:00-04:00,7791.0,7791.75,7789.5,7789.5,3771
2026-08-13 09:10:00-04:00,7790.75,7791.75,7790.0,7791.0,1627
2026-08-13 09:15:00-04:00,7792.0,7792.75,7790.0,7790.75,2935
2026-08-13 09:20:00-04:00,7791.0,7793.25,7791.0,7792.0,1922
2026-08-13 09:25:00-04:00,7793.0,7793.5,7790.5,7791.0,3894
2026-08-13 09:30:00-04:00,7798.25,7799.5,7785.5,7793.25,30414
2026-08-13 09:35:00-04:00,7809.0,7809.25,7798.0,7798.25,22757
2026-08-13 09:40:00-04:00,7801.5,7809.0,7800.0,7809.0,17024
2026-08-13 09:45:00-04:00,7812.75,7814.25,7800.5,7801.5,20958
2026-08-13 09:50:00-04:00,7816.0,7816.25,7810.75,7813.0,16030
2026-08-13 09:55:00-04:00,7820.75,7821.5,7813.5,7816.0,17157
2026-08-13 10:00:00-04:00,7826.75,7827.5,7819.75,7820.75,23785
2026-08-13 10:05:00-04:00,7826.0,7828.75,7823.75,7827.0,16725
2026-08-13 10:10:00-04:00,7829.75,7830.25,7825.75,7826.0,13444
2026-08-13 10:15:00-04:00,7830.0,7831.25,7824.5,7829.75,18846
2026-08-13 10:20:00-04:00,7835.0,7836.75,7828.25,7830.0,15970
2026-08-13 10:25:00-04:00,7836.5,7837.0,7833.5,7834.75,12273
2026-08-13 10:30:00-04:00,7836.75,7838.25,7834.25,7836.5,13120
2026-08-13 10:35:00-04:00,7835.0,7838.5,7832.5,7836.75,11170
2026-08-13 10:40:00-04:00,7830.25,7835.75,7830.25,7835.0,13432
2026-08-13 10:45:00-04:00,7821.25,7830.5,7819.5,7830.25,20969
2026-08-13 10:50:00-04:00,7823.0,7823.75,7820.0,7821.0,15520
2026-08-13 10:55:00-04:00,7822.25,7824.25,7818.0,7822.75,14870
2026-08-13 11:00:00-04:00,7818.0,7826.75,7817.5,7822.0,21014
2026-08-13 11:05:00-04:00,7816.75,7820.5,7813.75,7818.25,17412
2026-08-13 11:10:00-04:00,7815.5,7818.0,7814.5,7816.75,13601
2026-08-13 11:15:00-04:00,7816.25,7816.75,7811.25,7815.75,11967
2026-08-13 11:20:00-04:00,7813.5,7817.0,7812.5,7816.0,11217
2026-08-13 11:25:00-04:00,7806.0,7813.5,7803.5,7813.5,23377
2026-08-13 11:30:00-04:00,7801.5,7807.5,7801.25,7806.0,18836
2026-08-13 11:35:00-04:00,7803.75,7805.75,7800.0,7801.5,14836
2026-08-13 11:40:00-04:00,7803.75,7808.0,7801.0,7803.5,13674
2026-08-13 11:45:00-04:00,7803.25,7805.5,7801.0,7803.5,9025
2026-08-13 11:50:00-04:00,7800.75,7803.5,7799.25,7803.25,9716
2026-08-13 11:55:00-04:00,7799.0,7803.75,7797.75,7800.75,10253
2026-08-13 12:00:00-04:00,7803.0,7804.75,7798.5,7798.75,9113
2026-08-13 12:05:00-04:00,7803.75,7807.0,7802.75,7803.25,7624
2026-08-13 12:10:00-04:00,7801.0,7805.25,7800.75,7803.5,7364
2026-08-13 12:15:00-04:00,7802.5,7803.0,7800.0,7801.0,6615
2026-08-13 12:20:00-04:00,7804.5,7805.0,7801.5,7802.5,5332
2026-08-13 12:25:00-04:00,7809.5,7809.5,7804.25,7804.5,7482
2026-08-13 12:30:00-04:00,7810.5,7811.25,7808.0,7809.5,7977
2026-08-13 12:35:00-04:00,7807.0,7811.25,7806.0,7810.5,6265
2026-08-13 12:40:00-04:00,7808.25,7809.25,7806.0,7807.0,4935
2026-08-13 12:45:00-04:00,7810.0,7811.0,7808.25,7808.5,4401
2026-08-13 12:50:00-04:00,7811.0,7812.25,7810.0,7810.0,7140
2026-08-13 12:55:00-04:00,7811.5,7811.75,7810.0,7811.0,4146
2026-08-13 13:00:00-04:00,7814.0,7814.75,7811.5,7811.5,6486
2026-08-13 13:05:00-04:00,7816.75,7818.25,7813.5,7814.25,7225
2026-08-13 13:10:00-04:00,7816.0,7817.5,7815.0,7816.75,4461
2026-08-13 13:15:00-04:00,7818.5,7818.5,7816.0,7816.25,6380
2026-08-13 13:20:00-04:00,7817.0,7819.25,7816.0,7818.5,6642
2026-08-13 13:25:00-04:00,7815.5,7817.5,7815.0,7817.25,5274
2026-08-13 13:30:00-04:00,7813.5,7816.75,7812.5,7815.5,6912
2026-08-13 13:35:00-04:00,7812.25,7813.75,7811.0,7813.5,7148
2026-08-13 13:40:00-04:00,7810.5,7813.5,7810.5,7812.5,6006
2026-08-13 13:45:00-04:00,7812.5,7813.5,7810.5,7810.5,5081
2026-08-13 13:50:00-04:00,7812.0,7813.75,7811.75,7812.5,5169
2026-08-13 13:55:00-04:00,7811.75,7813.75,7810.75,7812.0,4333
2026-08-13 14:00:00-04:00,7813.5,7813.75,7811.75,7811.75,5745
2026-08-13 14:05:00-04:00,7812.5,7815.0,7812.25,7813.75,5037
2026-08-13 14:10:00-04:00,7815.25,7815.75,7811.0,7812.75,5574
2026-08-13 14:15:00-04:00,7813.75,7816.25,7813.25,7815.5,5446
2026-08-13 14:20:00-04:00,7811.5,7814.25,7811.0,7813.75,6550
2026-08-13 14:25:00-04:00,7814.5,7814.75,7811.5,7811.75,4490
2026-08-13 14:30:00-04:00,7816.75,7817.0,7814.5,7814.5,5649
2026-08-13 14:35:00-04:00,7818.25,7818.5,7816.25,7816.75,7312
2026-08-13 14:40:00-04:00,7820.5,7821.5,7818.0,7818.5,8604
2026-08-13 14:45:00-04:00,7822.0,7822.0,7820.25,7820.5,6386
2026-08-13 14:50:00-04:00,7823.0,7823.75,7820.5,7822.0,10550
2026-08-13 14:55:00-04:00,7822.0,7823.75,7821.25,7823.25,5900
2026-08-13 15:00:00-04:00,7823.5,7824.0,7821.75,7822.0,7726
2026-08-13 15:05:00-04:00,7828.25,7828.75,7822.5,7823.5,12224
2026-08-13 15:10:00-04:00,7824.0,7828.25,7822.75,7828.25,10222
2026-08-13 15:15:00-04:00,7826.0,7826.25,7822.5,7824.0,8644
2026-08-13 15:20:00-04:00,7827.75,7828.25,7826.0,7826.25,6884
2026-08-13 15:25:00-04:00,7825.0,7828.5,7824.5,7827.75,8818
2026-08-13 15:30:00-04:00,7825.25,7827.25,7824.25,7825.0,9991
2026-08-13 15:35:00-04:00,7824.25,7825.5,7822.0,7825.25,8189
2026-08-13 15:40:00-04:00,7821.75,7825.25,7821.75,7824.5,7283
2026-08-13 15:45:00-04:00,7822.25,7823.0,7820.75,7821.75,9748
2026-08-13 15:50:00-04:00,7820.25,7822.25,7818.0,7822.0,22376
2026-08-13 15:55:00-04:00,7823.25,7824.75,7818.5,7820.25,59880
2026-08-13 16:00:00-04:00,7824.0,7825.25,7818.5,7823.25,23131
2026-08-13 16:05:00-04:00,7822.75,7825.0,7822.0,7824.0,3881
2026-08-13 16:10:00-04:00,7822.5,7823.25,7821.5,7822.75,2790
2026-08-13 16:15:00-04:00,7821.25,7823.0,7820.0,7822.25,3310
2026-08-13 16:20:00-04:00,7820.75,7821.25,7820.0,7821.25,1166
2026-08-13 16:25:00-04:00,7820.5,7821.75,7819.75,7820.5,1667
2026-08-13 16:30:00-04:00,7822.0,7823.0,7820.25,7820.5,1763
2026-08-13 16:35:00-04:00,7823.25,7823.5,7821.5,7822.0,951
2026-08-13 16:40:00-04:00,7823.5,7823.75,7823.0,7823.25,802
2026-08-13 16:45:00-04:00,7823.75,7824.5,7823.5,7823.75,816
2026-08-13 16:50:00-04:00,7825.0,7825.25,7823.75,7823.75,731
2026-08-13 16:55:00-04:00,7825.25,7825.5,7824.75,7825.25,1652
2026-08-13 18:00:00-04:00,7826.0,7827.0,7823.75,7825.0,0
2026-08-13 18:05:00-04:00,7825.75,7827.0,7824.75,7826.0,542
2026-08-13 18:10:00-04:00,7824.0,7825.75,7824.0,7825.5,414
2026-08-13 18:15:00-04:00,7826.0,7826.0,7823.5,7824.0,406
2026-08-13 18:20:00-04:00,7824.5,7826.0,7822.75,7826.0,1051
2026-08-13 18:25:00-04:00,7824.25,7824.75,7824.25,7824.5,166
2026-08-13 18:30:00-04:00,7824.5,7824.75,7824.25,7824.5,187
2026-08-13 18:35:00-04:00,7824.25,7824.75,7824.0,7824.5,155
2026-08-13 18:40:00-04:00,7824.75,7824.75,7824.0,7824.25,151
2026-08-13 18:45:00-04:00,7824.0,7824.75,7823.25,7824.5,280
2026-08-13 18:50:00-04:00,7824.0,7824.5,7823.75,7824.25,128
2026-08-13 18:55:00-04:00,7824.0,7824.0,7823.75,7824.0,103
2026-08-13 19:00:00-04:00,7824.25,7824.5,7823.75,7824.0,136
2026-08-13 19:05:00-04:00,7826.25,7826.25,7824.25,7824.25,237
2026-08-13 19:10:00-04:00,7827.25,7827.5,7826.25,7826.25,222
2026-08-13 19:15:00-04:00,7827.0,7827.5,7826.0,7827.5,248
2026-08-13 19:20:00-04:00,7825.5,7827.25,7825.0,7827.0,264
2026-08-13 19:25:00-04:00,7825.75,7826.25,7825.5,7825.5,116
2026-08-13 19:30:00-04:00,7826.5,7826.5,7825.0,7825.75,186
2026-08-13 19:35:00-04:00,7825.75,7826.75,7825.5,7826.5,113
2026-08-13 19:40:00-04:00,7826.0,7826.75,7825.25,7825.75,278
2026-08-13 19:45:00-04:00,7826.0,7826.75,7825.25,7826.0,419
2026-08-13 19:50:00-04:00,7825.5,7826.5,7825.5,7826.25,194
2026-08-13 19:55:00-04:00,7825.75,7826.0,7825.0,7825.75,269
2026-08-13 20:00:00-04:00,7827.75,7828.75,7825.75,7825.75,1026
2026-08-13 20:05:00-04:00,7826.75,7828.25,7825.75,7828.0,588
2026-08-13 20:10:00-04:00,7825.5,7827.0,7825.0,7826.75,413
2026-08-13 20:15:00-04:00,7824.75,7826.25,7824.25,7825.5,633
2026-08-13 20:20:00-04:00,7824.5,7825.25,7824.25,7825.0,419
2026-08-13 20:25:00-04:00,7824.25,7825.0,7824.0,7824.75,405
2026-08-13 20:30:00-04:00,7824.25,7824.75,7823.75,7824.0,410
2026-08-13 20:35:00-04:00,7824.75,7825.0,7824.0,7824.5,260
2026-08-13 20:40:00-04:00,7823.75,7825.0,7823.5,7824.75,408
2026-08-13 20:45:00-04:00,7823.25,7824.25,7823.25,7823.75,407
2026-08-13 20:50:00-04:00,7824.0,7824.25,7823.0,7823.5,477
2026-08-13 20:55:00-04:00,7824.25,7824.5,7823.75,7824.25,323
2026-08-13 21:00:00-04:00,7821.0,7824.25,7820.5,7824.0,919
2026-08-13 21:05:00-04:00,7822.5,7822.75,7821.0,7821.25,539
2026-08-13 21:10:00-04:00,7820.5,7822.5,7820.25,7822.5,531
2026-08-13 21:15:00-04:00,7821.0,7821.5,7820.25,7820.5,514
2026-08-13 21:20:00-04:00,7822.0,7822.75,7820.25,7821.25,786
2026-08-13 21:25:00-04:00,7822.25,7822.5,7820.75,7821.75,469
2026-08-13 21:30:00-04:00,7822.75,7822.75,7821.75,7822.5,418
2026-08-13 21:35:00-04:00,7823.75,7824.25,7822.25,7822.75,470
2026-08-13 21:40:00-04:00,7823.75,7824.25,7823.25,7824.0,367
2026-08-13 21:45:00-04:00,7824.75,7825.0,7823.75,7823.75,290
2026-08-13 21:50:00-04:00,7823.0,7824.75,7823.0,7824.75,397
2026-08-13 21:55:00-04:00,7823.5,7823.75,7823.0,7823.25,316
2026-08-13 22:00:00-04:00,7825.0,7825.25,7823.5,7823.5,493
2026-08-13 22:05:00-04:00,7824.75,7825.5,7824.0,7825.0,363
2026-08-13 22:10:00-04:00,7826.0,7826.25,7824.75,7824.75,565
2026-08-13 22:15:00-04:00,7825.0,7826.5,7825.0,7826.0,321
2026-08-13 22:20:00-04:00,7826.0,7826.5,7825.0,7825.0,245
2026-08-13 22:25:00-04:00,7826.25,7826.25,7825.5,7825.75,320
2026-08-13 22:30:00-04:00,7826.75,7827.0,7826.0,7826.0,294
2026-08-13 22:35:00-04:00,7826.25,7826.75,7826.25,7826.5,275
2026-08-13 22:40:00-04:00,7826.25,7826.75,7825.75,7826.0,255
2026-08-13 22:45:00-04:00,7825.5,7827.0,7825.5,7826.5,376
2026-08-13 22:50:00-04:00,7825.25,7825.75,7825.0,7825.75,240
2026-08-13 22:55:00-04:00,7825.0,7825.25,7824.25,7825.25,339
2026-08-13 23:00:00-04:00,7825.0,7825.5,7824.5,7825.0,309
2026-08-13 23:05:00-04:00,7825.5,7825.75,7825.0,7825.0,194
2026-08-13 23:10:00-04:00,7826.0,7826.0,7825.5,7825.75,263
2026-08-13 23:15:00-04:00,7826.5,7826.5,7825.75,7825.75,189
2026-08-13 23:20:00-04:00,7827.5,7827.5,7826.5,7826.75,214
2026-08-13 23:25:00-04:00,7827.25,7827.75,7827.25,7827.5,210
2026-08-13 23:30:00-04:00,7826.75,7827.5,7826.5,7827.5,322
2026-08-13 23:35:00-04:00,7825.5,7826.75,7825.5,7826.75,302
2026-08-13 23:40:00-04:00,7825.25,7826.0,7825.0,7825.75,232
2026-08-13 23:45:00-04:00,7824.75,7825.75,7824.75,7825.25,308
2026-08-13 23:50:00-04:00,7825.0,7825.5,7824.75,7825.0,227
2026-08-13 23:55:00-04:00,7824.25,7825.0,7824.25,7824.75,163
2026-08-14 00:05:00-04:00,7824.75,7825.25,7824.75,7825.25,735
2026-08-14 00:10:00-04:00,7825.25,7825.5,7824.5,7825.0,171
2026-08-14 00:15:00-04:00,7825.0,7825.5,7824.75,7825.0,303
2026-08-14 00:20:00-04:00,7824.5,7825.0,7824.25,7824.75,168
2026-08-14 00:25:00-04:00,7824.5,7825.5,7824.25,7824.5,287
2026-08-14 00:30:00-04:00,7823.25,7825.0,7823.25,7824.5,251
2026-08-14 00:35:00-04:00,7824.0,7824.25,7822.5,7823.25,594
2026-08-14 00:40:00-04:00,7823.75,7825.0,7823.75,7824.0,357
2026-08-14 00:45:00-04:00,7823.5,7824.0,7823.0,7823.75,368
2026-08-14 00:50:00-04:00,7823.25,7823.5,7823.0,7823.25,167
2026-08-14 00:55:00-04:00,7823.0,7823.5,7823.0,7823.25,154
2026-08-14 01:00:00-04:00,7822.5,7823.75,7822.25,7823.25,367
2026-08-14 01:05:00-04:00,7822.0,7822.75,7821.5,7822.5,382
2026-08-14 01:10:00-04:00,7823.0,7823.25,7821.5,7822.0,406
2026-08-14 01:15:00-04:00,7822.5,7823.25,7822.25,7823.25,267
2026-08-14 01:20:00-04:00,7823.0,7823.25,7822.25,7822.5,208
2026-08-14 01:25:00-04:00,7823.75,7823.75,7822.75,7823.0,274
2026-08-14 01:30:00-04:00,7823.5,7823.75,7822.5,7823.5,232
2026-08-14 01:35:00-04:00,7824.0,7824.5,7823.5,7823.75,318
2026-08-14 01:40:00-04:00,7824.25,7824.25,7823.25,7823.75,300
2026-08-14 01:45:00-04:00,7825.0,7825.25,7824.0,7824.25,303
2026-08-14 01:50:00-04:00,7825.5,7825.75,7824.75,7825.0,295
2026-08-14 01:55:00-04:00,7824.75,7826.0,7824.5,7825.75,362
2026-08-14 02:00:00-04:00,7822.25,7824.75,7822.0,7824.75,528
2026-08-14 02:05:00-04:00,7822.0,7823.25,7821.5,7822.5,339
2026-08-14 02:10:00-04:00,7821.5,7822.0,7821.25,7822.0,347
2026-08-14 02:15:00-04:00,7821.75,7822.0,7821.25,7821.5,336
2026-08-14 02:20:00-04:00,7821.75,7822.25,7821.25,7821.75,356
2026-08-14 02:25:00-04:00,7822.0,7822.25,7821.5,7822.0,223
2026-08-14 02:30:00-04:00,7821.75,7822.25,7821.5,7822.0,298
2026-08-14 02:35:00-04:00,7821.0,7821.75,7820.75,7821.75,390
2026-08-14 02:40:00-04:00,7821.5,7821.5,7820.5,7821.0,239
2026-08-14 02:45:00-04:00,7821.75,7822.0,7821.5,7821.5,343
2026-08-14 02:50:00-04:00,7821.75,7822.25,7821.75,7821.75,216
2026-08-14 02:55:00-04:00,7821.75,7822.25,7821.25,7821.75,272
2026-08-14 03:00:00-04:00,7822.75,7823.0,7821.75,7821.75,966
2026-08-14 03:05:00-04:00,7822.75,7823.0,7821.75,7822.75,428
2026-08-14 03:10:00-04:00,7820.25,7822.75,7820.0,7822.75,901
2026-08-14 03:15:00-04:00,7821.5,7821.75,7820.25,7820.25,522
2026-08-14 03:20:00-04:00,7821.75,7821.75,7820.75,7821.5,432
2026-08-14 03:25:00-04:00,7821.5,7822.0,7821.0,7821.5,360
2026-08-14 03:30:00-04:00,7822.25,7822.5,7821.0,7821.5,379
2026-08-14 03:35:00-04:00,7822.5,7822.5,7821.5,7822.25,341
2026-08-14 03:40:00-04:00,7824.0,7824.0,7822.0,7822.5,581
2026-08-14 03:45:00-04:00,7824.25,7824.25,7822.75,7823.75,512
2026-08-14 03:50:00-04:00,7824.25,7824.75,7823.75,7824.25,392
2026-08-14 03:55:00-04:00,7823.5,7824.75,7823.5,7824.25,1004
2026-08-14 04:00:00-04:00,7823.75,7825.0,7822.0,7823.5,1073
2026-08-14 04:05:00-04:00,7824.75,7826.0,7823.75,7823.75,1118
2026-08-14 04:10:00-04:00,7823.5,7825.25,7823.0,7825.0,710
2026-08-14 04:15:00-04:00,7823.75,7825.5,7823.5,7823.5,823
2026-08-14 04:20:00-04:00,7824.0,7824.25,7822.75,7823.75,365
2026-08-14 04:25:00-04:00,7825.75,7825.75,7824.0,7824.25,653
2026-08-14 04:30:00-04:00,7826.25,7827.0,7825.5,7825.75,781
2026-08-14 04:35:00-04:00,7827.75,7828.0,7826.5,7826.5,811
2026-08-14 04:40:00-04:00,7826.75,7828.25,7826.75,7827.75,620
2026-08-14 04:45:00-04:00,7828.25,7828.75,7826.75,7826.75,532
2026-08-14 04:50:00-04:00,7827.25,7828.25,7827.25,7828.25,497
2026-08-14 04:55:00-04:00,7826.25,7827.5,7826.25,7827.0,454
2026-08-14 05:00:00-04:00,7825.0,7826.25,7824.5,7826.25,652
2026-08-14 05:05:00-04:00,7825.5,7826.0,7824.5,7825.0,517
2026-08-14 05:10:00-04:00,7825.75,7826.0,7825.25,7825.75,330
2026-08-14 05:15:00-04:00,7826.0,7826.25,7825.0,7825.75,531
2026-08-14 05:20:00-04:00,7827.5,7827.5,7826.0,7826.0,431
2026-08-14 05:25:00-04:00,7826.25,7827.5,7826.0,7827.5,433
2026-08-14 05:30:00-04:00,7824.75,7826.0,7824.5,7826.0,534
2026-08-14 05:35:00-04:00,7824.5,7825.0,7824.0,7824.75,622
2026-08-14 05:40:00-04:00,7824.75,7825.0,7824.25,7824.5,318
2026-08-14 05:45:00-04:00,7826.25,7826.75,7824.75,7825.0,507
2026-08-14 05:50:00-04:00,7826.5,7826.75,7826.0,7826.25,422
2026-08-14 05:55:00-04:00,7827.75,7827.75,7826.25,7826.75,476
2026-08-14 06:00:00-04:00,7828.5,7828.5,7827.0,7827.5,507
2026-08-14 06:05:00-04:00,7828.5,7829.5,7828.25,7828.75,638
2026-08-14 06:10:00-04:00,7828.25,7829.25,7828.0,7828.5,570
2026-08-14 06:15:00-04:00,7827.75,7828.25,7827.25,7828.25,396
2026-08-14 06:20:00-04:00,7827.75,7827.75,7827.0,7827.75,390
2026-08-14 06:25:00-04:00,7826.75,7828.0,7826.25,7827.75,304
2026-08-14 06:30:00-04:00,7828.0,7828.0,7826.75,7827.0,576
2026-08-14 06:35:00-04:00,7827.5,7828.0,7827.0,7827.75,1333
2026-08-14 06:40:00-04:00,7827.25,7827.75,7825.5,7827.5,1162
2026-08-14 06:45:00-04:00,7826.5,7827.25,7826.5,7827.25,172
2026-08-14 06:50:00-04:00,7827.75,7828.5,7826.75,7826.75,887
2026-08-14 06:55:00-04:00,7828.75,7828.75,7826.5,7827.75,842
2026-08-14 07:00:00-04:00,7827.5,7829.5,7827.5,7828.75,1200
2026-08-14 07:05:00-04:00,7827.75,7828.75,7827.5,7827.5,667
2026-08-14 07:10:00-04:00,7827.0,7828.5,7826.75,7828.0,610
2026-08-14 07:15:00-04:00,7827.0,7827.5,7826.25,7827.0,631
2026-08-14 07:20:00-04:00,7827.5,7827.5,7826.5,7826.75,533
2026-08-14 07:25:00-04:00,7827.0,7827.75,7826.5,7827.5,420
2026-08-14 07:30:00-04:00,7828.25,7828.25,7827.0,7827.0,710
2026-08-14 07:35:00-04:00,7828.25,7829.75,7828.25,7828.25,1560
2026-08-14 07:40:00-04:00,7828.75,7828.75,7827.5,7828.25,535
2026-08-14 07:45:00-04:00,7830.0,7830.0,7828.25,7828.75,845
2026-08-14 07:50:00-04:00,7828.75,7830.75,7828.5,7830.0,830
2026-08-14 07:55:00-04:00,7829.25,7829.5,7828.0,7828.5,473
2026-08-14 08:00:00-04:00,7828.75,7830.0,7828.75,7829.25,823
2026-08-14 08:05:00-04:00,7829.25,7829.5,7828.25,7828.75,687
2026-08-14 08:10:00-04:00,7826.75,7829.25,7821.0,7829.25,3575
2026-08-14 08:15:00-04:00,7825.75,7827.0,7825.0,7826.5,1593
2026-08-14 08:20:00-04:00,7825.25,7827.25,7825.0,7825.75,1221
2026-08-14 08:25:00-04:00,7828.0,7828.5,7825.0,7825.25,1500
2026-08-14 08:30:00-04:00,7830.25,7831.75,7828.0,7828.0,2806
2026-08-14 08:35:00-04:00,7828.75,7830.75,7828.25,7830.5,1508
2026-08-14 08:40:00-04:00,7829.0,7829.0,7827.75,7828.5,1003
2026-08-14 08:45:00-04:00,7830.0,7830.5,7828.5,7828.75,1062
2026-08-14 08:50:00-04:00,7830.75,7831.0,7829.5,7830.0,926
2026-08-14 08:55:00-04:00,7830.5,7831.25,7830.25,7831.0,735
2026-08-14 09:00:00-04:00,7828.25,7831.0,7828.25,7830.25,1091
2026-08-14 09:05:00-04:00,7828.75,7829.75,7828.25,7828.25,1084
2026-08-14 09:10:00-04:00,7826.25,7828.75,7826.0,7828.5,1053
2026-08-14 09:15:00-04:00,7827.0,7829.5,7826.0,7826.0,3904
2026-08-14 09:20:00-04:00,7828.5,7829.25,7827.0,7827.0,1333
2026-08-14 09:25:00-04:00,7827.5,7829.5,7825.75,7828.5,4985
2026-08-14 09:30:00-04:00,7824.0,7828.0,7821.25,7827.5,28400
2026-08-14 09:35:00-04:00,7822.5,7825.25,7819.25,7824.25,16093
2026-08-14 09:40:00-04:00,7826.25,7827.5,7820.75,7822.75,16454
2026-08-14 09:45:00-04:00,7821.75,7828.5,7821.25,7826.5,14973
2026-08-14 09:50:00-04:00,7827.0,7828.5,7820.25,7822.0,16917
2026-08-14 09:55:00-04:00,7826.25,7828.75,7823.25,7827.25,9367
2026-08-14 10:00:00-04:00,7828.25,7828.5,7823.25,7825.75,9421
2026-08-14 10:05:00-04:00,7828.0,7830.75,7827.25,7828.25,11234
2026-08-14 10:10:00-04:00,7825.25,7829.5,7825.25,7828.0,11015
2026-08-14 10:15:00-04:00,7820.5,7826.0,7820.25,7825.5,14585
2026-08-14 10:20:00-04:00,7817.75,7821.75,7816.25,7820.5,15207
2026-08-14 10:25:00-04:00,7816.75,7818.75,7813.75,7817.75,14149
2026-08-14 10:30:00-04:00,7811.25,7817.5,7810.5,7816.75,16548
2026-08-14 10:35:00-04:00,7816.5,7817.0,7810.5,7811.0,12829
2026-08-14 10:40:00-04:00,7813.75,7816.5,7812.5,7816.5,8892
2026-08-14 10:45:00-04:00,7815.0,7816.75,7812.75,7813.75,8652
2026-08-14 10:50:00-04:00,7812.5,7816.75,7812.0,7815.0,7825
2026-08-14 10:55:00-04:00,7809.5,7814.0,7809.5,7812.25,10361
2026-08-14 11:00:00-04:00,7812.0,7813.75,7809.5,7809.75,11258
2026-08-14 11:05:00-04:00,7809.0,7813.0,7808.0,7812.0,8878
2026-08-14 11:10:00-04:00,7806.75,7810.5,7806.5,7809.0,9760
2026-08-14 11:15:00-04:00,7808.25,7809.5,7806.5,7806.75,8953
2026-08-14 11:20:00-04:00,7802.5,7808.75,7802.25,7808.25,12584
2026-08-14 11:25:00-04:00,7805.0,7805.25,7801.0,7802.5,14530
2026-08-14 11:30:00-04:00,7804.25,7806.5,7802.25,7805.0,10637
2026-08-14 11:35:00-04:00,7803.25,7807.0,7802.75,7804.25,11340
2026-08-14 11:40:00-04:00,7802.5,7803.5,7800.5,7803.25,10044
2026-08-14 11:45:00-04:00,7801.0,7805.75,7800.5,7802.5,9174
2026-08-14 11:50:00-04:00,7803.25,7804.25,7800.0,7801.0,8732
2026-08-14 11:55:00-04:00,7804.25,7805.75,7802.25,7803.5,6951
2026-08-14 12:00:00-04:00,7806.5,7808.0,7804.5,7804.5,9016
2026-08-14 12:05:00-04:00,7804.25,7807.25,7803.0,7806.5,6038
2026-08-14 12:10:00-04:00,7807.5,7807.5,7803.75,7804.25,6581
2026-08-14 12:15:00-04:00,7807.75,7809.5,7807.25,7807.5,7264
2026-08-14 12:20:00-04:00,7808.5,7809.25,7806.5,7808.0,3927
2026-08-14 12:25:00-04:00,7808.75,7810.25,7808.0,7808.75,4250
2026-08-14 12:30:00-04:00,7805.75,7809.5,7805.0,7808.75,7968
2026-08-14 12:35:00-04:00,7806.75,7808.25,7805.25,7805.75,5500
2026-08-14 12:40:00-04:00,7803.25,7806.75,7803.25,7806.75,6378
2026-08-14 12:45:00-04:00,7803.25,7804.25,7802.0,7803.25,5711
2026-08-14 12:50:00-04:00,7801.5,7803.5,7800.25,7803.25,7352
2026-08-14 12:55:00-04:00,7799.25,7802.25,7798.5,7801.25,6731
2026-08-14 13:00:00-04:00,7800.25,7801.0,7798.25,7799.25,7502
2026-08-14 13:05:00-04:00,7801.0,7802.0,7800.0,7800.0,5205
2026-08-14 13:10:00-04:00,7802.75,7803.5,7800.5,7801.25,7211
2026-08-14 13:15:00-04:00,7802.0,7803.25,7800.0,7802.75,4291
2026-08-14 13:20:00-04:00,7800.75,7803.75,7799.75,7802.0,4114
2026-08-14 13:25:00-04:00,7799.75,7800.75,7798.75,7800.5,5800
2026-08-14 13:30:00-04:00,7800.5,7802.0,7799.5,7800.0,5824
2026-08-14 13:35:00-04:00,7797.75,7800.5,7796.5,7800.25,7846
2026-08-14 13:40:00-04:00,7798.25,7798.75,7796.75,7797.5,4390
2026-08-14 13:45:00-04:00,7798.25,7799.5,7797.5,7798.25,5803
2026-08-14 13:50:00-04:00,7800.0,7800.5,7796.75,7798.25,4631
2026-08-14 13:55:00-04:00,7800.5,7801.5,7798.75,7799.75,3797
2026-08-14 14:00:00-04:00,7802.5,7803.5,7799.5,7800.5,6092
2026-08-14 14:05:00-04:00,7804.0,7804.25,7801.75,7802.5,6323
2026-08-14 14:10:00-04:00,7804.0,7805.5,7803.25,7804.0,4997
2026-08-14 14:15:00-04:00,7804.5,7805.75,7803.75,7804.25,4162
2026-08-14 14:20:00-04:00,7804.5,7805.75,7803.25,7804.75,3610
2026-08-14 14:25:00-04:00,7801.75,7805.5,7801.5,7804.25,4886
2026-08-14 14:30:00-04:00,7801.5,7803.75,7800.5,7801.75,6727
2026-08-14 14:35:00-04:00,7802.25,7802.75,7800.75,7801.5,3839
2026-08-14 14:40:00-04:00,7804.5,7805.25,7802.0,7802.5,4713
2026-08-14 14:45:00-04:00,7805.25,7805.25,7802.75,7804.75,3613
2026-08-14 14:50:00-04:00,7806.25,7807.5,7805.0,7805.25,6774
2026-08-14 14:55:00-04:00,7804.25,7806.25,7803.75,7806.25,3546
2026-08-14 15:00:00-04:00,7802.5,7804.75,7801.5,7804.5,6266
2026-08-14 15:05:00-04:00,7804.25,7804.5,7801.75,7802.25,4312
2026-08-14 15:10:00-04:00,7803.25,7804.5,7803.0,7804.25,4941
2026-08-14 15:15:00-04:00,7802.75,7804.0,7800.75,7803.0,6418
2026-08-14 15:20:00-04:00,7803.75,7804.0,7801.25,7802.5,5113
2026-08-14 15:25:00-04:00,7804.25,7806.0,7803.75,7804.0,6328
2026-08-14 15:30:00-04:00,7805.25,7805.75,7803.5,7804.0,6544
2026-08-14 15:35:00-04:00,7804.0,7805.75,7802.5,7805.0,6205
2026-08-14 15:40:00-04:00,7804.25,7805.75,7803.75,7804.25,6040
2026-08-14 15:45:00-04:00,7804.5,7804.75,7802.25,7804.25,8388
2026-08-14 15:50:00-04:00,7804.5,7806.5,7803.25,7804.25,17700
2026-08-14 15:55:00-04:00,7805.25,7806.5,7801.25,7804.25,53063
2026-08-14 16:00:00-04:00,7802.5,7806.25,7802.0,7805.25,17818
2026-08-14 16:05:00-04:00,7801.0,7802.75,7800.0,7802.75,4227
2026-08-14 16:10:00-04:00,7800.75,7802.5,7800.25,7800.75,3098
2026-08-14 16:15:00-04:00,7800.25,7801.75,7799.75,7801.0,1926
2026-08-14 16:20:00-04:00,7800.5,7800.75,7799.75,7800.25,747
2026-08-14 16:25:00-04:00,7800.75,7800.75,7800.0,7800.5,787
2026-08-14 16:30:00-04:00,7802.75,7803.0,7800.25,7800.75,1536
2026-08-14 16:35:00-04:00,7802.75,7803.25,7802.5,7802.75,967
2026-08-14 16:40:00-04:00,7802.5,7803.0,7802.25,7802.5,560
2026-08-14 16:45:00-04:00,7802.5,7802.75,7801.75,7802.75,763
2026-08-14 16:50:00-04:00,7801.75,7803.0,7801.75,7802.5,762
2026-08-14 16:55:00-04:00,7805.0,7805.0,7801.5,7802.0,1291
2026-08-16 18:10:00-04:00,7810.75,7811.25,7809.25,7809.75,650
2026-08-16 18:15:00-04:00,7810.5,7811.0,7810.0,7810.75,358
2026-08-16 18:20:00-04:00,7810.0,7811.0,7809.25,7810.25,572
2026-08-16 18:25:00-04:00,7809.75,7810.25,7809.75,7810.0,166
2026-08-16 18:30:00-04:00,7809.5,7810.25,7808.5,7810.0,620
2026-08-16 18:35:00-04:00,7809.25,7809.5,7808.5,7809.25,202
2026-08-16 18:40:00-04:00,7809.5,7809.75,7809.25,7809.25,122
2026-08-16 18:45:00-04:00,7810.5,7810.75,7809.0,7809.5,310
2026-08-16 18:50:00-04:00,7810.75,7811.0,7810.25,7810.5,155
2026-08-16 18:55:00-04:00,7810.25,7810.75,7809.75,7810.75,131
2026-08-16 19:00:00-04:00,7809.75,7810.5,7809.25,7810.5,255
2026-08-16 19:05:00-04:00,7810.0,7810.25,7809.75,7810.0,85
2026-08-16 19:10:00-04:00,7809.5,7810.0,7809.0,7810.0,204
2026-08-16 19:15:00-04:00,7809.0,7809.25,7808.75,7809.25,115
2026-08-16 19:20:00-04:00,7810.25,7810.25,7809.0,7809.25,238
2026-08-16 19:25:00-04:00,7809.75,7810.25,7809.5,7810.25,85
2026-08-16 19:30:00-04:00,7809.0,7809.75,7809.0,7809.75,191
2026-08-16 19:35:00-04:00,7810.5,7810.5,7809.0,7809.0,160
2026-08-16 19:40:00-04:00,7811.25,7811.25,7810.25,7810.25,193
2026-08-16 19:45:00-04:00,7812.5,7812.75,7811.0,7811.0,394
2026-08-16 19:50:00-04:00,7812.25,7813.25,7812.25,7812.25,320
2026-08-16 19:55:00-04:00,7812.25,7812.75,7812.0,7812.25,145
2026-08-16 20:00:00-04:00,7812.75,7814.0,7811.75,7812.25,840
2026-08-16 20:05:00-04:00,7811.5,7813.25,7811.5,7812.75,448
2026-08-16 20:10:00-04:00,7812.5,7813.0,7811.5,7811.75,232
2026-08-16 20:15:00-04:00,7809.0,7812.75,7808.5,7812.75,781
2026-08-16 20:20:00-04:00,7809.0,7809.25,7808.25,7809.0,534
2026-08-16 20:25:00-04:00,7809.25,7810.0,7808.75,7809.0,430
2026-08-16 20:30:00-04:00,7808.5,7809.25,7808.0,7809.25,435
2026-08-16 20:35:00-04:00,7808.5,7809.0,7808.0,7808.5,366
2026-08-16 20:40:00-04:00,7809.0,7810.0,7808.5,7808.5,308
2026-08-16 20:45:00-04:00,7809.75,7810.0,7808.75,7809.25,202
2026-08-16 20:50:00-04:00,7810.0,7810.0,7809.5,7809.75,134
2026-08-16 20:55:00-04:00,7810.75,7811.0,7809.75,7809.75,298
2026-08-16 21:00:00-04:00,7812.25,7812.25,7810.5,7810.75,684
2026-08-16 21:05:00-04:00,7811.75,7812.75,7811.5,7812.25,335
2026-08-16 21:10:00-04:00,7810.75,7811.75,7810.5,7811.75,276
2026-08-16 21:15:00-04:00,7812.25,7812.5,7810.25,7810.75,388
2026-08-16 21:20:00-04:00,7812.5,7813.25,7812.25,7812.25,486
2026-08-16 21:25:00-04:00,7813.25,7813.5,7812.5,7812.5,267
2026-08-16 21:30:00-04:00,7810.0,7813.25,7809.5,7813.0,501
2026-08-16 21:35:00-04:00,7811.25,7811.5,7809.75,7810.0,284
2026-08-16 21:40:00-04:00,7809.5,7811.5,7808.5,7811.5,350
2026-08-16 21:45:00-04:00,7809.0,7809.5,7808.25,7809.5,253
2026-08-16 21:50:00-04:00,7807.5,7808.75,7807.0,7808.75,558
2026-08-16 21:55:00-04:00,7807.75,7808.0,7807.25,7807.5,221
2026-08-16 22:00:00-04:00,7806.75,7807.75,7806.5,7807.5,307
2026-08-16 22:05:00-04:00,7807.5,7807.5,7806.25,7806.75,217
2026-08-16 22:10:00-04:00,7807.5,7807.5,7806.5,7807.5,297
2026-08-16 22:15:00-04:00,7808.0,7808.5,7807.5,7807.75,256
2026-08-16 22:20:00-04:00,7809.5,7810.0,7808.0,7808.0,436
2026-08-16 22:25:00-04:00,7809.5,7809.75,7809.25,7809.75,186
2026-08-16 22:30:00-04:00,7808.75,7809.75,7808.75,7809.25,323
2026-08-16 22:35:00-04:00,7808.75,7809.25,7808.25,7809.0,233
2026-08-16 22:40:00-04:00,7809.25,7809.75,7808.75,7808.75,192
2026-08-16 22:45:00-04:00,7809.75,7809.75,7809.0,7809.25,292
2026-08-16 22:50:00-04:00,7809.25,7809.75,7809.0,7809.75,347
2026-08-16 22:55:00-04:00,7808.5,7809.25,7808.5,7809.25,165
2026-08-16 23:00:00-04:00,7809.0,7809.25,7808.5,7808.75,307
2026-08-16 23:05:00-04:00,7809.5,7809.5,7808.5,7809.0,256
2026-08-16 23:10:00-04:00,7808.5,7809.5,7808.0,7809.5,264
2026-08-16 23:15:00-04:00,7809.5,7809.75,7808.5,7808.5,241
2026-08-16 23:20:00-04:00,7810.0,7810.0,7809.5,7809.5,58
2026-08-16 23:25:00-04:00,7810.0,7810.25,7809.75,7809.75,114
2026-08-16 23:30:00-04:00,7810.0,7810.5,7809.25,7810.25,185
2026-08-16 23:35:00-04:00,7810.75,7810.75,7810.25,7810.25,127
2026-08-16 23:40:00-04:00,7811.25,7811.25,7810.75,7810.75,189
2026-08-16 23:45:00-04:00,7812.0,7812.0,7811.25,7811.25,196
2026-08-16 23:50:00-04:00,7812.25,7812.25,7811.5,7811.75,148
2026-08-16 23:55:00-04:00,7812.25,7812.25,7811.75,7812.0,172
2026-08-17 00:00:00-04:00,7812.75,7813.25,7812.5,7812.75,433
2026-08-17 00:05:00-04:00,7813.0,7813.5,7812.75,7813.0,173
2026-08-17 00:10:00-04:00,7813.25,7813.5,7813.0,7813.0,184
2026-08-17 00:15:00-04:00,7812.75,7813.0,7812.25,7813.0,145
2026-08-17 00:20:00-04:00,7813.0,7813.25,7812.75,7813.0,286
2026-08-17 00:25:00-04:00,7812.25,7813.25,7812.25,7813.0,121
2026-08-17 00:30:00-04:00,7812.0,7812.25,7811.5,7812.25,255
2026-08-17 00:35:00-04:00,7812.25,7812.5,7812.0,7812.0,109
2026-08-17 00:40:00-04:00,7813.0,7813.25,7812.5,7812.5,201
2026-08-17 00:45:00-04:00,7812.75,7813.25,7812.75,7813.0,138
2026-08-17 00:50:00-04:00,7812.25,7812.75,7812.0,7812.75,196
2026-08-17 00:55:00-04:00,7812.25,7812.5,7812.25,7812.25,119
2026-08-17 01:00:00-04:00,7813.0,7813.75,7812.0,7812.25,171
2026-08-17 01:05:00-04:00,7813.75,7814.0,7813.0,7813.0,320
2026-08-17 01:10:00-04:00,7813.75,7814.0,7813.25,7814.0,116
2026-08-17 01:15:00-04:00,7813.5,7814.0,7813.25,7813.75,115
2026-08-17 01:20:00-04:00,7812.5,7813.5,7812.5,7813.5,100
2026-08-17 01:25:00-04:00,7813.75,7813.75,7812.25,7812.75,192
2026-08-17 01:30:00-04:00,7815.5,7816.5,7813.75,7813.75,1213
2026-08-17 01:35:00-04:00,7815.5,7815.75,7814.5,7815.5,285
2026-08-17 01:40:00-04:00,7816.0,7816.25,7815.5,7815.5,225
2026-08-17 01:45:00-04:00,7817.5,7817.5,7816.0,7816.0,247
2026-08-17 01:50:00-04:00,7816.75,7817.5,7816.75,7817.25,335
2026-08-17 01:55:00-04:00,7817.25,7817.5,7816.75,7816.75,250
2026-08-17 02:00:00-04:00,7818.75,7819.0,7816.75,7817.5,815
2026-08-17 02:05:00-04:00,7818.5,7819.25,7818.25,7818.75,386
2026-08-17 02:10:00-04:00,7818.5,7818.75,7818.25,7818.75,236
2026-08-17 02:15:00-04:00,7817.0,7818.5,7816.5,7818.5,429
2026-08-17 02:20:00-04:00,7817.5,7817.75,7816.5,7817.0,270
2026-08-17 02:25:00-04:00,7818.75,7819.0,7817.5,7817.5,225
2026-08-17 02:30:00-04:00,7818.75,7819.0,7818.0,7818.5,607
2026-08-17 02:35:00-04:00,7819.75,7820.0,7818.75,7819.0,1647
2026-08-17 02:40:00-04:00,7818.5,7820.0,7818.5,7819.5,379
2026-08-17 02:45:00-04:00,7819.75,7819.75,7818.25,7818.75,333
2026-08-17 02:50:00-04:00,7819.5,7819.75,7819.25,7819.75,277
2026-08-17 02:55:00-04:00,7819.75,7820.25,7819.0,7819.25,481
2026-08-17 03:00:00-04:00,7819.75,7821.25,7819.0,7820.0,1626
2026-08-17 03:05:00-04:00,7819.5,7820.0,7819.25,7819.75,655
2026-08-17 03:10:00-04:00,7815.75,7819.5,7815.5,7819.5,848
2026-08-17 03:15:00-04:00,7814.75,7816.0,7814.0,7815.75,890
2026-08-17 03:20:00-04:00,7814.5,7815.5,7814.25,7814.75,400
2026-08-17 03:25:00-04:00,7817.25,7817.25,7813.25,7814.25,778
2026-08-17 03:30:00-04:00,7817.0,7817.25,7815.75,7817.25,725
2026-08-17 03:35:00-04:00,7818.5,7819.25,7817.0,7817.0,782
2026-08-17 03:40:00-04:00,7819.0,7819.25,7818.5,7818.75,362
2026-08-17 03:45:00-04:00,7819.5,7820.0,7819.0,7819.0,455
2026-08-17 03:50:00-04:00,7818.25,7820.0,7818.25,7819.75,552
2026-08-17 03:55:00-04:00,7819.0,7819.0,7818.25,7818.5,526
2026-08-17 04:00:00-04:00,7817.0,7819.25,7816.75,7819.0,1084
2026-08-17 04:05:00-04:00,7817.0,7817.5,7815.75,7816.75,732
2026-08-17 04:10:00-04:00,7815.75,7817.0,7815.5,7817.0,539
2026-08-17 04:15:00-04:00,7815.0,7816.5,7814.75,7815.75,416
2026-08-17 04:20:00-04:00,7816.0,7816.5,7814.75,7815.0,393
2026-08-17 04:25:00-04:00,7816.25,7817.0,7815.5,7816.25,442
2026-08-17 04:30:00-04:00,7816.25,7817.0,7816.0,7816.25,372
2026-08-17 04:35:00-04:00,7816.5,7817.0,7816.0,7816.25,287
2026-08-17 04:40:00-04:00,7814.25,7816.75,7814.0,7816.5,321
2026-08-17 04:45:00-04:00,7814.5,7815.25,7814.0,7814.25,262
2026-08-17 04:50:00-04:00,7815.0,7815.0,7813.75,7814.5,429
2026-08-17 04:55:00-04:00,7816.0,7816.5,7814.75,7815.0,342
2026-08-17 05:00:00-04:00,7816.5,7816.75,7815.5,7816.25,525
2026-08-17 05:05:00-04:00,7817.5,7817.5,7816.0,7816.5,758
2026-08-17 05:10:00-04:00,7817.5,7818.0,7816.75,7817.5,557
2026-08-17 05:15:00-04:00,7816.75,7817.75,7816.5,7817.5,587
2026-08-17 05:20:00-04:00,7816.75,7817.0,7816.25,7816.75,832
2026-08-17 05:25:00-04:00,7815.25,7817.0,7814.75,7816.75,844
2026-08-17 05:30:00-04:00,7814.5,7815.75,7814.0,7815.5,731
2026-08-17 05:35:00-04:00,7814.5,7815.75,7814.25,7814.5,711
2026-08-17 05:40:00-04:00,7815.75,7815.75,7814.5,7814.75,350
2026-08-17 05:45:00-04:00,7816.0,7817.0,7815.25,7815.5,441
2026-08-17 05:50:00-04:00,7815.5,7816.5,7814.75,7816.0,588
2026-08-17 05:55:00-04:00,7815.0,7815.75,7814.25,7815.5,264
2026-08-17 06:00:00-04:00,7815.25,7815.75,7814.75,7815.0,268
2026-08-17 06:05:00-04:00,7814.75,7816.0,7814.75,7815.25,337
2026-08-17 06:10:00-04:00,7816.5,7816.75,7814.75,7814.75,395
2026-08-17 06:15:00-04:00,7816.5,7817.75,7815.75,7816.75,677
2026-08-17 06:20:00-04:00,7814.25,7816.5,7814.25,7816.5,629
2026-08-17 06:25:00-04:00,7824.0,7824.5,7812.75,7814.5,4695
2026-08-17 06:30:00-04:00,7815.75,7824.5,7815.5,7824.0,2439
2026-08-17 06:35:00-04:00,7816.5,7816.75,7814.75,7815.75,632
2026-08-17 06:40:00-04:00,7817.0,7817.5,7816.25,7816.5,342
2026-08-17 06:45:00-04:00,7816.25,7817.5,7816.25,7817.25,237
2026-08-17 06:50:00-04:00,7816.75,7817.25,7816.25,7816.5,432
2026-08-17 06:55:00-04:00,7816.5,7816.75,7816.0,7816.5,353
2026-08-17 07:00:00-04:00,7816.5,7816.75,7815.0,7816.25,795
2026-08-17 07:05:00-04:00,7817.75,7818.5,7816.25,7816.75,787
2026-08-17 07:10:00-04:00,7816.0,7817.5,7815.5,7817.5,884
2026-08-17 07:15:00-04:00,7813.5,7816.0,7813.25,7816.0,606
2026-08-17 07:20:00-04:00,7816.0,7816.0,7813.5,7813.5,576
2026-08-17 07:25:00-04:00,7815.5,7816.25,7814.5,7816.0,405
2026-08-17 07:30:00-04:00,7816.25,7817.0,7815.0,7815.5,753
2026-08-17 07:35:00-04:00,7816.0,7816.5,7815.5,7816.25,647
2026-08-17 07:40:00-04:00,7815.75,7816.0,7814.75,7815.75,1401
2026-08-17 07:45:00-04:00,7815.25,7816.0,7814.75,7815.75,902
2026-08-17 07:50:00-04:00,7814.0,7815.25,7813.25,7815.25,1514
2026-08-17 07:55:00-04:00,7813.25,7814.25,7813.25,7813.75,679
2026-08-17 08:00:00-04:00,7809.75,7813.75,7809.75,7813.5,2169
2026-08-17 08:05:00-04:00,7813.0,7813.0,7809.25,7810.0,1298
2026-08-17 08:10:00-04:00,7813.75,7814.25,7813.0,7813.0,1087
2026-08-17 08:15:00-04:00,7813.5,7814.25,7812.75,7813.75,1003
2026-08-17 08:20:00-04:00,7813.25,7815.0,7813.0,7813.5,1468
2026-08-17 08:25:00-04:00,7808.0,7814.5,7805.75,7813.25,8886
2026-08-17 08:30:00-04:00,7807.5,7809.75,7805.5,7808.25,2761
2026-08-17 08:35:00-04:00,7803.75,7808.0,7803.5,7807.75,3051
2026-08-17 08:40:00-04:00,7804.0,7806.0,7802.25,7803.75,2562
2026-08-17 08:45:00-04:00,7802.5,7804.25,7801.25,7804.0,2138
2026-08-17 08:50:00-04:00,7803.0,7804.0,7802.0,7802.5,1704
2026-08-17 08:55:00-04:00,7803.75,7805.0,7802.0,7803.0,1406
2026-08-17 09:00:00-04:00,7804.0,7805.0,7803.25,7803.5,1818
2026-08-17 09:05:00-04:00,7806.0,7806.5,7804.0,7804.0,1798
2026-08-17 09:10:00-04:00,7806.0,7806.5,7805.0,7806.25,1107
2026-08-17 09:15:00-04:00,7806.25,7807.25,7805.5,7806.0,1706
2026-08-17 09:20:00-04:00,7805.5,7806.5,7804.75,7806.25,1408
2026-08-17 09:25:00-04:00,7802.75,7808.0,7802.75,7805.25,5291
2026-08-17 09:30:00-04:00,7796.5,7809.5,7796.25,7803.0,33904
2026-08-17 09:35:00-04:00,7796.0,7800.25,7794.5,7796.5,17254
2026-08-17 09:40:00-04:00,7797.25,7800.0,7794.75,7796.0,14985
2026-08-17 09:45:00-04:00,7801.0,7802.0,7793.25,7797.0,18436
2026-08-17 09:50:00-04:00,7799.75,7801.75,7797.0,7801.25,11613
2026-08-17 09:55:00-04:00,7794.25,7800.0,7793.25,7800.0,13771
2026-08-17 10:00:00-04:00,7795.5,7798.0,7791.5,7794.5,19922
2026-08-17 10:05:00-04:00,7795.75,7796.5,7792.5,7795.75,12091
2026-08-17 10:10:00-04:00,7798.0,7799.0,7795.0,7795.75,10734
2026-08-17 10:15:00-04:00,7795.0,7798.0,7793.75,7797.75,9197
2026-08-17 10:20:00-04:00,7793.75,7795.25,7791.5,7794.75,9911
2026-08-17 10:25:00-04:00,7795.75,7796.5,7791.0,7794.0,10694
2026-08-17 10:30:00-04:00,7797.0,7797.25,7794.75,7795.75,9133
2026-08-17 10:35:00-04:00,7791.75,7797.0,7790.5,7797.0,12363
2026-08-17 10:40:00-04:00,7792.5,7794.75,7791.75,7792.0,8919
2026-08-17 10:45:00-04:00,7794.25,7795.0,7792.5,7792.75,8394
2026-08-17 10:50:00-04:00,7790.75,7796.25,7790.0,7794.25,11039
2026-08-17 10:55:00-04:00,7794.0,7794.0,7790.0,7790.75,7751
2026-08-17 11:00:00-04:00,7796.25,7797.25,7792.75,7794.0,10596
2026-08-17 11:05:00-04:00,7795.0,7797.25,7794.25,7796.25,8324
2026-08-17 11:10:00-04:00,7794.75,7797.0,7794.5,7795.0,5462
2026-08-17 11:15:00-04:00,7798.5,7799.0,7794.25,7794.75,7594
2026-08-17 11:20:00-04:00,7798.0,7800.0,7797.25,7798.5,10221
2026-08-17 11:25:00-04:00,7798.5,7799.0,7796.5,7798.25,5501
2026-08-17 11:30:00-04:00,7793.5,7799.5,7793.25,7798.75,9997
2026-08-17 11:35:00-04:00,7791.25,7794.5,7790.75,7793.5,10715
2026-08-17 11:40:00-04:00,7792.25,7792.25,7788.25,7791.25,13970
2026-08-17 11:45:00-04:00,7792.0,7793.5,7791.25,7792.25,6373
2026-08-17 11:50:00-04:00,7794.5,7795.25,7791.25,7792.0,5895
2026-08-17 11:55:00-04:00,7794.25,7795.5,7793.75,7794.5,4540
2026-08-17 12:00:00-04:00,7793.25,7795.0,7792.5,7794.25,4664
2026-08-17 12:05:00-04:00,7792.5,7794.5,7791.75,7793.25,6156
2026-08-17 12:10:00-04:00,7795.0,7796.0,7792.25,7792.25,4798
2026-08-17 12:15:00-04:00,7796.25,7797.25,7795.0,7795.0,5113
2026-08-17 12:20:00-04:00,7795.25,7797.5,7795.0,7796.25,3957
2026-08-17 12:25:00-04:00,7794.0,7795.5,7793.0,7795.25,5210
2026-08-17 12:30:00-04:00,7792.25,7795.25,7792.0,7794.0,6169
2026-08-17 12:35:00-04:00,7794.25,7794.25,7792.0,7792.25,4453
2026-08-17 12:40:00-04:00,7790.75,7794.25,7790.5,7794.25,4915
2026-08-17 12:45:00-04:00,7791.25,7792.0,7789.75,7791.0,5804
2026-08-17 12:50:00-04:00,7790.0,7791.75,7787.5,7791.25,5350
2026-08-17 12:55:00-04:00,7788.0,7790.25,7787.0,7790.0,6052
2026-08-17 13:00:00-04:00,7787.75,7789.0,7786.5,7787.75,6078
2026-08-17 13:05:00-04:00,7786.75,7788.0,7786.25,7788.0,7002
2026-08-17 13:10:00-04:00,7784.0,7787.75,7784.0,7786.75,7759
2026-08-17 13:15:00-04:00,7783.75,7785.75,7782.0,7784.0,11534
2026-08-17 13:20:00-04:00,7778.75,7784.5,7777.5,7783.75,21432
2026-08-17 13:25:00-04:00,7776.75,7779.25,7775.75,7778.75,17108
2026-08-17 13:30:00-04:00,7775.25,7779.75,7775.0,7776.75,12153
2026-08-17 13:35:00-04:00,7772.5,7776.5,7772.25,7775.25,12630
2026-08-17 13:40:00-04:00,7778.5,7779.5,7772.0,7772.25,11478
2026-08-17 13:45:00-04:00,7776.25,7779.5,7775.75,7778.75,7522
2026-08-17 13:50:00-04:00,7776.25,7777.5,7774.75,7776.0,5503
2026-08-17 13:55:00-04:00,7775.0,7776.75,7774.0,7776.25,5152
2026-08-17 14:00:00-04:00,7775.25,7777.0,7773.75,7775.25,9907
2026-08-17 14:05:00-04:00,7775.0,7777.5,7773.75,7775.25,9053
2026-08-17 14:10:00-04:00,7778.0,7778.5,7774.25,7775.0,7738
2026-08-17 14:15:00-04:00,7776.5,7779.0,7776.0,7777.75,6715
2026-08-17 14:20:00-04:00,7778.0,7778.5,7775.0,7776.5,5707
2026-08-17 14:25:00-04:00,7776.5,7779.0,7775.25,7778.0,6062
2026-08-17 14:30:00-04:00,7773.25,7777.25,7773.25,7776.75,8022
2026-08-17 14:35:00-04:00,7775.5,7775.75,7773.25,7773.25,4652
2026-08-17 14:40:00-04:00,7776.75,7777.75,7774.75,7775.25,4896
2026-08-17 14:45:00-04:00,7778.0,7778.75,7776.25,7776.75,4424
2026-08-17 14:50:00-04:00,7776.75,7779.25,7776.0,7778.0,6100
2026-08-17 14:55:00-04:00,7776.0,7777.0,7775.5,7776.75,5418
2026-08-17 15:00:00-04:00,7774.0,7776.75,7773.75,7776.0,5641
2026-08-17 15:05:00-04:00,7773.5,7775.0,7773.0,7773.75,5798
2026-08-17 15:10:00-04:00,7772.5,7774.75,7772.0,7773.5,6059
2026-08-17 15:15:00-04:00,7774.75,7775.75,7772.25,7772.5,7635
2026-08-17 15:20:00-04:00,7773.5,7775.5,7773.25,7774.75,4315
2026-08-17 15:25:00-04:00,7772.0,7775.0,7772.0,7773.5,5045
2026-08-17 15:30:00-04:00,7770.5,7772.5,7767.75,7772.25,14312
2026-08-17 15:35:00-04:00,7771.25,7772.25,7769.5,7770.5,8187
2026-08-17 15:40:00-04:00,7770.75,7771.75,7769.0,7771.0,7128
2026-08-17 15:45:00-04:00,7774.0,7774.25,7770.5,7770.75,10472
2026-08-17 15:50:00-04:00,7768.75,7774.75,7767.0,7774.0,20021
2026-08-17 15:55:00-04:00,7768.5,7771.25,7766.25,7769.0,72313
2026-08-17 16:00:00-04:00,7766.75,7769.5,7766.0,7768.5,22674
2026-08-17 16:05:00-04:00,7767.5,7768.0,7765.25,7766.75,4366
2026-08-17 16:10:00-04:00,7767.25,7768.0,7766.75,7767.5,2745
2026-08-17 16:15:00-04:00,7767.25,7767.5,7764.75,7767.0,2306
2026-08-17 16:20:00-04:00,7766.75,7767.5,7766.75,7767.25,756
2026-08-17 16:25:00-04:00,7765.75,7766.75,7765.25,7766.5,1357
2026-08-17 16:30:00-04:00,7765.75,7766.0,7765.0,7765.75,994
2026-08-17 16:35:00-04:00,7764.5,7765.75,7764.25,7765.5,906
2026-08-17 16:40:00-04:00,7764.5,7765.75,7764.5,7764.5,1152
2026-08-17 16:45:00-04:00,7764.25,7764.5,7763.5,7764.5,999
2026-08-17 16:50:00-04:00,7766.0,7766.0,7763.5,7764.25,834
2026-08-17 16:55:00-04:00,7765.5,7766.5,7764.5,7766.0,1700
2026-08-17 18:00:00-04:00,7767.5,7768.5,7766.0,7766.0,0
2026-08-17 18:05:00-04:00,7767.75,7768.0,7766.0,7767.25,625
2026-08-17 18:10:00-04:00,7766.0,7768.0,7765.0,7767.75,793
2026-08-17 18:15:00-04:00,7764.75,7766.5,7762.5,7766.0,914
2026-08-17 18:20:00-04:00,7765.0,7765.5,7763.5,7764.75,395
2026-08-17 18:25:00-04:00,7765.25,7766.0,7764.5,7765.25,424
2026-08-17 18:30:00-04:00,7764.5,7765.5,7764.0,7765.0,246
2026-08-17 18:35:00-04:00,7764.5,7765.0,7764.25,7764.5,131
2026-08-17 18:40:00-04:00,7764.75,7765.25,7764.25,7764.5,152
2026-08-17 18:45:00-04:00,7765.25,7765.5,7764.75,7764.75,113
2026-08-17 18:50:00-04:00,7765.75,7765.75,7764.75,7765.0,232
2026-08-17 18:55:00-04:00,7765.25,7766.0,7765.0,7765.75,386
2026-08-17 19:00:00-04:00,7764.0,7765.25,7763.5,7765.25,307
2026-08-17 19:05:00-04:00,7765.25,7765.75,7764.25,7764.25,186
2026-08-17 19:10:00-04:00,7765.25,7766.0,7765.0,7765.5,144
2026-08-17 19:15:00-04:00,7764.75,7765.25,7763.75,7765.25,216
2026-08-17 19:20:00-04:00,7764.5,7764.75,7764.0,7764.75,99
2026-08-17 19:25:00-04:00,7765.25,7765.5,7764.0,7764.25,274
2026-08-17 19:30:00-04:00,7767.25,7767.75,7765.0,7765.0,873
2026-08-17 19:35:00-04:00,7768.0,7768.25,7767.0,7767.25,292
2026-08-17 19:40:00-04:00,7767.25,7768.0,7767.0,7767.75,236
2026-08-17 19:45:00-04:00,7765.75,7767.75,7764.5,7767.5,913
2026-08-17 19:50:00-04:00,7768.0,7768.0,7765.5,7765.5,389
2026-08-17 19:55:00-04:00,7768.25,7768.5,7767.25,7768.0,384
2026-08-17 20:00:00-04:00,7769.25,7769.75,7767.0,7768.0,1041
2026-08-17 20:05:00-04:00,7768.75,7769.5,7768.5,7769.25,296
2026-08-17 20:10:00-04:00,7769.5,7769.75,7768.25,7769.0,327
2026-08-17 20:15:00-04:00,7770.25,7770.5,7768.0,7769.5,460
2026-08-17 20:20:00-04:00,7769.0,7770.5,7768.75,7770.0,479
2026-08-17 20:25:00-04:00,7767.5,7769.5,7766.75,7769.0,541
2026-08-17 20:30:00-04:00,7768.25,7768.25,7766.75,7767.5,465
2026-08-17 20:35:00-04:00,7767.75,7768.5,7767.5,7768.0,328
2026-08-17 20:40:00-04:00,7767.5,7767.75,7766.25,7767.5,353
2026-08-17 20:45:00-04:00,7767.75,7767.75,7767.0,7767.5,204
2026-08-17 20:50:00-04:00,7766.75,7769.25,7766.25,7767.75,611
2026-08-17 20:55:00-04:00,7766.75,7767.25,7766.25,7766.5,425
2026-08-17 21:00:00-04:00,7766.25,7767.75,7766.0,7767.0,499
2026-08-17 21:05:00-04:00,7765.75,7767.0,7765.5,7766.0,456
2026-08-17 21:10:00-04:00,7767.5,7767.5,7766.0,7766.0,421
2026-08-17 21:15:00-04:00,7766.25,7767.5,7766.0,7767.5,502
2026-08-17 21:20:00-04:00,7768.0,7768.0,7765.75,7766.5,345
2026-08-17 21:25:00-04:00,7765.75,7768.0,7765.75,7768.0,541
2026-08-17 21:30:00-04:00,7765.25,7766.0,7765.0,7766.0,603
2026-08-17 21:35:00-04:00,7765.25,7767.0,7765.0,7765.5,498
2026-08-17 21:40:00-04:00,7762.25,7765.25,7761.75,7765.25,1144
2026-08-17 21:45:00-04:00,7760.75,7762.75,7759.0,7762.5,1452
2026-08-17 21:50:00-04:00,7757.75,7760.75,7755.25,7760.5,2667
2026-08-17 21:55:00-04:00,7761.5,7761.5,7757.75,7757.75,955
2026-08-17 22:00:00-04:00,7760.5,7762.0,7760.0,7761.5,683
2026-08-17 22:05:00-04:00,7759.5,7760.5,7758.5,7760.25,744
2026-08-17 22:10:00-04:00,7754.75,7759.5,7754.5,7759.5,1008
2026-08-17 22:15:00-04:00,7752.0,7755.5,7748.0,7754.75,4389
2026-08-17 22:20:00-04:00,7750.0,7753.0,7749.25,7752.0,791
2026-08-17 22:25:00-04:00,7749.25,7750.5,7748.0,7750.0,1041
2026-08-17 22:30:00-04:00,7749.0,7750.5,7748.75,7749.25,1147
2026-08-17 22:35:00-04:00,7752.0,7753.25,7749.0,7749.25,1149
2026-08-17 22:40:00-04:00,7747.25,7752.75,7747.25,7752.25,1628
2026-08-17 22:45:00-04:00,7749.0,7749.25,7742.75,7747.25,2486
2026-08-17 22:50:00-04:00,7747.75,7749.75,7747.5,7749.0,692
2026-08-17 22:55:00-04:00,7749.0,7749.75,7746.25,7747.75,1087
2026-08-17 23:00:00-04:00,7748.75,7749.75,7748.5,7749.25,550
2026-08-17 23:05:00-04:00,7748.5,7749.25,7748.25,7748.75,847
2026-08-17 23:10:00-04:00,7747.25,7748.5,7746.75,7748.5,599
2026-08-17 23:15:00-04:00,7746.25,7747.5,7745.5,7747.25,1076
2026-08-17 23:20:00-04:00,7743.25,7746.5,7742.25,7746.25,1302
2026-08-17 23:25:00-04:00,7744.25,7745.25,7742.75,7743.25,545
2026-08-17 23:30:00-04:00,7741.25,7744.25,7741.25,7744.25,912
2026-08-17 23:35:00-04:00,7745.0,7745.5,7741.0,7741.25,866
2026-08-17 23:40:00-04:00,7745.25,7746.0,7744.5,7745.0,633
2026-08-17 23:45:00-04:00,7744.0,7746.5,7744.0,7745.0,646
2026-08-17 23:50:00-04:00,7745.25,7746.25,7743.75,7744.0,442
2026-08-17 23:55:00-04:00,7744.25,7745.5,7743.0,7745.25,422
2026-08-18 00:05:00-04:00,7743.5,7743.5,7743.0,7743.0,1294
2026-08-18 00:10:00-04:00,7742.75,7743.5,7742.0,7743.5,509
2026-08-18 00:15:00-04:00,7743.0,7743.5,7742.25,7742.75,524
2026-08-18 00:20:00-04:00,7741.0,7743.0,7740.5,7742.75,574
2026-08-18 00:25:00-04:00,7743.75,7744.25,7739.5,7741.0,1091
2026-08-18 00:30:00-04:00,7743.25,7744.75,7742.75,7743.75,572
2026-08-18 00:35:00-04:00,7741.25,7744.75,7740.75,7743.5,567
2026-08-18 00:40:00-04:00,7741.75,7742.5,7741.5,7741.5,217
2026-08-18 00:45:00-04:00,7742.75,7742.75,7741.25,7741.75,520
2026-08-18 00:50:00-04:00,7743.75,7744.25,7742.5,7742.75,345
2026-08-18 00:55:00-04:00,7743.5,7744.5,7743.5,7743.75,156
2026-08-18 01:00:00-04:00,7738.5,7743.5,7736.75,7743.5,1278
2026-08-18 01:05:00-04:00,7740.0,7741.25,7738.5,7738.5,496
2026-08-18 01:10:00-04:00,7738.25,7740.0,7737.0,7740.0,611
2026-08-18 01:15:00-04:00,7740.0,7740.25,7738.25,7738.25,531
2026-08-18 01:20:00-04:00,7739.5,7740.25,7738.75,7740.25,283
2026-08-18 01:25:00-04:00,7738.0,7740.0,7738.0,7739.25,343
2026-08-18 01:30:00-04:00,7737.5,7738.5,7736.75,7738.25,511
2026-08-18 01:35:00-04:00,7736.75,7738.25,7735.5,7737.5,1384
2026-08-18 01:40:00-04:00,7736.5,7737.25,7736.25,7736.75,658
2026-08-18 01:45:00-04:00,7737.5,7737.5,7736.0,7736.25,400
2026-08-18 01:50:00-04:00,7736.75,7738.25,7736.25,7737.75,674
2026-08-18 01:55:00-04:00,7735.0,7738.5,7734.25,7736.75,1148
2026-08-18 02:00:00-04:00,7729.25,7735.25,7726.0,7735.25,4397
2026-08-18 02:05:00-04:00,7730.5,7730.5,7727.25,7729.5,1300
2026-08-18 02:10:00-04:00,7735.5,7736.5,7730.75,7730.75,1470
2026-08-18 02:15:00-04:00,7735.75,7736.25,7733.0,7735.25,1461
2026-08-18 02:20:00-04:00,7735.25,7738.25,7734.75,7735.75,1450
2026-08-18 02:25:00-04:00,7736.25,7737.25,7733.75,7735.0,1145
2026-08-18 02:30:00-04:00,7735.75,7736.75,7734.25,7736.0,819
2026-08-18 02:35:00-04:00,7737.0,7737.5,7734.5,7736.0,790
2026-08-18 02:40:00-04:00,7737.0,7737.75,7736.75,7737.0,526
2026-08-18 02:45:00-04:00,7738.0,7738.75,7737.0,7737.0,744
2026-08-18 02:50:00-04:00,7738.0,7739.25,7737.25,7738.0,1186
2026-08-18 02:55:00-04:00,7742.0,7742.25,7738.0,7738.0,1330
2026-08-18 03:00:00-04:00,7738.5,7742.25,7738.0,7741.75,2002
2026-08-18 03:05:00-04:00,7739.25,7741.75,7738.25,7738.5,1218
2026-08-18 03:10:00-04:00,7737.0,7739.75,7737.0,7739.25,1079
2026-08-18 03:15:00-04:00,7737.5,7738.5,7736.0,7736.75,1083
2026-08-18 03:20:00-04:00,7737.75,7738.75,7737.0,7737.5,703
2026-08-18 03:25:00-04:00,7735.5,7738.5,7735.25,7738.0,810
2026-08-18 03:30:00-04:00,7732.0,7736.5,7731.5,7735.75,1134
2026-08-18 03:35:00-04:00,7735.0,7735.75,7731.0,7732.25,1315
2026-08-18 03:40:00-04:00,7730.75,7736.0,7730.5,7735.25,1010
2026-08-18 03:45:00-04:00,7731.25,7731.5,7729.75,7730.5,1319
2026-08-18 03:50:00-04:00,7729.75,7732.25,7728.5,7731.25,1146
2026-08-18 03:55:00-04:00,7726.25,7730.25,7726.0,7729.75,1399
2026-08-18 04:00:00-04:00,7722.0,7727.25,7716.5,7726.5,6524
2026-08-18 04:05:00-04:00,7722.5,7723.5,7719.5,7722.0,3079
2026-08-18 04:10:00-04:00,7725.75,7726.75,7720.75,7722.25,3888
2026-08-18 04:15:00-04:00,7726.25,7728.5,7725.25,7725.75,1923
2026-08-18 04:20:00-04:00,7724.0,7726.75,7722.75,7726.75,1261
2026-08-18 04:25:00-04:00,7726.25,7727.25,7723.5,7723.75,1304
2026-08-18 04:30:00-04:00,7728.5,7729.0,7725.25,7726.25,1108
2026-08-18 04:35:00-04:00,7731.0,7731.75,7728.75,7728.75,1273
2026-08-18 04:40:00-04:00,7730.75,7731.75,7729.5,7731.0,912
2026-08-18 04:45:00-04:00,7726.5,7730.75,7726.5,7730.75,743
2026-08-18 04:50:00-04:00,7728.75,7729.5,7725.75,7726.25,1354
2026-08-18 04:55:00-04:00,7729.75,7730.25,7728.0,7728.75,875
2026-08-18 05:00:00-04:00,7730.25,7731.25,7727.5,7729.75,1566
2026-08-18 05:05:00-04:00,7727.25,7730.25,7727.0,7730.25,1648
2026-08-18 05:10:00-04:00,7727.25,7729.25,7727.0,7727.25,1429
2026-08-18 05:15:00-04:00,7725.0,7728.0,7724.5,7727.25,1399
2026-08-18 05:20:00-04:00,7724.0,7726.25,7724.0,7725.0,1672
2026-08-18 05:25:00-04:00,7726.5,7727.5,7723.75,7723.75,1037
2026-08-18 05:30:00-04:00,7727.75,7729.0,7725.25,7726.25,2209
2026-08-18 05:35:00-04:00,7726.75,7729.0,7726.5,7727.75,986
2026-08-18 05:40:00-04:00,7725.5,7727.25,7722.5,7726.75,1384
2026-08-18 05:45:00-04:00,7724.5,7726.5,7722.75,7725.25,1494
2026-08-18 05:50:00-04:00,7728.75,7728.75,7723.25,7724.5,1693
2026-08-18 05:55:00-04:00,7729.5,7730.75,7728.0,7728.5,1194
2026-08-18 06:00:00-04:00,7730.5,7731.5,7728.5,7729.5,2072
2026-08-18 06:05:00-04:00,7731.5,7732.25,7730.0,7730.5,992
2026-08-18 06:10:00-04:00,7730.0,7732.25,7729.25,7731.75,887
2026-08-18 06:15:00-04:00,7729.0,7732.0,7729.0,7730.25,836
2026-08-18 06:20:00-04:00,7728.75,7729.75,7728.25,7729.0,670
2026-08-18 06:25:00-04:00,7730.75,7731.0,7728.25,7728.75,855
2026-08-18 06:30:00-04:00,7732.0,7732.75,7730.5,7730.75,963
2026-08-18 06:35:00-04:00,7732.0,7734.0,7731.5,7731.75,1313
2026-08-18 06:40:00-04:00,7729.75,7732.0,7729.25,7732.0,1623
2026-08-18 06:45:00-04:00,7733.75,7734.0,7729.5,7729.75,1619
2026-08-18 06:50:00-04:00,7733.75,7734.25,7733.25,7733.75,631
2026-08-18 06:55:00-04:00,7731.75,7734.0,7731.5,7733.75,1162
2026-08-18 07:00:00-04:00,7734.5,7735.5,7730.75,7731.75,2205
2026-08-18 07:05:00-04:00,7734.25,7735.25,7734.0,7734.5,1546
2026-08-18 07:10:00-04:00,7735.75,7736.0,7734.25,7734.5,1216
2026-08-18 07:15:00-04:00,7736.0,7736.25,7735.0,7735.5,1183
2026-08-18 07:20:00-04:00,7735.0,7736.75,7734.5,7736.0,1599
2026-08-18 07:25:00-04:00,7735.25,7736.25,7734.5,7735.0,923
2026-08-18 07:30:00-04:00,7734.0,7735.75,7732.75,7735.25,1742
2026-08-18 07:35:00-04:00,7732.5,7735.0,7732.5,7733.75,1005
2026-08-18 07:40:00-04:00,7736.25,7736.5,7732.25,7732.5,1460
2026-08-18 07:45:00-04:00,7737.75,7738.5,7736.25,7736.25,2052
2026-08-18 07:50:00-04:00,7734.0,7737.75,7733.75,7737.75,1853
2026-08-18 07:55:00-04:00,7734.75,7736.75,7734.0,7734.25,1252
2026-08-18 08:00:00-04:00,7738.5,7738.75,7733.5,7734.75,1502
2026-08-18 08:05:00-04:00,7735.0,7738.75,7734.0,7738.5,1645
2026-08-18 08:10:00-04:00,7733.75,7735.0,7732.75,7734.75,1208
2026-08-18 08:15:00-04:00,7735.25,7735.25,7733.0,7734.0,1088
2026-08-18 08:20:00-04:00,7734.5,7739.25,7734.25,7735.25,2244
2026-08-18 08:25:00-04:00,7732.75,7734.75,7732.25,7734.75,1434
2026-08-18 08:30:00-04:00,7731.25,7734.25,7730.25,7732.75,2075
2026-08-18 08:35:00-04:00,7729.75,7731.5,7728.5,7731.0,2669
2026-08-18 08:40:00-04:00,7729.5,7730.5,7729.0,7729.75,1459
2026-08-18 08:45:00-04:00,7732.25,7732.5,7729.0,7729.75,2237
2026-08-18 08:50:00-04:00,7734.0,7734.75,7731.75,7732.25,2491
2026-08-18 08:55:00-04:00,7735.75,7735.75,7733.0,7733.75,1544
2026-08-18 09:00:00-04:00,7732.5,7736.5,7732.5,7735.5,3063
2026-08-18 09:05:00-04:00,7731.75,7733.5,7731.5,7732.5,2471
2026-08-18 09:10:00-04:00,7730.75,7732.0,7730.0,7731.75,2979
2026-08-18 09:15:00-04:00,7729.75,7732.0,7729.25,7730.75,3735
2026-08-18 09:20:00-04:00,7726.5,7730.25,7725.5,7729.5,3658
2026-08-18 09:25:00-04:00,7726.25,7729.75,7724.25,7726.75,7944
2026-08-18 09:30:00-04:00,7725.5,7734.75,7719.0,7726.5,52327
2026-08-18 09:35:00-04:00,7731.25,7732.0,7722.75,7725.5,32230
2026-08-18 09:40:00-04:00,7727.5,7735.25,7727.25,7731.25,21858
2026-08-18 09:45:00-04:00,7724.75,7731.25,7723.5,7727.5,20426
2026-08-18 09:50:00-04:00,7725.75,7728.25,7722.0,7724.5,14694
2026-08-18 09:55:00-04:00,7724.75,7728.5,7721.25,7726.0,14387
2026-08-18 10:00:00-04:00,7729.75,7732.75,7721.75,7725.0,21669
2026-08-18 10:05:00-04:00,7725.5,7732.5,7724.25,7729.75,18967
2026-08-18 10:10:00-04:00,7721.25,7726.0,7716.5,7725.25,23928
2026-08-18 10:15:00-04:00,7725.5,7728.75,7720.25,7721.5,20007
2026-08-18 10:20:00-04:00,7728.0,7730.0,7720.0,7725.75,20408
2026-08-18 10:25:00-04:00,7726.5,7730.75,7725.25,7728.25,18608
2026-08-18 10:30:00-04:00,7727.5,7732.75,7725.5,7726.5,18690
2026-08-18 10:35:00-04:00,7731.0,7731.75,7727.25,7727.5,11261
2026-08-18 10:40:00-04:00,7724.25,7732.25,7723.75,7731.0,12261
2026-08-18 10:45:00-04:00,7724.75,7726.0,7721.75,7724.25,13668
2026-08-18 10:50:00-04:00,7719.75,7728.0,7719.0,7724.75,21375
2026-08-18 10:55:00-04:00,7719.25,7721.75,7717.25,7719.5,18462
2026-08-18 11:00:00-04:00,7722.25,7723.25,7714.25,7719.5,21210
2026-08-18 11:05:00-04:00,7718.0,7724.25,7717.5,7722.25,12366
2026-08-18 11:10:00-04:00,7717.25,7719.5,7716.25,7718.25,13526
2026-08-18 11:15:00-04:00,7714.75,7719.5,7714.75,7717.5,10596
2026-08-18 11:20:00-04:00,7715.5,7717.25,7713.25,7714.5,12917
2026-08-18 11:25:00-04:00,7718.5,7720.25,7714.0,7715.25,13175
2026-08-18 11:30:00-04:00,7718.75,7721.75,7717.0,7718.25,17156
2026-08-18 11:35:00-04:00,7718.25,7719.0,7716.0,7719.0,7588
2026-08-18 11:40:00-04:00,7720.5,7722.75,7716.75,7718.25,8685
2026-08-18 11:45:00-04:00,7724.0,7725.5,7720.75,7720.75,9022
2026-08-18 11:50:00-04:00,7724.75,7726.5,7720.75,7724.0,9070
2026-08-18 11:55:00-04:00,7723.25,7725.0,7720.5,7724.75,7198
2026-08-18 12:00:00-04:00,7725.5,7726.25,7722.5,7723.25,9173
2026-08-18 12:05:00-04:00,7723.5,7727.0,7722.0,7725.25,10268
2026-08-18 12:10:00-04:00,7725.5,7727.25,7723.5,7723.5,7751
2026-08-18 12:15:00-04:00,7723.0,7726.25,7722.25,7725.25,7116
2026-08-18 12:20:00-04:00,7726.5,7728.75,7723.0,7723.0,9833
2026-08-18 12:25:00-04:00,7721.75,7727.25,7721.25,7726.5,7922
2026-08-18 12:30:00-04:00,7723.0,7724.0,7720.5,7721.75,7819
2026-08-18 12:35:00-04:00,7724.25,7725.5,7721.5,7723.0,7024
2026-08-18 12:40:00-04:00,7723.5,7725.75,7721.75,7724.25,6457
2026-08-18 12:45:00-04:00,7727.75,7728.25,7721.5,7723.5,8560
2026-08-18 12:50:00-04:00,7727.75,7728.5,7726.0,7727.75,6622
2026-08-18 12:55:00-04:00,7726.0,7728.0,7726.0,7728.0,5182
2026-08-18 13:00:00-04:00,7725.5,7726.75,7723.25,7726.0,9290
2026-08-18 13:05:00-04:00,7727.5,7727.5,7724.25,7725.25,6016
2026-08-18 13:10:00-04:00,7726.0,7728.0,7724.75,7727.25,3833
2026-08-18 13:15:00-04:00,7723.0,7726.25,7722.75,7726.0,5189
2026-08-18 13:20:00-04:00,7722.75,7725.5,7722.25,7722.75,5262
2026-08-18 13:25:00-04:00,7722.75,7723.25,7720.75,7722.5,6994
2026-08-18 13:30:00-04:00,7722.0,7723.75,7720.75,7722.5,5923
2026-08-18 13:35:00-04:00,7722.25,7724.0,7720.0,7721.75,5419
2026-08-18 13:40:00-04:00,7720.75,7723.0,7720.25,7722.0,3891
2026-08-18 13:45:00-04:00,7720.0,7722.0,7720.0,7720.75,3815
2026-08-18 13:50:00-04:00,7720.5,7721.75,7719.5,7720.0,4367
2026-08-18 13:55:00-04:00,7716.0,7720.5,7715.75,7720.5,8280
2026-08-18 14:00:00-04:00,7716.25,7717.25,7715.0,7715.75,9339
2026-08-18 14:05:00-04:00,7715.0,7717.75,7714.25,7716.5,6753
2026-08-18 14:10:00-04:00,7720.75,7721.25,7714.5,7715.0,8717
2026-08-18 14:15:00-04:00,7723.75,7725.25,7720.25,7720.75,8672
2026-08-18 14:20:00-04:00,7722.75,7726.0,7722.0,7724.0,11244
2026-08-18 14:25:00-04:00,7723.75,7724.25,7721.0,7722.75,5070
2026-08-18 14:30:00-04:00,7723.5,7724.25,7721.5,7723.5,5063
2026-08-18 14:35:00-04:00,7723.5,7724.5,7723.25,7723.5,4310
2026-08-18 14:40:00-04:00,7721.25,7723.75,7721.0,7723.25,6701
2026-08-18 14:45:00-04:00,7720.75,7722.25,7720.5,7721.25,5995
2026-08-18 14:50:00-04:00,7718.0,7721.25,7718.0,7720.75,5005
2026-08-18 14:55:00-04:00,7717.0,7719.25,7716.75,7718.0,10596
2026-08-18 15:00:00-04:00,7717.75,7718.75,7716.25,7717.0,7916
2026-08-18 15:05:00-04:00,7718.5,7719.5,7716.5,7717.5,5491
2026-08-18 15:10:00-04:00,7716.5,7719.25,7715.5,7718.5,6488
2026-08-18 15:15:00-04:00,7719.0,7719.0,7716.0,7716.25,5969
2026-08-18 15:20:00-04:00,7721.75,7721.75,7717.75,7718.75,7848
2026-08-18 15:25:00-04:00,7720.75,7722.25,7720.5,7721.75,8422
2026-08-18 15:30:00-04:00,7719.5,7722.75,7718.75,7720.75,9705
2026-08-18 15:35:00-04:00,7720.25,7721.0,7719.0,7719.5,6024
2026-08-18 15:40:00-04:00,7719.5,7720.25,7717.75,7720.0,8775
2026-08-18 15:45:00-04:00,7719.5,7720.25,7717.25,7719.5,9855
2026-08-18 15:50:00-04:00,7714.75,7720.25,7713.25,7719.5,26105
2026-08-18 15:55:00-04:00,7715.25,7717.75,7710.25,7715.0,94126
2026-08-18 16:00:00-04:00,7715.25,7716.0,7712.75,7715.0,18540
2026-08-18 16:05:00-04:00,7713.5,7716.0,7713.25,7715.25,4087
2026-08-18 16:10:00-04:00,7714.25,7715.25,7713.25,7713.5,3397
2026-08-18 16:15:00-04:00,7714.0,7715.25,7713.75,7714.5,1751
2026-08-18 16:20:00-04:00,7712.5,7714.5,7712.25,7714.25,1568
2026-08-18 16:25:00-04:00,7714.5,7714.75,7712.25,7712.5,1393
2026-08-18 16:30:00-04:00,7715.25,7715.5,7714.0,7714.5,1124
2026-08-18 16:35:00-04:00,7715.75,7716.0,7715.25,7715.25,629
2026-08-18 16:40:00-04:00,7714.75,7716.0,7714.5,7715.75,937
2026-08-18 16:45:00-04:00,7711.5,7715.25,7711.25,7714.5,2385
2026-08-18 16:50:00-04:00,7712.5,7713.0,7711.5,7711.75,759
2026-08-18 16:55:00-04:00,7713.25,7713.5,7712.25,7712.5,955
2026-08-18 18:00:00-04:00,7714.0,7716.25,7712.25,7714.0,0
2026-08-18 18:05:00-04:00,7714.0,7715.0,7712.5,7713.75,410
2026-08-18 18:10:00-04:00,7713.25,7714.0,7713.0,7714.0,390
2026-08-18 18:15:00-04:00,7715.5,7715.5,7713.5,7713.5,563
2026-08-18 18:20:00-04:00,7715.25,7717.5,7715.0,7715.5,1086
2026-08-18 18:25:00-04:00,7711.25,7715.25,7711.25,7715.25,1442
2026-08-18 18:30:00-04:00,7712.25,7712.5,7711.0,7711.5,677
2026-08-18 18:35:00-04:00,7710.25,7712.25,7710.0,7712.0,448
2026-08-18 18:40:00-04:00,7711.0,7711.0,7709.5,7710.0,579
2026-08-18 18:45:00-04:00,7709.75,7711.25,7709.25,7711.0,416
2026-08-18 18:50:00-04:00,7708.5,7710.5,7707.5,7710.0,938
2026-08-18 18:55:00-04:00,7707.75,7708.5,7707.5,7708.25,458
2026-08-18 19:00:00-04:00,7708.75,7709.25,7706.75,7707.75,626
2026-08-18 19:05:00-04:00,7710.5,7711.75,7708.0,7708.75,907
2026-08-18 19:10:00-04:00,7710.5,7711.0,7709.5,7710.75,199
2026-08-18 19:15:00-04:00,7709.25,7710.75,7708.5,7710.5,530
2026-08-18 19:20:00-04:00,7712.25,7714.5,7709.25,7709.25,637
2026-08-18 19:25:00-04:00,7711.25,7712.75,7711.25,7712.25,252
2026-08-18 19:30:00-04:00,7711.75,7712.25,7710.75,7711.5,489
2026-08-18 19:35:00-04:00,7711.5,7712.25,7710.75,7711.75,223
2026-08-18 19:40:00-04:00,7711.75,7712.25,7711.25,7711.75,292
2026-08-18 19:45:00-04:00,7711.5,7712.0,7710.75,7711.5,657
2026-08-18 19:50:00-04:00,7713.0,7714.25,7710.75,7711.25,790
2026-08-18 19:55:00-04:00,7710.75,7712.75,7710.5,7712.75,426
2026-08-18 20:00:00-04:00,7705.0,7710.75,7702.75,7710.5,2784
2026-08-18 20:05:00-04:00,7705.0,7706.75,7702.5,7705.0,1285
2026-08-18 20:10:00-04:00,7703.5,7705.25,7702.0,7705.0,1012
2026-08-18 20:15:00-04:00,7706.75,7707.0,7702.25,7703.5,1236
2026-08-18 20:20:00-04:00,7709.0,7710.5,7705.75,7707.0,1230
2026-08-18 20:25:00-04:00,7711.0,7711.0,7708.0,7708.5,967
2026-08-18 20:30:00-04:00,7711.75,7713.75,7711.0,7711.0,1114
2026-08-18 20:35:00-04:00,7715.0,7715.5,7712.0,7712.0,1090
2026-08-18 20:40:00-04:00,7714.75,7716.0,7714.0,7715.0,778
2026-08-18 20:45:00-04:00,7713.75,7715.5,7713.5,7714.75,804
2026-08-18 20:50:00-04:00,7712.0,7714.0,7712.0,7713.75,808
2026-08-18 20:55:00-04:00,7711.0,7712.75,7710.5,7712.0,618
2026-08-18 21:00:00-04:00,7713.25,7713.5,7709.5,7711.0,1230
2026-08-18 21:05:00-04:00,7715.0,7715.25,7713.25,7713.25,1248
2026-08-18 21:10:00-04:00,7713.75,7715.0,7713.5,7715.0,777
2026-08-18 21:15:00-04:00,7715.0,7715.0,7711.75,7714.0,1025
2026-08-18 21:20:00-04:00,7715.25,7717.0,7714.5,7715.0,1127
2026-08-18 21:25:00-04:00,7715.75,7716.25,7714.0,7715.25,584
2026-08-18 21:30:00-04:00,7711.75,7716.0,7711.75,7715.75,845
2026-08-18 21:35:00-04:00,7714.0,7714.5,7711.5,7711.5,614
2026-08-18 21:40:00-04:00,7711.25,7714.25,7710.0,7714.0,723
2026-08-18 21:45:00-04:00,7711.0,7711.5,7709.75,7710.75,711
2026-08-18 21:50:00-04:00,7712.0,7712.25,7710.5,7711.25,563
2026-08-18 21:55:00-04:00,7711.25,7713.0,7710.75,7712.0,677
2026-08-18 22:00:00-04:00,7710.0,7712.0,7709.75,7711.25,537
2026-08-18 22:05:00-04:00,7708.75,7710.0,7708.0,7710.0,681
2026-08-18 22:10:00-04:00,7706.75,7708.75,7706.0,7708.5,931
2026-08-18 22:15:00-04:00,7707.0,7709.75,7706.25,7706.75,2377
2026-08-18 22:20:00-04:00,7710.25,7711.0,7706.75,7707.0,683
2026-08-18 22:25:00-04:00,7709.5,7711.5,7709.25,7710.5,383
2026-08-18 22:30:00-04:00,7706.75,7709.75,7706.5,7709.5,461
2026-08-18 22:35:00-04:00,7708.0,7708.25,7706.5,7706.75,444
2026-08-18 22:40:00-04:00,7707.75,7708.5,7707.25,7708.0,514
2026-08-18 22:45:00-04:00,7710.0,7710.75,7707.75,7708.0,533
2026-08-18 22:50:00-04:00,7708.0,7710.5,7707.75,7710.0,451
2026-08-18 22:55:00-04:00,7709.25,7709.75,7707.5,7708.0,343
2026-08-18 23:00:00-04:00,7710.0,7710.75,7709.25,7709.5,520
2026-08-18 23:05:00-04:00,7707.75,7710.25,7707.5,7710.0,495
2026-08-18 23:10:00-04:00,7708.5,7709.0,7707.0,7707.75,403
2026-08-18 23:15:00-04:00,7709.0,7710.25,7708.5,7708.5,414
2026-08-18 23:20:00-04:00,7708.5,7709.25,7707.5,7709.25,346
2026-08-18 23:25:00-04:00,7708.75,7709.0,7708.0,7708.75,211
2026-08-18 23:30:00-04:00,7710.0,7710.5,7708.0,7708.5,570
2026-08-18 23:35:00-04:00,7709.0,7712.0,7708.75,7710.0,856
2026-08-18 23:40:00-04:00,7708.25,7709.25,7708.0,7709.25,284
2026-08-18 23:45:00-04:00,7707.0,7708.0,7705.75,7708.0,539
2026-08-18 23:50:00-04:00,7707.0,7709.0,7707.0,7707.25,436
2026-08-18 23:55:00-04:00,7706.75,7707.5,7706.25,7707.0,197
2026-08-19 00:05:00-04:00,7705.25,7705.5,7705.0,7705.0,0
2026-08-19 00:10:00-04:00,7705.75,7706.0,7704.5,7705.25,451
2026-08-19 00:15:00-04:00,7705.5,7705.75,7704.75,7705.5,331
2026-08-19 00:20:00-04:00,7707.5,7709.0,7705.0,7705.5,1114
2026-08-19 00:25:00-04:00,7707.5,7708.5,7707.25,7707.75,374
2026-08-19 00:30:00-04:00,7704.75,7708.5,7703.75,7707.75,838
2026-08-19 00:35:00-04:00,7704.0,7706.25,7704.0,7704.75,362
2026-08-19 00:40:00-04:00,7704.0,7705.25,7703.75,7704.25,470
2026-08-19 00:45:00-04:00,7701.5,7704.75,7701.0,7704.0,847
2026-08-19 00:50:00-04:00,7700.5,7701.5,7699.5,7701.25,711
2026-08-19 00:55:00-04:00,7704.25,7704.5,7699.5,7700.5,776
2026-08-19 01:00:00-04:00,7707.75,7708.0,7703.75,7704.25,1067
2026-08-19 01:05:00-04:00,7705.5,7708.25,7704.25,7707.75,526
2026-08-19 01:10:00-04:00,7703.0,7706.0,7702.0,7705.75,503
2026-08-19 01:15:00-04:00,7700.0,7703.5,7699.5,7702.75,705
2026-08-19 01:20:00-04:00,7701.75,7702.5,7699.75,7700.0,534
2026-08-19 01:25:00-04:00,7704.25,7704.5,7701.25,7702.0,570
2026-08-19 01:30:00-04:00,7701.75,7704.75,7701.75,7704.25,582
2026-08-19 01:35:00-04:00,7701.25,7702.75,7699.5,7702.0,609
2026-08-19 01:40:00-04:00,7700.25,7701.25,7698.75,7701.0,811
2026-08-19 01:45:00-04:00,7700.25,7701.0,7699.5,7700.25,272
2026-08-19 01:50:00-04:00,7699.0,7700.5,7698.5,7700.25,368
2026-08-19 01:55:00-04:00,7699.75,7700.0,7698.25,7698.75,830
2026-08-19 02:00:00-04:00,7699.5,7701.25,7699.25,7699.5,1119
2026-08-19 02:05:00-04:00,7698.5,7700.5,7698.25,7699.75,1251
2026-08-19 02:10:00-04:00,7698.75,7700.0,7698.25,7698.75,587
2026-08-19 02:15:00-04:00,7705.5,7705.75,7699.0,7699.0,1218
2026-08-19 02:20:00-04:00,7707.5,7708.0,7705.25,7705.25,1016
2026-08-19 02:25:00-04:00,7705.75,7708.5,7704.75,7707.75,689
2026-08-19 02:30:00-04:00,7706.0,7707.75,7704.75,7705.75,704
2026-08-19 02:35:00-04:00,7706.5,7707.25,7706.0,7706.25,238
2026-08-19 02:40:00-04:00,7707.25,7707.25,7703.75,7706.5,774
2026-08-19 02:45:00-04:00,7709.75,7711.0,7707.5,7707.5,1778
2026-08-19 02:50:00-04:00,7712.0,7712.5,7709.5,7710.0,1118
2026-08-19 02:55:00-04:00,7714.5,7715.0,7711.5,7712.0,2116
2026-08-19 03:00:00-04:00,7711.0,7714.75,7709.75,7714.5,3035
2026-08-19 03:05:00-04:00,7712.75,7713.75,7709.5,7711.0,1252
2026-08-19 03:10:00-04:00,7714.5,7715.0,7712.75,7713.0,1747
2026-08-19 03:15:00-04:00,7712.5,7714.75,7711.75,7714.5,935
2026-08-19 03:20:00-04:00,7715.0,7715.5,7712.5,7712.5,962
2026-08-19 03:25:00-04:00,7715.75,7715.75,7714.5,7715.25,834
2026-08-19 03:30:00-04:00,7717.75,7718.5,7715.75,7715.75,1589
2026-08-19 03:35:00-04:00,7716.25,7719.0,7716.25,7717.5,961
2026-08-19 03:40:00-04:00,7715.5,7716.5,7713.75,7716.5,881
2026-08-19 03:45:00-04:00,7715.5,7717.25,7715.25,7715.5,712
2026-08-19 03:50:00-04:00,7715.25,7716.0,7714.5,7715.5,544
2026-08-19 03:55:00-04:00,7718.5,7718.75,7715.25,7715.25,1216
2026-08-19 04:00:00-04:00,7719.75,7720.25,7716.75,7718.25,3059
2026-08-19 04:05:00-04:00,7719.5,7720.75,7719.0,7719.5,2462
2026-08-19 04:10:00-04:00,7718.75,7720.75,7718.5,7719.25,1900
2026-08-19 04:15:00-04:00,7720.75,7721.25,7718.0,7718.75,1649
2026-08-19 04:20:00-04:00,7721.0,7722.0,7719.5,7720.75,1997
2026-08-19 04:25:00-04:00,7721.5,7721.5,7720.25,7721.0,912
2026-08-19 04:30:00-04:00,7719.0,7721.5,7718.5,7721.5,1137
2026-08-19 04:35:00-04:00,7720.0,7720.25,7719.0,7719.0,568
2026-08-19 04:40:00-04:00,7720.5,7721.25,7719.5,7719.75,532
2026-08-19 04:45:00-04:00,7720.5,7721.0,7720.25,7720.5,465
2026-08-19 04:50:00-04:00,7719.25,7720.75,7719.0,7720.5,935
2026-08-19 04:55:00-04:00,7718.25,7719.75,7717.75,7719.5,1403
2026-08-19 05:00:00-04:00,7720.25,7720.25,7717.75,7718.0,1240
2026-08-19 05:05:00-04:00,7716.75,7720.75,7716.75,7720.25,1172
2026-08-19 05:10:00-04:00,7716.5,7717.75,7716.5,7716.5,713
2026-08-19 05:15:00-04:00,7715.5,7716.5,7714.75,7716.5,1102
2026-08-19 05:20:00-04:00,7715.5,7717.0,7715.0,7715.5,554
2026-08-19 05:25:00-04:00,7714.25,7716.0,7714.0,7715.75,674
2026-08-19 05:30:00-04:00,7715.5,7716.0,7714.0,7714.5,685
2026-08-19 05:35:00-04:00,7715.0,7716.5,7714.5,7715.5,679
2026-08-19 05:40:00-04:00,7714.0,7715.75,7713.5,7715.0,744
2026-08-19 05:45:00-04:00,7714.25,7715.0,7713.5,7713.75,627
2026-08-19 05:50:00-04:00,7713.0,7714.25,7712.25,7714.0,988
2026-08-19 05:55:00-04:00,7713.5,7713.75,7711.75,7713.0,677
2026-08-19 06:00:00-04:00,7711.5,7714.25,7711.25,7713.5,885
2026-08-19 06:05:00-04:00,7711.25,7712.0,7710.25,7711.5,918
2026-08-19 06:10:00-04:00,7713.5,7713.75,7710.75,7711.25,651
2026-08-19 06:15:00-04:00,7711.5,7713.25,7711.5,7713.25,854
2026-08-19 06:20:00-04:00,7711.0,7712.25,7709.5,7711.5,775
2026-08-19 06:25:00-04:00,7713.0,7713.5,7710.5,7711.25,714
2026-08-19 06:30:00-04:00,7713.25,7713.75,7712.0,7713.25,560
2026-08-19 06:35:00-04:00,7715.25,7715.5,7712.5,7713.0,936
2026-08-19 06:40:00-04:00,7716.0,7716.25,7714.75,7715.0,478
2026-08-19 06:45:00-04:00,7714.25,7716.25,7714.25,7716.0,405
2026-08-19 06:50:00-04:00,7714.25,7714.5,7713.25,7714.25,388
2026-08-19 06:55:00-04:00,7713.5,7714.25,7713.25,7714.0,793
2026-08-19 07:00:00-04:00,7717.75,7718.0,7713.25,7713.5,1696
2026-08-19 07:05:00-04:00,7715.75,7719.25,7715.75,7717.75,978
2026-08-19 07:10:00-04:00,7717.5,7718.25,7715.75,7715.75,601
2026-08-19 07:15:00-04:00,7718.25,7718.5,7717.0,7717.75,575
2026-08-19 07:20:00-04:00,7718.5,7719.0,7716.5,7718.0,1133
2026-08-19 07:25:00-04:00,7717.5,7718.75,7716.5,7718.5,676
2026-08-19 07:30:00-04:00,7716.0,7717.75,7715.5,7717.25,1129
2026-08-19 07:35:00-04:00,7716.25,7716.75,7715.5,7716.0,473
2026-08-19 07:40:00-04:00,7715.5,7716.5,7713.25,7716.0,1532
2026-08-19 07:45:00-04:00,7716.0,7717.0,7715.0,7715.75,670
2026-08-19 07:50:00-04:00,7715.5,7717.0,7715.5,7716.0,873
2026-08-19 07:55:00-04:00,7718.0,7718.0,7715.75,7715.75,808
2026-08-19 08:00:00-04:00,7715.75,7718.25,7715.0,7718.0,1534
2026-08-19 08:05:00-04:00,7716.25,7718.25,7715.25,7715.5,827
2026-08-19 08:10:00-04:00,7717.75,7718.5,7716.5,7716.5,1694
2026-08-19 08:15:00-04:00,7719.0,7719.0,7716.5,7717.5,1609
2026-08-19 08:20:00-04:00,7719.75,7720.0,7718.5,7718.75,2115
2026-08-19 08:25:00-04:00,7717.0,7720.25,7715.75,7719.75,4989
2026-08-19 08:30:00-04:00,7724.75,7725.5,7714.75,7717.0,9445
2026-08-19 08:35:00-04:00,7734.0,7735.0,7720.5,7724.75,16739
2026-08-19 08:40:00-04:00,7740.5,7740.75,7733.0,7734.0,15951
2026-08-19 08:45:00-04:00,7751.75,7751.75,7740.75,7740.75,20554
2026-08-19 08:50:00-04:00,7755.0,7758.25,7751.25,7751.5,14478
2026-08-19 08:55:00-04:00,7748.25,7755.25,7746.5,7755.25,9813
2026-08-19 09:00:00-04:00,7740.75,7748.25,7740.5,7748.0,8924
2026-08-19 09:05:00-04:00,7745.25,7746.5,7740.25,7740.75,7032
2026-08-19 09:10:00-04:00,7748.5,7749.5,7745.0,7745.0,3791
2026-08-19 09:15:00-04:00,7748.0,7749.0,7746.5,7748.5,3718
2026-08-19 09:20:00-04:00,7748.75,7750.75,7747.25,7748.0,2990
2026-08-19 09:25:00-04:00,7743.5,7750.75,7743.25,7748.75,8116
2026-08-19 09:30:00-04:00,7739.75,7746.0,7738.25,7743.5,40231
2026-08-19 09:35:00-04:00,7734.75,7742.0,7733.0,7739.75,24793
2026-08-19 09:40:00-04:00,7740.5,7742.5,7732.0,7734.75,25973
2026-08-19 09:45:00-04:00,7725.25,7745.75,7723.25,7740.75,34696
2026-08-19 09:50:00-04:00,7736.0,7736.75,7720.75,7725.0,34106
2026-08-19 09:55:00-04:00,7739.5,7743.25,7733.5,7736.0,24326
2026-08-19 10:00:00-04:00,7736.0,7742.25,7735.25,7739.75,23370
2026-08-19 10:05:00-04:00,7737.75,7740.25,7734.5,7736.0,17355
2026-08-19 10:10:00-04:00,7727.5,7739.25,7726.5,7737.75,26332
2026-08-19 10:15:00-04:00,7737.25,7741.0,7726.75,7727.5,25890
2026-08-19 10:20:00-04:00,7735.5,7741.25,7733.5,7737.25,18372
2026-08-19 10:25:00-04:00,7739.5,7740.25,7731.5,7735.25,19602
2026-08-19 10:30:00-04:00,7741.75,7744.25,7737.75,7739.5,17373
2026-08-19 10:35:00-04:00,7751.5,7752.75,7741.0,7741.5,19600
2026-08-19 10:40:00-04:00,7750.5,7753.25,7748.0,7751.5,14580
2026-08-19 10:45:00-04:00,7747.25,7752.5,7746.5,7750.5,11195
2026-08-19 10:50:00-04:00,7753.25,7754.0,7746.75,7747.0,12616
2026-08-19 10:55:00-04:00,7761.75,7762.25,7752.5,7753.25,18524
2026-08-19 11:00:00-04:00,7761.75,7764.75,7760.0,7762.0,17043
2026-08-19 11:05:00-04:00,7754.75,7762.5,7754.5,7761.75,14024
2026-08-19 11:10:00-04:00,7758.0,7759.5,7754.5,7755.0,9641
2026-08-19 11:15:00-04:00,7754.5,7758.25,7753.5,7757.75,10090
2026-08-19 11:20:00-04:00,7751.5,7755.5,7751.25,7754.5,10339
2026-08-19 11:25:00-04:00,7750.75,7752.0,7748.25,7751.5,12944
2026-08-19 11:30:00-04:00,7747.25,7751.25,7747.0,7750.75,10089
2026-08-19 11:35:00-04:00,7744.75,7748.75,7743.0,7747.5,11234
2026-08-19 11:40:00-04:00,7744.25,7744.75,7740.0,7744.75,14235
2026-08-19 11:45:00-04:00,7743.25,7748.25,7743.0,7744.25,13913
2026-08-19 11:50:00-04:00,7740.75,7744.75,7740.0,7743.25,13890
2026-08-19 11:55:00-04:00,7745.75,7745.75,7739.75,7740.5,8392
2026-08-19 12:00:00-04:00,7752.5,7752.5,7743.25,7745.75,15144
2026-08-19 12:05:00-04:00,7754.75,7755.5,7751.5,7752.5,10437
2026-08-19 12:10:00-04:00,7755.0,7756.25,7754.25,7754.5,7736
2026-08-19 12:15:00-04:00,7758.0,7759.5,7753.75,7755.0,9421
2026-08-19 12:20:00-04:00,7753.75,7758.0,7753.0,7757.75,7562
2026-08-19 12:25:00-04:00,7746.0,7753.75,7745.75,7753.75,10703
2026-08-19 12:30:00-04:00,7746.75,7747.0,7743.5,7746.0,11559
2026-08-19 12:35:00-04:00,7744.5,7746.75,7742.0,7746.5,7094
2026-08-19 12:40:00-04:00,7743.25,7744.75,7741.75,7744.5,6402
2026-08-19 12:45:00-04:00,7741.0,7743.75,7740.25,7743.0,7604
2026-08-19 12:50:00-04:00,7738.0,7741.0,7736.5,7741.0,12285
2026-08-19 12:55:00-04:00,7736.0,7737.75,7734.25,7737.75,8974
2026-08-19 13:00:00-04:00,7738.5,7740.5,7735.25,7736.0,8650
2026-08-19 13:05:00-04:00,7734.25,7741.5,7733.75,7738.5,9015
2026-08-19 13:10:00-04:00,7737.75,7740.0,7734.25,7734.25,7165
2026-08-19 13:15:00-04:00,7733.75,7739.25,7733.75,7737.5,7353
2026-08-19 13:20:00-04:00,7732.25,7734.5,7729.75,7734.0,11173
2026-08-19 13:25:00-04:00,7735.0,7736.0,7731.5,7732.25,8302
2026-08-19 13:30:00-04:00,7731.5,7736.0,7731.25,7734.75,8269
2026-08-19 13:35:00-04:00,7731.75,7734.25,7730.75,7731.25,6835
2026-08-19 13:40:00-04:00,7735.0,7737.0,7731.5,7732.0,6742
2026-08-19 13:45:00-04:00,7734.75,7737.25,7734.25,7735.0,6012
2026-08-19 13:50:00-04:00,7735.5,7738.5,7734.0,7734.75,6362
2026-08-19 13:55:00-04:00,7734.75,7735.5,7732.75,7735.5,4064
2026-08-19 14:00:00-04:00,7740.75,7745.0,7733.25,7734.5,15714
2026-08-19 14:05:00-04:00,7729.25,7742.0,7729.0,7740.5,15868
2026-08-19 14:10:00-04:00,7734.0,7736.5,7729.0,7729.0,9486
2026-08-19 14:15:00-04:00,7732.25,7734.25,7730.0,7734.0,8380
2026-08-19 14:20:00-04:00,7732.0,7734.25,7731.25,7732.5,5430
2026-08-19 14:25:00-04:00,7735.0,7735.75,7731.75,7732.25,6800
2026-08-19 14:30:00-04:00,7738.5,7739.75,7735.0,7735.0,10607
2026-08-19 14:35:00-04:00,7737.0,7738.75,7736.0,7738.5,6774
2026-08-19 14:40:00-04:00,7737.25,7740.5,7736.5,7737.25,6815
2026-08-19 14:45:00-04:00,7737.5,7737.75,7735.25,7737.5,5520
2026-08-19 14:50:00-04:00,7736.25,7738.0,7734.0,7737.75,7020
2026-08-19 14:55:00-04:00,7734.75,7737.0,7734.5,7736.0,5141
2026-08-19 15:00:00-04:00,7735.75,7737.5,7733.75,7734.75,8609
2026-08-19 15:05:00-04:00,7738.5,7739.25,7734.5,7736.0,5596
2026-08-19 15:10:00-04:00,7736.5,7739.0,7736.25,7738.5,5399
2026-08-19 15:15:00-04:00,7739.75,7739.75,7735.75,7736.5,8591
2026-08-19 15:20:00-04:00,7739.0,7740.0,7736.25,7739.5,7355
2026-08-19 15:25:00-04:00,7735.75,7740.0,7735.25,7738.75,8387
2026-08-19 15:30:00-04:00,7741.5,7743.5,7735.5,7735.75,11966
2026-08-19 15:35:00-04:00,7731.5,7741.75,7731.25,7741.5,17658
2026-08-19 15:40:00-04:00,7729.5,7733.75,7729.25,7731.25,11991
2026-08-19 15:45:00-04:00,7727.25,7730.5,7724.75,7729.25,15923
2026-08-19 15:50:00-04:00,7727.0,7728.5,7722.25,7727.25,24220
2026-08-19 15:55:00-04:00,7731.5,7731.75,7721.75,7727.0,79277
2026-08-19 16:00:00-04:00,7729.75,7732.75,7729.0,7731.25,17952
2026-08-19 16:05:00-04:00,7729.25,7730.25,7725.75,7730.0,5893
2026-08-19 16:10:00-04:00,7728.5,7730.25,7728.5,7729.25,3023
2026-08-19 16:15:00-04:00,7727.25,7728.75,7726.25,7728.5,3091
2026-08-19 16:20:00-04:00,7727.25,7728.0,7727.0,7727.5,1238
2026-08-19 16:25:00-04:00,7729.5,7729.5,7727.25,7727.5,1407
2026-08-19 16:30:00-04:00,7729.5,7730.0,7727.75,7729.25,1429
2026-08-19 16:35:00-04:00,7728.25,7730.0,7728.25,7729.75,812
2026-08-19 16:40:00-04:00,7728.75,7729.75,7727.5,7728.25,1052
2026-08-19 16:45:00-04:00,7730.0,7730.5,7729.0,7729.0,697
2026-08-19 16:50:00-04:00,7731.0,7731.5,7730.0,7730.0,1410
2026-08-19 16:55:00-04:00,7730.5,7731.25,7730.0,7731.0,1516
2026-08-19 18:00:00-04:00,7737.75,7739.25,7731.5,7733.0,1100
2026-08-19 18:05:00-04:00,7738.25,7738.25,7734.75,7737.75,1127
2026-08-19 18:10:00-04:00,7741.0,7743.25,7735.75,7738.0,1955
2026-08-19 18:15:00-04:00,7739.5,7741.0,7739.0,7741.0,586
2026-08-19 18:20:00-04:00,7740.75,7740.75,7738.25,7739.25,432
2026-08-19 18:25:00-04:00,7739.0,7740.5,7738.25,7740.5,322
2026-08-19 18:30:00-04:00,7738.5,7739.0,7737.75,7738.75,442
2026-08-19 18:35:00-04:00,7741.0,7741.25,7738.25,7738.5,459
2026-08-19 18:40:00-04:00,7740.5,7742.0,7740.25,7740.75,348
2026-08-19 18:45:00-04:00,7740.75,7741.5,7740.25,7740.5,212
2026-08-19 18:50:00-04:00,7741.5,7742.0,7740.75,7740.75,184
2026-08-19 18:55:00-04:00,7742.0,7742.5,7739.25,7741.5,795
2026-08-19 19:00:00-04:00,7741.25,7746.5,7740.0,7742.25,1456
2026-08-19 19:05:00-04:00,7743.5,7744.5,7740.75,7741.25,350
2026-08-19 19:10:00-04:00,7742.25,7743.75,7742.0,7743.5,216
2026-08-19 19:15:00-04:00,7742.25,7743.0,7742.0,7742.0,152
2026-08-19 19:20:00-04:00,7741.25,7742.25,7740.5,7742.25,319
2026-08-19 19:25:00-04:00,7741.75,7741.75,7741.0,7741.5,212
2026-08-19 19:30:00-04:00,7741.0,7742.0,7740.25,7741.75,840
2026-08-19 19:35:00-04:00,7741.5,7742.25,7740.5,7741.25,416
2026-08-19 19:40:00-04:00,7743.0,7743.75,7741.5,7741.5,258
2026-08-19 19:45:00-04:00,7741.75,7743.0,7741.75,7742.75,485
2026-08-19 19:50:00-04:00,7741.75,7743.75,7740.5,7742.0,648
2026-08-19 19:55:00-04:00,7740.0,7742.0,7739.75,7741.5,679
2026-08-19 20:00:00-04:00,7737.5,7740.0,7735.25,7740.0,2116
2026-08-19 20:05:00-04:00,7735.25,7738.75,7734.0,7737.5,1063
2026-08-19 20:10:00-04:00,7739.5,7739.75,7734.25,7735.25,765
2026-08-19 20:15:00-04:00,7741.25,7742.25,7739.0,7739.5,976
2026-08-19 20:20:00-04:00,7741.0,7742.75,7738.75,7741.25,628
2026-08-19 20:25:00-04:00,7739.0,7740.5,7738.5,7740.5,388
2026-08-19 20:30:00-04:00,7739.75,7740.0,7737.25,7739.0,518
2026-08-19 20:35:00-04:00,7742.0,7742.0,7738.0,7740.0,438
2026-08-19 20:40:00-04:00,7740.5,7742.0,7740.25,7741.75,496
2026-08-19 20:45:00-04:00,7740.25,7742.0,7739.75,7740.75,488
2026-08-19 20:50:00-04:00,7742.25,7742.25,7740.25,7740.25,423
2026-08-19 20:55:00-04:00,7742.25,7742.75,7741.75,7742.5,448
2026-08-19 21:00:00-04:00,7743.25,7744.0,7741.5,7742.25,1014
2026-08-19 21:05:00-04:00,7741.5,7743.5,7741.25,7743.5,821
2026-08-19 21:10:00-04:00,7740.5,7741.5,7739.0,7741.25,1129
2026-08-19 21:15:00-04:00,7743.0,7743.25,7739.5,7740.25,830
2026-08-19 21:20:00-04:00,7739.5,7743.0,7738.75,7743.0,538
2026-08-19 21:25:00-04:00,7739.75,7740.75,7738.0,7739.5,490
2026-08-19 21:30:00-04:00,7739.5,7741.0,7737.5,7739.75,687
2026-08-19 21:35:00-04:00,7740.75,7740.75,7738.75,7739.5,480
2026-08-19 21:40:00-04:00,7742.0,7742.25,7740.25,7740.5,491
2026-08-19 21:45:00-04:00,7740.75,7742.5,7740.0,7742.0,483
2026-08-19 21:50:00-04:00,7741.0,7742.0,7739.0,7741.0,604
2026-08-19 21:55:00-04:00,7738.75,7740.5,7737.0,7740.5,614
2026-08-19 22:00:00-04:00,7742.0,7743.0,7738.5,7738.75,745
2026-08-19 22:05:00-04:00,7741.5,7743.0,7741.5,7742.25,309
2026-08-19 22:10:00-04:00,7741.75,7741.75,7740.0,7741.5,345
2026-08-19 22:15:00-04:00,7739.5,7741.5,7738.75,7741.25,202
