Price,Close,High,Low,Open,Volume
Ticker,NQ=F,NQ=F,NQ=F,NQ=F,NQ=F
Datetime,,,,,
2026-06-22 00:00:00-04:00,30557.5,30561.75,30549.0,30556.5,0
2026-06-22 00:05:00-04:00,30579.0,30580.75,30558.0,30558.75,495
2026-06-22 00:10:00-04:00,30560.5,30583.25,30559.75,30578.0,397
2026-06-22 00:15:00-04:00,30561.5,30567.75,30553.75,30560.25,387
2026-06-22 00:20:00-04:00,30562.75,30576.5,30557.75,30561.25,390
2026-06-22 00:25:00-04:00,30547.0,30563.25,30543.0,30563.25,508
2026-06-22 00:30:00-04:00,30561.5,30564.75,30543.0,30546.5,338
2026-06-22 00:35:00-04:00,30547.5,30561.0,30528.25,30561.0,607
2026-06-22 00:40:00-04:00,30532.25,30550.75,30524.0,30547.0,735
2026-06-22 00:45:00-04:00,30572.75,30574.25,30529.5,30533.0,865
2026-06-22 00:50:00-04:00,30571.0,30586.5,30568.5,30572.75,540
2026-06-22 00:55:00-04:00,30582.75,30592.25,30564.25,30570.0,557
2026-06-22 01:00:00-04:00,30583.75,30588.75,30571.25,30582.75,469
2026-06-22 01:05:00-04:00,30637.0,30640.0,30582.75,30584.5,1083
2026-06-22 01:10:00-04:00,30654.25,30663.75,30633.5,30638.0,703
2026-06-22 01:15:00-04:00,30646.5,30665.0,30642.5,30654.75,430
2026-06-22 01:20:00-04:00,30658.5,30660.0,30643.75,30646.75,529
2026-06-22 01:25:00-04:00,30659.25,30661.5,30651.0,30658.25,340
2026-06-22 01:30:00-04:00,30639.0,30661.0,30630.0,30659.0,500
2026-06-22 01:35:00-04:00,30639.5,30656.5,30638.0,30638.0,306
2026-06-22 01:40:00-04:00,30638.25,30648.0,30634.0,30640.0,216
2026-06-22 01:45:00-04:00,30640.75,30645.0,30629.0,30638.75,274
2026-06-22 01:50:00-04:00,30639.75,30651.0,30634.25,30641.0,225
2026-06-22 01:55:00-04:00,30640.25,30652.75,30636.0,30641.0,323
2026-06-22 02:00:00-04:00,30663.25,30666.0,30638.0,30641.5,555
2026-06-22 02:05:00-04:00,30682.75,30684.0,30661.25,30663.25,905
2026-06-22 02:10:00-04:00,30681.0,30684.0,30667.5,30682.5,560
2026-06-22 02:15:00-04:00,30688.0,30694.5,30675.75,30682.25,1279
2026-06-22 02:20:00-04:00,30710.5,30714.5,30682.5,30686.5,697
2026-06-22 02:25:00-04:00,30729.25,30738.5,30707.5,30709.0,823
2026-06-22 02:30:00-04:00,30713.0,30730.0,30704.75,30729.0,1009
2026-06-22 02:35:00-04:00,30721.0,30726.0,30709.5,30712.5,310
2026-06-22 02:40:00-04:00,30724.0,30735.0,30718.0,30720.25,376
2026-06-22 02:45:00-04:00,30722.75,30740.0,30720.5,30724.75,536
2026-06-22 02:50:00-04:00,30735.25,30736.75,30720.75,30724.25,276
2026-06-22 02:55:00-04:00,30736.75,30742.25,30731.75,30734.25,337
2026-06-22 03:00:00-04:00,30771.25,30771.5,30733.5,30737.25,1135
2026-06-22 03:05:00-04:00,30757.0,30775.75,30755.5,30770.5,844
2026-06-22 03:10:00-04:00,30763.25,30765.5,30754.5,30757.5,353
2026-06-22 03:15:00-04:00,30778.25,30780.75,30763.5,30764.5,419
2026-06-22 03:20:00-04:00,30762.25,30781.75,30759.25,30779.0,451
2026-06-22 03:25:00-04:00,30774.25,30774.75,30759.0,30762.25,354
2026-06-22 03:30:00-04:00,30771.0,30776.75,30763.5,30773.75,279
2026-06-22 03:35:00-04:00,30769.25,30779.5,30766.0,30770.75,382
2026-06-22 03:40:00-04:00,30749.5,30769.5,30744.5,30768.75,604
2026-06-22 03:45:00-04:00,30761.5,30767.0,30745.25,30749.25,515
2026-06-22 03:50:00-04:00,30750.5,30766.25,30749.5,30759.5,264
2026-06-22 03:55:00-04:00,30759.0,30760.0,30746.25,30751.0,329
2026-06-22 04:00:00-04:00,30730.25,30765.5,30725.0,30758.0,767
2026-06-22 04:05:00-04:00,30719.25,30732.75,30716.25,30731.0,637
2026-06-22 04:10:00-04:00,30724.75,30735.0,30698.0,30719.0,1115
2026-06-22 04:15:00-04:00,30706.0,30730.0,30701.5,30725.25,649
2026-06-22 04:20:00-04:00,30711.75,30715.0,30687.25,30705.0,656
2026-06-22 04:25:00-04:00,30702.25,30715.0,30697.0,30710.75,411
2026-06-22 04:30:00-04:00,30714.5,30716.5,30692.75,30698.75,504
2026-06-22 04:35:00-04:00,30726.0,30730.0,30713.5,30714.75,721
2026-06-22 04:40:00-04:00,30739.75,30739.75,30718.25,30727.0,518
2026-06-22 04:45:00-04:00,30721.75,30741.75,30712.5,30738.75,448
2026-06-22 04:50:00-04:00,30728.25,30728.25,30714.0,30720.75,423
2026-06-22 04:55:00-04:00,30731.25,30735.5,30721.0,30728.5,415
2026-06-22 05:00:00-04:00,30747.0,30747.75,30710.0,30730.75,606
2026-06-22 05:05:00-04:00,30753.25,30758.0,30739.75,30747.75,884
2026-06-22 05:10:00-04:00,30743.75,30754.5,30730.5,30753.75,456
2026-06-22 05:15:00-04:00,30733.0,30746.0,30728.0,30743.25,440
2026-06-22 05:20:00-04:00,30733.5,30740.0,30726.25,30732.25,313
2026-06-22 05:25:00-04:00,30731.75,30743.5,30724.25,30733.25,377
2026-06-22 05:30:00-04:00,30728.25,30734.5,30713.0,30732.25,689
2026-06-22 05:35:00-04:00,30713.75,30728.75,30713.75,30726.25,240
2026-06-22 05:40:00-04:00,30708.25,30720.0,30704.0,30712.5,291
2026-06-22 05:45:00-04:00,30708.75,30715.25,30704.5,30710.0,219
2026-06-22 05:50:00-04:00,30710.0,30716.5,30700.0,30707.0,381
2026-06-22 05:55:00-04:00,30699.0,30714.5,30699.0,30710.5,344
2026-06-22 06:00:00-04:00,30737.75,30738.5,30700.5,30700.5,598
2026-06-22 06:05:00-04:00,30754.25,30760.0,30735.0,30737.75,625
2026-06-22 06:10:00-04:00,30750.5,30766.75,30750.0,30753.25,559
2026-06-22 06:15:00-04:00,30748.5,30760.5,30745.0,30750.0,493
2026-06-22 06:20:00-04:00,30750.0,30753.0,30740.0,30748.75,350
2026-06-22 06:25:00-04:00,30741.0,30751.75,30735.0,30750.0,467
2026-06-22 06:30:00-04:00,30722.0,30741.0,30713.0,30740.25,522
2026-06-22 06:35:00-04:00,30709.75,30726.5,30707.25,30722.75,448
2026-06-22 06:40:00-04:00,30717.25,30723.25,30702.75,30708.75,829
2026-06-22 06:45:00-04:00,30732.0,30736.25,30717.75,30718.0,685
2026-06-22 06:50:00-04:00,30724.0,30734.5,30716.25,30733.5,574
2026-06-22 06:55:00-04:00,30720.0,30727.0,30715.0,30724.5,328
2026-06-22 07:00:00-04:00,30767.75,30773.25,30719.5,30720.25,1353
2026-06-22 07:05:00-04:00,30781.5,30828.0,30767.25,30768.0,3047
2026-06-22 07:10:00-04:00,30730.5,30782.5,30710.75,30782.5,1527
2026-06-22 07:15:00-04:00,30741.25,30741.75,30722.0,30730.5,521
2026-06-22 07:20:00-04:00,30743.0,30744.0,30729.0,30739.0,467
2026-06-22 07:25:00-04:00,30738.75,30750.75,30734.5,30741.25,439
2026-06-22 07:30:00-04:00,30750.25,30762.25,30736.75,30738.0,748
2026-06-22 07:35:00-04:00,30769.25,30770.0,30752.25,30752.25,623
2026-06-22 07:40:00-04:00,30749.75,30771.0,30748.0,30770.0,493
2026-06-22 07:45:00-04:00,30757.5,30757.75,30727.0,30749.0,977
2026-06-22 07:50:00-04:00,30743.0,30761.25,30735.0,30757.25,577
2026-06-22 07:55:00-04:00,30757.75,30762.0,30741.0,30743.0,526
2026-06-22 08:00:00-04:00,30768.5,30769.75,30752.5,30755.75,613
2026-06-22 08:05:00-04:00,30773.25,30774.75,30763.0,30768.5,414
2026-06-22 08:10:00-04:00,30780.5,30787.25,30767.5,30773.0,643
2026-06-22 08:15:00-04:00,30778.5,30785.0,30771.0,30781.0,354
2026-06-22 08:20:00-04:00,30809.25,30813.0,30778.25,30778.25,967
2026-06-22 08:25:00-04:00,30823.25,30827.75,30801.75,30809.25,966
2026-06-22 08:30:00-04:00,30843.5,30844.5,30814.0,30825.0,1276
2026-06-22 08:35:00-04:00,30824.25,30844.75,30822.5,30843.25,924
2026-06-22 08:40:00-04:00,30806.25,30834.25,30805.0,30823.75,1470
2026-06-22 08:45:00-04:00,30813.25,30817.0,30796.25,30808.0,821
2026-06-22 08:50:00-04:00,30806.25,30819.5,30804.75,30813.25,662
2026-06-22 08:55:00-04:00,30800.5,30816.0,30800.0,30806.0,614
2026-06-22 09:00:00-04:00,30852.25,30869.75,30801.0,30801.0,2337
2026-06-22 09:05:00-04:00,30834.5,30855.0,30821.0,30852.0,1149
2026-06-22 09:10:00-04:00,30858.25,30861.0,30828.0,30832.75,1486
2026-06-22 09:15:00-04:00,30858.25,30866.25,30847.0,30858.5,934
2026-06-22 09:20:00-04:00,30869.25,30871.25,30853.25,30858.25,1037
2026-06-22 09:25:00-04:00,30822.0,30873.5,30815.5,30870.5,3130
2026-06-22 09:30:00-04:00,30783.75,30904.0,30756.75,30822.75,16698
2026-06-22 09:35:00-04:00,30920.75,30924.5,30780.25,30786.25,11665
2026-06-22 09:40:00-04:00,30790.0,30926.75,30763.0,30920.0,12534
2026-06-22 09:45:00-04:00,30880.0,30903.0,30787.75,30789.25,10057
2026-06-22 09:50:00-04:00,30852.5,30909.25,30843.75,30879.75,7165
2026-06-22 09:55:00-04:00,30937.0,30937.25,30842.5,30852.5,7327
2026-06-22 10:00:00-04:00,30923.0,30954.5,30907.5,30936.25,7836
2026-06-22 10:05:00-04:00,30949.75,30966.5,30906.25,30922.5,5719
2026-06-22 10:10:00-04:00,30909.75,30968.0,30897.25,30950.25,5871
2026-06-22 10:15:00-04:00,30875.75,30911.75,30848.0,30909.75,6700
2026-06-22 10:20:00-04:00,30804.25,30877.5,30786.75,30876.0,7796
2026-06-22 10:25:00-04:00,30756.5,30821.25,30744.0,30804.0,9757
2026-06-22 10:30:00-04:00,30692.0,30762.25,30649.5,30756.75,14544
2026-06-22 10:35:00-04:00,30695.25,30732.0,30661.5,30692.0,8594
2026-06-22 10:40:00-04:00,30626.0,30714.75,30612.5,30696.0,8142
2026-06-22 10:45:00-04:00,30630.25,30682.0,30614.25,30626.25,7961
2026-06-22 10:50:00-04:00,30580.5,30656.0,30558.0,30631.0,10011
2026-06-22 10:55:00-04:00,30639.0,30653.75,30545.0,30579.0,7980
2026-06-22 11:00:00-04:00,30666.0,30680.0,30627.75,30639.75,5627
2026-06-22 11:05:00-04:00,30639.5,30668.5,30603.0,30666.25,7391
2026-06-22 11:10:00-04:00,30628.5,30662.0,30616.25,30639.5,4435
2026-06-22 11:15:00-04:00,30606.0,30656.0,30591.0,30629.75,5841
2026-06-22 11:20:00-04:00,30632.0,30644.0,30586.75,30607.5,5055
2026-06-22 11:25:00-04:00,30597.75,30648.75,30583.25,30631.75,5470
2026-06-22 11:30:00-04:00,30595.75,30633.0,30585.5,30597.5,6266
2026-06-22 11:35:00-04:00,30607.0,30618.0,30575.75,30596.5,4526
2026-06-22 11:40:00-04:00,30648.5,30673.0,30609.5,30609.5,4843
2026-06-22 11:45:00-04:00,30553.0,30673.75,30541.25,30649.0,6441
2026-06-22 11:50:00-04:00,30552.25,30601.5,30550.75,30555.0,5676
2026-06-22 11:55:00-04:00,30557.25,30591.25,30543.5,30553.25,4417
2026-06-22 12:00:00-04:00,30518.25,30570.75,30503.0,30556.75,6807
2026-06-22 12:05:00-04:00,30550.25,30555.0,30506.25,30518.25,4009
2026-06-22 12:10:00-04:00,30580.5,30586.5,30547.75,30548.25,3559
2026-06-22 12:15:00-04:00,30583.5,30586.0,30552.25,30579.75,2621
2026-06-22 12:20:00-04:00,30572.5,30615.25,30560.0,30583.0,4222
2026-06-22 12:25:00-04:00,30590.0,30592.0,30553.5,30571.5,2670
2026-06-22 12:30:00-04:00,30551.0,30590.25,30547.25,30589.5,2466
2026-06-22 12:35:00-04:00,30548.25,30560.25,30531.0,30550.0,2704
2026-06-22 12:40:00-04:00,30544.0,30557.75,30526.0,30547.75,2631
2026-06-22 12:45:00-04:00,30577.5,30578.0,30522.0,30544.25,2983
2026-06-22 12:50:00-04:00,30592.0,30596.0,30570.0,30576.5,3306
2026-06-22 12:55:00-04:00,30589.0,30604.25,30566.5,30592.75,3545
2026-06-22 13:00:00-04:00,30590.75,30602.75,30573.25,30589.5,2565
2026-06-22 13:05:00-04:00,30540.0,30591.25,30532.0,30591.25,3160
2026-06-22 13:10:00-04:00,30568.0,30568.0,30536.0,30539.5,1656
2026-06-22 13:15:00-04:00,30600.75,30600.75,30567.25,30567.75,2515
2026-06-22 13:20:00-04:00,30600.75,30613.75,30584.75,30600.0,1899
2026-06-22 13:25:00-04:00,30597.75,30610.75,30589.0,30601.5,1522
2026-06-22 13:30:00-04:00,30585.75,30605.5,30573.5,30597.25,2041
2026-06-22 13:35:00-04:00,30589.0,30592.25,30559.0,30585.75,2164
2026-06-22 13:40:00-04:00,30580.5,30598.25,30574.75,30589.0,1180
2026-06-22 13:45:00-04:00,30613.25,30616.25,30573.75,30580.75,1842
2026-06-22 13:50:00-04:00,30642.25,30650.0,30608.5,30613.0,3033
2026-06-22 13:55:00-04:00,30615.0,30648.5,30613.75,30641.75,2980
2026-06-22 14:00:00-04:00,30614.75,30628.75,30601.0,30614.5,2491
2026-06-22 14:05:00-04:00,30630.5,30634.75,30614.0,30614.0,1663
2026-06-22 14:10:00-04:00,30625.75,30638.25,30614.75,30630.75,1367
2026-06-22 14:15:00-04:00,30640.5,30650.75,30625.25,30625.5,1875
2026-06-22 14:20:00-04:00,30644.0,30665.0,30638.5,30640.25,2843
2026-06-22 14:25:00-04:00,30627.75,30646.5,30615.75,30644.0,2124
2026-06-22 14:30:00-04:00,30625.75,30647.0,30617.75,30627.75,2269
2026-06-22 14:35:00-04:00,30613.5,30634.25,30611.0,30625.75,1654
2026-06-22 14:40:00-04:00,30582.75,30617.0,30580.75,30614.0,2096
2026-06-22 14:45:00-04:00,30601.25,30604.5,30574.5,30582.75,2322
2026-06-22 14:50:00-04:00,30574.75,30605.25,30555.25,30601.25,3182
2026-06-22 14:55:00-04:00,30558.5,30575.75,30550.5,30574.5,2283
2026-06-22 15:00:00-04:00,30585.5,30596.75,30553.5,30560.5,2945
2026-06-22 15:05:00-04:00,30559.5,30589.25,30534.5,30584.25,2800
2026-06-22 15:10:00-04:00,30574.25,30586.75,30549.0,30559.5,2198
2026-06-22 15:15:00-04:00,30582.0,30587.75,30561.0,30573.5,2159
2026-06-22 15:20:00-04:00,30562.25,30587.0,30550.25,30581.25,2062
2026-06-22 15:25:00-04:00,30552.75,30568.75,30549.75,30562.25,2060
2026-06-22 15:30:00-04:00,30585.25,30597.75,30552.25,30552.5,2937
2026-06-22 15:35:00-04:00,30580.75,30590.5,30570.5,30584.75,2180
2026-06-22 15:40:00-04:00,30564.5,30589.0,30560.0,30580.0,2194
2026-06-22 15:45:00-04:00,30588.25,30599.5,30561.75,30564.75,2717
2026-06-22 15:50:00-04:00,30626.0,30648.75,30579.0,30590.0,6640
2026-06-22 15:55:00-04:00,30654.0,30673.5,30611.75,30626.75,13494
2026-06-22 16:00:00-04:00,30661.25,30677.75,30642.75,30653.25,6761
2026-06-22 16:05:00-04:00,30645.0,30664.5,30640.25,30661.5,1536
2026-06-22 16:10:00-04:00,30652.25,30656.0,30639.0,30644.25,1468
2026-06-22 16:15:00-04:00,30670.5,30673.75,30648.5,30653.0,1448
2026-06-22 16:20:00-04:00,30658.25,30671.75,30657.25,30671.5,909
2026-06-22 16:25:00-04:00,30648.75,30658.5,30644.25,30658.5,681
2026-06-22 16:30:00-04:00,30652.0,30656.5,30647.5,30649.25,629
2026-06-22 16:35:00-04:00,30652.5,30656.5,30649.5,30651.0,404
2026-06-22 16:40:00-04:00,30657.0,30658.0,30653.0,30653.0,490
2026-06-22 16:45:00-04:00,30657.75,30659.0,30652.25,30657.25,505
2026-06-22 16:50:00-04:00,30652.0,30658.0,30648.75,30657.5,401
2026-06-22 16:55:00-04:00,30662.5,30672.75,30651.25,30652.0,882
2026-06-22 18:00:00-04:00,30676.75,30701.25,30645.5,30662.75,0
2026-06-22 18:05:00-04:00,30668.5,30686.0,30648.25,30674.5,946
2026-06-22 18:10:00-04:00,30664.5,30670.5,30655.75,30670.25,282
2026-06-22 18:15:00-04:00,30666.25,30670.0,30659.75,30664.25,147
2026-06-22 18:20:00-04:00,30669.0,30674.25,30656.5,30664.25,255
2026-06-22 18:25:00-04:00,30641.0,30670.0,30634.0,30669.5,701
2026-06-22 18:30:00-04:00,30604.5,30644.25,30601.25,30640.0,916
2026-06-22 18:35:00-04:00,30595.5,30607.25,30572.0,30604.25,1186
2026-06-22 18:40:00-04:00,30574.25,30598.75,30568.5,30595.75,549
2026-06-22 18:45:00-04:00,30586.75,30588.5,30566.5,30574.75,532
2026-06-22 18:50:00-04:00,30591.5,30593.0,30579.5,30588.0,356
2026-06-22 18:55:00-04:00,30582.25,30593.75,30580.75,30590.0,415
2026-06-22 19:00:00-04:00,30574.75,30588.5,30560.5,30581.5,697
2026-06-22 19:05:00-04:00,30578.5,30579.75,30569.25,30574.5,235
2026-06-22 19:10:00-04:00,30558.75,30579.5,30556.25,30579.25,484
2026-06-22 19:15:00-04:00,30548.75,30559.75,30546.0,30559.75,535
2026-06-22 19:20:00-04:00,30558.25,30565.0,30545.0,30548.25,451
2026-06-22 19:25:00-04:00,30572.0,30573.5,30552.25,30559.75,442
2026-06-22 19:30:00-04:00,30567.0,30575.0,30565.0,30572.0,236
2026-06-22 19:35:00-04:00,30560.25,30576.75,30559.0,30567.0,319
2026-06-22 19:40:00-04:00,30573.5,30573.75,30560.5,30563.75,161
2026-06-22 19:45:00-04:00,30554.75,30579.0,30546.5,30573.5,706
2026-06-22 19:50:00-04:00,30559.5,30563.5,30540.0,30554.75,549
2026-06-22 19:55:00-04:00,30575.0,30578.25,30555.0,30556.75,432
2026-06-22 20:00:00-04:00,30591.25,30602.25,30571.75,30574.25,1194
2026-06-22 20:05:00-04:00,30561.25,30597.0,30558.5,30589.0,811
2026-06-22 20:10:00-04:00,30520.0,30562.75,30518.0,30559.25,1193
2026-06-22 20:15:00-04:00,30508.25,30545.0,30505.0,30521.75,1239
2026-06-22 20:20:00-04:00,30467.25,30509.25,30461.25,30508.25,1652
2026-06-22 20:25:00-04:00,30495.5,30512.5,30464.75,30468.0,1614
2026-06-22 20:30:00-04:00,30526.25,30534.25,30481.75,30496.25,1072
2026-06-22 20:35:00-04:00,30552.5,30557.75,30510.0,30526.0,941
2026-06-22 20:40:00-04:00,30604.5,30607.25,30547.75,30552.25,1254
2026-06-22 20:45:00-04:00,30613.25,30636.0,30594.25,30606.5,1679
2026-06-22 20:50:00-04:00,30599.0,30616.75,30594.0,30614.0,891
2026-06-22 20:55:00-04:00,30602.0,30608.25,30586.25,30599.0,655
2026-06-22 21:00:00-04:00,30610.75,30616.0,30586.0,30602.75,1150
2026-06-22 21:05:00-04:00,30603.0,30616.25,30581.0,30610.0,1176
2026-06-22 21:10:00-04:00,30584.5,30615.75,30584.0,30602.25,609
2026-06-22 21:15:00-04:00,30567.5,30594.0,30557.75,30584.25,1156
2026-06-22 21:20:00-04:00,30554.0,30576.25,30550.25,30565.5,731
2026-06-22 21:25:00-04:00,30566.25,30581.0,30552.75,30552.75,691
2026-06-22 21:30:00-04:00,30519.25,30573.0,30516.5,30565.25,1165
2026-06-22 21:35:00-04:00,30500.0,30523.5,30476.75,30519.75,1884
2026-06-22 21:40:00-04:00,30472.0,30517.75,30465.5,30498.0,1240
2026-06-22 21:45:00-04:00,30442.0,30472.5,30433.25,30471.25,1867
2026-06-22 21:50:00-04:00,30456.0,30463.25,30406.0,30443.0,1788
2026-06-22 21:55:00-04:00,30459.75,30480.75,30447.25,30455.5,1087
2026-06-22 22:00:00-04:00,30462.0,30472.75,30436.0,30462.25,895
2026-06-22 22:05:00-04:00,30417.5,30462.75,30401.0,30462.75,1428
2026-06-22 22:10:00-04:00,30434.75,30439.5,30402.75,30418.0,835
2026-06-22 22:15:00-04:00,30451.75,30459.0,30430.0,30434.25,996
2026-06-22 22:20:00-04:00,30449.5,30462.0,30445.0,30450.25,544
2026-06-22 22:25:00-04:00,30456.25,30465.0,30442.0,30450.5,528
2026-06-22 22:30:00-04:00,30432.75,30457.25,30432.5,30455.25,475
2026-06-22 22:35:00-04:00,30431.75,30445.25,30424.75,30434.0,492
2026-06-22 22:40:00-04:00,30434.25,30443.0,30421.75,30432.75,363
2026-06-22 22:45:00-04:00,30412.25,30438.5,30401.0,30432.5,860
2026-06-22 22:50:00-04:00,30415.25,30432.25,30411.25,30415.25,379
2026-06-22 22:55:00-04:00,30405.25,30433.5,30389.0,30414.5,952
2026-06-22 23:00:00-04:00,30397.25,30412.5,30388.0,30406.0,654
2026-06-22 23:05:00-04:00,30367.75,30395.75,30367.5,30395.75,812
2026-06-22 23:10:00-04:00,30367.25,30376.5,30356.75,30368.5,988
2026-06-22 23:15:00-04:00,30361.0,30379.25,30356.5,30366.0,715
2026-06-22 23:20:00-04:00,30358.25,30370.0,30352.0,30361.5,722
2026-06-22 23:25:00-04:00,30366.5,30374.75,30350.25,30357.0,751
2026-06-22 23:30:00-04:00,30340.25,30365.25,30335.0,30364.75,1341
2026-06-22 23:35:00-04:00,30321.0,30345.0,30312.5,30340.25,1124
2026-06-22 23:40:00-04:00,30331.0,30333.0,30301.0,30319.5,1166
2026-06-22 23:45:00-04:00,30337.75,30341.75,30313.0,30329.75,784
2026-06-22 23:50:00-04:00,30375.5,30378.75,30336.75,30336.75,1103
2026-06-22 23:55:00-04:00,30383.0,30385.75,30368.25,30375.0,564
2026-06-23 00:05:00-04:00,30362.75,30370.25,30360.5,30370.0,2198
2026-06-23 00:10:00-04:00,30354.75,30365.75,30335.5,30363.0,921
2026-06-23 00:15:00-04:00,30321.5,30354.75,30317.0,30353.75,662
2026-06-23 00:20:00-04:00,30322.75,30326.75,30305.25,30321.5,739
2026-06-23 00:25:00-04:00,30330.0,30338.0,30317.25,30322.5,591
2026-06-23 00:30:00-04:00,30314.5,30330.5,30312.5,30329.5,445
2026-06-23 00:35:00-04:00,30311.0,30322.25,30302.5,30316.5,553
2026-06-23 00:40:00-04:00,30295.5,30311.0,30280.0,30309.75,1117
2026-06-23 00:45:00-04:00,30286.0,30304.25,30284.25,30297.75,455
2026-06-23 00:50:00-04:00,30255.25,30290.0,30243.25,30287.5,1595
2026-06-23 00:55:00-04:00,30242.5,30255.25,30231.0,30255.25,1032
2026-06-23 01:00:00-04:00,30262.0,30264.75,30236.25,30243.0,1039
2026-06-23 01:05:00-04:00,30237.75,30268.75,30228.75,30262.75,660
2026-06-23 01:10:00-04:00,30230.5,30261.75,30227.25,30236.25,802
2026-06-23 01:15:00-04:00,30221.25,30242.5,30219.5,30230.75,963
2026-06-23 01:20:00-04:00,30214.0,30240.75,30210.25,30222.0,868
2026-06-23 01:25:00-04:00,30186.25,30217.0,30180.75,30213.25,1192
2026-06-23 01:30:00-04:00,30155.0,30189.5,30146.25,30186.0,2073
2026-06-23 01:35:00-04:00,30137.75,30160.75,30127.5,30154.5,1474
2026-06-23 01:40:00-04:00,30162.5,30166.0,30120.5,30138.75,1559
2026-06-23 01:45:00-04:00,30156.5,30169.5,30144.5,30162.25,1010
2026-06-23 01:50:00-04:00,30135.25,30165.25,30132.0,30156.25,898
2026-06-23 01:55:00-04:00,30108.5,30135.25,30093.0,30135.25,1769
2026-06-23 02:00:00-04:00,30123.0,30132.25,30091.0,30107.25,1746
2026-06-23 02:05:00-04:00,30086.25,30133.25,30073.25,30121.0,1907
2026-06-23 02:10:00-04:00,30086.5,30095.0,30067.75,30087.5,1372
2026-06-23 02:15:00-04:00,30061.75,30108.75,30053.0,30087.0,1847
2026-06-23 02:20:00-04:00,30041.5,30064.25,30029.0,30062.25,1714
2026-06-23 02:25:00-04:00,30020.5,30047.5,30003.75,30043.0,2602
2026-06-23 02:30:00-04:00,30032.5,30054.25,30012.5,30020.75,1859
2026-06-23 02:35:00-04:00,30023.25,30040.0,30006.0,30032.25,1568
2026-06-23 02:40:00-04:00,30003.5,30045.0,29979.25,30025.25,2021
2026-06-23 02:45:00-04:00,30006.75,30038.25,29993.5,30004.0,1597
2026-06-23 02:50:00-04:00,29997.0,30023.0,29988.25,30010.5,921
2026-06-23 02:55:00-04:00,29969.75,30005.0,29950.0,29993.5,1575
2026-06-23 03:00:00-04:00,29975.5,29981.5,29943.5,29969.5,1759
2026-06-23 03:05:00-04:00,30043.75,30046.25,29966.75,29978.0,1955
2026-06-23 03:10:00-04:00,30046.0,30054.25,30031.25,30042.75,1418
2026-06-23 03:15:00-04:00,30010.5,30051.5,30005.75,30047.25,1450
2026-06-23 03:20:00-04:00,29999.0,30034.75,29991.75,30008.5,1288
2026-06-23 03:25:00-04:00,30010.75,30011.5,29980.0,29997.5,1259
2026-06-23 03:30:00-04:00,29993.0,30009.25,29955.25,30008.75,1449
2026-06-23 03:35:00-04:00,29989.25,29997.5,29953.75,29991.75,1168
2026-06-23 03:40:00-04:00,29949.75,30003.75,29938.5,29990.5,1636
2026-06-23 03:45:00-04:00,29954.5,29970.25,29937.0,29951.75,1445
2026-06-23 03:50:00-04:00,29935.25,29952.75,29917.0,29952.75,1739
2026-06-23 03:55:00-04:00,29909.0,29936.25,29889.0,29936.0,1875
2026-06-23 04:00:00-04:00,29848.25,29919.25,29812.25,29909.5,4180
2026-06-23 04:05:00-04:00,29891.5,29904.5,29848.75,29849.25,1615
2026-06-23 04:10:00-04:00,29852.25,29902.0,29850.0,29890.25,1795
2026-06-23 04:15:00-04:00,29808.25,29858.0,29807.0,29851.75,2887
2026-06-23 04:20:00-04:00,29797.0,29834.5,29780.0,29809.75,1732
2026-06-23 04:25:00-04:00,29799.25,29814.75,29776.0,29796.25,1756
2026-06-23 04:30:00-04:00,29836.75,29854.0,29798.25,29798.25,2267
2026-06-23 04:35:00-04:00,29824.0,29855.75,29816.0,29838.0,1584
2026-06-23 04:40:00-04:00,29853.5,29878.0,29824.0,29824.25,1629
2026-06-23 04:45:00-04:00,29806.25,29855.0,29780.0,29854.5,1614
2026-06-23 04:50:00-04:00,29831.75,29844.75,29801.0,29805.5,1511
2026-06-23 04:55:00-04:00,29827.25,29841.0,29811.25,29833.25,1302
2026-06-23 05:00:00-04:00,29859.5,29871.5,29824.0,29830.0,1586
2026-06-23 05:05:00-04:00,29851.5,29887.25,29846.75,29860.25,1126
2026-06-23 05:10:00-04:00,29900.75,29908.5,29843.25,29850.0,1909
2026-06-23 05:15:00-04:00,29910.5,29911.0,29882.5,29900.75,985
2026-06-23 05:20:00-04:00,29922.75,29931.75,29901.0,29909.75,1730
2026-06-23 05:25:00-04:00,29917.25,29933.75,29901.0,29922.25,1784
2026-06-23 05:30:00-04:00,29895.75,29917.75,29890.5,29917.75,938
2026-06-23 05:35:00-04:00,29885.75,29907.0,29885.75,29899.0,797
2026-06-23 05:40:00-04:00,29863.25,29891.0,29862.5,29885.25,1224
2026-06-23 05:45:00-04:00,29879.0,29881.25,29857.5,29863.75,978
2026-06-23 05:50:00-04:00,29884.0,29891.0,29866.25,29879.0,919
2026-06-23 05:55:00-04:00,29886.25,29894.25,29874.0,29883.0,827
2026-06-23 06:00:00-04:00,29903.25,29916.25,29875.0,29887.25,1595
2026-06-23 06:05:00-04:00,29881.0,29906.75,29866.0,29903.0,758
2026-06-23 06:10:00-04:00,29863.5,29884.5,29853.5,29878.0,662
2026-06-23 06:15:00-04:00,29870.75,29875.5,29855.5,29863.5,840
2026-06-23 06:20:00-04:00,29848.75,29881.0,29841.0,29872.25,1448
2026-06-23 06:25:00-04:00,29825.0,29849.75,29815.5,29848.0,1361
2026-06-23 06:30:00-04:00,29791.75,29826.0,29788.5,29824.0,1723
2026-06-23 06:35:00-04:00,29799.75,29807.0,29782.25,29791.75,1374
2026-06-23 06:40:00-04:00,29781.25,29800.5,29752.0,29799.0,2054
2026-06-23 06:45:00-04:00,29794.5,29813.0,29779.0,29781.0,1084
2026-06-23 06:50:00-04:00,29803.75,29810.5,29780.75,29797.5,916
2026-06-23 06:55:00-04:00,29818.0,29825.0,29792.25,29804.75,1291
2026-06-23 07:00:00-04:00,29801.5,29842.25,29801.5,29818.5,2270
2026-06-23 07:05:00-04:00,29814.5,29833.0,29787.5,29801.25,1513
2026-06-23 07:10:00-04:00,29848.0,29851.75,29816.5,29816.5,1173
2026-06-23 07:15:00-04:00,29836.5,29848.0,29825.5,29848.0,1004
2026-06-23 07:20:00-04:00,29842.0,29869.0,29810.25,29838.0,2651
2026-06-23 07:25:00-04:00,29814.0,29845.5,29806.0,29841.75,1425
2026-06-23 07:30:00-04:00,29827.75,29847.0,29801.5,29812.5,1113
2026-06-23 07:35:00-04:00,29852.25,29858.75,29813.0,29828.75,1215
2026-06-23 07:40:00-04:00,29867.75,29872.75,29849.25,29852.75,1666
2026-06-23 07:45:00-04:00,29866.0,29882.0,29848.25,29867.75,1579
2026-06-23 07:50:00-04:00,29880.0,29884.0,29853.25,29865.25,1159
2026-06-23 07:55:00-04:00,29873.25,29884.0,29869.5,29882.0,1057
2026-06-23 08:00:00-04:00,29879.5,29900.75,29864.75,29872.0,1666
2026-06-23 08:05:00-04:00,29858.25,29880.75,29850.0,29878.5,1223
2026-06-23 08:10:00-04:00,29821.0,29868.5,29813.5,29858.0,1877
2026-06-23 08:15:00-04:00,29804.0,29826.5,29788.5,29822.5,2008
2026-06-23 08:20:00-04:00,29783.0,29805.75,29767.0,29805.25,1697
2026-06-23 08:25:00-04:00,29775.5,29782.25,29744.0,29782.25,2016
2026-06-23 08:30:00-04:00,29710.25,29791.75,29710.25,29776.25,2564
2026-06-23 08:35:00-04:00,29739.0,29743.75,29706.5,29711.0,2427
2026-06-23 08:40:00-04:00,29740.0,29775.0,29733.0,29737.5,2030
2026-06-23 08:45:00-04:00,29740.0,29754.5,29724.75,29740.25,1490
2026-06-23 08:50:00-04:00,29724.25,29762.5,29724.25,29740.0,1227
2026-06-23 08:55:00-04:00,29735.0,29752.5,29717.0,29724.0,1560
2026-06-23 09:00:00-04:00,29718.5,29745.5,29707.75,29735.0,1970
2026-06-23 09:05:00-04:00,29712.0,29729.0,29701.75,29718.5,1740
2026-06-23 09:10:00-04:00,29735.5,29745.25,29691.75,29712.25,2762
2026-06-23 09:15:00-04:00,29730.5,29736.0,29697.75,29735.75,2080
2026-06-23 09:20:00-04:00,29744.75,29755.25,29725.75,29730.25,2260
2026-06-23 09:25:00-04:00,29718.75,29744.5,29675.75,29744.5,6125
2026-06-23 09:30:00-04:00,29768.25,29773.0,29616.5,29718.25,24441
2026-06-23 09:35:00-04:00,29780.75,29797.75,29671.0,29767.25,15530
2026-06-23 09:40:00-04:00,29749.25,29806.0,29738.5,29780.5,9001
2026-06-23 09:45:00-04:00,29818.75,29857.0,29724.0,29758.75,12853
2026-06-23 09:50:00-04:00,29876.75,29915.0,29817.0,29818.25,10506
2026-06-23 09:55:00-04:00,29926.0,29934.75,29844.25,29875.75,10602
2026-06-23 10:00:00-04:00,29986.5,30004.25,29921.0,29926.0,12602
2026-06-23 10:05:00-04:00,29975.5,29998.25,29934.0,29986.5,9661
2026-06-23 10:10:00-04:00,30001.5,30015.5,29948.75,29975.25,9760
2026-06-23 10:15:00-04:00,30011.25,30023.0,29978.0,30001.5,7255
2026-06-23 10:20:00-04:00,29991.5,30047.0,29977.0,30012.0,9165
2026-06-23 10:25:00-04:00,29983.5,30002.25,29940.5,29990.75,9172
2026-06-23 10:30:00-04:00,29939.0,29998.0,29903.0,29983.5,7878
2026-06-23 10:35:00-04:00,29901.5,29998.25,29893.0,29939.5,8769
2026-06-23 10:40:00-04:00,29884.0,29944.75,29872.5,29900.5,7879
2026-06-23 10:45:00-04:00,29868.5,29900.5,29832.75,29885.0,7764
2026-06-23 10:50:00-04:00,29851.25,29929.0,29828.5,29869.75,8522
2026-06-23 10:55:00-04:00,29854.5,29865.75,29812.5,29849.5,6812
2026-06-23 11:00:00-04:00,29827.75,29886.25,29815.5,29854.25,6790
2026-06-23 11:05:00-04:00,29796.5,29840.25,29765.0,29828.25,7247
2026-06-23 11:10:00-04:00,29792.0,29813.25,29774.25,29796.75,4387
2026-06-23 11:15:00-04:00,29746.5,29803.75,29745.25,29792.0,5211
2026-06-23 11:20:00-04:00,29729.25,29776.5,29722.0,29746.5,5031
2026-06-23 11:25:00-04:00,29727.25,29751.25,29710.5,29730.0,5117
2026-06-23 11:30:00-04:00,29757.25,29778.75,29714.0,29727.25,5810
2026-06-23 11:35:00-04:00,29712.5,29788.0,29698.5,29757.25,6850
2026-06-23 11:40:00-04:00,29734.25,29747.5,29695.25,29713.0,4704
2026-06-23 11:45:00-04:00,29724.75,29759.0,29721.5,29733.5,3884
2026-06-23 11:50:00-04:00,29798.0,29821.25,29719.5,29726.0,5393
2026-06-23 11:55:00-04:00,29797.75,29814.25,29760.5,29798.0,4132
2026-06-23 12:00:00-04:00,29857.75,29860.5,29790.25,29798.0,4394
2026-06-23 12:05:00-04:00,29872.25,29890.0,29838.0,29857.25,4923
2026-06-23 12:10:00-04:00,29905.0,29915.0,29871.75,29872.5,4297
2026-06-23 12:15:00-04:00,29864.25,29915.75,29858.0,29905.25,5231
2026-06-23 12:20:00-04:00,29892.75,29904.0,29833.25,29865.25,4445
2026-06-23 12:25:00-04:00,29876.0,29897.5,29858.75,29892.75,2896
2026-06-23 12:30:00-04:00,29848.5,29889.25,29837.75,29877.25,3282
2026-06-23 12:35:00-04:00,29869.0,29872.0,29837.75,29848.5,2564
2026-06-23 12:40:00-04:00,29900.5,29903.75,29867.75,29869.5,2781
2026-06-23 12:45:00-04:00,29863.25,29907.25,29844.75,29902.5,3457
2026-06-23 12:50:00-04:00,29854.75,29864.25,29831.0,29862.75,2766
2026-06-23 12:55:00-04:00,29864.0,29881.25,29836.75,29854.75,3063
2026-06-23 13:00:00-04:00,29815.0,29866.5,29807.0,29864.0,3769
2026-06-23 13:05:00-04:00,29819.0,29825.0,29791.75,29816.0,2847
2026-06-23 13:10:00-04:00,29850.75,29883.0,29816.0,29817.75,4219
2026-06-23 13:15:00-04:00,29833.25,29868.75,29821.0,29851.0,2775
2026-06-23 13:20:00-04:00,29878.75,29890.0,29825.25,29832.5,2962
2026-06-23 13:25:00-04:00,29866.5,29891.75,29858.0,29878.0,2471
2026-06-23 13:30:00-04:00,29873.0,29873.25,29830.5,29866.5,3415
2026-06-23 13:35:00-04:00,29850.75,29896.5,29847.25,29873.0,2916
2026-06-23 13:40:00-04:00,29829.25,29857.5,29824.25,29850.0,1956
2026-06-23 13:45:00-04:00,29827.25,29845.0,29815.0,29829.25,2772
2026-06-23 13:50:00-04:00,29756.5,29829.0,29751.0,29828.75,4202
2026-06-23 13:55:00-04:00,29733.0,29766.0,29732.0,29756.75,3664
2026-06-23 14:00:00-04:00,29751.5,29782.5,29726.25,29732.75,4508
2026-06-23 14:05:00-04:00,29731.5,29758.0,29709.5,29751.75,3395
2026-06-23 14:10:00-04:00,29746.0,29751.5,29728.25,29733.25,2566
2026-06-23 14:15:00-04:00,29735.0,29762.75,29723.5,29744.75,3027
2026-06-23 14:20:00-04:00,29744.25,29755.75,29719.5,29734.25,2885
2026-06-23 14:25:00-04:00,29734.5,29746.0,29725.5,29744.75,2204
2026-06-23 14:30:00-04:00,29714.5,29742.0,29712.25,29734.0,2223
2026-06-23 14:35:00-04:00,29698.75,29723.5,29693.25,29714.75,2545
2026-06-23 14:40:00-04:00,29629.5,29699.0,29626.25,29699.0,5256
2026-06-23 14:45:00-04:00,29625.0,29635.5,29587.5,29629.5,6352
2026-06-23 14:50:00-04:00,29605.75,29657.5,29577.25,29624.0,5509
2026-06-23 14:55:00-04:00,29630.0,29642.0,29584.0,29605.0,4719
2026-06-23 15:00:00-04:00,29710.75,29716.0,29612.5,29628.75,5688
2026-06-23 15:05:00-04:00,29656.0,29753.0,29644.25,29710.25,6724
2026-06-23 15:10:00-04:00,29673.25,29688.5,29636.0,29657.0,4292
2026-06-23 15:15:00-04:00,29631.0,29687.0,29628.5,29673.25,3555
2026-06-23 15:20:00-04:00,29688.75,29715.75,29616.0,29629.75,4571
2026-06-23 15:25:00-04:00,29710.75,29733.5,29677.25,29688.5,5502
2026-06-23 15:30:00-04:00,29738.25,29744.75,29681.5,29710.75,5095
2026-06-23 15:35:00-04:00,29715.75,29745.0,29714.25,29737.25,4010
2026-06-23 15:40:00-04:00,29696.5,29723.75,29675.5,29715.75,3945
2026-06-23 15:45:00-04:00,29682.75,29710.75,29643.0,29696.0,5259
2026-06-23 15:50:00-04:00,29728.0,29732.75,29659.25,29684.0,7733
2026-06-23 15:55:00-04:00,29651.0,29728.5,29642.75,29728.0,21056
2026-06-23 16:00:00-04:00,29674.75,29681.0,29633.25,29651.0,7083
2026-06-23 16:05:00-04:00,29704.0,29717.5,29673.0,29673.75,2232
2026-06-23 16:10:00-04:00,29708.0,29718.25,29697.0,29703.25,1349
2026-06-23 16:15:00-04:00,29714.5,29716.75,29698.25,29707.75,1153
2026-06-23 16:20:00-04:00,29729.0,29732.25,29710.0,29715.0,723
2026-06-23 16:25:00-04:00,29735.75,29744.0,29727.0,29729.75,789
2026-06-23 16:30:00-04:00,29742.75,29746.25,29727.75,29734.75,568
2026-06-23 16:35:00-04:00,29728.25,29748.25,29727.75,29743.0,555
2026-06-23 16:40:00-04:00,29730.0,29735.25,29717.0,29728.5,624
2026-06-23 16:45:00-04:00,29717.25,29733.0,29716.0,29729.5,880
2026-06-23 16:50:00-04:00,29725.5,29728.75,29717.25,29717.25,518
2026-06-23 16:55:00-04:00,29752.0,29757.5,29721.0,29724.5,799
2026-06-23 18:00:00-04:00,29755.25,29795.0,29745.0,29770.0,0
2026-06-23 18:05:00-04:00,29784.25,29790.0,29749.0,29754.75,629
2026-06-23 18:10:00-04:00,29781.75,29802.25,29776.5,29784.0,742
2026-06-23 18:15:00-04:00,29770.25,29803.5,29761.0,29781.0,617
2026-06-23 18:20:00-04:00,29712.5,29774.5,29710.0,29769.75,1175
2026-06-23 18:25:00-04:00,29706.0,29721.25,29701.25,29711.0,918
2026-06-23 18:30:00-04:00,29678.25,29729.0,29667.5,29706.5,1191
2026-06-23 18:35:00-04:00,29672.0,29684.25,29653.0,29677.0,986
2026-06-23 18:40:00-04:00,29642.0,29679.25,29632.5,29673.0,902
2026-06-23 18:45:00-04:00,29666.0,29667.0,29638.0,29640.0,470
2026-06-23 18:50:00-04:00,29674.5,29680.25,29651.75,29666.25,648
2026-06-23 18:55:00-04:00,29680.0,29688.75,29671.5,29673.5,487
2026-06-23 19:00:00-04:00,29635.0,29682.25,29630.5,29680.0,732
2026-06-23 19:05:00-04:00,29617.0,29637.75,29585.5,29635.0,1342
2026-06-23 19:10:00-04:00,29651.25,29666.0,29613.5,29619.0,894
2026-06-23 19:15:00-04:00,29667.25,29675.0,29650.5,29653.25,530
2026-06-23 19:20:00-04:00,29689.25,29689.75,29661.75,29669.5,542
2026-06-23 19:25:00-04:00,29681.75,29694.25,29670.5,29689.25,637
2026-06-23 19:30:00-04:00,29643.5,29687.0,29641.25,29683.0,666
2026-06-23 19:35:00-04:00,29628.5,29653.0,29624.25,29646.0,665
2026-06-23 19:40:00-04:00,29657.0,29657.5,29621.25,29629.0,660
2026-06-23 19:45:00-04:00,29733.75,29763.5,29653.75,29656.0,2469
2026-06-23 19:50:00-04:00,29732.0,29753.0,29722.0,29736.75,768
2026-06-23 19:55:00-04:00,29748.25,29751.5,29730.75,29732.75,512
2026-06-23 20:00:00-04:00,29746.5,29808.0,29738.75,29745.0,2240
2026-06-23 20:05:00-04:00,29821.25,29831.0,29736.75,29749.5,2029
2026-06-23 20:10:00-04:00,29823.75,29850.5,29806.5,29820.75,1716
2026-06-23 20:15:00-04:00,29850.75,29858.5,29818.75,29822.0,1327
2026-06-23 20:20:00-04:00,29815.25,29854.25,29810.75,29850.25,1290
2026-06-23 20:25:00-04:00,29847.75,29852.0,29807.5,29814.5,995
2026-06-23 20:30:00-04:00,29872.5,29874.25,29838.25,29849.5,1326
2026-06-23 20:35:00-04:00,29875.0,29883.5,29854.25,29873.75,888
2026-06-23 20:40:00-04:00,29879.25,29891.75,29859.0,29875.0,959
2026-06-23 20:45:00-04:00,29866.5,29888.25,29857.75,29877.0,682
2026-06-23 20:50:00-04:00,29838.0,29876.75,29833.5,29864.0,848
2026-06-23 20:55:00-04:00,29846.5,29847.5,29815.25,29839.25,831
2026-06-23 21:00:00-04:00,29790.0,29852.25,29785.0,29848.25,1277
2026-06-23 21:05:00-04:00,29787.5,29827.5,29780.75,29790.5,1250
2026-06-23 21:10:00-04:00,29819.5,29821.0,29782.75,29788.75,795
2026-06-23 21:15:00-04:00,29772.0,29822.0,29761.0,29817.75,917
2026-06-23 21:20:00-04:00,29814.75,29821.5,29761.75,29772.25,1083
2026-06-23 21:25:00-04:00,29816.0,29827.25,29798.5,29815.75,916
2026-06-23 21:30:00-04:00,29834.5,29841.25,29812.0,29814.5,829
2026-06-23 21:35:00-04:00,29825.75,29832.0,29808.0,29831.0,601
2026-06-23 21:40:00-04:00,29832.25,29845.25,29809.75,29827.5,773
2026-06-23 21:45:00-04:00,29821.25,29840.5,29805.0,29832.75,687
2026-06-23 21:50:00-04:00,29846.25,29852.0,29814.0,29817.5,788
2026-06-23 21:55:00-04:00,29826.5,29848.25,29819.25,29845.25,845
2026-06-23 22:00:00-04:00,29829.0,29837.75,29809.25,29827.5,1499
2026-06-23 22:05:00-04:00,29821.25,29829.75,29800.5,29829.75,766
2026-06-23 22:10:00-04:00,29819.5,29838.5,29812.25,29824.75,475
2026-06-23 22:15:00-04:00,29789.25,29818.5,29781.75,29816.0,707
2026-06-23 22:20:00-04:00,29774.0,29802.5,29762.25,29800.75,988
2026-06-23 22:25:00-04:00,29795.5,29799.75,29770.75,29773.0,741
2026-06-23 22:30:00-04:00,29776.25,29810.5,29775.25,29796.75,568
2026-06-23 22:35:00-04:00,29737.75,29780.75,29730.0,29776.75,998
2026-06-23 22:40:00-04:00,29722.75,29748.75,29717.5,29739.0,883
2026-06-23 22:45:00-04:00,29690.25,29729.5,29681.25,29724.0,1047
2026-06-23 22:50:00-04:00,29674.25,29694.0,29662.25,29689.5,1124
2026-06-23 22:55:00-04:00,29637.75,29684.0,29636.75,29676.75,977
2026-06-23 23:00:00-04:00,29636.5,29663.25,29632.0,29638.5,1388
2026-06-23 23:05:00-04:00,29670.75,29677.0,29616.5,29635.75,1215
2026-06-23 23:10:00-04:00,29726.0,29735.5,29669.25,29671.5,1656
2026-06-23 23:15:00-04:00,29683.0,29727.0,29679.0,29726.75,904
2026-06-23 23:20:00-04:00,29681.0,29704.25,29673.0,29684.0,790
2026-06-23 23:25:00-04:00,29749.25,29751.0,29682.0,29682.0,1020
2026-06-23 23:30:00-04:00,29757.75,29771.5,29743.5,29749.5,1082
2026-06-23 23:35:00-04:00,29750.5,29779.0,29740.25,29759.25,884
2026-06-23 23:40:00-04:00,29743.75,29761.25,29736.0,29747.75,636
2026-06-23 23:45:00-04:00,29727.5,29747.0,29724.0,29743.0,513
2026-06-23 23:50:00-04:00,29721.75,29737.25,29710.5,29725.75,665
2026-06-23 23:55:00-04:00,29744.5,29745.0,29715.0,29720.5,263
2026-06-24 00:05:00-04:00,29700.0,29703.75,29683.75,29687.0,1284
2026-06-24 00:10:00-04:00,29687.0,29710.25,29674.75,29700.75,508
2026-06-24 00:15:00-04:00,29663.75,29700.0,29663.75,29686.5,558
2026-06-24 00:20:00-04:00,29661.0,29680.0,29654.75,29664.75,618
2026-06-24 00:25:00-04:00,29665.25,29683.0,29660.5,29662.5,417
2026-06-24 00:30:00-04:00,29708.75,29714.25,29668.0,29668.25,661
2026-06-24 00:35:00-04:00,29743.25,29745.75,29696.0,29709.5,652
2026-06-24 00:40:00-04:00,29753.0,29769.0,29738.75,29743.25,540
2026-06-24 00:45:00-04:00,29771.75,29771.75,29751.0,29754.0,559
2026-06-24 00:50:00-04:00,29777.5,29786.25,29765.75,29771.5,802
2026-06-24 00:55:00-04:00,29784.5,29790.0,29768.5,29777.0,445
2026-06-24 01:00:00-04:00,29806.0,29809.5,29780.0,29784.5,889
2026-06-24 01:05:00-04:00,29817.5,29821.25,29782.5,29803.75,1000
2026-06-24 01:10:00-04:00,29814.75,29833.75,29808.0,29818.0,651
2026-06-24 01:15:00-04:00,29851.0,29854.5,29806.75,29816.5,851
2026-06-24 01:20:00-04:00,29855.5,29861.5,29836.5,29852.5,791
2026-06-24 01:25:00-04:00,29834.5,29862.25,29832.75,29856.5,520
2026-06-24 01:30:00-04:00,29844.25,29873.75,29834.5,29836.0,910
2026-06-24 01:35:00-04:00,29877.75,29884.25,29843.25,29844.0,563
2026-06-24 01:40:00-04:00,29845.0,29878.25,29842.0,29876.25,515
2026-06-24 01:45:00-04:00,29837.75,29857.5,29833.5,29845.0,342
2026-06-24 01:50:00-04:00,29820.75,29838.0,29815.5,29836.75,459
2026-06-24 01:55:00-04:00,29819.0,29827.75,29813.0,29821.5,248
2026-06-24 02:00:00-04:00,29801.0,29822.75,29797.25,29819.5,587
2026-06-24 02:05:00-04:00,29832.75,29836.0,29801.5,29801.5,468
2026-06-24 02:10:00-04:00,29842.0,29853.0,29830.0,29833.5,524
2026-06-24 02:15:00-04:00,29828.25,29847.0,29814.75,29841.0,438
2026-06-24 02:20:00-04:00,29822.5,29828.75,29807.25,29828.75,378
2026-06-24 02:25:00-04:00,29813.25,29823.25,29803.0,29818.25,439
2026-06-24 02:30:00-04:00,29847.25,29850.5,29811.5,29816.75,546
2026-06-24 02:35:00-04:00,29837.25,29866.0,29833.75,29846.5,658
2026-06-24 02:40:00-04:00,29834.75,29846.75,29832.5,29835.25,297
2026-06-24 02:45:00-04:00,29821.0,29836.0,29817.25,29834.25,409
2026-06-24 02:50:00-04:00,29833.5,29840.5,29819.25,29821.0,335
2026-06-24 02:55:00-04:00,29822.75,29837.75,29820.25,29829.0,528
2026-06-24 03:00:00-04:00,29805.5,29840.75,29786.0,29824.25,932
2026-06-24 03:05:00-04:00,29803.5,29824.0,29792.25,29806.25,753
2026-06-24 03:10:00-04:00,29813.25,29826.25,29799.5,29804.25,609
2026-06-24 03:15:00-04:00,29802.5,29822.25,29794.25,29813.25,474
2026-06-24 03:20:00-04:00,29813.25,29827.75,29790.5,29803.0,571
2026-06-24 03:25:00-04:00,29794.25,29813.0,29790.5,29813.0,525
2026-06-24 03:30:00-04:00,29804.25,29813.25,29792.25,29792.75,331
2026-06-24 03:35:00-04:00,29791.75,29800.75,29765.5,29800.75,705
2026-06-24 03:40:00-04:00,29816.0,29821.75,29779.25,29793.75,700
2026-06-24 03:45:00-04:00,29828.5,29836.0,29812.0,29815.5,518
2026-06-24 03:50:00-04:00,29796.5,29828.25,29785.25,29827.75,407
2026-06-24 03:55:00-04:00,29770.0,29804.25,29764.5,29796.75,551
2026-06-24 04:00:00-04:00,29825.0,29826.75,29763.0,29771.25,1131
2026-06-24 04:05:00-04:00,29825.25,29842.75,29818.5,29822.25,760
2026-06-24 04:10:00-04:00,29858.25,29860.0,29820.5,29826.25,620
2026-06-24 04:15:00-04:00,29838.0,29864.5,29833.25,29857.5,674
2026-06-24 04:20:00-04:00,29832.0,29845.75,29826.5,29839.5,470
2026-06-24 04:25:00-04:00,29837.25,29837.5,29817.5,29831.75,301
2026-06-24 04:30:00-04:00,29852.5,29866.25,29828.25,29837.75,567
2026-06-24 04:35:00-04:00,29823.25,29858.5,29819.5,29852.25,615
2026-06-24 04:40:00-04:00,29836.25,29844.0,29821.5,29824.0,331
2026-06-24 04:45:00-04:00,29807.75,29837.25,29807.75,29834.75,419
2026-06-24 04:50:00-04:00,29815.0,29826.0,29803.75,29808.75,354
2026-06-24 04:55:00-04:00,29820.0,29821.5,29808.0,29814.25,327
2026-06-24 05:00:00-04:00,29799.0,29832.75,29795.0,29819.25,541
2026-06-24 05:05:00-04:00,29811.75,29820.5,29793.75,29798.5,349
2026-06-24 05:10:00-04:00,29836.25,29843.75,29805.25,29811.75,392
2026-06-24 05:15:00-04:00,29810.0,29839.5,29794.5,29836.5,457
2026-06-24 05:20:00-04:00,29814.25,29820.75,29804.0,29811.75,299
2026-06-24 05:25:00-04:00,29807.0,29829.0,29800.25,29817.25,246
2026-06-24 05:30:00-04:00,29803.25,29814.5,29792.25,29806.75,302
2026-06-24 05:35:00-04:00,29788.0,29806.0,29782.75,29803.25,274
2026-06-24 05:40:00-04:00,29765.75,29788.0,29765.75,29788.0,433
2026-06-24 05:45:00-04:00,29782.25,29786.75,29755.0,29766.5,630
2026-06-24 05:50:00-04:00,29797.5,29810.5,29783.0,29783.25,367
2026-06-24 05:55:00-04:00,29808.25,29813.0,29796.75,29798.0,232
2026-06-24 06:00:00-04:00,29789.0,29810.0,29774.0,29809.25,552
2026-06-24 06:05:00-04:00,29797.0,29808.0,29784.0,29792.5,337
2026-06-24 06:10:00-04:00,29809.0,29809.75,29784.0,29796.25,225
2026-06-24 06:15:00-04:00,29807.5,29821.25,29803.75,29807.5,387
2026-06-24 06:20:00-04:00,29797.0,29813.25,29794.25,29807.5,223
2026-06-24 06:25:00-04:00,29815.75,29819.25,29795.0,29795.0,287
2026-06-24 06:30:00-04:00,29826.75,29832.5,29812.0,29817.75,743
2026-06-24 06:35:00-04:00,29821.5,29834.75,29821.25,29828.5,489
2026-06-24 06:40:00-04:00,29834.25,29851.0,29817.25,29822.0,709
2026-06-24 06:45:00-04:00,29822.25,29836.0,29815.25,29833.75,459
2026-06-24 06:50:00-04:00,29803.0,29822.5,29798.25,29821.5,382
2026-06-24 06:55:00-04:00,29794.75,29805.0,29789.5,29803.25,596
2026-06-24 07:00:00-04:00,29811.5,29825.25,29791.5,29794.75,699
2026-06-24 07:05:00-04:00,29775.0,29813.25,29770.0,29812.25,814
2026-06-24 07:10:00-04:00,29765.5,29786.75,29763.0,29775.0,574
2026-06-24 07:15:00-04:00,29755.0,29774.5,29750.0,29765.25,968
2026-06-24 07:20:00-04:00,29765.0,29768.0,29734.0,29758.0,954
2026-06-24 07:25:00-04:00,29756.25,29766.5,29749.5,29765.0,453
2026-06-24 07:30:00-04:00,29784.75,29791.25,29752.5,29755.0,719
2026-06-24 07:35:00-04:00,29811.25,29829.25,29784.5,29786.75,1349
2026-06-24 07:40:00-04:00,29813.25,29816.5,29795.0,29811.0,503
2026-06-24 07:45:00-04:00,29849.25,29856.25,29802.0,29815.0,1017
2026-06-24 07:50:00-04:00,29857.0,29865.0,29838.75,29850.0,965
2026-06-24 07:55:00-04:00,29862.25,29862.25,29834.0,29857.25,659
2026-06-24 08:00:00-04:00,29839.25,29864.5,29826.0,29861.0,900
2026-06-24 08:05:00-04:00,29847.5,29852.0,29832.75,29837.75,766
2026-06-24 08:10:00-04:00,29845.25,29862.75,29834.0,29847.25,933
2026-06-24 08:15:00-04:00,29868.25,29870.75,29823.25,29846.5,1023
2026-06-24 08:20:00-04:00,29857.0,29872.75,29847.25,29868.0,729
2026-06-24 08:25:00-04:00,29852.75,29861.5,29838.0,29858.75,828
2026-06-24 08:30:00-04:00,29822.25,29865.75,29820.75,29851.75,858
2026-06-24 08:35:00-04:00,29811.75,29825.0,29796.5,29823.0,895
2026-06-24 08:40:00-04:00,29793.0,29813.0,29784.25,29810.0,615
2026-06-24 08:45:00-04:00,29775.75,29798.0,29772.0,29792.25,609
2026-06-24 08:50:00-04:00,29770.0,29779.25,29759.25,29777.25,845
2026-06-24 08:55:00-04:00,29762.0,29773.25,29752.5,29769.0,805
2026-06-24 09:00:00-04:00,29749.25,29790.75,29747.0,29764.25,1886
2026-06-24 09:05:00-04:00,29731.0,29763.25,29722.0,29748.75,1828
2026-06-24 09:10:00-04:00,29703.0,29735.0,29698.75,29730.75,2166
2026-06-24 09:15:00-04:00,29733.25,29737.0,29699.5,29705.0,1712
2026-06-24 09:20:00-04:00,29735.75,29753.0,29692.5,29734.0,3445
2026-06-24 09:25:00-04:00,29711.5,29756.25,29703.0,29737.75,3852
2026-06-24 09:30:00-04:00,29808.25,29840.0,29635.0,29711.25,18783
2026-06-24 09:35:00-04:00,29726.25,29841.5,29720.0,29809.0,9701
2026-06-24 09:40:00-04:00,29663.75,29741.5,29603.0,29726.75,11906
2026-06-24 09:45:00-04:00,29660.75,29714.5,29562.25,29662.5,14800
2026-06-24 09:50:00-04:00,29765.75,29790.0,29657.25,29661.25,8879
2026-06-24 09:55:00-04:00,29684.25,29770.0,29666.75,29767.25,7469
2026-06-24 10:00:00-04:00,29666.5,29717.75,29625.75,29684.25,7910
2026-06-24 10:05:00-04:00,29677.25,29725.5,29644.5,29665.5,7097
2026-06-24 10:10:00-04:00,29665.25,29723.25,29635.0,29676.0,6839
2026-06-24 10:15:00-04:00,29584.25,29695.5,29575.5,29664.5,6180
2026-06-24 10:20:00-04:00,29663.5,29676.5,29525.0,29582.5,10477
2026-06-24 10:25:00-04:00,29706.75,29731.75,29652.0,29665.0,6896
2026-06-24 10:30:00-04:00,29761.25,29777.0,29703.5,29705.25,6137
2026-06-24 10:35:00-04:00,29726.25,29791.25,29719.75,29761.5,5711
2026-06-24 10:40:00-04:00,29786.25,29794.0,29710.25,29726.0,5642
2026-06-24 10:45:00-04:00,29832.5,29877.75,29780.0,29787.0,8571
2026-06-24 10:50:00-04:00,29812.5,29867.5,29810.5,29833.25,5561
2026-06-24 10:55:00-04:00,29891.0,29893.25,29790.25,29812.5,5971
2026-06-24 11:00:00-04:00,29858.75,29907.5,29840.5,29891.0,6608
2026-06-24 11:05:00-04:00,29783.75,29866.25,29772.5,29857.0,5228
2026-06-24 11:10:00-04:00,29783.0,29806.0,29748.5,29784.5,4742
2026-06-24 11:15:00-04:00,29789.25,29821.0,29761.75,29781.5,4376
2026-06-24 11:20:00-04:00,29739.75,29800.0,29732.25,29789.25,3656
2026-06-24 11:25:00-04:00,29801.0,29803.0,29704.0,29738.5,5148
2026-06-24 11:30:00-04:00,29778.75,29829.25,29755.0,29800.75,4997
2026-06-24 11:35:00-04:00,29761.75,29809.75,29744.0,29780.0,4389
2026-06-24 11:40:00-04:00,29744.0,29773.25,29712.75,29761.75,4670
2026-06-24 11:45:00-04:00,29760.75,29769.25,29700.0,29744.0,5126
2026-06-24 11:50:00-04:00,29787.0,29810.0,29760.25,29761.25,4554
2026-06-24 11:55:00-04:00,29756.0,29805.75,29748.0,29788.25,3987
2026-06-24 12:00:00-04:00,29762.75,29785.0,29738.0,29757.25,4008
2026-06-24 12:05:00-04:00,29759.75,29777.0,29728.75,29762.75,3543
2026-06-24 12:10:00-04:00,29773.25,29806.25,29745.5,29759.5,3838
2026-06-24 12:15:00-04:00,29775.5,29792.25,29760.25,29773.75,2619
2026-06-24 12:20:00-04:00,29780.75,29801.0,29755.0,29775.5,2510
2026-06-24 12:25:00-04:00,29752.75,29784.0,29741.0,29782.0,2840
2026-06-24 12:30:00-04:00,29713.25,29754.0,29705.75,29753.0,3480
2026-06-24 12:35:00-04:00,29653.25,29735.25,29650.0,29713.25,4764
2026-06-24 12:40:00-04:00,29640.0,29655.5,29610.5,29654.25,5800
2026-06-24 12:45:00-04:00,29639.0,29655.0,29610.75,29640.25,4513
2026-06-24 12:50:00-04:00,29614.0,29672.5,29611.75,29638.75,3426
2026-06-24 12:55:00-04:00,29606.5,29627.0,29596.25,29614.25,3681
2026-06-24 13:00:00-04:00,29658.75,29661.5,29591.75,29606.5,3700
2026-06-24 13:05:00-04:00,29564.0,29660.75,29543.75,29659.25,4634
2026-06-24 13:10:00-04:00,29547.5,29588.0,29538.5,29564.75,4733
2026-06-24 13:15:00-04:00,29492.25,29571.75,29478.0,29548.0,7683
2026-06-24 13:20:00-04:00,29455.75,29495.5,29446.0,29493.25,7690
2026-06-24 13:25:00-04:00,29411.0,29464.5,29403.0,29456.75,6442
2026-06-24 13:30:00-04:00,29426.25,29442.25,29364.75,29411.5,8468
2026-06-24 13:35:00-04:00,29439.5,29465.0,29391.75,29427.5,6233
2026-06-24 13:40:00-04:00,29410.25,29461.5,29400.75,29438.75,4501
2026-06-24 13:45:00-04:00,29440.75,29463.0,29386.5,29411.0,5044
2026-06-24 13:50:00-04:00,29426.25,29451.5,29410.25,29441.5,3400
2026-06-24 13:55:00-04:00,29387.25,29464.0,29374.0,29428.75,4336
2026-06-24 14:00:00-04:00,29408.5,29452.0,29376.5,29389.25,5680
2026-06-24 14:05:00-04:00,29449.75,29463.25,29404.25,29407.5,4246
2026-06-24 14:10:00-04:00,29440.75,29454.0,29412.0,29450.5,2851
2026-06-24 14:15:00-04:00,29510.0,29517.0,29440.75,29442.5,6109
2026-06-24 14:20:00-04:00,29537.75,29538.5,29496.25,29511.0,3402
2026-06-24 14:25:00-04:00,29539.75,29563.5,29529.0,29537.0,4769
2026-06-24 14:30:00-04:00,29509.5,29556.0,29497.25,29540.0,4729
2026-06-24 14:35:00-04:00,29469.75,29517.0,29460.25,29510.25,4385
2026-06-24 14:40:00-04:00,29449.0,29480.0,29423.75,29469.0,4393
2026-06-24 14:45:00-04:00,29356.25,29448.0,29336.75,29447.5,5062
2026-06-24 14:50:00-04:00,29365.75,29375.75,29325.0,29356.0,6594
2026-06-24 14:55:00-04:00,29345.25,29411.25,29329.5,29365.5,5229
2026-06-24 15:00:00-04:00,29392.75,29414.25,29310.75,29346.0,6460
2026-06-24 15:05:00-04:00,29299.0,29395.0,29279.25,29394.25,7018
2026-06-24 15:10:00-04:00,29312.0,29318.0,29264.75,29298.75,6271
2026-06-24 15:15:00-04:00,29313.75,29322.5,29284.25,29311.5,4557
2026-06-24 15:20:00-04:00,29349.75,29350.25,29295.0,29312.0,5410
2026-06-24 15:25:00-04:00,29384.75,29396.0,29345.5,29350.25,5724
2026-06-24 15:30:00-04:00,29398.75,29412.0,29371.5,29384.0,5470
2026-06-24 15:35:00-04:00,29429.25,29442.25,29376.75,29399.5,5926
2026-06-24 15:40:00-04:00,29388.0,29446.75,29357.5,29428.25,5606
2026-06-24 15:45:00-04:00,29422.0,29426.25,29373.25,29387.5,4796
2026-06-24 15:50:00-04:00,29482.25,29490.0,29400.0,29421.25,7920
2026-06-24 15:55:00-04:00,29514.0,29529.0,29435.0,29483.5,14724
2026-06-24 16:00:00-04:00,29747.25,29747.25,29486.75,29515.25,14977
2026-06-24 16:05:00-04:00,29866.25,29885.75,29727.25,29745.5,9480
2026-06-24 16:10:00-04:00,29883.75,29889.75,29829.5,29865.5,7021
2026-06-24 16:15:00-04:00,29880.0,29891.0,29856.25,29884.0,3491
2026-06-24 16:20:00-04:00,29990.75,29992.25,29878.25,29880.75,5251
2026-06-24 16:25:00-04:00,30010.5,30030.0,29976.25,29991.5,4413
2026-06-24 16:30:00-04:00,29967.25,30030.5,29967.0,30009.0,3544
2026-06-24 16:35:00-04:00,30034.5,30034.5,29966.0,29968.0,2566
2026-06-24 16:40:00-04:00,30094.75,30102.0,30026.5,30034.75,3201
2026-06-24 16:45:00-04:00,30130.25,30157.75,30083.75,30094.5,3683
2026-06-24 16:50:00-04:00,30108.0,30132.5,30093.0,30130.25,2364
2026-06-24 16:55:00-04:00,30095.25,30108.0,30080.0,30108.0,2179
2026-06-24 18:00:00-04:00,30090.75,30168.5,30084.5,30089.75,0
2026-06-24 18:05:00-04:00,30072.75,30096.5,30062.25,30090.25,1098
2026-06-24 18:10:00-04:00,30073.5,30107.0,30067.0,30072.75,1092
2026-06-24 18:15:00-04:00,30061.0,30077.0,30057.0,30074.0,994
2026-06-24 18:20:00-04:00,30062.75,30089.75,30057.25,30062.0,886
2026-06-24 18:25:00-04:00,30059.25,30077.5,30052.25,30064.75,1159
2026-06-24 18:30:00-04:00,30064.5,30077.25,30056.75,30059.25,650
2026-06-24 18:35:00-04:00,30064.5,30071.25,30060.0,30065.5,427
2026-06-24 18:40:00-04:00,30072.5,30080.25,30053.25,30067.0,567
2026-06-24 18:45:00-04:00,30053.5,30076.0,30046.75,30073.5,518
2026-06-24 18:50:00-04:00,30055.0,30068.5,30051.75,30052.5,505
2026-06-24 18:55:00-04:00,30049.5,30058.5,30046.25,30056.0,290
2026-06-24 19:00:00-04:00,30064.5,30072.0,30047.25,30050.25,371
2026-06-24 19:05:00-04:00,30062.25,30074.75,30057.25,30065.0,362
2026-06-24 19:10:00-04:00,30060.5,30082.5,30051.0,30065.5,636
2026-06-24 19:15:00-04:00,30057.75,30068.5,30056.25,30061.0,248
2026-06-24 19:20:00-04:00,30077.75,30084.0,30058.0,30058.0,329
2026-06-24 19:25:00-04:00,30077.5,30096.5,30075.25,30079.5,495
2026-06-24 19:30:00-04:00,30092.0,30094.75,30075.0,30078.25,228
2026-06-24 19:35:00-04:00,30106.75,30118.75,30091.75,30092.5,599
2026-06-24 19:40:00-04:00,30115.0,30122.5,30098.75,30107.5,485
2026-06-24 19:45:00-04:00,30102.25,30135.25,30096.0,30113.75,795
2026-06-24 19:50:00-04:00,30108.5,30109.0,30085.0,30103.0,467
2026-06-24 19:55:00-04:00,30096.75,30114.25,30089.0,30109.0,565
2026-06-24 20:00:00-04:00,30064.75,30102.5,30055.0,30097.0,1063
2026-06-24 20:05:00-04:00,30066.5,30081.75,30046.0,30062.75,895
2026-06-24 20:10:00-04:00,30091.0,30100.5,30058.25,30068.0,834
2026-06-24 20:15:00-04:00,30073.0,30098.75,30062.25,30093.0,738
2026-06-24 20:20:00-04:00,30062.0,30081.5,30052.75,30070.0,506
2026-06-24 20:25:00-04:00,30036.5,30063.0,30026.5,30060.75,805
2026-06-24 20:30:00-04:00,29993.25,30040.75,29987.5,30035.0,1180
2026-06-24 20:35:00-04:00,29978.0,29998.75,29971.25,29993.0,753
2026-06-24 20:40:00-04:00,29963.25,29982.0,29943.0,29979.25,979
2026-06-24 20:45:00-04:00,29942.5,29971.0,29936.0,29963.5,809
2026-06-24 20:50:00-04:00,29986.0,29991.75,29940.25,29941.0,921
2026-06-24 20:55:00-04:00,29965.0,29988.75,29952.25,29987.5,730
2026-06-24 21:00:00-04:00,29953.5,29996.25,29952.5,29967.5,819
2026-06-24 21:05:00-04:00,29965.25,29971.25,29950.25,29955.25,678
2026-06-24 21:10:00-04:00,29969.5,29979.25,29958.75,29964.75,445
2026-06-24 21:15:00-04:00,29973.75,29981.25,29951.25,29971.0,750
2026-06-24 21:20:00-04:00,29978.25,29991.0,29970.75,29973.0,530
2026-06-24 21:25:00-04:00,29965.0,29982.25,29959.5,29978.0,682
2026-06-24 21:30:00-04:00,29992.25,29994.0,29960.75,29966.75,521
2026-06-24 21:35:00-04:00,30013.0,30028.25,29989.5,29991.25,1215
2026-06-24 21:40:00-04:00,29995.5,30018.75,29991.75,30012.5,733
2026-06-24 21:45:00-04:00,30012.0,30013.25,29987.5,29995.5,486
2026-06-24 21:50:00-04:00,30023.5,30026.5,30002.75,30015.25,552
2026-06-24 21:55:00-04:00,29998.75,30031.0,29996.75,30022.5,442
2026-06-24 22:00:00-04:00,30013.0,30018.5,29988.0,29997.5,606
2026-06-24 22:05:00-04:00,29994.25,30020.5,29984.25,30011.0,498
2026-06-24 22:10:00-04:00,29944.25,29993.75,29941.0,29993.75,1266
2026-06-24 22:15:00-04:00,29970.5,29973.5,29924.5,29946.0,847
2026-06-24 22:20:00-04:00,29967.75,29989.75,29958.75,29970.75,602
2026-06-24 22:25:00-04:00,29986.25,29994.75,29962.5,29969.25,369
2026-06-24 22:30:00-04:00,29991.5,29996.5,29976.25,29983.0,343
2026-06-24 22:35:00-04:00,29988.75,29996.75,29978.0,29989.0,272
2026-06-24 22:40:00-04:00,29975.0,29989.25,29967.0,29987.5,312
2026-06-24 22:45:00-04:00,29982.0,29984.0,29966.0,29973.75,262
2026-06-24 22:50:00-04:00,29991.0,29994.75,29971.5,29981.75,252
2026-06-24 22:55:00-04:00,29998.0,30003.0,29984.25,29993.0,307
2026-06-24 23:00:00-04:00,30011.75,30020.75,29992.75,29999.25,534
2026-06-24 23:05:00-04:00,30005.75,30022.75,30005.25,30012.0,318
2026-06-24 23:10:00-04:00,30008.0,30014.5,29998.0,30009.0,378
2026-06-24 23:15:00-04:00,30025.25,30028.5,29981.75,30007.5,1053
2026-06-24 23:20:00-04:00,30029.5,30038.75,30016.25,30024.25,495
2026-06-24 23:25:00-04:00,30025.5,30034.75,30016.25,30030.0,405
2026-06-24 23:30:00-04:00,30024.0,30045.25,30019.0,30024.25,650
2026-06-24 23:35:00-04:00,30017.0,30026.0,30003.75,30024.0,525
2026-06-24 23:40:00-04:00,30010.75,30018.0,29998.75,30015.0,303
2026-06-24 23:45:00-04:00,30029.75,30035.25,30003.5,30012.25,336
2026-06-24 23:50:00-04:00,30038.25,30043.5,30020.5,30031.0,326
2026-06-24 23:55:00-04:00,30036.75,30043.5,30031.5,30040.75,417
2026-06-25 00:05:00-04:00,30040.75,30043.25,30033.0,30033.5,449
2026-06-25 00:10:00-04:00,30029.25,30045.0,30028.75,30041.75,386
2026-06-25 00:15:00-04:00,30027.5,30036.5,30012.75,30030.75,571
2026-06-25 00:20:00-04:00,30030.75,30044.25,30026.75,30027.5,354
2026-06-25 00:25:00-04:00,30017.75,30031.0,30017.5,30030.5,214
2026-06-25 00:30:00-04:00,30012.0,30022.25,29998.5,30020.5,326
2026-06-25 00:35:00-04:00,30027.0,30030.5,30000.25,30012.25,441
2026-06-25 00:40:00-04:00,30038.5,30039.0,30013.5,30026.75,393
2026-06-25 00:45:00-04:00,30039.5,30054.75,30033.0,30039.5,592
2026-06-25 00:50:00-04:00,30052.25,30064.75,30040.5,30040.5,498
2026-06-25 00:55:00-04:00,30041.0,30054.5,30033.25,30053.25,347
2026-06-25 01:00:00-04:00,30062.75,30066.25,30040.0,30040.25,470
2026-06-25 01:05:00-04:00,30070.5,30074.75,30062.5,30062.75,414
2026-06-25 01:10:00-04:00,30068.5,30071.5,30057.25,30071.5,354
2026-06-25 01:15:00-04:00,30064.0,30077.0,30062.0,30070.25,309
2026-06-25 01:20:00-04:00,30085.75,30089.25,30063.0,30064.75,405
2026-06-25 01:25:00-04:00,30094.0,30097.5,30079.75,30084.75,540
2026-06-25 01:30:00-04:00,30105.0,30107.0,30089.0,30093.0,422
2026-06-25 01:35:00-04:00,30101.5,30110.5,30094.0,30107.75,667
2026-06-25 01:40:00-04:00,30106.25,30121.25,30102.0,30102.0,627
2026-06-25 01:45:00-04:00,30099.5,30107.0,30087.5,30105.5,664
2026-06-25 01:50:00-04:00,30094.5,30106.5,30088.75,30098.5,719
2026-06-25 01:55:00-04:00,30089.25,30096.75,30083.25,30093.25,535
2026-06-25 02:00:00-04:00,30089.0,30111.0,30086.75,30091.0,843
2026-06-25 02:05:00-04:00,30100.75,30105.75,30077.5,30090.0,687
2026-06-25 02:10:00-04:00,30112.5,30120.5,30094.25,30100.25,796
2026-06-25 02:15:00-04:00,30122.0,30126.5,30107.5,30112.0,551
2026-06-25 02:20:00-04:00,30131.0,30131.75,30118.0,30122.5,515
2026-06-25 02:25:00-04:00,30110.5,30131.25,30108.5,30130.5,693
2026-06-25 02:30:00-04:00,30116.5,30119.5,30104.25,30110.5,671
2026-06-25 02:35:00-04:00,30111.5,30120.25,30105.0,30117.0,482
2026-06-25 02:40:00-04:00,30104.5,30116.0,30098.0,30111.25,347
2026-06-25 02:45:00-04:00,30104.0,30112.25,30101.5,30104.25,514
2026-06-25 02:50:00-04:00,30104.0,30119.5,30100.5,30104.0,479
2026-06-25 02:55:00-04:00,30105.25,30113.25,30101.75,30104.0,379
2026-06-25 03:00:00-04:00,30121.25,30126.5,30105.75,30106.5,836
2026-06-25 03:05:00-04:00,30131.25,30138.5,30122.0,30122.5,746
2026-06-25 03:10:00-04:00,30126.5,30133.0,30122.0,30132.0,302
2026-06-25 03:15:00-04:00,30155.5,30159.25,30126.25,30126.25,905
2026-06-25 03:20:00-04:00,30179.25,30185.75,30156.25,30156.25,1380
2026-06-25 03:25:00-04:00,30171.5,30186.5,30167.0,30180.5,629
2026-06-25 03:30:00-04:00,30169.5,30176.25,30161.75,30170.75,499
2026-06-25 03:35:00-04:00,30172.0,30172.25,30149.25,30168.75,526
2026-06-25 03:40:00-04:00,30176.0,30182.0,30167.5,30172.5,470
2026-06-25 03:45:00-04:00,30168.5,30178.0,30163.75,30176.75,449
2026-06-25 03:50:00-04:00,30161.5,30169.5,30157.25,30167.75,299
2026-06-25 03:55:00-04:00,30181.75,30181.75,30154.0,30162.25,377
2026-06-25 04:00:00-04:00,30190.0,30219.0,30165.0,30182.0,1703
2026-06-25 04:05:00-04:00,30205.75,30208.75,30186.25,30189.25,1108
2026-06-25 04:10:00-04:00,30182.25,30217.75,30182.25,30203.25,549
2026-06-25 04:15:00-04:00,30170.5,30185.0,30161.25,30183.75,592
2026-06-25 04:20:00-04:00,30170.75,30178.0,30158.0,30170.75,470
2026-06-25 04:25:00-04:00,30172.0,30185.5,30160.25,30170.25,673
2026-06-25 04:30:00-04:00,30160.0,30178.5,30160.0,30171.25,495
2026-06-25 04:35:00-04:00,30179.75,30183.75,30158.75,30161.5,329
2026-06-25 04:40:00-04:00,30154.5,30180.25,30154.0,30180.25,293
2026-06-25 04:45:00-04:00,30145.5,30156.5,30139.25,30154.0,612
2026-06-25 04:50:00-04:00,30132.75,30146.25,30119.25,30146.25,569
2026-06-25 04:55:00-04:00,30119.5,30138.75,30111.0,30134.25,551
2026-06-25 05:00:00-04:00,30135.25,30139.75,30114.0,30121.0,478
2026-06-25 05:05:00-04:00,30134.0,30151.0,30133.0,30134.25,461
2026-06-25 05:10:00-04:00,30137.75,30150.75,30130.25,30134.5,543
2026-06-25 05:15:00-04:00,30122.5,30150.75,30120.0,30137.5,621
2026-06-25 05:20:00-04:00,30134.0,30134.0,30118.25,30121.25,409
2026-06-25 05:25:00-04:00,30137.25,30143.25,30126.25,30132.0,340
2026-06-25 05:30:00-04:00,30140.5,30155.0,30132.25,30137.25,472
2026-06-25 05:35:00-04:00,30156.0,30156.75,30138.25,30140.25,347
2026-06-25 05:40:00-04:00,30150.5,30156.0,30144.5,30155.25,283
2026-06-25 05:45:00-04:00,30150.5,30151.25,30141.25,30148.0,209
2026-06-25 05:50:00-04:00,30150.5,30158.0,30144.5,30149.5,276
2026-06-25 05:55:00-04:00,30131.0,30150.5,30129.0,30150.25,307
2026-06-25 06:00:00-04:00,30139.5,30142.0,30125.75,30131.75,275
2026-06-25 06:05:00-04:00,30151.5,30151.5,30132.25,30139.5,379
2026-06-25 06:10:00-04:00,30159.25,30162.5,30144.5,30152.0,289
2026-06-25 06:15:00-04:00,30162.0,30169.5,30154.25,30160.75,357
2026-06-25 06:20:00-04:00,30159.0,30160.75,30143.0,30159.75,291
2026-06-25 06:25:00-04:00,30164.25,30168.5,30153.25,30158.25,212
2026-06-25 06:30:00-04:00,30164.5,30175.0,30160.75,30164.75,620
2026-06-25 06:35:00-04:00,30173.25,30185.0,30156.5,30164.0,499
2026-06-25 06:40:00-04:00,30153.0,30173.25,30147.5,30172.0,542
2026-06-25 06:45:00-04:00,30162.0,30162.0,30140.0,30153.0,527
2026-06-25 06:50:00-04:00,30171.0,30175.5,30156.75,30161.25,438
2026-06-25 06:55:00-04:00,30160.5,30176.0,30149.75,30170.25,423
2026-06-25 07:00:00-04:00,30187.5,30193.0,30160.0,30160.25,954
2026-06-25 07:05:00-04:00,30164.0,30187.5,30154.75,30185.75,700
2026-06-25 07:10:00-04:00,30153.0,30175.25,30151.25,30164.5,747
2026-06-25 07:15:00-04:00,30144.0,30158.5,30142.25,30152.0,626
2026-06-25 07:20:00-04:00,30116.75,30146.0,30115.25,30143.25,738
2026-06-25 07:25:00-04:00,30117.75,30125.75,30108.25,30115.75,770
2026-06-25 07:30:00-04:00,30113.0,30124.5,30099.0,30118.75,741
2026-06-25 07:35:00-04:00,30123.0,30127.25,30109.0,30113.0,499
2026-06-25 07:40:00-04:00,30130.5,30138.5,30119.75,30123.75,534
2026-06-25 07:45:00-04:00,30132.25,30155.0,30128.5,30132.0,713
2026-06-25 07:50:00-04:00,30119.75,30141.0,30118.5,30132.5,468
2026-06-25 07:55:00-04:00,30131.25,30134.75,30114.0,30120.25,543
2026-06-25 08:00:00-04:00,30144.5,30144.5,30121.0,30130.25,663
2026-06-25 08:05:00-04:00,30168.25,30182.0,30143.5,30144.75,1136
2026-06-25 08:10:00-04:00,30141.5,30169.25,30132.5,30167.25,1163
2026-06-25 08:15:00-04:00,30133.75,30153.0,30126.5,30141.75,751
2026-06-25 08:20:00-04:00,30137.0,30139.25,30117.0,30132.5,580
2026-06-25 08:25:00-04:00,30131.0,30146.25,30127.0,30137.5,699
2026-06-25 08:30:00-04:00,30205.75,30263.75,30126.0,30130.75,4789
2026-06-25 08:35:00-04:00,30197.75,30234.75,30184.75,30206.75,2180
2026-06-25 08:40:00-04:00,30192.75,30215.5,30175.5,30198.25,1549
2026-06-25 08:45:00-04:00,30207.5,30227.25,30187.75,30193.75,1252
2026-06-25 08:50:00-04:00,30213.75,30221.75,30204.5,30208.0,1022
2026-06-25 08:55:00-04:00,30201.25,30214.25,30190.75,30213.75,795
2026-06-25 09:00:00-04:00,30179.5,30214.75,30172.0,30202.75,1459
2026-06-25 09:05:00-04:00,30155.0,30180.5,30152.75,30177.25,1373
2026-06-25 09:10:00-04:00,30163.5,30168.25,30143.5,30156.5,1588
2026-06-25 09:15:00-04:00,30144.0,30165.0,30136.75,30165.0,1091
2026-06-25 09:20:00-04:00,30141.75,30153.0,30130.0,30143.5,1469
2026-06-25 09:25:00-04:00,30151.0,30179.25,30142.75,30142.75,3665
2026-06-25 09:30:00-04:00,30057.75,30193.0,30040.0,30153.25,18801
2026-06-25 09:35:00-04:00,29995.5,30090.5,29991.75,30057.75,10881
2026-06-25 09:40:00-04:00,29768.25,30010.5,29747.0,29995.75,18222
2026-06-25 09:45:00-04:00,29637.5,29817.0,29528.75,29768.25,22170
2026-06-25 09:50:00-04:00,29421.5,29683.0,29405.75,29638.25,18689
2026-06-25 09:55:00-04:00,29316.0,29464.0,29295.75,29421.75,16726
2026-06-25 10:00:00-04:00,29487.0,29546.25,29306.5,29316.75,15251
2026-06-25 10:05:00-04:00,29604.0,29615.25,29484.75,29487.5,12606
2026-06-25 10:10:00-04:00,29548.25,29690.0,29542.75,29605.25,12580
2026-06-25 10:15:00-04:00,29612.25,29618.75,29477.25,29547.25,11160
2026-06-25 10:20:00-04:00,29569.75,29685.5,29524.0,29609.0,10813
2026-06-25 10:25:00-04:00,29586.25,29638.25,29551.0,29570.0,7427
2026-06-25 10:30:00-04:00,29670.25,29716.25,29584.0,29586.0,8926
2026-06-25 10:35:00-04:00,29698.0,29709.75,29607.75,29666.5,6556
2026-06-25 10:40:00-04:00,29603.75,29711.5,29564.25,29697.5,6878
2026-06-25 10:45:00-04:00,29672.0,29685.25,29562.0,29604.0,5736
2026-06-25 10:50:00-04:00,29772.25,29776.75,29646.25,29670.75,8090
2026-06-25 10:55:00-04:00,29633.25,29772.5,29611.75,29772.0,10594
2026-06-25 11:00:00-04:00,29726.5,29733.25,29607.25,29633.25,5737
2026-06-25 11:05:00-04:00,29643.5,29746.25,29624.75,29727.25,7290
2026-06-25 11:10:00-04:00,29534.25,29661.0,29509.75,29642.75,7738
2026-06-25 11:15:00-04:00,29591.25,29608.75,29462.5,29534.0,7925
2026-06-25 11:20:00-04:00,29645.5,29666.75,29542.5,29591.0,6544
2026-06-25 11:25:00-04:00,29612.75,29644.75,29583.25,29644.5,4219
2026-06-25 11:30:00-04:00,29620.25,29693.0,29605.5,29614.5,5758
2026-06-25 11:35:00-04:00,29641.0,29680.25,29620.5,29621.75,2845
2026-06-25 11:40:00-04:00,29695.75,29702.0,29631.5,29639.75,3140
2026-06-25 11:45:00-04:00,29678.25,29761.5,29668.5,29695.5,5645
2026-06-25 11:50:00-04:00,29698.75,29714.25,29652.25,29678.25,3408
2026-06-25 11:55:00-04:00,29659.75,29714.5,29652.0,29698.0,2690
2026-06-25 12:00:00-04:00,29684.5,29689.0,29643.75,29661.75,3889
2026-06-25 12:05:00-04:00,29790.5,29797.25,29677.0,29686.0,5054
2026-06-25 12:10:00-04:00,29825.5,29844.25,29781.75,29791.25,5570
2026-06-25 12:15:00-04:00,29819.75,29872.0,29810.75,29826.5,6748
2026-06-25 12:20:00-04:00,29760.75,29837.25,29743.25,29819.25,5164
2026-06-25 12:25:00-04:00,29763.0,29771.5,29732.0,29760.25,3492
2026-06-25 12:30:00-04:00,29710.75,29768.5,29673.25,29765.0,4777
2026-06-25 12:35:00-04:00,29683.75,29735.25,29672.75,29710.0,3844
2026-06-25 12:40:00-04:00,29651.0,29697.25,29638.0,29683.75,4019
2026-06-25 12:45:00-04:00,29698.5,29706.75,29586.5,29650.0,6977
2026-06-25 12:50:00-04:00,29688.75,29715.75,29662.5,29698.75,3494
2026-06-25 12:55:00-04:00,29682.0,29693.0,29648.0,29690.0,2979
2026-06-25 13:00:00-04:00,29687.75,29717.5,29678.75,29681.5,2882
2026-06-25 13:05:00-04:00,29705.25,29715.5,29671.75,29688.5,2140
2026-06-25 13:10:00-04:00,29748.5,29778.75,29706.75,29706.75,4750
2026-06-25 13:15:00-04:00,29702.0,29811.0,29700.0,29747.75,5136
2026-06-25 13:20:00-04:00,29734.5,29744.0,29674.0,29701.0,3823
2026-06-25 13:25:00-04:00,29764.5,29779.75,29725.25,29734.5,3340
2026-06-25 13:30:00-04:00,29732.75,29779.25,29720.0,29764.75,2427
2026-06-25 13:35:00-04:00,29768.0,29773.25,29729.75,29733.25,1949
2026-06-25 13:40:00-04:00,29735.25,29798.25,29726.5,29768.0,3133
2026-06-25 13:45:00-04:00,29695.75,29737.5,29681.75,29735.5,3420
2026-06-25 13:50:00-04:00,29746.75,29760.5,29681.25,29694.0,3499
2026-06-25 13:55:00-04:00,29794.5,29804.0,29725.25,29745.75,4457
2026-06-25 14:00:00-04:00,29708.75,29802.0,29678.75,29793.75,8907
2026-06-25 14:05:00-04:00,29798.5,29811.5,29692.0,29709.75,6427
2026-06-25 14:10:00-04:00,29773.0,29818.0,29751.5,29797.75,4550
2026-06-25 14:15:00-04:00,29838.25,29869.75,29747.5,29772.5,6027
2026-06-25 14:20:00-04:00,29824.75,29858.75,29790.5,29836.5,5072
2026-06-25 14:25:00-04:00,29877.25,29891.25,29824.0,29824.25,4092
2026-06-25 14:30:00-04:00,29769.75,29878.0,29765.5,29877.25,4495
2026-06-25 14:35:00-04:00,29789.0,29806.5,29739.25,29768.5,4662
2026-06-25 14:40:00-04:00,29789.0,29801.0,29754.25,29789.0,2829
2026-06-25 14:45:00-04:00,29765.75,29789.25,29703.25,29789.25,3857
2026-06-25 14:50:00-04:00,29771.0,29812.0,29751.0,29764.75,3252
2026-06-25 14:55:00-04:00,29773.5,29794.5,29750.5,29770.25,2235
2026-06-25 15:00:00-04:00,29694.0,29777.5,29690.0,29773.75,3748
2026-06-25 15:05:00-04:00,29705.75,29720.25,29676.0,29693.25,3262
2026-06-25 15:10:00-04:00,29672.25,29714.5,29661.0,29706.75,3035
2026-06-25 15:15:00-04:00,29651.75,29682.0,29626.0,29670.25,5005
2026-06-25 15:20:00-04:00,29672.5,29677.25,29635.25,29651.5,3798
2026-06-25 15:25:00-04:00,29682.75,29699.25,29652.75,29673.25,3737
2026-06-25 15:30:00-04:00,29667.5,29688.75,29629.5,29682.75,3591
2026-06-25 15:35:00-04:00,29646.25,29667.5,29620.5,29667.0,2984
2026-06-25 15:40:00-04:00,29673.0,29687.5,29629.0,29648.75,3857
2026-06-25 15:45:00-04:00,29654.25,29680.25,29634.75,29672.75,3408
2026-06-25 15:50:00-04:00,29692.75,29709.5,29616.25,29652.5,5741
2026-06-25 15:55:00-04:00,29749.25,29751.5,29681.0,29693.5,11479
2026-06-25 16:00:00-04:00,29838.25,29922.5,29747.75,29750.0,13081
2026-06-25 16:05:00-04:00,29808.75,29850.0,29806.0,29837.25,2949
2026-06-25 16:10:00-04:00,29806.75,29814.0,29795.0,29808.75,1724
2026-06-25 16:15:00-04:00,29834.5,29839.0,29804.0,29806.5,2021
2026-06-25 16:20:00-04:00,29843.0,29868.25,29830.25,29834.25,1849
2026-06-25 16:25:00-04:00,29818.5,29846.0,29814.25,29843.5,1326
2026-06-25 16:30:00-04:00,29801.5,29823.5,29780.0,29820.5,1240
2026-06-25 16:35:00-04:00,29776.5,29806.0,29772.0,29801.25,465
2026-06-25 16:40:00-04:00,29777.75,29789.0,29770.0,29776.5,458
2026-06-25 16:45:00-04:00,29767.25,29780.5,29761.25,29778.75,400
2026-06-25 16:50:00-04:00,29759.0,29770.5,29753.0,29768.75,290
2026-06-25 16:55:00-04:00,29759.25,29767.25,29750.25,29759.75,497
2026-06-25 18:00:00-04:00,29699.5,29761.25,29696.75,29742.0,0
2026-06-25 18:05:00-04:00,29665.75,29699.25,29664.75,29698.5,1139
2026-06-25 18:10:00-04:00,29646.0,29667.5,29624.5,29667.25,1548
2026-06-25 18:15:00-04:00,29644.25,29684.5,29636.5,29646.0,1104
2026-06-25 18:20:00-04:00,29658.75,29665.25,29626.5,29644.25,849
2026-06-25 18:25:00-04:00,29616.0,29659.0,29614.0,29659.0,978
2026-06-25 18:30:00-04:00,29644.0,29647.0,29605.5,29617.75,864
2026-06-25 18:35:00-04:00,29650.0,29666.0,29639.5,29643.75,616
2026-06-25 18:40:00-04:00,29662.0,29667.75,29645.0,29650.0,467
2026-06-25 18:45:00-04:00,29650.0,29667.0,29640.75,29661.75,492
2026-06-25 18:50:00-04:00,29684.0,29684.0,29645.5,29653.5,597
2026-06-25 18:55:00-04:00,29678.25,29688.0,29668.5,29684.0,590
2026-06-25 19:00:00-04:00,29684.75,29688.0,29675.5,29678.75,347
2026-06-25 19:05:00-04:00,29675.25,29687.5,29668.0,29683.5,374
2026-06-25 19:10:00-04:00,29742.0,29744.75,29674.75,29676.0,1291
2026-06-25 19:15:00-04:00,29836.0,29847.0,29733.5,29743.0,2274
2026-06-25 19:20:00-04:00,29860.75,29879.75,29830.0,29836.0,1886
2026-06-25 19:25:00-04:00,29868.75,29892.75,29858.75,29860.25,1147
2026-06-25 19:30:00-04:00,29846.0,29878.5,29843.75,29868.5,1241
2026-06-25 19:35:00-04:00,29813.25,29849.0,29810.0,29845.0,1309
2026-06-25 19:40:00-04:00,29763.5,29813.25,29763.0,29813.25,1261
2026-06-25 19:45:00-04:00,29711.25,29763.5,29709.75,29763.5,1604
2026-06-25 19:50:00-04:00,29697.0,29712.25,29678.0,29711.0,1646
2026-06-25 19:55:00-04:00,29707.0,29707.0,29666.25,29695.5,955
2026-06-25 20:00:00-04:00,29737.0,29750.0,29683.0,29704.25,1960
2026-06-25 20:05:00-04:00,29766.75,29772.75,29731.25,29739.0,1339
2026-06-25 20:10:00-04:00,29751.25,29768.0,29721.0,29766.25,973
2026-06-25 20:15:00-04:00,29721.75,29767.0,29721.75,29752.25,1098
2026-06-25 20:20:00-04:00,29704.25,29740.25,29704.0,29724.0,723
2026-06-25 20:25:00-04:00,29709.75,29712.0,29650.25,29704.0,1496
2026-06-25 20:30:00-04:00,29660.0,29714.75,29648.25,29707.75,1105
2026-06-25 20:35:00-04:00,29671.25,29682.25,29644.25,29661.5,833
2026-06-25 20:40:00-04:00,29667.75,29696.0,29661.5,29674.0,745
2026-06-25 20:45:00-04:00,29669.75,29694.75,29663.25,29669.0,463
2026-06-25 20:50:00-04:00,29651.0,29694.0,29646.5,29669.75,504
2026-06-25 20:55:00-04:00,29636.0,29660.0,29615.75,29650.5,1057
2026-06-25 21:00:00-04:00,29610.25,29676.75,29609.0,29638.0,1078
2026-06-25 21:05:00-04:00,29611.5,29621.5,29565.75,29611.5,1704
2026-06-25 21:10:00-04:00,29637.5,29655.0,29613.0,29613.0,743
2026-06-25 21:15:00-04:00,29662.5,29673.75,29630.5,29637.0,683
2026-06-25 21:20:00-04:00,29650.75,29674.0,29645.0,29665.75,347
2026-06-25 21:25:00-04:00,29612.25,29651.0,29603.75,29650.25,609
2026-06-25 21:30:00-04:00,29554.0,29620.75,29540.75,29614.75,975
2026-06-25 21:35:00-04:00,29552.0,29566.5,29532.5,29552.5,882
2026-06-25 21:40:00-04:00,29509.0,29554.5,29505.25,29552.75,1058
2026-06-25 21:45:00-04:00,29531.75,29537.0,29483.0,29507.0,1208
2026-06-25 21:50:00-04:00,29495.0,29537.5,29492.5,29535.0,594
2026-06-25 21:55:00-04:00,29494.25,29503.75,29461.75,29497.0,958
2026-06-25 22:00:00-04:00,29472.0,29505.75,29469.25,29494.0,837
2026-06-25 22:05:00-04:00,29480.25,29506.0,29473.0,29473.75,623
2026-06-25 22:10:00-04:00,29452.25,29480.75,29443.0,29480.75,809
2026-06-25 22:15:00-04:00,29429.25,29466.75,29428.25,29453.75,927
2026-06-25 22:20:00-04:00,29400.0,29441.5,29400.0,29429.25,1149
2026-06-25 22:25:00-04:00,29417.0,29424.75,29393.75,29400.5,1216
2026-06-25 22:30:00-04:00,29391.25,29432.0,29375.0,29417.0,1059
2026-06-25 22:35:00-04:00,29371.5,29396.75,29341.0,29391.5,1288
2026-06-25 22:40:00-04:00,29346.0,29366.5,29330.0,29364.5,823
2026-06-25 22:45:00-04:00,29302.75,29349.0,29296.0,29347.0,1706
2026-06-25 22:50:00-04:00,29261.75,29324.75,29260.25,29305.25,1939
2026-06-25 22:55:00-04:00,29265.25,29273.0,29230.0,29262.5,1952
2026-06-25 23:00:00-04:00,29240.75,29268.25,29220.0,29267.25,1383
2026-06-25 23:05:00-04:00,29227.75,29248.5,29220.5,29240.75,1105
2026-06-25 23:10:00-04:00,29252.75,29270.0,29215.25,29226.5,1657
2026-06-25 23:15:00-04:00,29262.25,29268.0,29245.75,29252.0,677
2026-06-25 23:20:00-04:00,29243.75,29266.5,29228.75,29261.75,615
2026-06-25 23:25:00-04:00,29249.75,29263.5,29237.5,29243.25,578
2026-06-25 23:30:00-04:00,29221.5,29251.0,29214.0,29247.5,1024
2026-06-25 23:35:00-04:00,29208.25,29220.75,29160.5,29218.0,2286
2026-06-25 23:40:00-04:00,29254.25,29255.5,29199.0,29210.0,1315
2026-06-25 23:45:00-04:00,29244.75,29267.75,29239.75,29255.5,1131
2026-06-25 23:50:00-04:00,29322.25,29324.0,29244.0,29244.25,2063
2026-06-25 23:55:00-04:00,29356.5,29356.5,29314.0,29322.0,1167
2026-06-26 00:05:00-04:00,29356.0,29373.5,29353.25,29365.5,3219
2026-06-26 00:10:00-04:00,29357.25,29376.5,29352.25,29353.75,641
2026-06-26 00:15:00-04:00,29360.0,29386.75,29353.25,29357.5,593
2026-06-26 00:20:00-04:00,29311.5,29366.25,29311.25,29361.5,936
2026-06-26 00:25:00-04:00,29322.0,29330.25,29277.5,29310.5,1668
2026-06-26 00:30:00-04:00,29292.25,29346.5,29290.0,29322.5,1295
2026-06-26 00:35:00-04:00,29286.25,29302.75,29281.5,29294.25,721
2026-06-26 00:40:00-04:00,29304.0,29310.0,29278.0,29284.0,765
2026-06-26 00:45:00-04:00,29274.25,29304.75,29269.25,29304.75,500
2026-06-26 00:50:00-04:00,29275.25,29284.25,29252.25,29274.5,797
2026-06-26 00:55:00-04:00,29270.0,29274.75,29255.75,29274.75,661
2026-06-26 01:00:00-04:00,29268.5,29302.0,29259.25,29270.75,870
2026-06-26 01:05:00-04:00,29284.75,29304.0,29255.5,29264.5,688
2026-06-26 01:10:00-04:00,29349.5,29352.25,29284.25,29284.75,953
2026-06-26 01:15:00-04:00,29340.5,29364.25,29331.5,29349.25,851
2026-06-26 01:20:00-04:00,29328.75,29347.0,29314.75,29342.0,390
2026-06-26 01:25:00-04:00,29367.75,29381.5,29326.25,29329.25,736
2026-06-26 01:30:00-04:00,29399.25,29410.0,29368.25,29370.25,782
2026-06-26 01:35:00-04:00,29362.0,29409.0,29357.5,29399.75,832
2026-06-26 01:40:00-04:00,29315.25,29362.5,29312.25,29362.5,1005
2026-06-26 01:45:00-04:00,29331.5,29332.75,29300.0,29317.5,719
2026-06-26 01:50:00-04:00,29350.75,29365.0,29328.75,29333.75,925
2026-06-26 01:55:00-04:00,29325.25,29354.0,29325.25,29351.0,473
2026-06-26 02:00:00-04:00,29318.5,29342.0,29316.5,29326.5,689
2026-06-26 02:05:00-04:00,29294.75,29322.75,29290.5,29320.25,660
2026-06-26 02:10:00-04:00,29323.5,29331.0,29289.0,29293.5,1030
2026-06-26 02:15:00-04:00,29325.0,29353.5,29323.75,29326.0,896
2026-06-26 02:20:00-04:00,29366.0,29372.0,29322.5,29323.5,770
2026-06-26 02:25:00-04:00,29394.5,29399.0,29352.25,29366.5,888
2026-06-26 02:30:00-04:00,29408.5,29417.75,29380.0,29395.5,846
2026-06-26 02:35:00-04:00,29418.0,29427.75,29406.75,29407.75,709
2026-06-26 02:40:00-04:00,29455.25,29458.25,29403.5,29418.75,1003
2026-06-26 02:45:00-04:00,29474.25,29489.75,29447.25,29454.0,1126
2026-06-26 02:50:00-04:00,29518.5,29524.5,29450.25,29473.5,1221
2026-06-26 02:55:00-04:00,29503.75,29535.25,29490.75,29519.25,1297
2026-06-26 03:00:00-04:00,29455.5,29517.5,29453.75,29502.25,1272
2026-06-26 03:05:00-04:00,29435.0,29469.25,29435.0,29456.0,988
2026-06-26 03:10:00-04:00,29486.5,29489.0,29436.0,29436.0,764
2026-06-26 03:15:00-04:00,29506.25,29531.5,29478.0,29484.75,1935
2026-06-26 03:20:00-04:00,29524.25,29525.5,29487.5,29507.5,551
2026-06-26 03:25:00-04:00,29535.5,29539.25,29496.25,29525.25,784
2026-06-26 03:30:00-04:00,29542.5,29562.75,29534.25,29538.5,944
2026-06-26 03:35:00-04:00,29547.5,29553.5,29524.0,29541.75,612
2026-06-26 03:40:00-04:00,29507.0,29547.25,29506.0,29547.25,740
2026-06-26 03:45:00-04:00,29511.0,29519.25,29495.25,29508.0,703
2026-06-26 03:50:00-04:00,29539.25,29544.0,29507.5,29510.5,571
2026-06-26 03:55:00-04:00,29527.75,29542.0,29521.0,29540.0,438
2026-06-26 04:00:00-04:00,29484.25,29557.75,29482.25,29528.25,1279
2026-06-26 04:05:00-04:00,29492.25,29514.0,29457.25,29484.5,1099
2026-06-26 04:10:00-04:00,29467.0,29499.75,29462.75,29493.0,567
2026-06-26 04:15:00-04:00,29468.25,29499.0,29460.75,29469.25,563
2026-06-26 04:20:00-04:00,29496.5,29498.0,29456.75,29466.25,404
2026-06-26 04:25:00-04:00,29504.5,29514.0,29485.75,29494.25,638
2026-06-26 04:30:00-04:00,29464.0,29504.5,29456.5,29504.5,528
2026-06-26 04:35:00-04:00,29465.5,29480.0,29453.5,29463.5,503
2026-06-26 04:40:00-04:00,29448.0,29481.5,29444.25,29467.25,612
2026-06-26 04:45:00-04:00,29412.5,29449.25,29411.0,29445.75,854
2026-06-26 04:50:00-04:00,29385.0,29421.5,29383.75,29413.0,876
2026-06-26 04:55:00-04:00,29399.5,29403.75,29364.0,29385.0,994
2026-06-26 05:00:00-04:00,29381.0,29404.5,29372.75,29400.75,733
2026-06-26 05:05:00-04:00,29383.25,29405.75,29376.75,29381.25,729
2026-06-26 05:10:00-04:00,29400.25,29408.75,29364.0,29384.0,928
2026-06-26 05:15:00-04:00,29384.5,29412.5,29368.0,29397.5,1138
2026-06-26 05:20:00-04:00,29356.5,29386.0,29344.0,29385.0,1166
2026-06-26 05:25:00-04:00,29378.75,29383.75,29352.75,29357.0,957
2026-06-26 05:30:00-04:00,29382.75,29385.0,29355.75,29379.25,620
2026-06-26 05:35:00-04:00,29396.5,29407.75,29377.75,29384.5,678
2026-06-26 05:40:00-04:00,29421.75,29443.5,29396.25,29397.0,764
2026-06-26 05:45:00-04:00,29429.25,29444.25,29416.0,29422.0,601
2026-06-26 05:50:00-04:00,29390.75,29433.25,29389.0,29431.0,645
2026-06-26 05:55:00-04:00,29370.75,29392.0,29365.5,29390.25,460
2026-06-26 06:00:00-04:00,29334.25,29377.0,29317.75,29372.5,1089
2026-06-26 06:05:00-04:00,29377.25,29377.5,29330.5,29335.0,610
2026-06-26 06:10:00-04:00,29387.25,29397.25,29367.5,29379.0,441
2026-06-26 06:15:00-04:00,29361.5,29400.25,29361.5,29386.5,549
2026-06-26 06:20:00-04:00,29347.75,29369.0,29344.5,29363.5,507
2026-06-26 06:25:00-04:00,29374.0,29376.5,29347.25,29347.5,294
2026-06-26 06:30:00-04:00,29374.25,29387.0,29361.5,29372.25,323
2026-06-26 06:35:00-04:00,29344.0,29375.25,29341.25,29374.0,606
2026-06-26 06:40:00-04:00,29352.25,29365.0,29340.25,29342.25,389
2026-06-26 06:45:00-04:00,29360.75,29372.5,29348.5,29354.25,282
2026-06-26 06:50:00-04:00,29367.25,29371.5,29342.5,29362.5,352
2026-06-26 06:55:00-04:00,29361.5,29374.75,29348.25,29365.75,434
2026-06-26 07:00:00-04:00,29390.5,29404.25,29351.75,29363.25,1143
2026-06-26 07:05:00-04:00,29398.0,29407.25,29377.25,29390.75,417
2026-06-26 07:10:00-04:00,29402.25,29425.5,29389.5,29396.5,817
2026-06-26 07:15:00-04:00,29383.0,29402.25,29377.5,29402.25,592
2026-06-26 07:20:00-04:00,29374.0,29392.0,29357.0,29379.0,903
2026-06-26 07:25:00-04:00,29370.5,29383.5,29362.25,29375.75,521
2026-06-26 07:30:00-04:00,29368.5,29379.0,29360.0,29370.5,638
2026-06-26 07:35:00-04:00,29379.5,29398.25,29362.0,29365.25,634
2026-06-26 07:40:00-04:00,29363.0,29398.25,29363.0,29380.5,686
2026-06-26 07:45:00-04:00,29370.0,29379.5,29354.5,29363.5,562
2026-06-26 07:50:00-04:00,29309.5,29369.5,29304.75,29368.25,1171
2026-06-26 07:55:00-04:00,29351.0,29356.5,29309.0,29311.0,1002
2026-06-26 08:00:00-04:00,29382.0,29386.75,29336.25,29350.0,806
2026-06-26 08:05:00-04:00,29414.25,29420.5,29379.5,29381.5,1221
2026-06-26 08:10:00-04:00,29420.5,29437.75,29396.5,29414.25,858
2026-06-26 08:15:00-04:00,29410.25,29450.0,29403.5,29420.5,1182
2026-06-26 08:20:00-04:00,29375.75,29419.25,29375.5,29412.0,1126
2026-06-26 08:25:00-04:00,29396.75,29399.5,29373.25,29375.5,710
2026-06-26 08:30:00-04:00,29372.75,29406.5,29367.75,29392.0,1240
2026-06-26 08:35:00-04:00,29342.75,29377.0,29336.0,29370.5,1468
2026-06-26 08:40:00-04:00,29322.75,29349.75,29320.0,29342.0,908
2026-06-26 08:45:00-04:00,29328.0,29338.75,29310.75,29324.25,1131
2026-06-26 08:50:00-04:00,29336.75,29347.25,29298.25,29326.5,1624
2026-06-26 08:55:00-04:00,29315.25,29343.5,29312.25,29338.75,887
2026-06-26 09:00:00-04:00,29286.0,29322.0,29275.0,29317.25,1655
2026-06-26 09:05:00-04:00,29262.5,29294.0,29259.5,29285.0,1324
2026-06-26 09:10:00-04:00,29279.0,29290.25,29249.0,29262.25,1478
2026-06-26 09:15:00-04:00,29256.25,29286.75,29211.25,29278.25,3145
2026-06-26 09:20:00-04:00,29300.75,29307.75,29248.5,29256.75,2565
2026-06-26 09:25:00-04:00,29360.75,29367.25,29295.0,29298.5,3357
2026-06-26 09:30:00-04:00,29231.25,29371.75,29181.5,29362.5,14857
2026-06-26 09:35:00-04:00,29240.75,29349.5,29228.25,29231.5,10279
2026-06-26 09:40:00-04:00,29342.25,29365.25,29217.75,29239.25,8588
2026-06-26 09:45:00-04:00,29267.75,29350.5,29235.5,29343.5,9563
2026-06-26 09:50:00-04:00,29323.0,29348.0,29259.75,29267.25,5720
2026-06-26 09:55:00-04:00,29440.5,29464.5,29300.0,29326.0,9177
2026-06-26 10:00:00-04:00,29534.75,29541.25,29414.0,29444.0,8669
2026-06-26 10:05:00-04:00,29571.5,29586.0,29508.5,29534.25,7836
2026-06-26 10:10:00-04:00,29589.5,29604.5,29505.25,29569.25,7736
2026-06-26 10:15:00-04:00,29527.25,29605.5,29523.0,29588.25,6368
2026-06-26 10:20:00-04:00,29605.75,29665.25,29520.5,29528.5,7674
2026-06-26 10:25:00-04:00,29592.0,29637.25,29567.5,29605.75,4934
2026-06-26 10:30:00-04:00,29584.25,29618.25,29532.0,29593.5,5971
2026-06-26 10:35:00-04:00,29488.25,29588.5,29481.5,29585.0,5339
2026-06-26 10:40:00-04:00,29493.5,29555.5,29455.5,29489.0,7002
2026-06-26 10:45:00-04:00,29530.0,29567.5,29486.5,29493.75,4627
2026-06-26 10:50:00-04:00,29521.0,29580.0,29490.5,29531.75,4618
2026-06-26 10:55:00-04:00,29501.75,29543.5,29466.0,29521.25,3930
2026-06-26 11:00:00-04:00,29511.25,29553.25,29501.0,29505.25,3281
2026-06-26 11:05:00-04:00,29525.25,29537.75,29467.5,29511.0,3803
2026-06-26 11:10:00-04:00,29444.5,29535.5,29438.0,29526.0,4001
2026-06-26 11:15:00-04:00,29503.25,29520.0,29408.75,29446.5,6331
2026-06-26 11:20:00-04:00,29559.25,29560.25,29481.75,29504.25,4396
2026-06-26 11:25:00-04:00,29592.5,29594.25,29539.0,29558.5,4483
2026-06-26 11:30:00-04:00,29582.25,29659.5,29567.0,29591.75,6911
2026-06-26 11:35:00-04:00,29665.0,29675.0,29582.5,29582.5,4720
2026-06-26 11:40:00-04:00,29697.5,29716.0,29640.25,29665.25,5476
2026-06-26 11:45:00-04:00,29623.75,29705.25,29623.75,29696.75,4670
2026-06-26 11:50:00-04:00,29558.5,29665.0,29531.0,29625.0,7974
2026-06-26 11:55:00-04:00,29621.25,29649.0,29547.25,29561.25,5140
2026-06-26 12:00:00-04:00,29609.75,29626.5,29580.25,29620.75,3269
2026-06-26 12:05:00-04:00,29548.25,29615.5,29540.0,29608.0,3304
2026-06-26 12:10:00-04:00,29555.25,29564.0,29518.75,29547.5,3965
2026-06-26 12:15:00-04:00,29557.75,29584.5,29535.75,29555.0,3501
2026-06-26 12:20:00-04:00,29541.25,29571.0,29493.75,29558.0,5556
2026-06-26 12:25:00-04:00,29557.25,29579.0,29536.5,29541.5,3063
2026-06-26 12:30:00-04:00,29634.5,29636.0,29559.0,29559.25,4195
2026-06-26 12:35:00-04:00,29607.5,29642.75,29604.5,29634.75,2950
2026-06-26 12:40:00-04:00,29598.75,29631.25,29593.75,29607.75,2394
2026-06-26 12:45:00-04:00,29611.5,29619.75,29585.75,29599.25,2794
2026-06-26 12:50:00-04:00,29625.5,29645.5,29606.0,29611.25,3176
2026-06-26 12:55:00-04:00,29612.25,29627.25,29600.75,29627.25,1676
2026-06-26 13:00:00-04:00,29644.0,29657.25,29595.0,29612.0,3084
2026-06-26 13:05:00-04:00,29688.25,29693.25,29637.0,29643.75,2996
2026-06-26 13:10:00-04:00,29651.75,29700.0,29645.75,29689.0,2609
2026-06-26 13:15:00-04:00,29604.25,29655.5,29594.5,29652.0,3355
2026-06-26 13:20:00-04:00,29595.75,29626.25,29578.75,29605.5,2903
2026-06-26 13:25:00-04:00,29635.25,29651.25,29575.25,29594.5,3182
2026-06-26 13:30:00-04:00,29620.75,29676.5,29615.0,29634.5,3379
2026-06-26 13:35:00-04:00,29583.75,29620.75,29578.75,29620.75,2572
2026-06-26 13:40:00-04:00,29597.75,29610.0,29558.25,29583.25,2751
2026-06-26 13:45:00-04:00,29571.5,29612.5,29568.75,29596.75,2009
2026-06-26 13:50:00-04:00,29576.25,29595.0,29566.25,29573.0,1746
2026-06-26 13:55:00-04:00,29544.0,29577.0,29535.75,29575.5,2796
2026-06-26 14:00:00-04:00,29561.5,29570.0,29540.5,29545.25,2322
2026-06-26 14:05:00-04:00,29547.0,29582.0,29536.0,29560.0,2384
2026-06-26 14:10:00-04:00,29538.75,29555.25,29524.75,29546.5,2029
2026-06-26 14:15:00-04:00,29501.25,29550.75,29490.0,29539.0,3101
2026-06-26 14:20:00-04:00,29503.25,29522.75,29487.75,29501.25,2925
2026-06-26 14:25:00-04:00,29461.5,29518.0,29456.5,29502.0,2743
2026-06-26 14:30:00-04:00,29500.0,29512.25,29454.0,29462.75,3167
2026-06-26 14:35:00-04:00,29476.0,29503.25,29461.25,29502.0,2223
2026-06-26 14:40:00-04:00,29474.5,29493.75,29461.5,29473.75,2450
2026-06-26 14:45:00-04:00,29443.25,29475.5,29427.5,29475.5,3490
2026-06-26 14:50:00-04:00,29430.0,29443.25,29417.0,29443.25,2815
2026-06-26 14:55:00-04:00,29415.5,29455.5,29388.75,29430.5,3541
2026-06-26 15:00:00-04:00,29405.25,29442.0,29402.0,29417.0,3296
2026-06-26 15:05:00-04:00,29478.25,29486.25,29395.25,29406.0,4193
2026-06-26 15:10:00-04:00,29502.0,29505.0,29459.5,29477.25,3779
2026-06-26 15:15:00-04:00,29488.0,29503.75,29470.5,29501.5,2643
2026-06-26 15:20:00-04:00,29445.0,29503.25,29420.0,29487.25,4379
2026-06-26 15:25:00-04:00,29452.25,29463.5,29437.5,29445.25,2377
2026-06-26 15:30:00-04:00,29488.5,29498.25,29429.25,29451.25,2736
2026-06-26 15:35:00-04:00,29466.0,29509.5,29465.5,29488.25,2962
2026-06-26 15:40:00-04:00,29537.75,29544.0,29464.25,29466.75,3160
2026-06-26 15:45:00-04:00,29517.5,29569.5,29509.75,29538.5,3864
2026-06-26 15:50:00-04:00,29452.5,29534.25,29420.25,29519.25,8362
2026-06-26 15:55:00-04:00,29317.75,29468.75,29283.75,29451.75,17271
2026-06-26 16:00:00-04:00,29301.75,29410.0,29266.25,29318.0,12450
2026-06-26 16:05:00-04:00,29304.25,29328.75,29277.5,29301.75,3063
2026-06-26 16:10:00-04:00,29350.75,29356.5,29297.0,29305.75,3054
2026-06-26 16:15:00-04:00,29356.0,29376.75,29339.75,29352.5,1871
2026-06-26 16:20:00-04:00,29372.5,29378.75,29345.0,29354.25,1698
2026-06-26 16:25:00-04:00,29341.25,29383.75,29340.5,29371.25,2010
2026-06-26 16:30:00-04:00,29312.75,29348.25,29274.0,29341.25,2242
2026-06-26 16:35:00-04:00,29290.75,29326.75,29266.0,29310.75,2525
2026-06-26 16:40:00-04:00,29271.25,29291.25,29256.75,29289.75,1255
2026-06-26 16:45:00-04:00,29276.25,29280.25,29255.0,29271.25,1189
2026-06-26 16:50:00-04:00,29292.75,29302.5,29277.25,29278.25,978
2026-06-26 16:55:00-04:00,29368.25,29368.25,29270.0,29293.0,844
2026-06-28 18:10:00-04:00,29545.0,29552.75,29485.0,29504.5,841
2026-06-28 18:15:00-04:00,29523.5,29559.75,29520.25,29546.0,790
2026-06-28 18:20:00-04:00,29537.0,29580.0,29498.0,29523.0,1280
2026-06-28 18:25:00-04:00,29561.0,29592.25,29527.0,29539.25,1068
2026-06-28 18:30:00-04:00,29568.75,29598.75,29560.75,29560.75,750
2026-06-28 18:35:00-04:00,29565.75,29588.75,29560.75,29567.75,500
2026-06-28 18:40:00-04:00,29584.75,29592.0,29561.5,29565.75,435
2026-06-28 18:45:00-04:00,29589.25,29595.0,29574.5,29584.5,449
2026-06-28 18:50:00-04:00,29565.25,29589.0,29561.75,29587.25,348
2026-06-28 18:55:00-04:00,29560.5,29577.5,29556.0,29568.0,315
2026-06-28 19:00:00-04:00,29597.0,29610.5,29548.75,29558.25,1004
2026-06-28 19:05:00-04:00,29644.75,29650.0,29589.0,29600.5,1333
2026-06-28 19:10:00-04:00,29641.0,29656.75,29626.75,29645.25,1001
2026-06-28 19:15:00-04:00,29647.0,29662.75,29626.0,29639.0,697
2026-06-28 19:20:00-04:00,29649.0,29667.75,29643.5,29650.25,579
2026-06-28 19:25:00-04:00,29649.5,29657.5,29644.25,29648.0,262
2026-06-28 19:30:00-04:00,29664.75,29668.0,29650.5,29650.75,438
2026-06-28 19:35:00-04:00,29673.0,29681.5,29659.5,29664.5,538
2026-06-28 19:40:00-04:00,29668.5,29673.75,29658.5,29672.25,366
2026-06-28 19:45:00-04:00,29658.0,29683.25,29650.5,29667.75,795
2026-06-28 19:50:00-04:00,29635.5,29660.75,29631.5,29660.75,695
2026-06-28 19:55:00-04:00,29617.0,29644.25,29612.5,29637.5,856
2026-06-28 20:00:00-04:00,29530.0,29622.0,29495.75,29621.0,3652
2026-06-28 20:05:00-04:00,29524.5,29550.0,29494.5,29529.25,1196
2026-06-28 20:10:00-04:00,29514.75,29561.0,29514.0,29528.0,970
2026-06-28 20:15:00-04:00,29493.0,29530.25,29459.0,29514.0,1873
2026-06-28 20:20:00-04:00,29408.5,29493.0,29396.25,29489.75,1927
2026-06-28 20:25:00-04:00,29379.0,29432.75,29375.75,29408.5,1378
2026-06-28 20:30:00-04:00,29394.0,29402.0,29363.25,29380.0,1382
2026-06-28 20:35:00-04:00,29387.5,29408.5,29373.25,29393.0,1278
2026-06-28 20:40:00-04:00,29456.75,29461.25,29383.25,29387.0,1556
2026-06-28 20:45:00-04:00,29415.0,29455.75,29378.0,29455.75,1281
2026-06-28 20:50:00-04:00,29455.25,29457.25,29414.25,29414.25,819
2026-06-28 20:55:00-04:00,29494.0,29505.25,29455.0,29456.75,1270
2026-06-28 21:00:00-04:00,29471.75,29510.5,29452.0,29494.0,1013
2026-06-28 21:05:00-04:00,29492.0,29522.25,29472.25,29473.0,982
2026-06-28 21:10:00-04:00,29500.5,29510.75,29478.25,29494.0,518
2026-06-28 21:15:00-04:00,29461.25,29506.5,29434.5,29499.75,1013
2026-06-28 21:20:00-04:00,29472.0,29493.0,29442.5,29461.0,705
2026-06-28 21:25:00-04:00,29440.25,29493.0,29436.0,29473.75,631
2026-06-28 21:30:00-04:00,29456.25,29475.0,29420.25,29441.75,769
2026-06-28 21:35:00-04:00,29509.75,29524.25,29449.5,29453.75,1209
2026-06-28 21:40:00-04:00,29545.5,29558.25,29509.25,29510.0,949
2026-06-28 21:45:00-04:00,29528.0,29554.25,29509.0,29546.25,723
2026-06-28 21:50:00-04:00,29522.75,29537.75,29510.25,29530.25,470
2026-06-28 21:55:00-04:00,29516.25,29541.75,29511.0,29521.25,508
2026-06-28 22:00:00-04:00,29483.25,29525.75,29477.5,29518.5,882
2026-06-28 22:05:00-04:00,29456.75,29492.75,29450.0,29481.0,631
2026-06-28 22:10:00-04:00,29398.0,29468.0,29393.75,29457.5,1026
2026-06-28 22:15:00-04:00,29434.0,29442.5,29389.0,29397.75,898
2026-06-28 22:20:00-04:00,29482.75,29496.0,29437.75,29437.75,803
2026-06-28 22:25:00-04:00,29525.0,29532.0,29475.75,29483.5,706
2026-06-28 22:30:00-04:00,29509.75,29529.0,29503.0,29524.5,426
2026-06-28 22:35:00-04:00,29517.75,29537.75,29503.0,29507.5,387
2026-06-28 22:40:00-04:00,29532.0,29538.5,29515.25,29515.75,343
2026-06-28 22:45:00-04:00,29540.0,29544.25,29523.0,29534.75,338
2026-06-28 22:50:00-04:00,29517.0,29544.25,29512.5,29537.5,430
2026-06-28 22:55:00-04:00,29523.25,29536.0,29514.25,29517.5,249
2026-06-28 23:00:00-04:00,29569.75,29574.0,29525.75,29525.75,749
2026-06-28 23:05:00-04:00,29568.5,29579.0,29555.5,29568.5,549
2026-06-28 23:10:00-04:00,29544.75,29571.0,29540.75,29568.5,416
2026-06-28 23:15:00-04:00,29547.5,29548.0,29537.5,29543.75,233
2026-06-28 23:20:00-04:00,29550.5,29563.0,29536.0,29546.0,333
2026-06-28 23:25:00-04:00,29555.25,29567.75,29539.75,29548.5,299
2026-06-28 23:30:00-04:00,29520.0,29568.25,29513.75,29556.5,629
2026-06-28 23:35:00-04:00,29501.75,29524.5,29482.25,29521.0,792
2026-06-28 23:40:00-04:00,29500.5,29508.25,29488.75,29500.0,335
2026-06-28 23:45:00-04:00,29555.5,29560.5,29492.0,29496.0,816
2026-06-28 23:50:00-04:00,29584.25,29605.75,29553.0,29555.5,1018
2026-06-28 23:55:00-04:00,29594.25,29598.5,29569.75,29580.75,382
2026-06-29 00:00:00-04:00,29576.25,29593.25,29571.0,29592.0,443
2026-06-29 00:05:00-04:00,29577.0,29585.5,29553.75,29577.25,607
2026-06-29 00:10:00-04:00,29562.0,29574.75,29553.5,29574.25,292
2026-06-29 00:15:00-04:00,29546.0,29561.75,29539.0,29560.25,437
2026-06-29 00:20:00-04:00,29551.5,29556.25,29523.75,29545.5,775
2026-06-29 00:25:00-04:00,29539.5,29575.75,29537.0,29551.75,673
2026-06-29 00:30:00-04:00,29532.0,29553.75,29520.25,29541.75,383
2026-06-29 00:35:00-04:00,29528.75,29546.25,29517.0,29526.5,379
2026-06-29 00:40:00-04:00,29521.25,29529.75,29505.0,29527.25,420
2026-06-29 00:45:00-04:00,29536.5,29537.25,29505.0,29524.0,479
2026-06-29 00:50:00-04:00,29544.0,29555.0,29527.25,29538.0,406
2026-06-29 00:55:00-04:00,29518.0,29541.75,29508.75,29541.75,351
2026-06-29 01:00:00-04:00,29506.5,29537.75,29494.5,29520.0,634
2026-06-29 01:05:00-04:00,29518.75,29530.0,29491.5,29507.75,456
2026-06-29 01:10:00-04:00,29537.75,29538.25,29493.5,29518.75,397
2026-06-29 01:15:00-04:00,29522.75,29551.0,29509.25,29535.5,488
2026-06-29 01:20:00-04:00,29535.5,29541.0,29519.0,29524.0,227
2026-06-29 01:25:00-04:00,29533.0,29557.5,29520.5,29536.5,460
2026-06-29 01:30:00-04:00,29586.75,29587.5,29525.5,29534.5,447
2026-06-29 01:35:00-04:00,29572.75,29594.75,29555.25,29586.75,456
2026-06-29 01:40:00-04:00,29621.25,29629.75,29572.75,29574.0,789
2026-06-29 01:45:00-04:00,29614.25,29623.25,29603.75,29620.25,652
2026-06-29 01:50:00-04:00,29656.5,29662.25,29602.25,29613.75,1254
2026-06-29 01:55:00-04:00,29670.75,29672.25,29645.75,29656.25,811
2026-06-29 02:00:00-04:00,29620.5,29676.75,29609.75,29670.25,1022
2026-06-29 02:05:00-04:00,29607.25,29620.25,29591.0,29615.5,616
2026-06-29 02:10:00-04:00,29613.25,29622.25,29590.0,29606.75,529
2026-06-29 02:15:00-04:00,29629.75,29633.25,29614.75,29614.75,415
2026-06-29 02:20:00-04:00,29645.5,29648.5,29618.0,29630.75,438
2026-06-29 02:25:00-04:00,29647.75,29661.25,29634.25,29644.25,571
2026-06-29 02:30:00-04:00,29678.0,29684.25,29646.75,29651.0,888
2026-06-29 02:35:00-04:00,29657.75,29683.25,29648.75,29683.0,430
2026-06-29 02:40:00-04:00,29666.75,29684.75,29655.0,29658.0,734
2026-06-29 02:45:00-04:00,29642.75,29670.25,29641.75,29666.0,310
2026-06-29 02:50:00-04:00,29636.0,29655.25,29636.0,29644.75,450
2026-06-29 02:55:00-04:00,29631.5,29637.25,29616.5,29635.0,591
2026-06-29 03:00:00-04:00,29608.25,29633.75,29575.75,29631.5,959
2026-06-29 03:05:00-04:00,29608.25,29612.25,29583.0,29607.75,468
2026-06-29 03:10:00-04:00,29616.0,29618.25,29582.75,29609.5,667
2026-06-29 03:15:00-04:00,29635.5,29643.5,29617.5,29617.5,608
2026-06-29 03:20:00-04:00,29635.75,29648.75,29615.75,29635.0,501
2026-06-29 03:25:00-04:00,29643.75,29655.75,29625.0,29636.25,408
2026-06-29 03:30:00-04:00,29647.25,29647.25,29627.0,29644.5,307
2026-06-29 03:35:00-04:00,29671.5,29671.5,29632.5,29643.0,323
2026-06-29 03:40:00-04:00,29666.5,29679.0,29660.0,29669.75,429
2026-06-29 03:45:00-04:00,29672.25,29698.5,29657.5,29665.25,1132
2026-06-29 03:50:00-04:00,29663.75,29681.75,29657.25,29674.5,281
2026-06-29 03:55:00-04:00,29664.25,29669.5,29654.75,29660.5,221
2026-06-29 04:00:00-04:00,29690.25,29714.0,29657.0,29663.5,1013
2026-06-29 04:05:00-04:00,29694.75,29714.25,29677.0,29690.5,634
2026-06-29 04:10:00-04:00,29686.25,29702.5,29677.75,29697.0,340
2026-06-29 04:15:00-04:00,29714.0,29729.5,29678.25,29685.5,954
2026-06-29 04:20:00-04:00,29711.25,29724.25,29703.75,29713.0,507
2026-06-29 04:25:00-04:00,29694.75,29732.75,29692.25,29716.0,538
2026-06-29 04:30:00-04:00,29713.25,29720.75,29687.5,29694.25,651
2026-06-29 04:35:00-04:00,29682.5,29720.5,29676.0,29708.75,532
2026-06-29 04:40:00-04:00,29685.75,29694.0,29678.25,29684.75,441
2026-06-29 04:45:00-04:00,29688.25,29706.75,29680.0,29685.0,363
2026-06-29 04:50:00-04:00,29673.75,29697.0,29670.75,29688.25,239
2026-06-29 04:55:00-04:00,29660.25,29672.25,29652.75,29672.25,558
2026-06-29 05:00:00-04:00,29664.25,29671.75,29652.25,29658.75,390
2026-06-29 05:05:00-04:00,29652.75,29666.25,29644.5,29664.75,303
2026-06-29 05:10:00-04:00,29658.0,29665.0,29640.5,29653.75,297
2026-06-29 05:15:00-04:00,29667.75,29677.5,29646.75,29654.5,240
2026-06-29 05:20:00-04:00,29671.5,29676.5,29659.75,29670.25,215
2026-06-29 05:25:00-04:00,29677.75,29688.25,29658.0,29670.5,525
2026-06-29 05:30:00-04:00,29672.5,29686.5,29670.5,29680.0,368
2026-06-29 05:35:00-04:00,29669.0,29680.75,29657.25,29671.5,398
2026-06-29 05:40:00-04:00,29657.75,29667.0,29645.0,29667.0,446
2026-06-29 05:45:00-04:00,29660.25,29672.75,29652.25,29657.5,412
2026-06-29 05:50:00-04:00,29646.0,29666.0,29620.0,29659.0,1068
2026-06-29 05:55:00-04:00,29664.0,29673.25,29640.75,29647.75,507
2026-06-29 06:00:00-04:00,29695.25,29703.75,29666.25,29666.25,670
2026-06-29 06:05:00-04:00,29717.5,29718.5,29686.5,29695.25,505
2026-06-29 06:10:00-04:00,29688.0,29722.5,29684.0,29717.5,461
2026-06-29 06:15:00-04:00,29681.25,29687.25,29668.75,29686.0,430
2026-06-29 06:20:00-04:00,29683.0,29694.25,29677.25,29683.25,274
2026-06-29 06:25:00-04:00,29717.5,29717.5,29678.25,29682.25,459
2026-06-29 06:30:00-04:00,29720.25,29727.5,29709.5,29716.75,583
2026-06-29 06:35:00-04:00,29737.5,29744.0,29707.25,29721.75,823
2026-06-29 06:40:00-04:00,29728.0,29741.75,29723.75,29737.75,368
2026-06-29 06:45:00-04:00,29725.0,29728.75,29699.5,29726.25,815
2026-06-29 06:50:00-04:00,29731.25,29735.75,29719.0,29725.5,293
2026-06-29 06:55:00-04:00,29740.5,29746.0,29725.75,29732.75,542
2026-06-29 07:00:00-04:00,29746.75,29758.0,29734.25,29742.25,854
2026-06-29 07:05:00-04:00,29738.0,29756.0,29738.0,29749.25,626
2026-06-29 07:10:00-04:00,29711.75,29738.5,29708.5,29737.25,658
2026-06-29 07:15:00-04:00,29693.25,29717.75,29688.5,29712.25,743
2026-06-29 07:20:00-04:00,29702.0,29710.0,29683.5,29693.0,694
2026-06-29 07:25:00-04:00,29710.25,29720.5,29702.0,29702.75,297
2026-06-29 07:30:00-04:00,29718.5,29759.75,29701.0,29709.75,1515
2026-06-29 07:35:00-04:00,29703.0,29726.75,29701.5,29718.5,408
2026-06-29 07:40:00-04:00,29708.75,29721.0,29697.0,29703.5,555
2026-06-29 07:45:00-04:00,29717.0,29725.0,29707.75,29709.0,289
2026-06-29 07:50:00-04:00,29706.0,29730.0,29703.25,29717.0,334
2026-06-29 07:55:00-04:00,29705.5,29716.0,29698.5,29708.5,493
2026-06-29 08:00:00-04:00,29711.0,29717.75,29691.75,29705.25,575
2026-06-29 08:05:00-04:00,29718.75,29724.25,29708.0,29711.0,396
2026-06-29 08:10:00-04:00,29728.25,29733.75,29713.0,29721.75,581
2026-06-29 08:15:00-04:00,29728.25,29739.25,29719.5,29727.25,424
2026-06-29 08:20:00-04:00,29712.75,29732.0,29707.5,29728.75,396
2026-06-29 08:25:00-04:00,29716.75,29728.0,29707.5,29714.0,378
2026-06-29 08:30:00-04:00,29726.75,29726.75,29693.0,29717.5,852
2026-06-29 08:35:00-04:00,29682.0,29730.75,29678.0,29725.75,873
2026-06-29 08:40:00-04:00,29674.5,29687.0,29650.25,29680.0,1064
2026-06-29 08:45:00-04:00,29668.75,29688.25,29664.0,29675.0,802
2026-06-29 08:50:00-04:00,29682.75,29688.5,29665.25,29668.25,508
2026-06-29 08:55:00-04:00,29705.0,29705.5,29680.5,29682.75,589
2026-06-29 09:00:00-04:00,29706.75,29720.5,29699.5,29705.75,643
2026-06-29 09:05:00-04:00,29712.75,29725.25,29704.25,29706.0,613
2026-06-29 09:10:00-04:00,29727.25,29733.25,29708.75,29713.0,620
2026-06-29 09:15:00-04:00,29714.0,29733.0,29712.5,29726.75,541
2026-06-29 09:20:00-04:00,29676.5,29715.25,29673.0,29713.0,1276
2026-06-29 09:25:00-04:00,29643.25,29681.75,29628.0,29676.75,2592
2026-06-29 09:30:00-04:00,29762.25,29769.25,29557.0,29643.0,14642
2026-06-29 09:35:00-04:00,29710.0,29767.75,29635.25,29762.25,8755
2026-06-29 09:40:00-04:00,29786.75,29795.0,29676.0,29709.5,7371
2026-06-29 09:45:00-04:00,29768.0,29824.5,29747.75,29786.0,9043
2026-06-29 09:50:00-04:00,29763.0,29840.0,29720.25,29768.0,7108
2026-06-29 09:55:00-04:00,29617.75,29776.0,29578.0,29760.5,10291
2026-06-29 10:00:00-04:00,29542.5,29631.5,29531.75,29618.75,10062
2026-06-29 10:05:00-04:00,29497.75,29555.0,29452.0,29543.75,10239
2026-06-29 10:10:00-04:00,29330.75,29516.0,29328.0,29498.25,11164
2026-06-29 10:15:00-04:00,29381.5,29388.0,29273.75,29330.0,13675
2026-06-29 10:20:00-04:00,29401.75,29437.0,29338.25,29381.5,9050
2026-06-29 10:25:00-04:00,29546.0,29551.0,29392.5,29402.75,9128
2026-06-29 10:30:00-04:00,29632.75,29652.5,29525.75,29546.0,10228
2026-06-29 10:35:00-04:00,29587.5,29642.0,29560.0,29631.0,6443
2026-06-29 10:40:00-04:00,29580.25,29625.0,29562.75,29588.0,4621
2026-06-29 10:45:00-04:00,29569.5,29584.25,29497.25,29578.0,6863
2026-06-29 10:50:00-04:00,29673.75,29687.5,29567.0,29569.25,7408
2026-06-29 10:55:00-04:00,29713.75,29716.5,29642.75,29672.25,5113
2026-06-29 11:00:00-04:00,29702.5,29735.0,29697.0,29714.25,6278
2026-06-29 11:05:00-04:00,29717.75,29728.0,29681.5,29702.0,4373
2026-06-29 11:10:00-04:00,29724.5,29726.25,29663.75,29717.25,4800
2026-06-29 11:15:00-04:00,29695.0,29752.5,29681.0,29725.5,5008
2026-06-29 11:20:00-04:00,29681.0,29741.0,29659.25,29696.0,4875
2026-06-29 11:25:00-04:00,29771.0,29775.25,29676.0,29680.5,4418
2026-06-29 11:30:00-04:00,29766.25,29803.25,29759.25,29770.0,5019
2026-06-29 11:35:00-04:00,29794.75,29802.75,29734.75,29765.75,4699
2026-06-29 11:40:00-04:00,29819.5,29823.0,29773.25,29792.5,4168
2026-06-29 11:45:00-04:00,29793.0,29819.0,29778.0,29818.75,3428
2026-06-29 11:50:00-04:00,29819.5,29829.75,29787.0,29791.75,4003
2026-06-29 11:55:00-04:00,29838.75,29847.25,29796.75,29820.25,4020
2026-06-29 12:00:00-04:00,29869.25,29873.75,29836.0,29839.75,4295
2026-06-29 12:05:00-04:00,29860.5,29879.25,29851.25,29868.25,3161
2026-06-29 12:10:00-04:00,29848.5,29869.0,29834.25,29860.5,3017
2026-06-29 12:15:00-04:00,29878.75,29888.0,29848.0,29849.25,3763
2026-06-29 12:20:00-04:00,29902.5,29906.5,29868.25,29877.75,3712
2026-06-29 12:25:00-04:00,29871.25,29907.5,29865.5,29902.75,3036
2026-06-29 12:30:00-04:00,29862.5,29882.25,29843.25,29871.0,3346
2026-06-29 12:35:00-04:00,29882.75,29887.25,29855.5,29862.75,2549
2026-06-29 12:40:00-04:00,29906.5,29910.5,29877.0,29883.25,3046
2026-06-29 12:45:00-04:00,29905.75,29920.75,29892.75,29906.5,3518
2026-06-29 12:50:00-04:00,29928.0,29932.5,29899.75,29907.0,3201
2026-06-29 12:55:00-04:00,29915.5,29929.25,29913.0,29927.75,1968
2026-06-29 13:00:00-04:00,29944.75,29947.75,29915.75,29916.0,2781
2026-06-29 13:05:00-04:00,29949.75,29952.5,29932.75,29944.25,2276
2026-06-29 13:10:00-04:00,29988.0,30001.0,29948.25,29950.0,4457
2026-06-29 13:15:00-04:00,29990.75,30000.0,29979.0,29988.75,3363
2026-06-29 13:20:00-04:00,29958.5,30003.0,29950.0,29990.0,4383
2026-06-29 13:25:00-04:00,30011.0,30014.5,29952.25,29958.5,3355
2026-06-29 13:30:00-04:00,29995.75,30038.25,29987.0,30012.25,4151
2026-06-29 13:35:00-04:00,30007.5,30012.5,29990.0,29996.0,2117
2026-06-29 13:40:00-04:00,30005.25,30010.75,29997.25,30007.5,1782
2026-06-29 13:45:00-04:00,30021.25,30025.25,29993.25,30005.25,2144
2026-06-29 13:50:00-04:00,30017.0,30029.75,30006.0,30021.5,1928
2026-06-29 13:55:00-04:00,30003.5,30029.0,29989.75,30016.75,2472
2026-06-29 14:00:00-04:00,30013.75,30021.75,29993.0,30004.0,2256
2026-06-29 14:05:00-04:00,30010.5,30024.25,30003.75,30013.5,2249
2026-06-29 14:10:00-04:00,30021.0,30023.0,30006.5,30010.25,2051
2026-06-29 14:15:00-04:00,30017.75,30024.75,30008.25,30020.5,2353
2026-06-29 14:20:00-04:00,30003.5,30022.75,29996.0,30017.5,2113
2026-06-29 14:25:00-04:00,29992.25,30004.5,29986.5,30003.5,2186
2026-06-29 14:30:00-04:00,30023.0,30026.5,29988.75,29992.25,2600
2026-06-29 14:35:00-04:00,30039.0,30044.25,30018.5,30023.25,2944
2026-06-29 14:40:00-04:00,30053.75,30057.0,30037.25,30039.5,2709
2026-06-29 14:45:00-04:00,30050.25,30069.5,30046.75,30054.25,2897
2026-06-29 14:50:00-04:00,30045.25,30052.25,30032.0,30049.5,2583
2026-06-29 14:55:00-04:00,30032.25,30048.5,30025.75,30045.25,2310
2026-06-29 15:00:00-04:00,30005.5,30045.0,30003.75,30032.75,3958
2026-06-29 15:05:00-04:00,30022.75,30038.0,29997.0,30005.0,4155
2026-06-29 15:10:00-04:00,30013.75,30029.75,30008.25,30022.5,2276
2026-06-29 15:15:00-04:00,30022.5,30034.0,30006.25,30013.5,2455
2026-06-29 15:20:00-04:00,30047.0,30058.5,30022.75,30022.75,3298
2026-06-29 15:25:00-04:00,30025.0,30050.75,30024.0,30047.25,2981
2026-06-29 15:30:00-04:00,30008.0,30030.5,30004.25,30025.5,3156
2026-06-29 15:35:00-04:00,30031.75,30032.0,30007.5,30008.25,2461
2026-06-29 15:40:00-04:00,30020.75,30047.25,30007.75,30032.0,2889
2026-06-29 15:45:00-04:00,30022.0,30030.5,30014.5,30020.0,3000
2026-06-29 15:50:00-04:00,29991.0,30029.5,29973.75,30023.0,6740
2026-06-29 15:55:00-04:00,30047.5,30069.0,29991.75,29991.75,15623
2026-06-29 16:00:00-04:00,30031.0,30051.75,29995.5,30046.25,8443
2026-06-29 16:05:00-04:00,30031.5,30035.25,30016.25,30030.5,1846
2026-06-29 16:10:00-04:00,30025.75,30037.5,30020.0,30031.0,1259
2026-06-29 16:15:00-04:00,30019.75,30027.5,30016.0,30025.5,769
2026-06-29 16:20:00-04:00,30030.5,30037.0,30020.75,30020.75,557
2026-06-29 16:25:00-04:00,30020.5,30033.5,30020.0,30029.75,587
2026-06-29 16:30:00-04:00,30015.25,30021.5,30009.25,30021.0,620
2026-06-29 16:35:00-04:00,30002.0,30016.5,29997.0,30014.25,485
2026-06-29 16:40:00-04:00,30004.0,30005.75,29995.25,30001.0,305
2026-06-29 16:45:00-04:00,30003.0,30006.25,29993.0,30005.0,507
2026-06-29 16:50:00-04:00,30002.75,30008.25,30000.5,30003.0,276
2026-06-29 16:55:00-04:00,29995.0,30014.5,29991.25,30003.0,562
2026-06-29 18:00:00-04:00,29989.25,30013.75,29970.25,30007.25,0
2026-06-29 18:05:00-04:00,30022.75,30029.5,29985.75,29990.5,856
2026-06-29 18:10:00-04:00,30012.5,30033.25,30005.75,30022.0,563
2026-06-29 18:15:00-04:00,30022.5,30024.0,30003.5,30012.5,280
2026-06-29 18:20:00-04:00,30020.5,30035.5,30020.25,30021.5,371
2026-06-29 18:25:00-04:00,30010.75,30028.5,30005.75,30020.25,339
2026-06-29 18:30:00-04:00,29997.75,30017.0,29991.5,30012.0,503
2026-06-29 18:35:00-04:00,30001.75,30003.5,29994.5,29996.75,154
2026-06-29 18:40:00-04:00,30021.0,30029.25,29997.25,30000.5,509
2026-06-29 18:45:00-04:00,30016.25,30024.25,30012.75,30022.75,212
2026-06-29 18:50:00-04:00,30015.0,30016.0,30003.0,30013.75,301
2026-06-29 18:55:00-04:00,30012.25,30015.75,30005.5,30015.25,146
2026-06-29 19:00:00-04:00,30022.75,30023.25,30006.0,30011.25,257
2026-06-29 19:05:00-04:00,30036.25,30038.0,30017.25,30021.0,431
2026-06-29 19:10:00-04:00,30030.0,30045.75,30025.25,30037.5,608
2026-06-29 19:15:00-04:00,30033.5,30042.25,30025.0,30031.0,313
2026-06-29 19:20:00-04:00,30027.75,30040.5,30023.75,30032.75,209
2026-06-29 19:25:00-04:00,30035.75,30043.0,30027.75,30027.75,282
2026-06-29 19:30:00-04:00,30052.0,30053.25,30026.0,30035.0,351
2026-06-29 19:35:00-04:00,30043.25,30054.0,30041.75,30051.75,335
2026-06-29 19:40:00-04:00,30044.0,30050.0,30040.0,30042.0,168
2026-06-29 19:45:00-04:00,30031.25,30044.5,30022.25,30044.25,562
2026-06-29 19:50:00-04:00,30029.75,30036.5,30018.0,30032.0,292
2026-06-29 19:55:00-04:00,30041.0,30050.5,30027.5,30029.75,408
2026-06-29 20:00:00-04:00,30050.75,30053.75,30010.5,30040.0,812
2026-06-29 20:05:00-04:00,30048.75,30080.0,30046.25,30052.0,1028
2026-06-29 20:10:00-04:00,30066.5,30085.0,30035.75,30048.75,785
2026-06-29 20:15:00-04:00,30062.25,30086.0,30055.5,30065.0,711
2026-06-29 20:20:00-04:00,30044.75,30068.5,30026.25,30062.5,690
2026-06-29 20:25:00-04:00,29997.75,30050.0,29986.5,30045.5,892
2026-06-29 20:30:00-04:00,29966.75,30003.5,29938.25,29997.25,1708
2026-06-29 20:35:00-04:00,29964.75,29976.75,29949.0,29964.75,870
2026-06-29 20:40:00-04:00,29942.25,29982.5,29936.25,29967.5,1071
2026-06-29 20:45:00-04:00,29988.5,29994.5,29934.75,29942.25,1388
2026-06-29 20:50:00-04:00,30008.25,30015.0,29977.0,29990.0,849
2026-06-29 20:55:00-04:00,30009.5,30015.5,29993.25,30010.0,485
2026-06-29 21:00:00-04:00,29980.5,30020.0,29963.25,30010.75,1124
2026-06-29 21:05:00-04:00,29961.75,29985.5,29960.0,29979.75,773
2026-06-29 21:10:00-04:00,29968.0,29975.0,29951.0,29963.0,544
2026-06-29 21:15:00-04:00,29991.0,29995.5,29960.0,29968.0,707
2026-06-29 21:20:00-04:00,30005.75,30013.75,29979.5,29993.5,623
2026-06-29 21:25:00-04:00,30064.25,30064.75,29993.75,30001.75,914
2026-06-29 21:30:00-04:00,30054.5,30079.25,30047.0,30066.25,1222
2026-06-29 21:35:00-04:00,30028.5,30057.25,30014.0,30057.25,840
2026-06-29 21:40:00-04:00,30048.75,30056.5,30027.5,30028.5,673
2026-06-29 21:45:00-04:00,30034.75,30056.5,30015.0,30048.75,704
2026-06-29 21:50:00-04:00,30043.25,30049.25,30029.5,30035.25,360
2026-06-29 21:55:00-04:00,30053.25,30054.75,30040.0,30042.0,292
2026-06-29 22:00:00-04:00,30019.0,30056.75,30018.0,30054.5,570
2026-06-29 22:05:00-04:00,30027.75,30031.75,30010.0,30022.0,341
2026-06-29 22:10:00-04:00,30006.25,30027.0,30000.5,30027.0,324
2026-06-29 22:15:00-04:00,29999.75,30011.5,29977.5,30008.25,518
2026-06-29 22:20:00-04:00,30031.75,30033.5,29995.75,29998.25,533
2026-06-29 22:25:00-04:00,30029.5,30040.25,30021.5,30031.25,482
2026-06-29 22:30:00-04:00,30031.25,30052.0,30023.0,30028.25,693
2026-06-29 22:35:00-04:00,30030.0,30035.0,30023.25,30031.5,183
2026-06-29 22:40:00-04:00,30022.25,30036.25,30016.75,30034.0,313
2026-06-29 22:45:00-04:00,30036.5,30040.25,30018.75,30023.25,299
2026-06-29 22:50:00-04:00,30036.75,30042.75,30028.5,30035.25,181
2026-06-29 22:55:00-04:00,30020.25,30041.0,30016.75,30037.0,374
2026-06-29 23:00:00-04:00,30023.5,30028.0,30011.0,30021.5,335
2026-06-29 23:05:00-04:00,30040.5,30043.5,30021.0,30024.25,227
2026-06-29 23:10:00-04:00,30032.5,30045.25,30030.0,30041.5,270
2026-06-29 23:15:00-04:00,30053.5,30060.25,30033.25,30033.25,276
2026-06-29 23:20:00-04:00,30047.25,30057.5,30043.0,30053.25,310
2026-06-29 23:25:00-04:00,30062.0,30065.5,30040.25,30042.5,312
2026-06-29 23:30:00-04:00,30077.25,30080.75,30057.0,30062.0,455
2026-06-29 23:35:00-04:00,30113.75,30118.25,30071.75,30077.25,1111
2026-06-29 23:40:00-04:00,30117.25,30129.5,30108.0,30113.0,565
2026-06-29 23:45:00-04:00,30112.75,30120.25,30108.5,30116.0,320
2026-06-29 23:50:00-04:00,30106.0,30130.75,30105.0,30112.0,463
2026-06-29 23:55:00-04:00,30103.0,30105.5,30091.0,30105.5,477
2026-06-30 00:05:00-04:00,30130.0,30134.75,30128.5,30134.0,1555
2026-06-30 00:10:00-04:00,30138.25,30142.25,30130.0,30130.75,236
2026-06-30 00:15:00-04:00,30135.25,30142.0,30131.25,30139.25,245
2026-06-30 00:20:00-04:00,30149.25,30157.75,30135.0,30135.5,477
2026-06-30 00:25:00-04:00,30169.25,30170.0,30148.75,30149.25,494
2026-06-30 00:30:00-04:00,30177.0,30178.0,30162.5,30169.25,377
2026-06-30 00:35:00-04:00,30192.75,30195.5,30176.25,30176.25,566
2026-06-30 00:40:00-04:00,30201.5,30202.75,30183.0,30192.75,1020
2026-06-30 00:45:00-04:00,30194.0,30209.5,30184.25,30200.5,745
2026-06-30 00:50:00-04:00,30195.75,30204.25,30183.75,30194.5,641
2026-06-30 00:55:00-04:00,30186.5,30202.75,30185.25,30194.25,218
2026-06-30 01:00:00-04:00,30203.0,30217.0,30183.0,30187.75,883
2026-06-30 01:05:00-04:00,30192.75,30206.75,30192.0,30202.5,285
2026-06-30 01:10:00-04:00,30194.0,30196.75,30182.5,30193.25,409
2026-06-30 01:15:00-04:00,30174.5,30194.0,30170.25,30191.5,603
2026-06-30 01:20:00-04:00,30189.5,30195.5,30172.0,30175.0,526
2026-06-30 01:25:00-04:00,30160.75,30192.25,30155.0,30190.5,827
2026-06-30 01:30:00-04:00,30135.25,30164.5,30131.0,30163.0,924
2026-06-30 01:35:00-04:00,30138.0,30140.75,30117.0,30134.25,719
2026-06-30 01:40:00-04:00,30145.75,30163.0,30137.75,30138.5,794
2026-06-30 01:45:00-04:00,30157.25,30158.25,30142.5,30146.75,235
2026-06-30 01:50:00-04:00,30162.25,30168.25,30146.0,30156.75,510
2026-06-30 01:55:00-04:00,30167.0,30170.25,30155.25,30160.75,447
2026-06-30 02:00:00-04:00,30168.5,30173.25,30151.0,30167.75,830
2026-06-30 02:05:00-04:00,30154.25,30167.25,30148.25,30164.5,459
2026-06-30 02:10:00-04:00,30151.25,30163.25,30146.25,30156.0,516
2026-06-30 02:15:00-04:00,30143.75,30152.5,30137.0,30152.5,474
2026-06-30 02:20:00-04:00,30138.0,30146.0,30128.75,30142.5,538
2026-06-30 02:25:00-04:00,30144.5,30154.0,30118.25,30133.25,807
2026-06-30 02:30:00-04:00,30106.0,30148.5,30098.0,30142.75,983
2026-06-30 02:35:00-04:00,30111.5,30122.25,30099.0,30106.5,628
2026-06-30 02:40:00-04:00,30106.75,30122.5,30104.25,30113.25,293
2026-06-30 02:45:00-04:00,30126.5,30128.5,30102.5,30104.25,534
2026-06-30 02:50:00-04:00,30123.5,30129.5,30118.5,30127.0,271
2026-06-30 02:55:00-04:00,30132.5,30134.0,30119.0,30122.25,289
2026-06-30 03:00:00-04:00,30135.75,30150.0,30122.0,30133.25,639
2026-06-30 03:05:00-04:00,30124.5,30151.25,30117.25,30137.75,642
2026-06-30 03:10:00-04:00,30112.0,30123.5,30106.5,30123.5,430
2026-06-30 03:15:00-04:00,30116.25,30124.0,30110.0,30113.25,325
2026-06-30 03:20:00-04:00,30127.75,30131.5,30110.0,30116.5,261
2026-06-30 03:25:00-04:00,30117.0,30134.75,30114.5,30127.5,259
2026-06-30 03:30:00-04:00,30120.0,30130.0,30115.0,30117.5,303
2026-06-30 03:35:00-04:00,30115.0,30131.0,30114.0,30121.0,229
2026-06-30 03:40:00-04:00,30106.25,30122.75,30103.0,30114.75,382
2026-06-30 03:45:00-04:00,30097.5,30106.75,30085.5,30106.25,671
2026-06-30 03:50:00-04:00,30089.5,30096.5,30069.25,30095.25,697
2026-06-30 03:55:00-04:00,30081.25,30094.5,30078.0,30088.75,419
2026-06-30 04:00:00-04:00,30103.75,30123.5,30067.0,30081.0,1166
2026-06-30 04:05:00-04:00,30109.0,30127.75,30101.5,30103.0,723
2026-06-30 04:10:00-04:00,30089.0,30125.5,30089.0,30109.75,491
2026-06-30 04:15:00-04:00,30091.75,30093.0,30069.25,30089.5,494
2026-06-30 04:20:00-04:00,30117.5,30118.75,30091.75,30092.25,653
2026-06-30 04:25:00-04:00,30125.75,30127.25,30112.25,30117.25,438
2026-06-30 04:30:00-04:00,30079.75,30135.0,30079.0,30124.0,772
2026-06-30 04:35:00-04:00,30036.75,30086.0,30036.75,30079.25,962
2026-06-30 04:40:00-04:00,30046.5,30053.25,30018.75,30037.25,827
2026-06-30 04:45:00-04:00,30037.75,30050.5,30028.5,30047.75,428
2026-06-30 04:50:00-04:00,30064.25,30064.5,30022.25,30038.25,582
2026-06-30 04:55:00-04:00,30069.25,30073.75,30060.0,30064.5,367
2026-06-30 05:00:00-04:00,30080.0,30083.25,30060.75,30071.25,505
2026-06-30 05:05:00-04:00,30062.0,30082.75,30061.5,30080.0,272
2026-06-30 05:10:00-04:00,30075.25,30078.25,30059.0,30062.5,351
2026-06-30 05:15:00-04:00,30081.5,30088.0,30073.5,30074.5,370
2026-06-30 05:20:00-04:00,30067.25,30083.0,30063.25,30082.75,343
2026-06-30 05:25:00-04:00,30059.25,30076.25,30059.25,30066.0,332
2026-06-30 05:30:00-04:00,30041.25,30062.0,30034.5,30060.0,563
2026-06-30 05:35:00-04:00,30070.0,30070.25,30040.25,30040.25,345
2026-06-30 05:40:00-04:00,30072.0,30079.25,30067.0,30069.75,315
2026-06-30 05:45:00-04:00,30090.5,30091.75,30071.0,30071.0,417
2026-06-30 05:50:00-04:00,30082.25,30093.75,30080.0,30091.5,454
2026-06-30 05:55:00-04:00,30082.5,30088.25,30078.5,30082.25,254
2026-06-30 06:00:00-04:00,30078.75,30096.0,30072.25,30083.0,509
2026-06-30 06:05:00-04:00,30088.75,30096.75,30077.25,30078.0,338
2026-06-30 06:10:00-04:00,30101.75,30103.0,30068.25,30087.5,766
2026-06-30 06:15:00-04:00,30109.0,30112.5,30100.25,30101.0,745
2026-06-30 06:20:00-04:00,30103.0,30114.25,30099.5,30109.0,403
2026-06-30 06:25:00-04:00,30116.25,30118.25,30102.0,30104.5,557
2026-06-30 06:30:00-04:00,30101.0,30117.0,30099.75,30115.25,388
2026-06-30 06:35:00-04:00,30096.5,30101.25,30086.5,30100.0,494
2026-06-30 06:40:00-04:00,30101.25,30109.0,30095.0,30095.75,343
2026-06-30 06:45:00-04:00,30116.5,30122.5,30091.0,30102.75,617
2026-06-30 06:50:00-04:00,30126.25,30128.25,30112.0,30116.75,672
2026-06-30 06:55:00-04:00,30139.75,30151.5,30121.25,30124.5,833
2026-06-30 07:00:00-04:00,30151.0,30153.25,30129.0,30141.25,718
2026-06-30 07:05:00-04:00,30159.0,30170.0,30151.0,30151.0,957
2026-06-30 07:10:00-04:00,30164.5,30164.5,30151.0,30161.25,545
2026-06-30 07:15:00-04:00,30148.5,30168.5,30145.0,30164.5,679
2026-06-30 07:20:00-04:00,30124.0,30153.25,30123.25,30148.75,625
2026-06-30 07:25:00-04:00,30134.25,30135.75,30114.25,30123.0,873
2026-06-30 07:30:00-04:00,30129.0,30142.25,30120.25,30134.75,532
2026-06-30 07:35:00-04:00,30127.25,30137.75,30121.5,30129.0,373
2026-06-30 07:40:00-04:00,30149.25,30155.5,30125.5,30126.25,382
2026-06-30 07:45:00-04:00,30165.75,30169.0,30146.5,30149.0,680
2026-06-30 07:50:00-04:00,30159.0,30175.5,30154.5,30166.75,902
2026-06-30 07:55:00-04:00,30137.0,30159.0,30136.0,30158.0,450
2026-06-30 08:00:00-04:00,30102.75,30142.75,30094.0,30139.0,1145
2026-06-30 08:05:00-04:00,30100.25,30110.5,30089.75,30101.75,1072
2026-06-30 08:10:00-04:00,30090.0,30124.5,30083.75,30100.5,996
2026-06-30 08:15:00-04:00,30084.0,30096.0,30078.75,30090.5,903
2026-06-30 08:20:00-04:00,30065.5,30085.25,30057.0,30084.0,1028
2026-06-30 08:25:00-04:00,30039.5,30068.5,30036.75,30066.0,1242
2026-06-30 08:30:00-04:00,30016.5,30048.0,30004.75,30037.5,1666
2026-06-30 08:35:00-04:00,30046.75,30047.75,30017.75,30018.5,1117
2026-06-30 08:40:00-04:00,30048.5,30059.5,30037.5,30047.0,892
2026-06-30 08:45:00-04:00,30042.25,30054.25,30027.25,30047.25,852
2026-06-30 08:50:00-04:00,30032.5,30045.25,30028.75,30041.0,670
2026-06-30 08:55:00-04:00,30013.5,30035.75,30008.25,30032.75,1467
2026-06-30 09:00:00-04:00,30015.0,30031.5,30006.0,30014.25,1596
2026-06-30 09:05:00-04:00,30023.0,30030.0,30006.25,30015.5,1262
2026-06-30 09:10:00-04:00,30029.5,30045.75,30020.5,30023.25,1097
2026-06-30 09:15:00-04:00,30024.75,30037.5,30017.25,30029.75,1421
2026-06-30 09:20:00-04:00,29999.5,30031.75,29997.0,30023.0,1671
2026-06-30 09:25:00-04:00,30047.5,30052.25,30000.0,30000.0,3473
2026-06-30 09:30:00-04:00,30179.0,30189.0,30033.0,30047.0,15883
2026-06-30 09:35:00-04:00,30187.5,30264.0,30156.75,30179.75,12957
2026-06-30 09:40:00-04:00,30215.75,30241.5,30150.25,30186.0,9921
2026-06-30 09:45:00-04:00,30212.75,30252.0,30190.75,30212.75,8614
2026-06-30 09:50:00-04:00,30293.0,30313.25,30199.5,30213.25,9332
2026-06-30 09:55:00-04:00,30366.75,30366.75,30293.75,30293.75,7520
2026-06-30 10:00:00-04:00,30391.75,30393.75,30274.5,30366.75,11621
2026-06-30 10:05:00-04:00,30334.25,30391.75,30321.0,30391.75,7119
2026-06-30 10:10:00-04:00,30354.5,30366.25,30306.0,30334.5,6009
2026-06-30 10:15:00-04:00,30365.0,30381.0,30332.75,30352.75,5259
2026-06-30 10:20:00-04:00,30411.0,30423.0,30349.5,30365.0,6628
2026-06-30 10:25:00-04:00,30410.25,30424.5,30383.25,30411.75,5163
2026-06-30 10:30:00-04:00,30440.0,30440.75,30403.0,30410.75,4815
2026-06-30 10:35:00-04:00,30406.75,30442.5,30386.75,30439.75,5772
2026-06-30 10:40:00-04:00,30411.75,30420.5,30369.5,30405.5,5472
2026-06-30 10:45:00-04:00,30352.25,30412.75,30345.5,30412.75,5270
2026-06-30 10:50:00-04:00,30317.0,30378.5,30310.5,30352.0,5310
2026-06-30 10:55:00-04:00,30305.25,30346.25,30282.25,30316.25,6688
2026-06-30 11:00:00-04:00,30368.0,30371.0,30299.75,30305.25,5709
2026-06-30 11:05:00-04:00,30385.25,30391.5,30358.75,30368.0,3931
2026-06-30 11:10:00-04:00,30401.5,30410.0,30360.25,30385.75,3733
2026-06-30 11:15:00-04:00,30381.0,30407.25,30369.0,30400.5,3140
2026-06-30 11:20:00-04:00,30394.5,30403.5,30373.75,30380.75,2362
2026-06-30 11:25:00-04:00,30410.75,30416.0,30391.0,30394.25,2745
2026-06-30 11:30:00-04:00,30430.25,30431.75,30398.5,30410.25,3430
2026-06-30 11:35:00-04:00,30409.0,30433.5,30401.75,30430.75,3189
2026-06-30 11:40:00-04:00,30415.5,30427.0,30393.75,30409.25,2938
2026-06-30 11:45:00-04:00,30431.75,30440.0,30415.0,30415.5,2935
2026-06-30 11:50:00-04:00,30467.5,30470.5,30429.75,30432.25,4716
2026-06-30 11:55:00-04:00,30459.75,30482.0,30459.25,30467.25,4540
2026-06-30 12:00:00-04:00,30483.5,30487.75,30452.5,30460.5,3273
2026-06-30 12:05:00-04:00,30484.0,30496.0,30479.75,30483.5,2954
2026-06-30 12:10:00-04:00,30487.75,30489.5,30474.25,30483.75,2319
2026-06-30 12:15:00-04:00,30501.5,30508.25,30482.25,30487.75,3798
2026-06-30 12:20:00-04:00,30497.5,30504.25,30486.75,30500.75,2100
2026-06-30 12:25:00-04:00,30494.25,30509.0,30486.75,30496.5,2462
2026-06-30 12:30:00-04:00,30485.75,30501.75,30477.5,30495.0,2797
2026-06-30 12:35:00-04:00,30500.0,30500.5,30485.0,30486.0,1716
2026-06-30 12:40:00-04:00,30511.75,30514.0,30493.25,30499.5,2274
2026-06-30 12:45:00-04:00,30538.0,30538.25,30509.5,30511.75,3520
2026-06-30 12:50:00-04:00,30543.5,30546.5,30529.75,30537.5,2880
2026-06-30 12:55:00-04:00,30528.0,30546.25,30520.5,30543.0,2635
2026-06-30 13:00:00-04:00,30550.5,30557.75,30525.75,30528.25,3382
2026-06-30 13:05:00-04:00,30555.5,30562.75,30544.75,30551.0,2231
2026-06-30 13:10:00-04:00,30535.0,30556.25,30534.75,30555.5,2268
2026-06-30 13:15:00-04:00,30542.0,30545.5,30530.0,30536.25,2505
2026-06-30 13:20:00-04:00,30539.75,30554.25,30533.5,30543.25,2863
2026-06-30 13:25:00-04:00,30530.0,30543.25,30524.75,30539.5,2635
2026-06-30 13:30:00-04:00,30530.75,30532.75,30515.75,30530.75,2550
2026-06-30 13:35:00-04:00,30521.75,30539.25,30518.5,30530.0,2112
2026-06-30 13:40:00-04:00,30543.25,30545.25,30519.25,30520.75,2266
2026-06-30 13:45:00-04:00,30524.75,30545.75,30521.75,30543.0,2032
2026-06-30 13:50:00-04:00,30528.0,30533.5,30515.75,30524.75,2482
2026-06-30 13:55:00-04:00,30524.5,30531.25,30519.75,30527.75,1260
2026-06-30 14:00:00-04:00,30529.5,30540.25,30517.5,30524.75,2404
2026-06-30 14:05:00-04:00,30531.75,30537.5,30498.75,30528.75,2987
2026-06-30 14:10:00-04:00,30525.5,30535.75,30523.0,30530.75,1430
2026-06-30 14:15:00-04:00,30541.25,30543.25,30519.0,30525.5,2029
2026-06-30 14:20:00-04:00,30531.5,30549.0,30531.0,30542.0,2060
2026-06-30 14:25:00-04:00,30533.75,30537.75,30528.25,30531.25,1561
2026-06-30 14:30:00-04:00,30530.0,30537.5,30523.0,30533.5,2072
2026-06-30 14:35:00-04:00,30530.0,30539.25,30527.0,30528.75,1453
2026-06-30 14:40:00-04:00,30554.0,30557.75,30528.5,30529.75,2259
2026-06-30 14:45:00-04:00,30566.25,30568.0,30544.75,30554.0,3070
2026-06-30 14:50:00-04:00,30547.0,30575.25,30542.5,30566.0,3370
2026-06-30 14:55:00-04:00,30554.5,30562.25,30545.75,30547.0,1912
2026-06-30 15:00:00-04:00,30564.25,30570.75,30552.5,30554.0,1971
2026-06-30 15:05:00-04:00,30578.75,30581.75,30552.0,30564.5,2820
2026-06-30 15:10:00-04:00,30591.5,30593.0,30571.75,30578.5,3171
2026-06-30 15:15:00-04:00,30580.0,30599.75,30576.25,30591.0,3507
2026-06-30 15:20:00-04:00,30577.5,30588.25,30574.25,30580.0,2247
2026-06-30 15:25:00-04:00,30575.0,30584.25,30567.75,30577.0,2668
2026-06-30 15:30:00-04:00,30569.5,30583.5,30565.75,30575.5,3195
2026-06-30 15:35:00-04:00,30561.25,30572.5,30548.75,30569.5,3643
2026-06-30 15:40:00-04:00,30577.25,30580.75,30559.25,30561.5,3739
2026-06-30 15:45:00-04:00,30565.5,30590.0,30561.25,30577.5,3716
2026-06-30 15:50:00-04:00,30572.0,30594.0,30540.0,30565.25,8594
2026-06-30 15:55:00-04:00,30514.0,30592.75,30510.0,30572.0,23397
2026-06-30 16:00:00-04:00,30531.0,30537.75,30505.0,30512.0,9136
2026-06-30 16:05:00-04:00,30532.5,30543.0,30522.0,30531.5,2228
2026-06-30 16:10:00-04:00,30505.75,30533.75,30503.75,30533.75,2754
2026-06-30 16:15:00-04:00,30503.0,30513.25,30495.5,30505.5,1993
2026-06-30 16:20:00-04:00,30505.0,30507.75,30494.0,30502.5,1386
2026-06-30 16:25:00-04:00,30504.25,30507.75,30502.0,30504.75,685
2026-06-30 16:30:00-04:00,30500.75,30510.5,30499.0,30504.0,764
2026-06-30 16:35:00-04:00,30496.0,30502.0,30491.75,30500.5,536
2026-06-30 16:40:00-04:00,30496.0,30497.5,30492.0,30495.0,459
2026-06-30 16:45:00-04:00,30491.5,30496.0,30488.5,30495.75,734
2026-06-30 16:50:00-04:00,30491.25,30495.5,30484.75,30490.75,501
2026-06-30 16:55:00-04:00,30500.75,30503.0,30488.25,30490.75,491
2026-06-30 18:00:00-04:00,30514.5,30525.75,30492.25,30505.75,0
2026-06-30 18:05:00-04:00,30519.25,30528.5,30515.25,30515.25,498
2026-06-30 18:10:00-04:00,30516.25,30520.0,30500.0,30520.0,425
2026-06-30 18:15:00-04:00,30529.5,30536.0,30514.5,30515.0,468
2026-06-30 18:20:00-04:00,30527.75,30535.25,30526.25,30529.75,184
2026-06-30 18:25:00-04:00,30532.75,30535.0,30526.5,30527.0,196
2026-06-30 18:30:00-04:00,30515.25,30531.5,30512.0,30531.25,530
2026-06-30 18:35:00-04:00,30517.25,30519.75,30506.5,30514.5,322
2026-06-30 18:40:00-04:00,30517.0,30520.5,30514.25,30516.25,155
2026-06-30 18:45:00-04:00,30512.0,30516.25,30504.25,30515.25,287
2026-06-30 18:50:00-04:00,30502.25,30512.75,30497.5,30512.75,332
2026-06-30 18:55:00-04:00,30510.0,30512.5,30501.0,30501.5,250
2026-06-30 19:00:00-04:00,30518.75,30525.25,30509.75,30511.5,512
2026-06-30 19:05:00-04:00,30535.25,30540.25,30515.25,30519.5,556
2026-06-30 19:10:00-04:00,30522.5,30535.0,30518.75,30534.75,194
2026-06-30 19:15:00-04:00,30529.5,30534.5,30517.5,30523.5,280
2026-06-30 19:20:00-04:00,30531.25,30535.25,30525.25,30529.0,264
2026-06-30 19:25:00-04:00,30526.0,30540.0,30523.25,30531.25,288
2026-06-30 19:30:00-04:00,30541.25,30543.5,30522.0,30525.25,256
2026-06-30 19:35:00-04:00,30536.75,30542.25,30525.5,30541.75,298
2026-06-30 19:40:00-04:00,30528.5,30539.5,30526.0,30536.75,276
2026-06-30 19:45:00-04:00,30534.75,30543.25,30523.5,30529.5,403
2026-06-30 19:50:00-04:00,30520.5,30538.0,30519.0,30533.0,308
2026-06-30 19:55:00-04:00,30534.0,30538.5,30516.25,30521.5,357
2026-06-30 20:00:00-04:00,30536.75,30553.75,30522.25,30535.25,1296
2026-06-30 20:05:00-04:00,30530.25,30540.0,30514.75,30534.75,788
2026-06-30 20:10:00-04:00,30528.25,30545.0,30524.25,30531.75,861
2026-06-30 20:15:00-04:00,30519.0,30540.0,30518.5,30531.0,506
2026-06-30 20:20:00-04:00,30515.75,30532.0,30508.75,30520.25,726
2026-06-30 20:25:00-04:00,30536.5,30540.75,30507.0,30513.75,745
2026-06-30 20:30:00-04:00,30541.0,30549.25,30532.0,30536.75,536
2026-06-30 20:35:00-04:00,30541.75,30547.0,30527.5,30541.5,587
2026-06-30 20:40:00-04:00,30538.0,30548.25,30535.25,30544.0,234
2026-06-30 20:45:00-04:00,30543.25,30544.75,30533.0,30539.75,195
2026-06-30 20:50:00-04:00,30530.75,30547.0,30530.0,30542.75,366
2026-06-30 20:55:00-04:00,30524.0,30537.0,30523.75,30531.25,336
2026-06-30 21:00:00-04:00,30510.0,30530.25,30510.0,30523.75,576
2026-06-30 21:05:00-04:00,30501.5,30518.5,30496.25,30509.75,733
2026-06-30 21:10:00-04:00,30497.25,30502.0,30471.75,30501.75,1417
2026-06-30 21:15:00-04:00,30484.75,30506.75,30466.75,30500.0,1437
2026-06-30 21:20:00-04:00,30485.75,30498.0,30476.0,30483.5,663
2026-06-30 21:25:00-04:00,30486.0,30495.25,30478.5,30485.0,598
2026-06-30 21:30:00-04:00,30476.25,30504.0,30470.75,30486.5,837
2026-06-30 21:35:00-04:00,30480.25,30486.5,30468.0,30477.0,660
2026-06-30 21:40:00-04:00,30474.75,30484.25,30469.5,30479.0,447
2026-06-30 21:45:00-04:00,30464.25,30483.0,30456.0,30474.75,749
2026-06-30 21:50:00-04:00,30463.25,30467.0,30452.0,30464.25,462
2026-06-30 21:55:00-04:00,30453.5,30479.25,30450.5,30462.0,633
2026-06-30 22:00:00-04:00,30430.25,30456.25,30428.75,30453.5,771
2026-06-30 22:05:00-04:00,30406.5,30430.5,30395.75,30430.5,1027
2026-06-30 22:10:00-04:00,30392.75,30413.5,30386.5,30405.25,960
2026-06-30 22:15:00-04:00,30405.0,30409.5,30367.75,30392.5,1222
2026-06-30 22:20:00-04:00,30409.75,30417.25,30394.0,30405.25,731
2026-06-30 22:25:00-04:00,30421.0,30423.0,30403.25,30410.75,419
2026-06-30 22:30:00-04:00,30408.25,30428.0,30408.25,30421.25,598
2026-06-30 22:35:00-04:00,30420.5,30423.25,30409.25,30410.0,234
2026-06-30 22:40:00-04:00,30440.0,30446.0,30417.0,30419.5,760
2026-06-30 22:45:00-04:00,30435.75,30442.25,30428.75,30440.75,362
2026-06-30 22:50:00-04:00,30437.5,30439.25,30424.75,30433.5,263
2026-06-30 22:55:00-04:00,30438.5,30442.5,30434.5,30437.75,202
2026-06-30 23:00:00-04:00,30437.25,30448.25,30432.75,30438.5,440
2026-06-30 23:05:00-04:00,30453.25,30455.25,30438.0,30439.75,400
2026-06-30 23:10:00-04:00,30462.25,30465.0,30450.75,30453.75,318
2026-06-30 23:15:00-04:00,30447.25,30466.0,30435.75,30461.75,500
2026-06-30 23:20:00-04:00,30435.0,30448.0,30431.75,30447.5,398
2026-06-30 23:25:00-04:00,30437.25,30445.5,30429.5,30434.75,370
2026-06-30 23:30:00-04:00,30442.25,30448.0,30431.75,30439.5,284
2026-06-30 23:35:00-04:00,30464.75,30465.75,30443.75,30443.75,489
2026-06-30 23:40:00-04:00,30448.75,30468.0,30446.0,30463.0,354
2026-06-30 23:45:00-04:00,30468.0,30469.75,30449.75,30450.25,281
2026-06-30 23:50:00-04:00,30470.0,30477.75,30467.75,30468.75,274
2026-06-30 23:55:00-04:00,30466.75,30470.0,30461.0,30469.75,225
2026-07-01 00:05:00-04:00,30451.0,30453.25,30449.25,30452.25,685
2026-07-01 00:10:00-04:00,30437.0,30454.5,30433.25,30451.0,368
2026-07-01 00:15:00-04:00,30436.0,30441.75,30431.0,30436.5,303
2026-07-01 00:20:00-04:00,30442.5,30453.5,30429.0,30435.5,412
2026-07-01 00:25:00-04:00,30451.0,30456.0,30439.0,30442.5,282
2026-07-01 00:30:00-04:00,30454.25,30456.75,30449.25,30452.25,192
2026-07-01 00:35:00-04:00,30440.0,30453.75,30432.75,30453.75,250
2026-07-01 00:40:00-04:00,30451.25,30460.75,30438.0,30439.75,242
2026-07-01 00:45:00-04:00,30466.25,30469.75,30454.25,30454.25,287
2026-07-01 00:50:00-04:00,30470.75,30474.5,30464.0,30467.0,233
2026-07-01 00:55:00-04:00,30443.5,30472.75,30441.5,30470.0,362
2026-07-01 01:00:00-04:00,30446.25,30448.5,30435.5,30445.75,262
2026-07-01 01:05:00-04:00,30449.75,30463.0,30444.75,30445.75,193
2026-07-01 01:10:00-04:00,30446.5,30450.0,30440.0,30450.0,220
2026-07-01 01:15:00-04:00,30448.25,30450.75,30440.0,30444.25,214
2026-07-01 01:20:00-04:00,30440.25,30448.0,30429.25,30448.0,415
2026-07-01 01:25:00-04:00,30436.75,30441.25,30429.75,30440.0,238
2026-07-01 01:30:00-04:00,30434.0,30446.75,30428.0,30436.0,314
2026-07-01 01:35:00-04:00,30435.25,30437.5,30422.25,30435.25,302
2026-07-01 01:40:00-04:00,30436.5,30452.25,30431.25,30436.75,391
2026-07-01 01:45:00-04:00,30426.0,30445.25,30425.0,30435.5,262
2026-07-01 01:50:00-04:00,30431.5,30440.75,30424.0,30425.25,158
2026-07-01 01:55:00-04:00,30429.5,30439.0,30428.0,30430.25,179
2026-07-01 02:00:00-04:00,30415.5,30444.0,30410.25,30430.0,873
2026-07-01 02:05:00-04:00,30416.0,30426.0,30409.75,30415.0,669
2026-07-01 02:10:00-04:00,30408.25,30427.25,30405.0,30415.5,510
2026-07-01 02:15:00-04:00,30392.0,30416.5,30391.25,30408.0,1053
2026-07-01 02:20:00-04:00,30382.0,30398.0,30379.5,30391.5,656
2026-07-01 02:25:00-04:00,30395.0,30397.75,30364.5,30381.5,1243
2026-07-01 02:30:00-04:00,30394.75,30410.0,30392.5,30396.0,602
2026-07-01 02:35:00-04:00,30395.0,30399.0,30388.0,30394.0,383
2026-07-01 02:40:00-04:00,30407.25,30407.25,30383.5,30392.5,652
2026-07-01 02:45:00-04:00,30414.0,30419.75,30401.25,30407.25,659
2026-07-01 02:50:00-04:00,30397.5,30416.5,30396.5,30414.0,509
2026-07-01 02:55:00-04:00,30391.5,30397.5,30381.0,30397.5,587
2026-07-01 03:00:00-04:00,30369.5,30394.75,30358.0,30391.75,1398
2026-07-01 03:05:00-04:00,30353.75,30373.5,30345.5,30370.25,1050
2026-07-01 03:10:00-04:00,30334.25,30354.5,30328.0,30353.0,1070
2026-07-01 03:15:00-04:00,30322.0,30338.75,30299.0,30334.0,1503
2026-07-01 03:20:00-04:00,30348.75,30352.25,30302.5,30321.75,1157
2026-07-01 03:25:00-04:00,30350.0,30358.5,30344.0,30346.75,675
2026-07-01 03:30:00-04:00,30359.5,30363.75,30345.0,30350.0,505
2026-07-01 03:35:00-04:00,30364.75,30369.25,30349.75,30359.75,725
2026-07-01 03:40:00-04:00,30356.0,30366.75,30354.75,30364.5,280
2026-07-01 03:45:00-04:00,30374.5,30376.5,30348.0,30357.25,698
2026-07-01 03:50:00-04:00,30374.75,30380.5,30358.25,30375.25,559
2026-07-01 03:55:00-04:00,30374.0,30383.75,30370.25,30375.25,351
2026-07-01 04:00:00-04:00,30339.25,30376.75,30338.25,30374.75,1027
2026-07-01 04:05:00-04:00,30354.0,30365.0,30333.75,30339.25,844
2026-07-01 04:10:00-04:00,30358.5,30363.25,30344.5,30353.0,511
2026-07-01 04:15:00-04:00,30354.5,30367.25,30350.75,30357.0,426
2026-07-01 04:20:00-04:00,30345.0,30361.5,30333.25,30354.75,492
2026-07-01 04:25:00-04:00,30333.25,30353.0,30321.75,30344.25,625
2026-07-01 04:30:00-04:00,30338.25,30344.25,30317.5,30331.25,381
2026-07-01 04:35:00-04:00,30346.25,30347.5,30330.25,30340.0,449
2026-07-01 04:40:00-04:00,30359.0,30366.25,30341.0,30346.25,517
2026-07-01 04:45:00-04:00,30350.0,30359.75,30345.5,30358.0,209
2026-07-01 04:50:00-04:00,30372.75,30376.0,30347.5,30350.25,300
2026-07-01 04:55:00-04:00,30377.0,30378.0,30364.5,30373.25,259
2026-07-01 05:00:00-04:00,30350.75,30377.75,30346.25,30376.25,462
2026-07-01 05:05:00-04:00,30349.25,30362.75,30347.5,30351.5,353
2026-07-01 05:10:00-04:00,30349.5,30360.0,30338.75,30351.25,366
2026-07-01 05:15:00-04:00,30357.25,30361.5,30349.25,30349.25,252
2026-07-01 05:20:00-04:00,30355.75,30363.75,30352.0,30357.5,200
2026-07-01 05:25:00-04:00,30354.5,30356.0,30344.0,30356.0,230
2026-07-01 05:30:00-04:00,30361.0,30365.0,30347.5,30354.5,145
2026-07-01 05:35:00-04:00,30358.25,30364.5,30355.0,30362.5,92
2026-07-01 05:40:00-04:00,30359.0,30363.5,30352.25,30359.75,122
2026-07-01 05:45:00-04:00,30369.25,30373.0,30359.0,30359.25,218
2026-07-01 05:50:00-04:00,30378.5,30382.0,30366.0,30371.75,313
2026-07-01 05:55:00-04:00,30385.0,30386.25,30376.25,30377.75,291
2026-07-01 06:00:00-04:00,30378.5,30389.75,30374.25,30384.75,410
2026-07-01 06:05:00-04:00,30370.25,30380.0,30366.75,30376.75,372
2026-07-01 06:10:00-04:00,30361.25,30369.0,30351.75,30368.5,581
2026-07-01 06:15:00-04:00,30379.25,30381.5,30360.0,30363.5,289
2026-07-01 06:20:00-04:00,30387.5,30395.25,30379.5,30379.5,440
2026-07-01 06:25:00-04:00,30395.0,30397.5,30380.25,30386.75,484
2026-07-01 06:30:00-04:00,30393.75,30396.0,30385.25,30394.5,270
2026-07-01 06:35:00-04:00,30393.0,30401.0,30388.75,30394.25,316
2026-07-01 06:40:00-04:00,30387.25,30397.5,30364.25,30393.0,979
2026-07-01 06:45:00-04:00,30395.75,30397.25,30384.0,30386.75,250
2026-07-01 06:50:00-04:00,30405.0,30406.75,30394.5,30395.0,382
2026-07-01 06:55:00-04:00,30407.75,30414.5,30402.0,30404.75,601
2026-07-01 07:00:00-04:00,30425.0,30428.0,30406.75,30406.75,720
2026-07-01 07:05:00-04:00,30422.25,30435.25,30416.0,30424.5,553
2026-07-01 07:10:00-04:00,30413.0,30434.0,30409.25,30421.75,643
2026-07-01 07:15:00-04:00,30408.25,30419.75,30406.0,30414.25,457
2026-07-01 07:20:00-04:00,30403.25,30411.0,30396.75,30407.0,521
2026-07-01 07:25:00-04:00,30398.75,30414.75,30396.25,30402.5,360
2026-07-01 07:30:00-04:00,30389.25,30402.0,30387.0,30399.0,485
2026-07-01 07:35:00-04:00,30383.25,30396.0,30375.5,30387.25,607
2026-07-01 07:40:00-04:00,30396.75,30398.0,30373.75,30382.75,729
2026-07-01 07:45:00-04:00,30372.25,30396.75,30369.5,30395.75,607
2026-07-01 07:50:00-04:00,30359.0,30376.25,30356.0,30371.75,698
2026-07-01 07:55:00-04:00,30362.75,30367.5,30355.0,30358.0,526
2026-07-01 08:00:00-04:00,30341.25,30373.75,30340.0,30363.0,878
2026-07-01 08:05:00-04:00,30355.75,30357.25,30332.5,30340.5,753
2026-07-01 08:10:00-04:00,30358.25,30369.0,30349.5,30356.5,700
2026-07-01 08:15:00-04:00,30379.5,30384.5,30359.75,30359.75,807
2026-07-01 08:20:00-04:00,30387.75,30387.75,30369.25,30379.5,553
2026-07-01 08:25:00-04:00,30369.5,30386.75,30363.5,30386.75,866
2026-07-01 08:30:00-04:00,30300.5,30395.0,30297.25,30368.5,4277
2026-07-01 08:35:00-04:00,30263.5,30320.0,30262.75,30299.25,4143
2026-07-01 08:40:00-04:00,30271.5,30295.0,30243.75,30263.25,3932
2026-07-01 08:45:00-04:00,30249.25,30283.5,30240.5,30271.5,2595
2026-07-01 08:50:00-04:00,30246.5,30287.25,30233.25,30252.25,2912
2026-07-01 08:55:00-04:00,30268.75,30285.0,30233.5,30248.75,2759
2026-07-01 09:00:00-04:00,30290.25,30307.0,30266.0,30267.75,2532
2026-07-01 09:05:00-04:00,30259.75,30293.5,30250.5,30289.75,1976
2026-07-01 09:10:00-04:00,30254.25,30274.0,30240.0,30262.75,1563
2026-07-01 09:15:00-04:00,30284.0,30314.5,30247.25,30254.5,2611
2026-07-01 09:20:00-04:00,30289.0,30297.75,30276.25,30284.5,1332
2026-07-01 09:25:00-04:00,30235.5,30292.0,30213.0,30289.0,5992
2026-07-01 09:30:00-04:00,30118.5,30260.0,30104.75,30235.75,23279
2026-07-01 09:35:00-04:00,30114.5,30162.5,30087.75,30117.5,14025
2026-07-01 09:40:00-04:00,30141.25,30184.75,30097.5,30114.5,11901
2026-07-01 09:45:00-04:00,30204.5,30226.25,30111.75,30141.75,13192
2026-07-01 09:50:00-04:00,30231.0,30260.0,30188.5,30205.5,7970
2026-07-01 09:55:00-04:00,30283.75,30285.0,30217.25,30231.75,6791
2026-07-01 10:00:00-04:00,30263.25,30307.5,30244.25,30280.0,8270
2026-07-01 10:05:00-04:00,30296.75,30316.75,30257.0,30263.5,6230
2026-07-01 10:10:00-04:00,30287.5,30327.25,30279.75,30296.5,6099
2026-07-01 10:15:00-04:00,30302.5,30314.75,30250.75,30287.0,6185
2026-07-01 10:20:00-04:00,30294.0,30313.5,30272.75,30302.0,4414
2026-07-01 10:25:00-04:00,30284.75,30312.0,30268.5,30293.0,3733
2026-07-01 10:30:00-04:00,30235.5,30289.25,30218.0,30284.5,7545
2026-07-01 10:35:00-04:00,30264.25,30264.75,30203.5,30236.5,6395
2026-07-01 10:40:00-04:00,30203.25,30272.0,30202.0,30264.25,5945
2026-07-01 10:45:00-04:00,30195.0,30204.0,30137.25,30202.25,8184
2026-07-01 10:50:00-04:00,30214.75,30242.25,30189.5,30194.0,5400
2026-07-01 10:55:00-04:00,30192.25,30220.75,30144.5,30215.0,6480
2026-07-01 11:00:00-04:00,30260.5,30271.0,30186.0,30193.0,6274
2026-07-01 11:05:00-04:00,30226.75,30270.25,30202.25,30261.0,5243
2026-07-01 11:10:00-04:00,30261.75,30265.0,30204.25,30226.75,4599
2026-07-01 11:15:00-04:00,30298.0,30315.0,30262.25,30262.25,5380
2026-07-01 11:20:00-04:00,30303.0,30334.75,30298.5,30298.5,4884
2026-07-01 11:25:00-04:00,30343.25,30346.0,30294.75,30302.0,4615
2026-07-01 11:30:00-04:00,30318.5,30356.5,30315.0,30342.5,4529
2026-07-01 11:35:00-04:00,30296.5,30327.75,30285.25,30317.75,3916
2026-07-01 11:40:00-04:00,30291.25,30318.75,30278.25,30297.5,3564
2026-07-01 11:45:00-04:00,30251.75,30296.5,30246.25,30291.5,3877
2026-07-01 11:50:00-04:00,30237.25,30272.5,30236.0,30251.75,3943
2026-07-01 11:55:00-04:00,30254.75,30268.25,30228.0,30238.0,3562
2026-07-01 12:00:00-04:00,30243.25,30278.25,30235.0,30255.0,3409
2026-07-01 12:05:00-04:00,30239.5,30267.0,30232.5,30244.0,2445
2026-07-01 12:10:00-04:00,30242.25,30261.5,30223.25,30239.5,2866
2026-07-01 12:15:00-04:00,30256.25,30260.75,30217.25,30241.25,3070
2026-07-01 12:20:00-04:00,30267.0,30284.25,30248.0,30256.0,2692
2026-07-01 12:25:00-04:00,30245.75,30274.25,30243.75,30267.75,2173
2026-07-01 12:30:00-04:00,30256.75,30263.0,30237.25,30245.75,2260
2026-07-01 12:35:00-04:00,30220.0,30256.75,30219.0,30256.75,2069
2026-07-01 12:40:00-04:00,30223.75,30229.0,30201.75,30220.0,2961
2026-07-01 12:45:00-04:00,30217.5,30241.5,30203.75,30223.25,2717
2026-07-01 12:50:00-04:00,30214.5,30229.25,30197.0,30218.0,2890
2026-07-01 12:55:00-04:00,30190.25,30220.0,30172.75,30214.75,3137
2026-07-01 13:00:00-04:00,30181.25,30217.5,30171.0,30190.0,3249
2026-07-01 13:05:00-04:00,30185.25,30193.25,30152.25,30179.5,3901
2026-07-01 13:10:00-04:00,30198.0,30206.0,30165.5,30184.5,2624
2026-07-01 13:15:00-04:00,30212.75,30214.0,30188.25,30197.5,2353
2026-07-01 13:20:00-04:00,30230.75,30235.75,30209.75,30213.25,2330
2026-07-01 13:25:00-04:00,30210.0,30240.5,30203.75,30231.0,2579
2026-07-01 13:30:00-04:00,30198.5,30223.5,30186.75,30209.25,2600
2026-07-01 13:35:00-04:00,30205.5,30210.75,30184.5,30200.5,1929
2026-07-01 13:40:00-04:00,30188.25,30214.0,30185.5,30206.25,1697
2026-07-01 13:45:00-04:00,30181.75,30196.5,30168.5,30189.25,2369
2026-07-01 13:50:00-04:00,30193.5,30207.5,30180.25,30181.75,2143
2026-07-01 13:55:00-04:00,30163.75,30195.5,30157.5,30193.5,2642
2026-07-01 14:00:00-04:00,30185.5,30187.75,30158.5,30164.25,2627
2026-07-01 14:05:00-04:00,30184.25,30187.5,30168.0,30186.5,1596
2026-07-01 14:10:00-04:00,30155.5,30190.0,30153.5,30184.75,2121
2026-07-01 14:15:00-04:00,30163.75,30166.25,30137.75,30155.5,3279
2026-07-01 14:20:00-04:00,30174.75,30176.5,30156.25,30163.75,2271
2026-07-01 14:25:00-04:00,30159.5,30182.25,30158.75,30175.5,1627
2026-07-01 14:30:00-04:00,30161.0,30165.75,30143.75,30158.75,2196
2026-07-01 14:35:00-04:00,30154.25,30174.75,30149.0,30161.0,1928
2026-07-01 14:40:00-04:00,30145.25,30158.75,30132.5,30154.75,2302
2026-07-01 14:45:00-04:00,30122.25,30145.5,30109.25,30145.25,3307
2026-07-01 14:50:00-04:00,30102.75,30135.0,30101.75,30122.75,3091
2026-07-01 14:55:00-04:00,30132.75,30136.25,30099.0,30102.5,2909
2026-07-01 15:00:00-04:00,30178.5,30179.5,30127.25,30132.75,3972
2026-07-01 15:05:00-04:00,30212.5,30217.0,30173.5,30178.75,3922
2026-07-01 15:10:00-04:00,30186.75,30214.5,30182.0,30213.0,3053
2026-07-01 15:15:00-04:00,30194.75,30198.0,30168.0,30187.25,2389
2026-07-01 15:20:00-04:00,30206.5,30210.75,30190.75,30193.75,2394
2026-07-01 15:25:00-04:00,30190.0,30208.75,30171.5,30207.0,2907
2026-07-01 15:30:00-04:00,30213.25,30231.5,30190.0,30190.0,3852
2026-07-01 15:35:00-04:00,30166.5,30213.25,30163.0,30213.25,3277
2026-07-01 15:40:00-04:00,30143.25,30169.75,30134.25,30166.0,3617
2026-07-01 15:45:00-04:00,30133.5,30145.5,30122.0,30143.5,3074
2026-07-01 15:50:00-04:00,30117.5,30161.75,30094.5,30132.25,6939
2026-07-01 15:55:00-04:00,30080.25,30119.25,30054.0,30117.5,19783
2026-07-01 16:00:00-04:00,30029.25,30086.25,30008.5,30080.25,11104
2026-07-01 16:05:00-04:00,30042.75,30055.75,30016.0,30029.75,3837
2026-07-01 16:10:00-04:00,30060.75,30069.25,30040.5,30042.25,1979
2026-07-01 16:15:00-04:00,30033.75,30060.5,30031.75,30060.25,1385
2026-07-01 16:20:00-04:00,30055.75,30057.75,30026.25,30034.5,843
2026-07-01 16:25:00-04:00,30052.5,30065.25,30039.0,30056.0,1048
2026-07-01 16:30:00-04:00,30036.75,30057.75,30033.5,30052.5,775
2026-07-01 16:35:00-04:00,30047.25,30047.75,30020.5,30036.75,1085
2026-07-01 16:40:00-04:00,30051.75,30053.75,30041.5,30047.75,613
2026-07-01 16:45:00-04:00,30055.75,30062.25,30049.0,30052.75,700
2026-07-01 16:50:00-04:00,30045.75,30057.5,30041.5,30056.0,453
2026-07-01 16:55:00-04:00,30064.25,30075.0,30043.75,30046.75,630
2026-07-01 18:00:00-04:00,30071.5,30109.75,30064.0,30089.75,0
2026-07-01 18:05:00-04:00,30079.75,30099.5,30064.0,30071.0,622
2026-07-01 18:10:00-04:00,30052.25,30081.75,30052.25,30080.75,282
2026-07-01 18:15:00-04:00,30068.5,30068.5,30051.5,30054.5,259
2026-07-01 18:20:00-04:00,30093.0,30097.0,30068.5,30068.5,611
2026-07-01 18:25:00-04:00,30094.75,30102.5,30090.75,30094.0,430
2026-07-01 18:30:00-04:00,30109.25,30113.0,30091.75,30095.0,621
2026-07-01 18:35:00-04:00,30107.5,30113.0,30101.0,30108.25,318
2026-07-01 18:40:00-04:00,30102.75,30111.5,30101.0,30108.25,212
2026-07-01 18:45:00-04:00,30090.5,30106.5,30087.0,30104.75,302
2026-07-01 18:50:00-04:00,30085.75,30094.5,30081.25,30090.25,231
2026-07-01 18:55:00-04:00,30107.25,30118.0,30084.25,30085.0,598
2026-07-01 19:00:00-04:00,30093.5,30111.0,30092.25,30108.25,423
2026-07-01 19:05:00-04:00,30080.0,30093.75,30075.75,30092.5,460
2026-07-01 19:10:00-04:00,30063.5,30087.5,30060.75,30081.75,484
2026-07-01 19:15:00-04:00,30059.5,30068.5,30054.0,30063.0,336
2026-07-01 19:20:00-04:00,30057.25,30069.0,30054.25,30059.5,478
2026-07-01 19:25:00-04:00,30067.25,30068.75,30058.25,30058.75,197
2026-07-01 19:30:00-04:00,30048.75,30068.75,30048.5,30068.75,420
2026-07-01 19:35:00-04:00,30069.0,30075.0,30041.5,30049.5,565
2026-07-01 19:40:00-04:00,30071.75,30075.25,30063.75,30069.0,251
2026-07-01 19:45:00-04:00,30026.0,30073.75,30022.75,30073.75,752
2026-07-01 19:50:00-04:00,30048.5,30055.0,30010.25,30026.25,653
2026-07-01 19:55:00-04:00,30042.75,30052.5,30035.25,30048.25,418
2026-07-01 20:00:00-04:00,29957.25,30046.0,29952.5,30046.0,2076
2026-07-01 20:05:00-04:00,29999.25,30003.75,29956.0,29956.75,1251
2026-07-01 20:10:00-04:00,29998.75,30040.25,29991.0,29996.25,938
2026-07-01 20:15:00-04:00,29978.25,30012.25,29977.25,30002.0,790
2026-07-01 20:20:00-04:00,30045.75,30050.0,29975.75,29981.5,823
2026-07-01 20:25:00-04:00,30062.5,30068.0,30024.75,30046.25,757
2026-07-01 20:30:00-04:00,30048.0,30065.0,30037.75,30063.25,492
2026-07-01 20:35:00-04:00,30060.5,30080.75,30046.25,30051.25,800
2026-07-01 20:40:00-04:00,30013.0,30069.0,30011.0,30060.0,788
2026-07-01 20:45:00-04:00,30051.0,30055.0,30006.5,30012.25,746
2026-07-01 20:50:00-04:00,30097.25,30097.25,30043.0,30052.0,857
2026-07-01 20:55:00-04:00,30110.25,30117.25,30093.25,30095.5,989
2026-07-01 21:00:00-04:00,30146.0,30147.75,30098.0,30110.5,871
2026-07-01 21:05:00-04:00,30183.0,30188.0,30144.0,30147.25,1304
2026-07-01 21:10:00-04:00,30186.75,30191.0,30172.25,30182.0,660
2026-07-01 21:15:00-04:00,30193.0,30199.0,30166.25,30186.5,725
2026-07-01 21:20:00-04:00,30195.75,30196.5,30180.25,30190.75,462
2026-07-01 21:25:00-04:00,30194.25,30205.25,30177.5,30195.25,775
2026-07-01 21:30:00-04:00,30196.0,30209.25,30189.25,30195.25,744
2026-07-01 21:35:00-04:00,30226.75,30229.0,30192.0,30195.75,698
2026-07-01 21:40:00-04:00,30215.0,30226.75,30208.0,30225.75,423
2026-07-01 21:45:00-04:00,30217.25,30226.75,30200.75,30214.0,446
2026-07-01 21:50:00-04:00,30205.75,30222.75,30201.75,30216.75,478
2026-07-01 21:55:00-04:00,30203.75,30211.5,30197.0,30206.5,322
2026-07-01 22:00:00-04:00,30204.75,30205.75,30190.0,30203.75,527
2026-07-01 22:05:00-04:00,30217.25,30220.0,30202.0,30203.75,563
2026-07-01 22:10:00-04:00,30228.5,30230.25,30207.25,30215.75,420
2026-07-01 22:15:00-04:00,30218.0,30239.5,30215.0,30230.0,570
2026-07-01 22:20:00-04:00,30189.5,30219.0,30185.5,30217.25,522
2026-07-01 22:25:00-04:00,30191.0,30207.0,30189.25,30190.75,432
2026-07-01 22:30:00-04:00,30212.75,30214.25,30180.75,30193.25,742
2026-07-01 22:35:00-04:00,30201.0,30218.0,30197.25,30212.25,383
2026-07-01 22:40:00-04:00,30208.25,30209.25,30195.25,30200.25,221
2026-07-01 22:45:00-04:00,30203.5,30230.0,30203.0,30209.25,549
2026-07-01 22:50:00-04:00,30194.0,30208.0,30191.25,30204.75,327
2026-07-01 22:55:00-04:00,30207.5,30214.5,30191.25,30196.75,458
2026-07-01 23:00:00-04:00,30188.75,30212.75,30188.25,30208.25,251
2026-07-01 23:05:00-04:00,30160.5,30193.0,30158.5,30190.0,667
2026-07-01 23:10:00-04:00,30178.0,30183.0,30158.25,30160.25,454
2026-07-01 23:15:00-04:00,30170.0,30185.0,30164.75,30177.75,270
2026-07-01 23:20:00-04:00,30148.0,30172.25,30138.0,30172.0,503
2026-07-01 23:25:00-04:00,30151.0,30163.25,30134.5,30148.0,563
2026-07-01 23:30:00-04:00,30187.0,30193.75,30148.5,30151.25,752
2026-07-01 23:35:00-04:00,30166.0,30197.0,30162.25,30185.5,498
2026-07-01 23:40:00-04:00,30158.0,30171.5,30145.0,30167.25,340
2026-07-01 23:45:00-04:00,30158.0,30159.25,30138.25,30157.75,498
2026-07-01 23:50:00-04:00,30174.25,30177.75,30154.25,30156.75,377
2026-07-01 23:55:00-04:00,30171.25,30185.0,30167.25,30170.75,208
2026-07-02 00:05:00-04:00,30151.25,30157.0,30149.75,30155.5,628
2026-07-02 00:10:00-04:00,30127.5,30154.5,30127.25,30152.5,417
2026-07-02 00:15:00-04:00,30116.25,30134.25,30116.25,30127.5,464
2026-07-02 00:20:00-04:00,30120.25,30122.0,30102.75,30117.0,457
2026-07-02 00:25:00-04:00,30135.5,30141.75,30116.75,30120.0,355
2026-07-02 00:30:00-04:00,30099.0,30135.75,30094.5,30134.5,465
2026-07-02 00:35:00-04:00,30079.75,30100.75,30074.5,30099.75,671
2026-07-02 00:40:00-04:00,30068.75,30081.25,30064.25,30080.0,571
2026-07-02 00:45:00-04:00,30074.75,30089.0,30050.0,30066.0,672
2026-07-02 00:50:00-04:00,30103.5,30105.0,30073.5,30074.75,598
2026-07-02 00:55:00-04:00,30111.25,30122.25,30101.0,30105.25,401
2026-07-02 01:00:00-04:00,30128.25,30132.5,30094.25,30114.0,725
2026-07-02 01:05:00-04:00,30150.75,30151.5,30129.25,30130.5,492
2026-07-02 01:10:00-04:00,30145.5,30154.25,30138.5,30148.0,474
2026-07-02 01:15:00-04:00,30147.5,30159.75,30136.25,30145.5,515
2026-07-02 01:20:00-04:00,30150.25,30157.5,30143.0,30148.5,284
2026-07-02 01:25:00-04:00,30115.5,30144.5,30112.75,30144.5,521
2026-07-02 01:30:00-04:00,30087.5,30116.75,30085.5,30115.75,658
2026-07-02 01:35:00-04:00,30053.75,30090.5,30052.0,30088.25,713
2026-07-02 01:40:00-04:00,30053.5,30074.25,30047.0,30053.5,826
2026-07-02 01:45:00-04:00,30045.0,30065.75,30037.25,30053.75,490
2026-07-02 01:50:00-04:00,30053.0,30073.0,30046.0,30046.0,637
2026-07-02 01:55:00-04:00,30051.0,30070.5,30048.25,30054.5,629
2026-07-02 02:00:00-04:00,30018.0,30066.0,30014.5,30052.0,943
2026-07-02 02:05:00-04:00,29994.0,30029.0,29988.5,30019.25,1066
2026-07-02 02:10:00-04:00,29954.5,29997.25,29954.5,29995.0,977
2026-07-02 02:15:00-04:00,29981.5,29986.25,29947.0,29954.0,1253
2026-07-02 02:20:00-04:00,29970.75,29995.0,29967.0,29979.5,509
2026-07-02 02:25:00-04:00,29952.75,29989.25,29950.75,29970.75,667
2026-07-02 02:30:00-04:00,29998.25,30005.0,29953.75,29953.75,728
2026-07-02 02:35:00-04:00,29990.5,30007.5,29983.5,29999.0,472
2026-07-02 02:40:00-04:00,29971.75,29993.75,29963.25,29989.5,404
2026-07-02 02:45:00-04:00,29918.0,29978.0,29913.25,29975.0,1721
2026-07-02 02:50:00-04:00,29916.75,29926.0,29895.0,29916.5,1291
2026-07-02 02:55:00-04:00,29919.75,29947.25,29916.0,29917.0,863
2026-07-02 03:00:00-04:00,29912.5,29937.5,29900.5,29921.25,1076
2026-07-02 03:05:00-04:00,29881.75,29915.25,29879.5,29915.0,1034
2026-07-02 03:10:00-04:00,29833.0,29899.5,29832.25,29882.75,1493
2026-07-02 03:15:00-04:00,29845.25,29872.75,29826.25,29836.75,1193
2026-07-02 03:20:00-04:00,29851.5,29862.5,29831.25,29844.25,634
2026-07-02 03:25:00-04:00,29863.75,29867.75,29826.5,29847.5,633
2026-07-02 03:30:00-04:00,29886.0,29887.0,29858.75,29866.0,1135
2026-07-02 03:35:00-04:00,29895.25,29896.5,29872.25,29886.25,640
2026-07-02 03:40:00-04:00,29939.5,29943.5,29895.0,29895.0,965
2026-07-02 03:45:00-04:00,29934.5,29944.5,29921.75,29939.75,665
2026-07-02 03:50:00-04:00,29910.0,29942.25,29905.25,29931.25,738
2026-07-02 03:55:00-04:00,29891.25,29909.75,29884.5,29906.5,485
2026-07-02 04:00:00-04:00,29905.25,29910.5,29865.25,29893.5,1048
2026-07-02 04:05:00-04:00,29877.25,29927.0,29861.0,29905.25,894
2026-07-02 04:10:00-04:00,29841.0,29880.0,29827.25,29878.5,760
2026-07-02 04:15:00-04:00,29889.5,29891.0,29839.25,29844.25,745
2026-07-02 04:20:00-04:00,29910.0,29917.25,29881.25,29889.5,459
2026-07-02 04:25:00-04:00,29926.25,29941.75,29908.0,29909.5,570
2026-07-02 04:30:00-04:00,29989.0,29991.0,29916.25,29924.5,1615
2026-07-02 04:35:00-04:00,29999.5,30014.5,29984.25,29987.5,1020
2026-07-02 04:40:00-04:00,29980.75,29999.5,29976.5,29997.5,554
2026-07-02 04:45:00-04:00,30000.25,30001.75,29970.25,29982.0,516
2026-07-02 04:50:00-04:00,30011.25,30027.0,29997.0,30001.75,798
2026-07-02 04:55:00-04:00,30033.0,30038.25,30006.25,30010.25,751
2026-07-02 05:00:00-04:00,29990.25,30033.5,29988.5,30032.75,767
2026-07-02 05:05:00-04:00,29968.0,29992.0,29961.0,29988.75,574
2026-07-02 05:10:00-04:00,29984.0,29988.75,29967.0,29969.5,511
2026-07-02 05:15:00-04:00,29962.25,29985.0,29962.25,29984.5,354
2026-07-02 05:20:00-04:00,29956.25,29983.25,29953.25,29961.75,609
2026-07-02 05:25:00-04:00,29983.25,29987.25,29943.5,29956.5,742
2026-07-02 05:30:00-04:00,29994.75,30011.5,29978.0,29982.5,984
2026-07-02 05:35:00-04:00,30005.75,30015.0,29988.0,29994.75,459
2026-07-02 05:40:00-04:00,29998.75,30010.75,29995.0,30003.75,333
2026-07-02 05:45:00-04:00,29990.0,29998.25,29965.75,29998.25,442
2026-07-02 05:50:00-04:00,29981.25,29996.5,29975.75,29989.5,191
2026-07-02 05:55:00-04:00,29957.75,29979.5,29952.0,29979.25,429
2026-07-02 06:00:00-04:00,29927.0,29959.75,29920.0,29959.5,813
2026-07-02 06:05:00-04:00,29941.5,29956.75,29924.0,29926.75,566
2026-07-02 06:10:00-04:00,29934.5,29949.5,29931.75,29939.75,249
2026-07-02 06:15:00-04:00,29949.25,29949.25,29924.25,29932.0,311
2026-07-02 06:20:00-04:00,29940.25,29950.5,29930.75,29948.5,287
2026-07-02 06:25:00-04:00,29948.0,29961.25,29935.0,29941.0,403
2026-07-02 06:30:00-04:00,29982.0,29993.5,29948.0,29948.0,738
2026-07-02 06:35:00-04:00,29999.25,30005.5,29973.75,29984.0,1029
2026-07-02 06:40:00-04:00,29978.5,30005.5,29977.75,29998.0,372
2026-07-02 06:45:00-04:00,29979.75,29988.5,29972.0,29979.25,419
2026-07-02 06:50:00-04:00,29990.75,29994.25,29973.5,29981.0,193
2026-07-02 06:55:00-04:00,30005.75,30008.5,29982.25,29991.5,491
2026-07-02 07:00:00-04:00,29981.25,30021.5,29978.5,30005.25,1378
2026-07-02 07:05:00-04:00,29983.25,29986.0,29967.5,29980.0,738
2026-07-02 07:10:00-04:00,30007.0,30010.5,29983.25,29983.25,619
2026-07-02 07:15:00-04:00,29984.5,30011.25,29967.0,30005.75,625
2026-07-02 07:20:00-04:00,30003.75,30008.75,29973.0,29984.5,436
2026-07-02 07:25:00-04:00,30005.75,30014.0,30000.75,30004.0,563
2026-07-02 07:30:00-04:00,29995.25,30012.0,29990.75,30006.0,556
2026-07-02 07:35:00-04:00,30036.25,30036.75,29992.75,29993.5,653
2026-07-02 07:40:00-04:00,30057.5,30064.75,30014.75,30036.25,1268
2026-07-02 07:45:00-04:00,30059.0,30076.25,30054.75,30058.0,1105
2026-07-02 07:50:00-04:00,30041.0,30079.0,30040.0,30059.0,1151
2026-07-02 07:55:00-04:00,30034.25,30053.5,30034.0,30040.75,552
2026-07-02 08:00:00-04:00,30080.0,30085.0,30022.25,30035.25,1027
2026-07-02 08:05:00-04:00,30106.25,30116.25,30072.75,30080.75,1281
2026-07-02 08:10:00-04:00,30131.25,30140.75,30100.0,30106.25,1159
2026-07-02 08:15:00-04:00,30139.75,30161.25,30128.5,30131.75,1290
2026-07-02 08:20:00-04:00,30157.5,30159.0,30127.25,30141.0,1007
2026-07-02 08:25:00-04:00,30182.75,30190.25,30134.5,30158.5,1467
2026-07-02 08:30:00-04:00,30275.5,30281.75,30175.0,30183.0,5735
2026-07-02 08:35:00-04:00,30281.75,30320.0,30265.75,30274.25,4371
2026-07-02 08:40:00-04:00,30241.5,30293.5,30240.75,30280.75,2625
2026-07-02 08:45:00-04:00,30246.5,30265.25,30238.0,30242.5,1900
2026-07-02 08:50:00-04:00,30205.75,30262.0,30201.75,30244.5,1942
2026-07-02 08:55:00-04:00,30182.75,30209.0,30155.0,30206.0,2747
2026-07-02 09:00:00-04:00,30181.75,30215.0,30135.0,30185.0,3484
2026-07-02 09:05:00-04:00,30127.75,30182.25,30118.0,30180.0,2098
2026-07-02 09:10:00-04:00,30142.0,30162.0,30123.25,30128.25,1892
2026-07-02 09:15:00-04:00,30168.5,30175.0,30133.75,30141.5,1644
2026-07-02 09:20:00-04:00,30163.0,30184.0,30160.25,30169.25,1590
2026-07-02 09:25:00-04:00,30074.5,30175.0,30073.5,30165.0,4299
2026-07-02 09:30:00-04:00,30135.25,30138.25,30007.75,30075.75,15535
2026-07-02 09:35:00-04:00,30054.75,30161.0,30028.0,30133.5,11837
2026-07-02 09:40:00-04:00,30124.25,30188.75,30052.25,30054.75,10851
2026-07-02 09:45:00-04:00,30178.75,30205.0,30102.0,30127.0,8316
2026-07-02 09:50:00-04:00,30233.25,30260.5,30158.75,30179.25,9964
2026-07-02 09:55:00-04:00,30257.5,30263.0,30192.0,30234.0,5986
2026-07-02 10:00:00-04:00,30259.75,30293.5,30228.0,30257.75,6472
2026-07-02 10:05:00-04:00,30182.25,30261.0,30167.75,30259.5,7014
2026-07-02 10:10:00-04:00,30215.5,30253.75,30131.5,30182.5,7593
2026-07-02 10:15:00-04:00,30156.0,30226.5,30108.75,30216.25,8818
2026-07-02 10:20:00-04:00,30079.75,30169.5,30074.0,30155.5,8773
2026-07-02 10:25:00-04:00,29935.0,30094.75,29910.75,30080.0,12520
2026-07-02 10:30:00-04:00,29903.0,30006.25,29888.0,29935.0,11735
2026-07-02 10:35:00-04:00,29923.25,29986.25,29877.5,29902.0,9576
2026-07-02 10:40:00-04:00,29809.5,29933.0,29777.0,29924.0,12288
2026-07-02 10:45:00-04:00,29825.75,29868.25,29754.25,29810.0,10091
2026-07-02 10:50:00-04:00,29767.0,29852.5,29730.75,29825.25,7362
2026-07-02 10:55:00-04:00,29840.25,29843.25,29760.0,29767.5,6240
2026-07-02 11:00:00-04:00,29715.0,29852.0,29712.5,29840.25,7337
2026-07-02 11:05:00-04:00,29704.25,29745.0,29629.0,29715.5,9889
2026-07-02 11:10:00-04:00,29716.5,29778.0,29683.5,29704.5,5885
2026-07-02 11:15:00-04:00,29639.5,29743.0,29622.0,29718.75,7267
2026-07-02 11:20:00-04:00,29721.0,29722.5,29610.75,29640.25,6730
2026-07-02 11:25:00-04:00,29672.5,29748.25,29669.0,29721.0,5652
2026-07-02 11:30:00-04:00,29756.75,29766.75,29667.75,29671.0,5093
2026-07-02 11:35:00-04:00,29782.0,29817.25,29746.0,29757.5,5815
2026-07-02 11:40:00-04:00,29711.75,29815.5,29710.0,29782.0,4908
2026-07-02 11:45:00-04:00,29701.25,29747.75,29691.25,29710.0,4305
2026-07-02 11:50:00-04:00,29678.0,29712.0,29645.0,29700.5,5057
2026-07-02 11:55:00-04:00,29676.0,29695.25,29636.25,29678.25,4746
2026-07-02 12:00:00-04:00,29634.0,29688.25,29595.25,29676.75,6383
2026-07-02 12:05:00-04:00,29598.75,29653.0,29585.0,29633.25,4231
2026-07-02 12:10:00-04:00,29646.75,29661.75,29590.5,29599.25,4731
2026-07-02 12:15:00-04:00,29594.75,29653.25,29590.25,29649.25,3900
2026-07-02 12:20:00-04:00,29556.75,29598.5,29549.25,29593.0,5067
2026-07-02 12:25:00-04:00,29558.75,29596.0,29548.0,29555.0,4312
2026-07-02 12:30:00-04:00,29499.75,29563.25,29497.5,29559.0,6693
2026-07-02 12:35:00-04:00,29486.25,29514.0,29453.25,29499.5,7134
2026-07-02 12:40:00-04:00,29539.0,29547.25,29483.25,29486.5,6266
2026-07-02 12:45:00-04:00,29507.0,29542.5,29501.5,29537.0,3593
2026-07-02 12:50:00-04:00,29500.25,29534.5,29478.0,29507.5,4022
2026-07-02 12:55:00-04:00,29462.25,29501.75,29434.0,29501.0,5456
2026-07-02 13:00:00-04:00,29411.0,29469.5,29391.0,29461.0,6348
2026-07-02 13:05:00-04:00,29447.5,29482.5,29387.5,29410.0,6090
2026-07-02 13:10:00-04:00,29454.0,29468.0,29424.0,29447.75,3566
2026-07-02 13:15:00-04:00,29437.0,29482.25,29432.25,29453.75,4080
2026-07-02 13:20:00-04:00,29443.25,29482.75,29427.25,29437.0,3313
2026-07-02 13:25:00-04:00,29447.5,29454.0,29421.75,29442.5,2523
2026-07-02 13:30:00-04:00,29427.75,29473.25,29427.5,29447.75,3312
2026-07-02 13:35:00-04:00,29380.25,29438.0,29372.75,29427.25,4395
2026-07-02 13:40:00-04:00,29404.75,29418.5,29355.75,29379.5,4080
2026-07-02 13:45:00-04:00,29362.0,29408.5,29342.5,29405.5,3951
2026-07-02 13:50:00-04:00,29389.75,29397.5,29345.0,29362.75,3249
2026-07-02 13:55:00-04:00,29338.5,29397.25,29328.5,29389.75,3252
2026-07-02 14:00:00-04:00,29382.75,29384.0,29330.5,29339.5,3877
2026-07-02 14:05:00-04:00,29478.0,29481.0,29378.25,29382.0,6241
2026-07-02 14:10:00-04:00,29459.25,29503.25,29450.5,29478.25,5205
2026-07-02 14:15:00-04:00,29425.5,29470.25,29409.75,29460.75,4190
2026-07-02 14:20:00-04:00,29450.25,29460.25,29422.25,29425.25,2994
2026-07-02 14:25:00-04:00,29488.0,29489.25,29437.75,29450.25,3496
2026-07-02 14:30:00-04:00,29481.5,29525.0,29470.5,29487.75,4418
2026-07-02 14:35:00-04:00,29491.75,29505.75,29464.25,29481.5,2971
2026-07-02 14:40:00-04:00,29481.0,29501.0,29469.75,29492.25,2340
2026-07-02 14:45:00-04:00,29493.75,29500.75,29439.25,29480.75,3992
2026-07-02 14:50:00-04:00,29483.75,29528.0,29480.0,29494.5,3850
2026-07-02 14:55:00-04:00,29489.0,29498.75,29455.25,29484.5,3420
2026-07-02 15:00:00-04:00,29402.75,29503.25,29398.5,29488.75,4835
2026-07-02 15:05:00-04:00,29397.25,29427.0,29381.5,29403.5,4602
2026-07-02 15:10:00-04:00,29413.0,29425.25,29381.75,29398.75,2650
2026-07-02 15:15:00-04:00,29394.75,29422.75,29380.75,29412.5,2525
2026-07-02 15:20:00-04:00,29362.5,29401.5,29354.75,29395.25,2946
2026-07-02 15:25:00-04:00,29421.75,29445.0,29349.5,29363.0,4607
2026-07-02 15:30:00-04:00,29461.0,29468.75,29412.0,29422.5,4506
2026-07-02 15:35:00-04:00,29458.25,29475.5,29426.0,29462.0,3698
2026-07-02 15:40:00-04:00,29454.25,29463.5,29429.5,29458.5,2949
2026-07-02 15:45:00-04:00,29449.75,29461.5,29432.0,29454.5,3505
2026-07-02 15:50:00-04:00,29533.5,29535.0,29451.25,29451.25,8174
2026-07-02 15:55:00-04:00,29539.5,29588.0,29508.5,29533.25,17923
2026-07-02 16:00:00-04:00,29533.0,29553.0,29524.75,29539.25,7021
2026-07-02 16:05:00-04:00,29541.0,29548.75,29514.0,29533.5,3011
2026-07-02 16:10:00-04:00,29545.5,29552.75,29524.75,29540.0,1788
2026-07-02 16:15:00-04:00,29541.25,29561.75,29539.75,29546.25,1693
2026-07-02 16:20:00-04:00,29536.75,29546.5,29533.0,29541.5,852
2026-07-02 16:25:00-04:00,29548.0,29557.5,29535.75,29536.75,772
2026-07-02 16:30:00-04:00,29557.0,29557.25,29539.0,29549.5,950
2026-07-02 16:35:00-04:00,29552.0,29564.75,29545.5,29556.75,593
2026-07-02 16:40:00-04:00,29541.75,29554.5,29537.75,29552.25,475
2026-07-02 16:45:00-04:00,29553.75,29558.5,29542.0,29542.25,627
2026-07-02 16:50:00-04:00,29556.5,29558.0,29553.25,29554.0,408
2026-07-02 16:55:00-04:00,29551.75,29558.75,29536.25,29557.0,806
2026-07-02 18:00:00-04:00,29577.75,29589.0,29566.0,29566.0,0
2026-07-02 18:05:00-04:00,29584.5,29591.5,29559.25,29574.75,422
2026-07-02 18:10:00-04:00,29580.25,29589.75,29575.0,29584.75,142
2026-07-02 18:15:00-04:00,29588.0,29595.75,29581.0,29581.0,322
2026-07-02 18:20:00-04:00,29592.25,29598.0,29584.25,29587.25,199
2026-07-02 18:25:00-04:00,29578.5,29593.25,29576.75,29592.0,246
2026-07-02 18:30:00-04:00,29596.25,29599.5,29568.0,29578.25,425
2026-07-02 18:35:00-04:00,29615.75,29620.0,29590.5,29595.75,607
2026-07-02 18:40:00-04:00,29620.5,29621.5,29609.25,29614.5,164
2026-07-02 18:45:00-04:00,29615.5,29621.25,29612.0,29620.5,143
2026-07-02 18:50:00-04:00,29614.75,29615.25,29609.5,29614.0,126
2026-07-02 18:55:00-04:00,29618.75,29622.25,29614.0,29615.5,175
2026-07-02 19:00:00-04:00,29598.75,29617.25,29595.0,29615.75,354
2026-07-02 19:05:00-04:00,29583.5,29602.75,29576.5,29599.5,452
2026-07-02 19:10:00-04:00,29558.5,29589.25,29553.75,29583.5,571
2026-07-02 19:15:00-04:00,29559.5,29581.25,29552.0,29560.5,579
2026-07-02 19:20:00-04:00,29595.75,29602.5,29557.0,29560.25,613
2026-07-02 19:25:00-04:00,29602.0,29608.0,29591.5,29594.75,324
2026-07-02 19:30:00-04:00,29613.5,29618.75,29580.25,29600.0,620
2026-07-02 19:35:00-04:00,29582.5,29616.75,29575.5,29613.75,341
2026-07-02 19:40:00-04:00,29571.25,29592.0,29571.25,29582.5,228
2026-07-02 19:45:00-04:00,29598.5,29610.5,29565.5,29573.0,438
2026-07-02 19:50:00-04:00,29600.5,29604.0,29574.75,29596.75,278
2026-07-02 19:55:00-04:00,29600.5,29603.75,29592.5,29599.25,139
2026-07-02 20:00:00-04:00,29591.0,29638.75,29567.5,29598.75,1113
2026-07-02 20:05:00-04:00,29552.25,29597.5,29552.0,29589.0,671
2026-07-02 20:10:00-04:00,29617.0,29618.0,29541.0,29552.25,791
2026-07-02 20:15:00-04:00,29589.25,29621.25,29570.0,29615.0,770
2026-07-02 20:20:00-04:00,29586.25,29610.0,29576.5,29591.75,269
2026-07-02 20:25:00-04:00,29561.5,29596.5,29558.0,29590.25,403
2026-07-02 20:30:00-04:00,29541.0,29564.0,29534.0,29561.25,572
2026-07-02 20:35:00-04:00,29571.5,29601.5,29534.75,29536.25,545
2026-07-02 20:40:00-04:00,29554.5,29576.0,29541.0,29570.5,346
2026-07-02 20:45:00-04:00,29564.5,29568.5,29532.0,29552.75,335
2026-07-02 20:50:00-04:00,29547.25,29572.25,29532.5,29564.5,426
2026-07-02 20:55:00-04:00,29536.5,29551.0,29522.0,29545.25,459
2026-07-02 21:00:00-04:00,29623.25,29625.75,29535.25,29539.5,604
2026-07-02 21:05:00-04:00,29686.75,29697.5,29617.0,29622.5,1800
2026-07-02 21:10:00-04:00,29673.0,29686.0,29657.0,29685.75,564
2026-07-02 21:15:00-04:00,29660.0,29680.0,29646.5,29673.5,505
2026-07-02 21:20:00-04:00,29672.0,29680.5,29658.0,29662.0,354
2026-07-02 21:25:00-04:00,29655.0,29672.0,29652.25,29666.25,249
2026-07-02 21:30:00-04:00,29664.75,29670.75,29643.25,29655.0,330
2026-07-02 21:35:00-04:00,29662.5,29673.0,29647.5,29666.25,210
2026-07-02 21:40:00-04:00,29675.0,29683.25,29661.0,29664.0,584
2026-07-02 21:45:00-04:00,29684.0,29690.5,29659.75,29675.75,616
2026-07-02 21:50:00-04:00,29695.25,29695.25,29666.75,29686.0,594
2026-07-02 21:55:00-04:00,29682.5,29699.5,29678.75,29694.25,430
2026-07-02 22:00:00-04:00,29691.5,29695.25,29680.5,29684.75,246
2026-07-02 22:05:00-04:00,29715.0,29716.5,29685.0,29685.25,581
2026-07-02 22:10:00-04:00,29695.0,29715.75,29688.75,29714.25,380
2026-07-02 22:15:00-04:00,29703.75,29714.0,29693.5,29695.5,240
2026-07-02 22:20:00-04:00,29717.75,29720.0,29703.0,29705.5,265
2026-07-02 22:25:00-04:00,29729.75,29732.0,29717.75,29718.75,398
2026-07-02 22:30:00-04:00,29721.75,29732.0,29716.0,29728.0,310
2026-07-02 22:35:00-04:00,29712.5,29722.0,29707.25,29720.0,358
2026-07-02 22:40:00-04:00,29723.75,29724.25,29706.25,29713.0,212
2026-07-02 22:45:00-04:00,29741.75,29741.75,29724.75,29725.5,376
2026-07-02 22:50:00-04:00,29742.5,29748.5,29733.0,29740.5,368
2026-07-02 22:55:00-04:00,29750.75,29755.75,29736.25,29744.25,315
2026-07-02 23:00:00-04:00,29747.25,29752.25,29739.75,29749.75,335
2026-07-02 23:05:00-04:00,29742.25,29755.25,29735.75,29747.0,370
2026-07-02 23:10:00-04:00,29746.25,29746.5,29730.75,29741.75,215
2026-07-02 23:15:00-04:00,29752.0,29756.25,29745.0,29746.75,207
2026-07-02 23:20:00-04:00,29746.0,29758.0,29745.75,29750.5,154
2026-07-02 23:25:00-04:00,29761.0,29761.75,29742.0,29745.0,213
2026-07-02 23:30:00-04:00,29755.25,29775.25,29753.25,29760.75,433
2026-07-02 23:35:00-04:00,29736.0,29759.75,29735.25,29758.5,311
2026-07-02 23:40:00-04:00,29723.0,29739.0,29720.0,29735.75,404
2026-07-02 23:45:00-04:00,29751.0,29751.5,29717.75,29722.5,417
2026-07-02 23:50:00-04:00,29745.75,29754.75,29741.75,29750.75,271
2026-07-02 23:55:00-04:00,29768.0,29769.75,29744.25,29745.5,300
2026-07-05 18:00:00-04:00,29889.0,29979.5,29877.5,29930.25,1723
2026-07-05 18:05:00-04:00,29879.5,29901.75,29860.75,29889.0,1198
2026-07-05 18:10:00-04:00,29901.5,29902.0,29874.5,29881.75,490
2026-07-05 18:15:00-04:00,29903.25,29921.0,29890.0,29899.5,770
2026-07-05 18:20:00-04:00,29937.0,29948.75,29902.25,29905.25,946
2026-07-05 18:25:00-04:00,29936.0,29944.25,29901.75,29937.0,306
2026-07-05 18:30:00-04:00,29952.25,29959.25,29901.75,29936.75,531
2026-07-05 18:35:00-04:00,29963.25,29971.75,29940.0,29953.25,774
2026-07-05 18:40:00-04:00,29971.0,29973.25,29957.75,29960.75,527
2026-07-05 18:45:00-04:00,29968.5,29979.0,29901.75,29969.75,485
2026-07-05 18:50:00-04:00,29901.75,29968.25,29901.75,29968.25,490
2026-07-05 18:55:00-04:00,29946.0,29962.5,29941.5,29958.75,416
2026-07-05 19:00:00-04:00,29951.5,29961.25,29933.5,29946.5,657
2026-07-05 19:05:00-04:00,29946.75,29960.25,29944.75,29952.25,222
2026-07-05 19:10:00-04:00,29990.25,30008.25,29901.75,29945.75,1756
2026-07-05 19:15:00-04:00,29989.75,30003.75,29901.75,29988.0,535
2026-07-05 19:20:00-04:00,29980.75,29992.0,29979.25,29991.75,216
2026-07-05 19:25:00-04:00,29985.25,29995.5,29975.75,29981.0,337
2026-07-05 19:30:00-04:00,30002.75,30011.25,29974.0,29983.5,632
2026-07-05 19:35:00-04:00,29982.5,30004.0,29901.75,30002.75,369
2026-07-05 19:40:00-04:00,29976.0,29988.25,29901.75,29984.25,359
2026-07-05 19:45:00-04:00,29991.5,29997.25,29963.75,29974.5,570
2026-07-05 19:50:00-04:00,29991.75,30005.75,29986.75,29988.75,485
2026-07-05 19:55:00-04:00,29983.75,29992.5,29964.75,29991.75,566
2026-07-05 20:00:00-04:00,29948.5,29988.75,29900.0,29987.75,1937
2026-07-05 20:05:00-04:00,29967.0,29971.5,29901.75,29950.25,876
2026-07-05 20:10:00-04:00,29982.75,29982.75,29946.0,29964.25,680
2026-07-05 20:15:00-04:00,29979.5,30004.75,29976.5,29982.5,884
2026-07-05 20:20:00-04:00,29957.25,29985.75,29950.0,29980.5,653
2026-07-05 20:25:00-04:00,29882.75,29964.5,29879.75,29961.5,1229
2026-07-05 20:30:00-04:00,29898.0,29909.0,29845.0,29882.25,1754
2026-07-05 20:35:00-04:00,29917.0,29928.5,29882.25,29898.0,673
2026-07-05 20:40:00-04:00,29933.75,29944.5,29908.0,29918.5,750
2026-07-05 20:45:00-04:00,29945.75,29969.75,29937.5,29937.5,751
2026-07-05 20:50:00-04:00,29936.25,29944.5,29901.75,29944.5,710
2026-07-05 20:55:00-04:00,29928.25,29951.5,29901.75,29937.5,757
2026-07-05 21:00:00-04:00,29894.5,29932.0,29892.5,29926.5,815
2026-07-05 21:05:00-04:00,29904.25,29905.5,29875.0,29893.25,836
2026-07-05 21:10:00-04:00,29880.0,29908.0,29867.25,29904.0,786
2026-07-05 21:15:00-04:00,29886.0,29901.75,29858.25,29879.75,802
2026-07-05 21:20:00-04:00,29828.25,29901.75,29824.0,29886.0,1151
2026-07-05 21:25:00-04:00,29814.25,29834.5,29773.75,29828.25,1784
2026-07-05 21:30:00-04:00,29840.0,29844.5,29807.0,29813.25,799
2026-07-05 21:35:00-04:00,29837.75,29842.25,29819.25,29840.75,569
2026-07-05 21:40:00-04:00,29817.25,29901.75,29814.25,29838.25,747
2026-07-05 21:45:00-04:00,29771.75,29901.75,29770.0,29816.25,1006
2026-07-05 21:50:00-04:00,29759.75,29781.75,29755.0,29773.75,1046
2026-07-05 21:55:00-04:00,29792.75,29795.25,29750.0,29758.75,1020
2026-07-05 22:00:00-04:00,29817.5,29818.75,29784.5,29793.25,1383
2026-07-05 22:05:00-04:00,29793.75,29901.75,29782.75,29816.0,675
2026-07-05 22:10:00-04:00,29759.5,29901.75,29754.5,29795.25,753
2026-07-05 22:15:00-04:00,29756.75,29780.0,29746.5,29761.25,1136
2026-07-05 22:20:00-04:00,29778.5,29791.75,29751.0,29755.0,512
2026-07-05 22:25:00-04:00,29736.25,29781.25,29735.0,29780.0,1025
2026-07-05 22:30:00-04:00,29739.0,29901.75,29723.25,29737.0,813
2026-07-05 22:35:00-04:00,29723.75,29901.75,29721.25,29740.25,620
2026-07-05 22:40:00-04:00,29699.25,29726.0,29693.5,29725.0,1064
2026-07-05 22:45:00-04:00,29708.75,29719.0,29696.75,29700.5,516
2026-07-05 22:50:00-04:00,29714.25,29716.0,29683.0,29706.5,706
2026-07-05 22:55:00-04:00,29725.25,29901.75,29697.5,29716.0,850
2026-07-05 23:00:00-04:00,29756.0,29901.75,29716.75,29726.5,1091
2026-07-05 23:05:00-04:00,29760.0,29761.5,29746.5,29753.5,450
2026-07-05 23:10:00-04:00,29771.0,29785.5,29747.75,29761.25,965
2026-07-05 23:15:00-04:00,29762.0,29790.5,29758.5,29772.0,541
2026-07-05 23:20:00-04:00,29771.25,29901.75,29748.0,29762.5,473
2026-07-05 23:25:00-04:00,29788.0,29901.75,29768.5,29773.0,357
2026-07-05 23:30:00-04:00,29800.25,29801.0,29772.5,29789.5,776
2026-07-05 23:35:00-04:00,29787.5,29806.5,29785.5,29799.5,600
2026-07-05 23:40:00-04:00,29740.5,29790.25,29738.0,29786.75,801
2026-07-05 23:45:00-04:00,29717.5,29901.75,29715.0,29740.25,695
2026-07-05 23:50:00-04:00,29701.75,29901.75,29693.25,29719.25,1308
2026-07-05 23:55:00-04:00,29718.75,29720.0,29696.0,29703.0,375
2026-07-06 00:00:00-04:00,29732.5,29738.5,29703.0,29730.25,839
2026-07-06 00:05:00-04:00,29720.25,29745.25,29716.75,29733.25,632
2026-07-06 00:10:00-04:00,29774.75,29778.0,29720.0,29720.25,698
2026-07-06 00:15:00-04:00,29792.25,29794.0,29769.0,29771.5,570
2026-07-06 00:20:00-04:00,29793.0,29798.75,29778.0,29790.5,498
2026-07-06 00:25:00-04:00,29794.75,29801.0,29780.0,29794.25,406
2026-07-06 00:30:00-04:00,29792.0,29814.5,29788.5,29795.5,448
2026-07-06 00:35:00-04:00,29818.25,29822.25,29791.0,29791.25,429
2026-07-06 00:40:00-04:00,29828.5,29836.0,29807.0,29816.5,576
2026-07-06 00:45:00-04:00,29819.5,29831.75,29815.75,29826.75,280
2026-07-06 00:50:00-04:00,29829.75,29831.75,29813.0,29817.75,362
2026-07-06 00:55:00-04:00,29828.25,29840.5,29820.25,29830.25,335
2026-07-06 01:00:00-04:00,29795.25,29830.5,29792.75,29829.5,401
2026-07-06 01:05:00-04:00,29801.5,29821.75,29796.75,29800.0,368
2026-07-06 01:10:00-04:00,29807.25,29823.25,29799.0,29802.25,216
2026-07-06 01:15:00-04:00,29812.75,29818.5,29802.5,29809.25,171
2026-07-06 01:20:00-04:00,29784.75,29812.5,29781.75,29812.5,494
2026-07-06 01:25:00-04:00,29769.5,29794.75,29767.75,29782.75,379
2026-07-06 01:30:00-04:00,29756.0,29770.0,29752.5,29770.0,371
2026-07-06 01:35:00-04:00,29774.25,29782.5,29755.0,29755.25,351
2026-07-06 01:40:00-04:00,29788.25,29799.0,29773.0,29775.5,473
2026-07-06 01:45:00-04:00,29772.0,29791.0,29766.25,29789.5,298
2026-07-06 01:50:00-04:00,29796.5,29801.0,29770.0,29771.25,265
2026-07-06 01:55:00-04:00,29790.5,29801.5,29789.0,29793.75,242
2026-07-06 02:00:00-04:00,29790.75,29807.5,29786.5,29791.5,433
2026-07-06 02:05:00-04:00,29769.0,29797.25,29768.75,29793.25,356
2026-07-06 02:10:00-04:00,29759.75,29771.0,29754.75,29768.25,300
2026-07-06 02:15:00-04:00,29761.75,29770.0,29756.75,29760.75,297
2026-07-06 02:20:00-04:00,29773.5,29778.5,29755.25,29759.25,272
2026-07-06 02:25:00-04:00,29790.5,29797.0,29772.25,29775.75,302
2026-07-06 02:30:00-04:00,29818.0,29818.0,29784.5,29789.0,587
2026-07-06 02:35:00-04:00,29840.75,29845.0,29817.0,29817.25,895
2026-07-06 02:40:00-04:00,29854.5,29858.25,29840.25,29841.5,685
2026-07-06 02:45:00-04:00,29848.0,29855.0,29832.5,29855.0,466
2026-07-06 02:50:00-04:00,29843.25,29855.5,29838.75,29848.25,287
2026-07-06 02:55:00-04:00,29847.25,29853.0,29839.5,29844.5,277
2026-07-06 03:00:00-04:00,29848.75,29852.75,29829.75,29846.25,392
2026-07-06 03:05:00-04:00,29850.0,29861.25,29843.25,29851.0,391
2026-07-06 03:10:00-04:00,29848.0,29862.75,29841.0,29849.75,423
2026-07-06 03:15:00-04:00,29859.75,29863.75,29848.0,29850.5,297
2026-07-06 03:20:00-04:00,29836.0,29860.25,29832.25,29860.25,313
2026-07-06 03:25:00-04:00,29820.25,29839.75,29817.75,29836.5,314
2026-07-06 03:30:00-04:00,29845.5,29848.5,29816.25,29822.0,353
2026-07-06 03:35:00-04:00,29839.25,29850.75,29833.75,29847.75,169
2026-07-06 03:40:00-04:00,29872.75,29876.25,29837.0,29837.0,324
2026-07-06 03:45:00-04:00,29870.75,29875.25,29866.25,29870.5,197
2026-07-06 03:50:00-04:00,29858.25,29871.5,29856.25,29871.0,199
2026-07-06 03:55:00-04:00,29852.5,29863.25,29851.25,29859.75,210
2026-07-06 04:00:00-04:00,29861.5,29880.0,29845.75,29852.75,648
2026-07-06 04:05:00-04:00,29870.0,29884.0,29861.75,29864.0,470
2026-07-06 04:10:00-04:00,29821.75,29873.0,29803.5,29868.25,746
2026-07-06 04:15:00-04:00,29815.5,29825.0,29780.0,29824.25,607
2026-07-06 04:20:00-04:00,29824.75,29827.75,29806.5,29815.0,336
2026-07-06 04:25:00-04:00,29833.25,29833.25,29821.0,29825.75,197
2026-07-06 04:30:00-04:00,29815.5,29833.5,29813.5,29831.0,343
2026-07-06 04:35:00-04:00,29826.75,29827.75,29807.75,29817.5,226
2026-07-06 04:40:00-04:00,29843.25,29853.0,29825.5,29827.75,370
2026-07-06 04:45:00-04:00,29844.75,29850.5,29838.5,29845.75,240
2026-07-06 04:50:00-04:00,29851.75,29856.0,29839.5,29845.75,262
2026-07-06 04:55:00-04:00,29867.0,29870.75,29848.0,29852.25,223
2026-07-06 05:00:00-04:00,29857.5,29871.25,29851.0,29869.75,363
2026-07-06 05:05:00-04:00,29861.75,29875.0,29853.75,29856.0,284
2026-07-06 05:10:00-04:00,29853.75,29861.25,29844.0,29861.25,305
2026-07-06 05:15:00-04:00,29856.5,29869.0,29852.25,29853.75,246
2026-07-06 05:20:00-04:00,29858.25,29862.5,29850.0,29856.5,152
2026-07-06 05:25:00-04:00,29863.5,29869.75,29855.5,29856.5,208
2026-07-06 05:30:00-04:00,29848.0,29867.0,29839.0,29864.75,249
2026-07-06 05:35:00-04:00,29857.75,29864.5,29849.0,29849.25,201
2026-07-06 05:40:00-04:00,29849.75,29866.0,29849.75,29859.0,141
2026-07-06 05:45:00-04:00,29833.5,29852.25,29827.5,29849.75,325
2026-07-06 05:50:00-04:00,29883.25,29885.5,29831.75,29834.75,679
2026-07-06 05:55:00-04:00,29877.0,29888.5,29874.5,29884.0,289
2026-07-06 06:00:00-04:00,29867.5,29891.5,29863.5,29878.0,497
2026-07-06 06:05:00-04:00,29857.75,29873.25,29854.0,29865.25,265
2026-07-06 06:10:00-04:00,29878.5,29878.75,29852.25,29861.5,236
2026-07-06 06:15:00-04:00,29879.25,29884.75,29870.5,29878.5,245
2026-07-06 06:20:00-04:00,29868.0,29883.25,29868.0,29879.5,166
2026-07-06 06:25:00-04:00,29864.75,29871.0,29860.75,29868.5,217
2026-07-06 06:30:00-04:00,29878.0,29880.0,29857.5,29864.0,284
2026-07-06 06:35:00-04:00,29882.0,29884.0,29869.0,29878.5,185
2026-07-06 06:40:00-04:00,29857.0,29885.0,29854.25,29880.5,252
2026-07-06 06:45:00-04:00,29858.25,29861.5,29847.25,29856.0,313
2026-07-06 06:50:00-04:00,29865.0,29868.75,29855.0,29855.75,200
2026-07-06 06:55:00-04:00,29884.5,29884.5,29864.75,29867.5,231
2026-07-06 07:00:00-04:00,29851.25,29896.0,29850.5,29884.25,704
2026-07-06 07:05:00-04:00,29851.5,29862.0,29841.75,29852.0,398
2026-07-06 07:10:00-04:00,29857.75,29859.75,29845.75,29851.25,335
2026-07-06 07:15:00-04:00,29872.25,29875.0,29854.75,29858.25,346
2026-07-06 07:20:00-04:00,29870.0,29891.75,29867.75,29873.5,506
2026-07-06 07:25:00-04:00,29880.75,29890.5,29869.5,29871.0,371
2026-07-06 07:30:00-04:00,29894.0,29897.5,29875.0,29879.5,424
2026-07-06 07:35:00-04:00,29881.0,29895.5,29877.5,29894.25,460
2026-07-06 07:40:00-04:00,29882.75,29884.5,29871.0,29881.0,362
2026-07-06 07:45:00-04:00,29893.5,29898.75,29882.5,29883.25,490
2026-07-06 07:50:00-04:00,29896.75,29897.75,29886.75,29897.25,491
2026-07-06 07:55:00-04:00,29877.75,29915.0,29876.25,29896.0,958
2026-07-06 08:00:00-04:00,29909.25,29916.0,29865.5,29879.0,1443
2026-07-06 08:05:00-04:00,29926.5,29929.25,29896.0,29910.5,662
2026-07-06 08:10:00-04:00,29931.5,29936.0,29922.25,29927.0,829
2026-07-06 08:15:00-04:00,29928.0,29936.0,29914.5,29932.25,714
2026-07-06 08:20:00-04:00,29882.25,29929.5,29878.5,29928.0,974
2026-07-06 08:25:00-04:00,29893.25,29896.0,29876.25,29880.5,814
2026-07-06 08:30:00-04:00,29895.5,29909.5,29886.75,29893.5,694
2026-07-06 08:35:00-04:00,29915.5,29924.5,29893.25,29896.25,813
2026-07-06 08:40:00-04:00,29900.5,29916.25,29892.5,29914.75,663
2026-07-06 08:45:00-04:00,29906.5,29910.75,29898.75,29900.5,378
2026-07-06 08:50:00-04:00,29932.5,29932.5,29902.25,29907.75,645
2026-07-06 08:55:00-04:00,29934.0,29935.0,29922.75,29932.5,650
2026-07-06 09:00:00-04:00,29900.75,29938.0,29890.5,29934.75,1813
2026-07-06 09:05:00-04:00,29889.5,29903.75,29889.0,29901.0,799
2026-07-06 09:10:00-04:00,29858.0,29893.25,29855.25,29889.5,1297
2026-07-06 09:15:00-04:00,29841.5,29865.0,29828.5,29859.25,1967
2026-07-06 09:20:00-04:00,29838.0,29850.75,29833.75,29841.5,1580
2026-07-06 09:25:00-04:00,29834.75,29858.5,29820.25,29839.25,2779
2026-07-06 09:30:00-04:00,29926.5,29939.25,29776.25,29835.75,13906
2026-07-06 09:35:00-04:00,29896.75,29928.25,29786.0,29925.75,10792
2026-07-06 09:40:00-04:00,29921.5,29925.0,29845.75,29896.75,8037
2026-07-06 09:45:00-04:00,29952.0,29967.25,29896.0,29917.0,10187
2026-07-06 09:50:00-04:00,29970.5,30009.0,29921.0,29953.0,10344
2026-07-06 09:55:00-04:00,29932.5,29988.25,29915.0,29971.25,5933
2026-07-06 10:00:00-04:00,29930.5,29977.75,29903.25,29935.5,6978
2026-07-06 10:05:00-04:00,29993.0,30004.75,29914.0,29929.25,6197
2026-07-06 10:10:00-04:00,30021.75,30027.75,29972.0,29992.75,6365
2026-07-06 10:15:00-04:00,30007.5,30042.5,29999.0,30021.75,6224
2026-07-06 10:20:00-04:00,30014.0,30041.75,29986.75,30007.75,5475
2026-07-06 10:25:00-04:00,30012.75,30033.25,29992.25,30016.0,3851
2026-07-06 10:30:00-04:00,30044.5,30057.25,30001.25,30013.25,5205
2026-07-06 10:35:00-04:00,30027.25,30052.5,30016.5,30044.5,3966
2026-07-06 10:40:00-04:00,30037.75,30051.25,29988.0,30027.75,5118
2026-07-06 10:45:00-04:00,30042.5,30055.75,30022.25,30037.5,3458
2026-07-06 10:50:00-04:00,30022.0,30067.5,30015.5,30043.5,5022
2026-07-06 10:55:00-04:00,30025.25,30030.0,29986.75,30021.5,4630
2026-07-06 11:00:00-04:00,30026.25,30044.0,29997.5,30025.75,4074
2026-07-06 11:05:00-04:00,30010.0,30035.0,29987.0,30027.25,3468
2026-07-06 11:10:00-04:00,29984.0,30019.5,29959.0,30008.75,4839
2026-07-06 11:15:00-04:00,29977.75,29985.0,29941.25,29984.0,4843
2026-07-06 11:20:00-04:00,30006.5,30008.5,29963.75,29978.0,3692
2026-07-06 11:25:00-04:00,30061.0,30062.75,30001.5,30005.75,4786
2026-07-06 11:30:00-04:00,30049.25,30073.0,30044.75,30061.0,4786
2026-07-06 11:35:00-04:00,30054.75,30066.0,30031.5,30049.75,3291
2026-07-06 11:40:00-04:00,30070.0,30079.0,30045.0,30055.0,3214
2026-07-06 11:45:00-04:00,30075.75,30079.75,30061.25,30070.25,2247
2026-07-06 11:50:00-04:00,30049.75,30083.75,30049.25,30075.75,2821
2026-07-06 11:55:00-04:00,30074.25,30082.75,30049.75,30050.0,2599
2026-07-06 12:00:00-04:00,30057.5,30075.75,30053.5,30074.0,2149
2026-07-06 12:05:00-04:00,30076.5,30090.0,30054.75,30058.0,2649
2026-07-06 12:10:00-04:00,30070.5,30094.0,30069.5,30076.75,3066
2026-07-06 12:15:00-04:00,30067.75,30078.25,30052.25,30071.25,2043
2026-07-06 12:20:00-04:00,30046.75,30075.5,30038.5,30066.5,2895
2026-07-06 12:25:00-04:00,30032.25,30048.0,30024.75,30045.75,2650
2026-07-06 12:30:00-04:00,30032.5,30044.25,30018.25,30033.75,2889
2026-07-06 12:35:00-04:00,30019.25,30034.0,30002.75,30033.25,3001
2026-07-06 12:40:00-04:00,30016.5,30034.0,30014.0,30019.5,2117
2026-07-06 12:45:00-04:00,30034.0,30035.0,30002.25,30017.25,2307
2026-07-06 12:50:00-04:00,29996.5,30038.5,29995.5,30034.25,2667
2026-07-06 12:55:00-04:00,29990.0,30007.25,29981.0,29997.25,3068
2026-07-06 13:00:00-04:00,29994.75,30003.75,29975.25,29989.0,3142
2026-07-06 13:05:00-04:00,30029.5,30032.25,29991.5,29994.5,2845
2026-07-06 13:10:00-04:00,30019.0,30036.75,30009.75,30028.5,2175
2026-07-06 13:15:00-04:00,29999.75,30032.0,29993.0,30019.25,2583
2026-07-06 13:20:00-04:00,29979.5,30002.25,29963.5,29999.75,3013
2026-07-06 13:25:00-04:00,29954.75,29996.75,29948.0,29979.25,3152
2026-07-06 13:30:00-04:00,29933.25,29960.5,29919.75,29955.5,4746
2026-07-06 13:35:00-04:00,29922.25,29939.75,29913.0,29933.75,3647
2026-07-06 13:40:00-04:00,29904.75,29921.25,29882.25,29921.25,4582
2026-07-06 13:45:00-04:00,29919.25,29931.5,29882.75,29904.5,4122
2026-07-06 13:50:00-04:00,29903.25,29936.0,29900.0,29919.5,2991
2026-07-06 13:55:00-04:00,29896.75,29909.5,29886.5,29904.0,2483
2026-07-06 14:00:00-04:00,29924.25,29933.75,29895.5,29896.25,3974
2026-07-06 14:05:00-04:00,29961.25,29967.5,29923.75,29924.25,3740
2026-07-06 14:10:00-04:00,29949.25,29967.5,29945.5,29961.75,2264
2026-07-06 14:15:00-04:00,29983.5,29994.75,29950.0,29950.0,4279
2026-07-06 14:20:00-04:00,29989.25,29991.5,29971.25,29983.75,2190
2026-07-06 14:25:00-04:00,29971.75,30000.0,29967.0,29989.25,2435
2026-07-06 14:30:00-04:00,29949.25,29978.5,29949.25,29971.75,2435
2026-07-06 14:35:00-04:00,29958.25,29977.75,29948.5,29950.0,2528
2026-07-06 14:40:00-04:00,29978.0,29984.25,29957.75,29958.25,2238
2026-07-06 14:45:00-04:00,29987.25,30003.0,29973.75,29978.0,2488
2026-07-06 14:50:00-04:00,29989.5,29995.0,29976.75,29987.0,1612
2026-07-06 14:55:00-04:00,29990.0,30004.0,29980.0,29989.0,1954
2026-07-06 15:00:00-04:00,29989.0,30009.25,29980.75,29990.75,2816
2026-07-06 15:05:00-04:00,30006.0,30008.5,29987.0,29989.0,2064
2026-07-06 15:10:00-04:00,30011.25,30025.0,30003.5,30006.75,2730
2026-07-06 15:15:00-04:00,30033.5,30036.0,30004.5,30011.5,3010
2026-07-06 15:20:00-04:00,30047.75,30052.0,30027.0,30033.5,2293
2026-07-06 15:25:00-04:00,30035.5,30052.0,30032.0,30047.75,2338
2026-07-06 15:30:00-04:00,30026.75,30038.0,30002.25,30035.75,3939
2026-07-06 15:35:00-04:00,30003.0,30033.0,30000.25,30026.5,3028
2026-07-06 15:40:00-04:00,30024.0,30030.0,29996.25,30002.75,2687
2026-07-06 15:45:00-04:00,30024.0,30036.25,30018.75,30023.75,2738
2026-07-06 15:50:00-04:00,29965.0,30028.0,29964.25,30023.25,7510
2026-07-06 15:55:00-04:00,29951.0,29980.75,29931.5,29965.0,16020
2026-07-06 16:00:00-04:00,29948.75,29964.75,29933.0,29950.75,6289
2026-07-06 16:05:00-04:00,29962.5,29972.75,29944.25,29949.75,1724
2026-07-06 16:10:00-04:00,29964.0,29967.75,29951.75,29962.25,1039
2026-07-06 16:15:00-04:00,29962.75,29970.0,29960.75,29963.25,576
2026-07-06 16:20:00-04:00,29957.5,29963.0,29955.0,29962.75,434
2026-07-06 16:25:00-04:00,29959.5,29959.5,29950.5,29957.25,995
2026-07-06 16:30:00-04:00,29960.0,29965.5,29955.5,29960.0,520
2026-07-06 16:35:00-04:00,29957.25,29959.0,29952.5,29958.75,437
2026-07-06 16:40:00-04:00,29955.75,29959.0,29954.5,29956.5,375
2026-07-06 16:45:00-04:00,29940.5,29958.0,29940.25,29955.25,753
2026-07-06 16:50:00-04:00,29941.0,29942.0,29931.25,29940.5,533
2026-07-06 16:55:00-04:00,29947.75,29959.25,29937.75,29941.0,582
2026-07-06 18:00:00-04:00,29964.0,29970.0,29944.75,29960.0,0
2026-07-06 18:05:00-04:00,29948.5,29963.0,29940.25,29963.0,515
2026-07-06 18:10:00-04:00,29964.25,29968.5,29948.5,29950.25,334
2026-07-06 18:15:00-04:00,29969.0,29972.0,29960.5,29966.5,292
2026-07-06 18:20:00-04:00,29967.0,29973.75,29966.5,29969.25,158
2026-07-06 18:25:00-04:00,29951.75,29968.0,29950.75,29966.25,389
2026-07-06 18:30:00-04:00,29954.75,29963.75,29942.75,29951.25,518
2026-07-06 18:35:00-04:00,29957.0,29960.75,29949.5,29955.75,260
2026-07-06 18:40:00-04:00,29950.0,29970.0,29946.25,29958.5,365
2026-07-06 18:45:00-04:00,29920.5,29950.25,29912.25,29949.75,867
2026-07-06 18:50:00-04:00,29907.75,29925.0,29904.75,29920.75,376
2026-07-06 18:55:00-04:00,29894.75,29910.0,29889.0,29909.25,635
2026-07-06 19:00:00-04:00,29920.25,29928.75,29891.75,29893.5,588
2026-07-06 19:05:00-04:00,29911.0,29927.75,29904.75,29921.5,365
2026-07-06 19:10:00-04:00,29907.0,29918.5,29903.75,29910.5,246
2026-07-06 19:15:00-04:00,29877.25,29906.0,29875.5,29906.0,631
2026-07-06 19:20:00-04:00,29896.0,29900.0,29872.75,29877.25,467
2026-07-06 19:25:00-04:00,29898.25,29906.5,29890.5,29895.25,427
2026-07-06 19:30:00-04:00,29883.0,29906.0,29882.5,29897.75,466
2026-07-06 19:35:00-04:00,29881.25,29892.0,29879.0,29884.5,289
2026-07-06 19:40:00-04:00,29874.75,29882.75,29864.75,29880.25,639
2026-07-06 19:45:00-04:00,29857.25,29875.5,29851.0,29874.75,841
2026-07-06 19:50:00-04:00,29854.0,29860.0,29839.25,29855.25,1045
2026-07-06 19:55:00-04:00,29852.25,29855.75,29841.75,29852.75,423
2026-07-06 20:00:00-04:00,29859.5,29869.25,29833.75,29851.0,884
2026-07-06 20:05:00-04:00,29864.25,29881.0,29850.75,29865.0,674
2026-07-06 20:10:00-04:00,29826.5,29863.25,29825.75,29860.0,876
2026-07-06 20:15:00-04:00,29860.75,29862.0,29816.25,29829.0,1037
2026-07-06 20:20:00-04:00,29894.75,29909.5,29857.5,29860.5,1395
2026-07-06 20:25:00-04:00,29878.75,29914.25,29865.75,29893.5,827
2026-07-06 20:30:00-04:00,29847.75,29886.75,29843.75,29879.5,640
2026-07-06 20:35:00-04:00,29824.5,29849.0,29814.0,29846.25,975
2026-07-06 20:40:00-04:00,29831.75,29844.0,29808.25,29823.75,1051
2026-07-06 20:45:00-04:00,29836.5,29848.0,29808.25,29831.25,939
2026-07-06 20:50:00-04:00,29852.75,29855.25,29820.0,29836.0,532
2026-07-06 20:55:00-04:00,29816.75,29856.75,29814.5,29852.75,667
2026-07-06 21:00:00-04:00,29816.5,29835.75,29803.75,29819.75,846
2026-07-06 21:05:00-04:00,29813.75,29827.0,29809.5,29813.5,452
2026-07-06 21:10:00-04:00,29802.5,29827.5,29800.0,29814.5,652
2026-07-06 21:15:00-04:00,29798.0,29814.25,29793.75,29805.75,543
2026-07-06 21:20:00-04:00,29759.5,29800.0,29758.75,29800.0,1567
2026-07-06 21:25:00-04:00,29740.0,29759.0,29726.5,29758.5,1172
2026-07-06 21:30:00-04:00,29753.25,29754.75,29716.5,29739.25,1053
2026-07-06 21:35:00-04:00,29766.75,29774.75,29748.25,29751.5,849
2026-07-06 21:40:00-04:00,29788.5,29789.75,29749.25,29766.75,880
2026-07-06 21:45:00-04:00,29802.75,29809.0,29787.25,29789.25,760
2026-07-06 21:50:00-04:00,29818.25,29822.0,29792.0,29805.0,542
2026-07-06 21:55:00-04:00,29773.0,29818.0,29768.5,29817.25,865
2026-07-06 22:00:00-04:00,29789.0,29796.5,29767.25,29774.25,654
2026-07-06 22:05:00-04:00,29803.5,29816.5,29781.5,29789.5,571
2026-07-06 22:10:00-04:00,29806.5,29813.0,29800.5,29805.5,232
2026-07-06 22:15:00-04:00,29805.25,29819.25,29799.25,29806.25,478
2026-07-06 22:20:00-04:00,29777.75,29806.25,29776.75,29804.25,478
2026-07-06 22:25:00-04:00,29772.75,29780.5,29769.75,29777.0,272
2026-07-06 22:30:00-04:00,29748.5,29771.5,29746.0,29771.5,760
2026-07-06 22:35:00-04:00,29772.75,29777.5,29738.75,29749.0,895
2026-07-06 22:40:00-04:00,29779.5,29780.25,29764.5,29773.5,308
2026-07-06 22:45:00-04:00,29764.25,29780.0,29756.75,29780.0,468
2026-07-06 22:50:00-04:00,29767.75,29768.25,29749.75,29765.5,599
2026-07-06 22:55:00-04:00,29748.0,29772.25,29744.25,29766.0,464
2026-07-06 23:00:00-04:00,29772.0,29773.5,29741.5,29748.0,537
2026-07-06 23:05:00-04:00,29780.0,29784.75,29761.25,29772.75,451
2026-07-06 23:10:00-04:00,29758.0,29779.0,29755.5,29778.0,354
2026-07-06 23:15:00-04:00,29742.75,29761.0,29734.5,29757.5,1027
2026-07-06 23:20:00-04:00,29715.25,29742.25,29712.0,29740.75,1258
2026-07-06 23:25:00-04:00,29684.25,29726.5,29680.0,29715.5,1346
2026-07-06 23:30:00-04:00,29689.0,29707.25,29672.0,29685.25,1179
2026-07-06 23:35:00-04:00,29694.25,29709.0,29686.0,29688.25,590
2026-07-06 23:40:00-04:00,29664.75,29694.5,29662.0,29694.0,958
2026-07-06 23:45:00-04:00,29642.0,29663.75,29630.0,29663.75,1562
2026-07-06 23:50:00-04:00,29637.0,29651.25,29630.5,29641.5,568
2026-07-06 23:55:00-04:00,29661.75,29664.25,29628.25,29637.5,566
2026-07-07 00:05:00-04:00,29661.25,29669.75,29658.0,29666.25,1504
2026-07-07 00:10:00-04:00,29638.5,29662.0,29638.0,29661.25,614
2026-07-07 00:15:00-04:00,29628.5,29646.25,29622.0,29639.0,689
2026-07-07 00:20:00-04:00,29623.5,29634.25,29617.0,29628.5,389
2026-07-07 00:25:00-04:00,29639.0,29642.25,29616.0,29624.5,393
2026-07-07 00:30:00-04:00,29641.0,29656.75,29634.5,29640.0,454
2026-07-07 00:35:00-04:00,29645.0,29649.75,29621.5,29643.5,476
2026-07-07 00:40:00-04:00,29633.75,29649.0,29632.0,29643.25,330
2026-07-07 00:45:00-04:00,29615.25,29639.5,29611.0,29633.75,471
2026-07-07 00:50:00-04:00,29611.75,29626.0,29607.5,29616.25,405
2026-07-07 00:55:00-04:00,29625.5,29625.75,29607.75,29612.5,312
2026-07-07 01:00:00-04:00,29601.25,29627.0,29597.0,29626.25,654
2026-07-07 01:05:00-04:00,29592.0,29605.0,29587.75,29601.75,413
2026-07-07 01:10:00-04:00,29587.5,29603.0,29585.25,29593.0,393
2026-07-07 01:15:00-04:00,29589.5,29597.5,29577.0,29585.5,583
2026-07-07 01:20:00-04:00,29596.75,29607.5,29586.0,29588.5,816
2026-07-07 01:25:00-04:00,29590.0,29593.0,29558.5,29593.0,1081
2026-07-07 01:30:00-04:00,29628.25,29633.75,29591.75,29591.75,1159
2026-07-07 01:35:00-04:00,29652.5,29654.25,29626.25,29627.25,757
2026-07-07 01:40:00-04:00,29660.75,29665.0,29649.0,29653.0,655
2026-07-07 01:45:00-04:00,29652.75,29670.0,29646.0,29659.5,723
2026-07-07 01:50:00-04:00,29688.25,29688.5,29654.25,29654.25,713
2026-07-07 01:55:00-04:00,29689.75,29704.5,29685.0,29687.75,865
2026-07-07 02:00:00-04:00,29685.0,29701.25,29678.0,29688.75,671
2026-07-07 02:05:00-04:00,29656.75,29686.0,29654.0,29686.0,727
2026-07-07 02:10:00-04:00,29641.5,29661.75,29631.25,29657.5,677
2026-07-07 02:15:00-04:00,29650.25,29663.5,29641.5,29643.0,597
2026-07-07 02:20:00-04:00,29665.75,29673.0,29646.5,29651.75,611
2026-07-07 02:25:00-04:00,29663.0,29674.0,29657.75,29665.75,370
2026-07-07 02:30:00-04:00,29672.0,29672.0,29647.0,29662.0,660
2026-07-07 02:35:00-04:00,29672.25,29684.0,29666.5,29671.5,508
2026-07-07 02:40:00-04:00,29684.0,29684.0,29673.75,29673.75,217
2026-07-07 02:45:00-04:00,29669.5,29684.0,29665.25,29683.5,478
2026-07-07 02:50:00-04:00,29684.25,29685.0,29663.25,29670.5,356
2026-07-07 02:55:00-04:00,29688.75,29693.25,29684.0,29685.5,310
2026-07-07 03:00:00-04:00,29709.25,29714.25,29667.75,29689.0,1452
2026-07-07 03:05:00-04:00,29699.5,29720.75,29694.75,29708.25,644
2026-07-07 03:10:00-04:00,29718.0,29724.0,29686.25,29699.0,676
2026-07-07 03:15:00-04:00,29721.25,29736.5,29715.75,29717.5,748
2026-07-07 03:20:00-04:00,29725.25,29744.0,29711.75,29720.25,814
2026-07-07 03:25:00-04:00,29717.0,29731.75,29714.0,29724.75,495
2026-07-07 03:30:00-04:00,29703.5,29723.0,29702.75,29715.5,418
2026-07-07 03:35:00-04:00,29699.0,29707.25,29694.25,29704.75,461
2026-07-07 03:40:00-04:00,29693.25,29705.0,29693.0,29699.0,251
2026-07-07 03:45:00-04:00,29687.5,29700.0,29683.0,29693.25,754
2026-07-07 03:50:00-04:00,29671.25,29691.0,29669.75,29686.0,721
2026-07-07 03:55:00-04:00,29645.5,29672.75,29644.0,29670.25,831
2026-07-07 04:00:00-04:00,29658.75,29666.25,29641.25,29646.75,1075
2026-07-07 04:05:00-04:00,29659.0,29663.5,29646.25,29660.0,453
2026-07-07 04:10:00-04:00,29687.75,29695.75,29657.25,29659.75,658
2026-07-07 04:15:00-04:00,29698.0,29701.75,29683.75,29687.75,584
2026-07-07 04:20:00-04:00,29702.25,29709.25,29687.5,29697.5,305
2026-07-07 04:25:00-04:00,29691.75,29703.25,29682.0,29702.5,351
2026-07-07 04:30:00-04:00,29675.25,29695.25,29672.25,29692.25,384
2026-07-07 04:35:00-04:00,29695.0,29695.0,29671.75,29676.5,326
2026-07-07 04:40:00-04:00,29682.5,29705.0,29682.5,29695.0,359
2026-07-07 04:45:00-04:00,29690.25,29693.5,29683.0,29683.0,260
2026-07-07 04:50:00-04:00,29672.75,29696.25,29666.75,29691.25,358
2026-07-07 04:55:00-04:00,29660.25,29673.75,29658.5,29671.75,377
2026-07-07 05:00:00-04:00,29669.75,29671.0,29642.5,29660.75,976
2026-07-07 05:05:00-04:00,29674.5,29687.5,29666.0,29671.0,424
2026-07-07 05:10:00-04:00,29687.0,29690.5,29668.5,29673.25,249
2026-07-07 05:15:00-04:00,29679.75,29693.5,29678.25,29688.25,166
2026-07-07 05:20:00-04:00,29669.5,29682.25,29665.0,29681.75,165
2026-07-07 05:25:00-04:00,29655.5,29673.0,29655.25,29669.75,238
2026-07-07 05:30:00-04:00,29637.0,29659.5,29636.5,29658.25,753
2026-07-07 05:35:00-04:00,29648.5,29648.75,29628.25,29636.5,1149
2026-07-07 05:40:00-04:00,29650.0,29660.75,29645.5,29649.25,377
2026-07-07 05:45:00-04:00,29634.25,29651.75,29622.5,29649.75,418
2026-07-07 05:50:00-04:00,29655.75,29658.5,29627.5,29634.25,349
2026-07-07 05:55:00-04:00,29662.25,29665.5,29650.0,29656.0,266
2026-07-07 06:00:00-04:00,29665.75,29689.5,29661.25,29663.25,1541
2026-07-07 06:05:00-04:00,29655.0,29679.75,29650.25,29666.75,517
2026-07-07 06:10:00-04:00,29647.75,29664.75,29639.5,29655.25,1269
2026-07-07 06:15:00-04:00,29681.5,29689.25,29646.5,29649.0,1523
2026-07-07 06:20:00-04:00,29679.75,29686.5,29665.75,29684.5,854
2026-07-07 06:25:00-04:00,29673.5,29686.0,29670.75,29678.75,535
2026-07-07 06:30:00-04:00,29653.0,29673.5,29649.25,29673.25,402
2026-07-07 06:35:00-04:00,29654.75,29657.5,29643.75,29651.0,480
2026-07-07 06:40:00-04:00,29647.0,29663.5,29644.0,29653.75,408
2026-07-07 06:45:00-04:00,29634.75,29653.5,29632.5,29648.25,652
2026-07-07 06:50:00-04:00,29645.0,29645.0,29625.25,29633.75,473
2026-07-07 06:55:00-04:00,29659.25,29659.25,29640.75,29643.0,369
2026-07-07 07:00:00-04:00,29619.75,29661.75,29604.25,29660.5,1129
2026-07-07 07:05:00-04:00,29612.0,29629.25,29603.75,29622.25,641
2026-07-07 07:10:00-04:00,29614.25,29624.75,29602.5,29611.0,300
2026-07-07 07:15:00-04:00,29634.0,29640.0,29612.0,29613.0,481
2026-07-07 07:20:00-04:00,29645.25,29646.5,29625.25,29633.25,336
2026-07-07 07:25:00-04:00,29632.0,29651.25,29632.0,29645.0,472
2026-07-07 07:30:00-04:00,29601.5,29632.5,29600.75,29632.5,672
2026-07-07 07:35:00-04:00,29605.0,29613.0,29591.25,29601.75,518
2026-07-07 07:40:00-04:00,29623.0,29624.25,29595.0,29606.5,651
2026-07-07 07:45:00-04:00,29634.0,29636.25,29616.0,29621.25,588
2026-07-07 07:50:00-04:00,29617.5,29638.0,29601.0,29634.0,587
2026-07-07 07:55:00-04:00,29642.5,29645.75,29616.5,29617.25,594
2026-07-07 08:00:00-04:00,29651.0,29663.75,29639.25,29640.75,811
2026-07-07 08:05:00-04:00,29693.5,29698.0,29644.25,29650.75,1997
2026-07-07 08:10:00-04:00,29704.0,29716.0,29691.75,29692.5,1606
2026-07-07 08:15:00-04:00,29676.75,29705.75,29667.5,29702.75,995
2026-07-07 08:20:00-04:00,29673.0,29682.75,29658.5,29676.0,755
2026-07-07 08:25:00-04:00,29688.0,29689.5,29671.25,29673.0,468
2026-07-07 08:30:00-04:00,29670.0,29696.25,29664.0,29686.5,855
2026-07-07 08:35:00-04:00,29692.0,29695.25,29667.25,29669.25,441
2026-07-07 08:40:00-04:00,29686.5,29708.0,29683.0,29692.75,798
2026-07-07 08:45:00-04:00,29644.25,29687.5,29634.75,29685.25,1332
2026-07-07 08:50:00-04:00,29623.75,29651.0,29622.0,29644.0,1135
2026-07-07 08:55:00-04:00,29642.25,29644.5,29623.0,29624.25,941
2026-07-07 09:00:00-04:00,29622.25,29645.75,29619.0,29642.25,1407
2026-07-07 09:05:00-04:00,29639.0,29655.75,29610.5,29621.5,2221
2026-07-07 09:10:00-04:00,29641.5,29651.0,29629.0,29639.0,937
2026-07-07 09:15:00-04:00,29621.0,29652.75,29604.5,29641.25,1551
2026-07-07 09:20:00-04:00,29608.25,29625.25,29596.75,29621.0,1769
2026-07-07 09:25:00-04:00,29592.25,29608.25,29580.0,29608.25,3043
2026-07-07 09:30:00-04:00,29532.0,29685.75,29515.25,29593.0,21408
2026-07-07 09:35:00-04:00,29544.5,29577.5,29491.25,29532.5,12237
2026-07-07 09:40:00-04:00,29595.0,29607.0,29524.75,29544.0,11229
2026-07-07 09:45:00-04:00,29511.25,29596.75,29503.0,29594.0,10962
2026-07-07 09:50:00-04:00,29454.5,29538.25,29444.5,29511.0,10629
2026-07-07 09:55:00-04:00,29469.0,29484.25,29420.25,29455.0,9910
2026-07-07 10:00:00-04:00,29443.25,29505.75,29422.5,29468.75,10173
2026-07-07 10:05:00-04:00,29442.25,29474.0,29414.0,29444.0,7397
2026-07-07 10:10:00-04:00,29343.0,29443.25,29332.0,29443.0,12484
2026-07-07 10:15:00-04:00,29364.25,29369.0,29307.0,29342.0,10276
2026-07-07 10:20:00-04:00,29293.0,29378.25,29290.75,29364.25,8509
2026-07-07 10:25:00-04:00,29303.25,29313.0,29259.75,29293.5,8704
2026-07-07 10:30:00-04:00,29282.75,29327.75,29270.75,29303.5,7054
2026-07-07 10:35:00-04:00,29256.75,29286.25,29240.75,29282.25,7396
2026-07-07 10:40:00-04:00,29239.75,29274.75,29210.0,29256.0,7594
2026-07-07 10:45:00-04:00,29266.25,29292.5,29232.5,29239.5,7877
2026-07-07 10:50:00-04:00,29296.5,29315.75,29254.25,29266.0,6582
2026-07-07 10:55:00-04:00,29302.5,29325.75,29284.0,29295.75,5876
2026-07-07 11:00:00-04:00,29316.25,29325.0,29271.25,29302.25,6097
2026-07-07 11:05:00-04:00,29327.75,29335.5,29297.5,29315.5,4807
2026-07-07 11:10:00-04:00,29318.25,29358.0,29318.0,29325.75,5030
2026-07-07 11:15:00-04:00,29280.5,29319.5,29275.5,29317.0,5025
2026-07-07 11:20:00-04:00,29280.75,29318.25,29271.75,29279.25,4264
2026-07-07 11:25:00-04:00,29314.0,29322.5,29276.0,29281.25,3267
2026-07-07 11:30:00-04:00,29290.75,29323.75,29289.5,29315.0,3530
2026-07-07 11:35:00-04:00,29257.75,29314.25,29257.75,29291.5,4020
2026-07-07 11:40:00-04:00,29329.0,29330.0,29248.25,29258.25,4791
2026-07-07 11:45:00-04:00,29332.25,29376.75,29325.25,29329.25,6720
2026-07-07 11:50:00-04:00,29368.75,29380.0,29332.75,29332.75,3500
2026-07-07 11:55:00-04:00,29386.75,29389.25,29347.0,29368.75,3066
2026-07-07 12:00:00-04:00,29420.5,29432.0,29377.0,29388.0,5095
2026-07-07 12:05:00-04:00,29411.25,29452.0,29398.0,29420.0,5384
2026-07-07 12:10:00-04:00,29466.25,29473.75,29411.5,29411.5,5257
2026-07-07 12:15:00-04:00,29467.75,29474.75,29450.5,29467.25,3533
2026-07-07 12:20:00-04:00,29506.0,29548.0,29467.25,29468.0,8460
2026-07-07 12:25:00-04:00,29532.0,29547.0,29501.5,29506.75,5046
2026-07-07 12:30:00-04:00,29531.25,29558.25,29512.75,29532.25,5499
2026-07-07 12:35:00-04:00,29514.5,29538.5,29486.25,29530.5,4672
2026-07-07 12:40:00-04:00,29527.75,29528.75,29491.75,29514.25,3125
2026-07-07 12:45:00-04:00,29540.0,29548.25,29521.5,29527.25,3809
2026-07-07 12:50:00-04:00,29535.0,29557.75,29529.0,29540.5,3281
2026-07-07 12:55:00-04:00,29540.0,29547.25,29502.5,29535.75,3024
2026-07-07 13:00:00-04:00,29551.0,29559.75,29530.0,29539.5,3336
2026-07-07 13:05:00-04:00,29573.5,29580.75,29547.0,29551.25,4488
2026-07-07 13:10:00-04:00,29534.5,29575.0,29530.25,29573.0,3690
2026-07-07 13:15:00-04:00,29525.5,29536.75,29510.0,29533.25,3407
2026-07-07 13:20:00-04:00,29556.0,29573.5,29523.5,29526.5,3405
2026-07-07 13:25:00-04:00,29533.75,29554.5,29524.25,29554.5,2384
2026-07-07 13:30:00-04:00,29547.25,29561.5,29532.5,29533.5,2841
2026-07-07 13:35:00-04:00,29557.5,29567.0,29535.5,29548.0,2848
2026-07-07 13:40:00-04:00,29561.75,29570.0,29543.5,29556.25,2127
2026-07-07 13:45:00-04:00,29542.75,29565.75,29528.25,29561.25,2392
2026-07-07 13:50:00-04:00,29537.75,29560.0,29529.0,29541.5,2308
2026-07-07 13:55:00-04:00,29567.25,29568.0,29533.0,29538.25,1983
2026-07-07 14:00:00-04:00,29550.75,29574.25,29538.0,29567.5,2634
2026-07-07 14:05:00-04:00,29539.25,29563.75,29531.25,29552.0,2387
2026-07-07 14:10:00-04:00,29547.25,29561.0,29536.5,29540.0,2253
2026-07-07 14:15:00-04:00,29542.75,29555.25,29529.0,29547.5,2303
2026-07-07 14:20:00-04:00,29550.5,29561.0,29532.5,29542.5,2019
2026-07-07 14:25:00-04:00,29517.0,29555.0,29509.75,29549.5,2998
2026-07-07 14:30:00-04:00,29504.75,29531.5,29495.75,29517.5,4221
2026-07-07 14:35:00-04:00,29505.5,29518.5,29489.0,29503.5,2646
2026-07-07 14:40:00-04:00,29472.75,29506.0,29452.75,29505.25,3863
2026-07-07 14:45:00-04:00,29451.25,29485.0,29418.75,29472.25,5040
2026-07-07 14:50:00-04:00,29419.0,29456.75,29398.75,29452.0,5848
2026-07-07 14:55:00-04:00,29391.0,29422.75,29385.25,29421.0,3793
2026-07-07 15:00:00-04:00,29376.0,29402.75,29353.25,29390.25,5055
2026-07-07 15:05:00-04:00,29337.75,29410.0,29333.25,29375.75,5287
2026-07-07 15:10:00-04:00,29334.75,29349.0,29318.5,29338.5,3482
2026-07-07 15:15:00-04:00,29307.25,29335.75,29271.0,29334.5,5888
2026-07-07 15:20:00-04:00,29311.75,29324.5,29292.5,29306.5,3924
2026-07-07 15:25:00-04:00,29321.25,29329.5,29280.75,29311.75,3846
2026-07-07 15:30:00-04:00,29369.25,29371.75,29315.75,29320.75,6299
2026-07-07 15:35:00-04:00,29324.25,29369.75,29316.75,29369.5,3866
2026-07-07 15:40:00-04:00,29310.0,29327.5,29303.75,29323.25,3076
2026-07-07 15:45:00-04:00,29338.75,29341.75,29306.5,29309.75,3326
2026-07-07 15:50:00-04:00,29369.0,29370.25,29318.5,29337.25,5998
2026-07-07 15:55:00-04:00,29395.5,29400.0,29361.75,29369.75,15429
2026-07-07 16:00:00-04:00,29419.5,29420.25,29387.75,29395.75,7526
2026-07-07 16:05:00-04:00,29426.75,29437.25,29411.0,29419.75,2766
2026-07-07 16:10:00-04:00,29417.25,29429.5,29414.0,29426.75,1380
2026-07-07 16:15:00-04:00,29403.0,29421.5,29393.25,29417.75,1717
2026-07-07 16:20:00-04:00,29413.25,29414.5,29402.0,29403.0,615
2026-07-07 16:25:00-04:00,29415.75,29423.75,29407.25,29413.75,521
2026-07-07 16:30:00-04:00,29418.25,29424.75,29413.75,29416.0,433
2026-07-07 16:35:00-04:00,29419.75,29424.0,29414.0,29418.5,436
2026-07-07 16:40:00-04:00,29416.25,29423.0,29415.75,29418.75,345
2026-07-07 16:45:00-04:00,29418.25,29420.0,29412.5,29416.0,382
2026-07-07 16:50:00-04:00,29418.5,29422.0,29414.25,29418.25,497
2026-07-07 16:55:00-04:00,29419.5,29423.25,29416.0,29418.25,511
2026-07-07 18:00:00-04:00,29355.0,29374.5,29319.5,29373.75,0
2026-07-07 18:05:00-04:00,29364.25,29375.25,29350.5,29355.5,535
2026-07-07 18:10:00-04:00,29374.25,29375.75,29361.0,29365.25,470
2026-07-07 18:15:00-04:00,29378.25,29386.75,29374.5,29376.25,441
2026-07-07 18:20:00-04:00,29377.75,29388.0,29371.0,29378.5,369
2026-07-07 18:25:00-04:00,29372.75,29374.5,29364.5,29374.5,300
2026-07-07 18:30:00-04:00,29388.0,29391.5,29363.75,29374.0,498
2026-07-07 18:35:00-04:00,29393.0,29393.75,29385.0,29388.75,348
2026-07-07 18:40:00-04:00,29383.25,29400.0,29376.0,29392.25,490
2026-07-07 18:45:00-04:00,29390.5,29395.0,29371.75,29384.25,409
2026-07-07 18:50:00-04:00,29386.75,29391.0,29386.75,29390.75,13
2026-07-07 19:00:00-04:00,29372.0,29393.25,29364.0,29391.5,760
2026-07-07 19:05:00-04:00,29372.75,29395.0,29369.5,29371.5,707
2026-07-07 19:10:00-04:00,29376.0,29379.75,29356.0,29372.5,476
2026-07-07 19:15:00-04:00,29404.25,29406.0,29373.75,29376.75,562
2026-07-07 19:20:00-04:00,29393.25,29405.5,29389.5,29404.75,324
2026-07-07 19:25:00-04:00,29396.25,29399.5,29391.25,29395.0,163
2026-07-07 19:30:00-04:00,29384.25,29407.0,29381.0,29396.25,379
2026-07-07 19:35:00-04:00,29356.25,29383.25,29346.0,29383.25,747
2026-07-07 19:40:00-04:00,29343.75,29357.5,29339.0,29355.25,495
2026-07-07 19:45:00-04:00,29337.5,29359.75,29325.25,29345.5,716
2026-07-07 19:50:00-04:00,29320.5,29344.5,29311.25,29338.0,581
2026-07-07 19:55:00-04:00,29300.5,29322.75,29292.5,29321.75,774
2026-07-07 20:00:00-04:00,29337.0,29337.0,29266.0,29300.0,2058
2026-07-07 20:05:00-04:00,29400.25,29410.5,29332.5,29334.25,1802
2026-07-07 20:10:00-04:00,29414.5,29426.5,29375.25,29400.0,1512
2026-07-07 20:15:00-04:00,29415.5,29442.0,29391.25,29417.75,1349
2026-07-07 20:20:00-04:00,29464.5,29466.25,29402.0,29416.75,1227
2026-07-07 20:25:00-04:00,29454.5,29477.5,29436.25,29464.0,1591
2026-07-07 20:30:00-04:00,29424.0,29455.0,29416.0,29452.75,1178
2026-07-07 20:35:00-04:00,29478.5,29480.0,29407.25,29425.0,1111
2026-07-07 20:40:00-04:00,29515.25,29515.75,29475.75,29477.25,1590
2026-07-07 20:45:00-04:00,29524.0,29538.5,29512.0,29517.0,1537
2026-07-07 20:50:00-04:00,29530.0,29534.75,29518.25,29523.25,627
2026-07-07 20:55:00-04:00,29543.5,29547.0,29524.75,29529.5,833
2026-07-07 21:00:00-04:00,29522.0,29549.5,29521.0,29543.75,899
2026-07-07 21:05:00-04:00,29510.5,29526.25,29495.0,29522.25,1061
2026-07-07 21:10:00-04:00,29550.0,29558.75,29511.0,29511.25,1208
2026-07-07 21:15:00-04:00,29531.25,29554.75,29519.75,29554.75,812
2026-07-07 21:20:00-04:00,29504.25,29533.0,29498.5,29531.5,995
2026-07-07 21:25:00-04:00,29485.25,29513.0,29481.5,29505.0,719
2026-07-07 21:30:00-04:00,29467.0,29495.25,29452.25,29489.0,983
2026-07-07 21:35:00-04:00,29454.75,29471.0,29427.0,29466.25,1156
2026-07-07 21:40:00-04:00,29457.75,29472.0,29438.0,29454.5,919
2026-07-07 21:45:00-04:00,29470.0,29485.25,29458.0,29459.75,739
2026-07-07 21:50:00-04:00,29434.5,29476.5,29432.75,29471.25,552
2026-07-07 21:55:00-04:00,29438.0,29449.0,29427.5,29436.75,533
2026-07-07 22:00:00-04:00,29409.75,29443.25,29402.0,29437.75,865
2026-07-07 22:05:00-04:00,29406.75,29416.75,29389.25,29407.25,804
2026-07-07 22:10:00-04:00,29397.5,29420.75,29388.0,29407.75,726
2026-07-07 22:15:00-04:00,29424.75,29430.25,29391.5,29397.25,605
2026-07-07 22:20:00-04:00,29440.0,29442.75,29410.0,29425.25,595
2026-07-07 22:25:00-04:00,29421.5,29458.75,29419.25,29439.25,960
2026-07-07 22:30:00-04:00,29411.0,29427.5,29399.75,29422.25,675
2026-07-07 22:35:00-04:00,29418.25,29420.0,29400.0,29411.0,443
2026-07-07 22:40:00-04:00,29456.25,29456.75,29417.5,29419.25,521
2026-07-07 22:45:00-04:00,29462.75,29475.0,29454.0,29457.0,580
2026-07-07 22:50:00-04:00,29462.0,29467.0,29445.25,29461.75,452
2026-07-07 22:55:00-04:00,29461.25,29468.75,29452.0,29463.25,264
2026-07-07 23:00:00-04:00,29481.75,29484.75,29461.25,29461.5,577
2026-07-07 23:05:00-04:00,29484.0,29486.5,29467.5,29481.0,384
2026-07-07 23:10:00-04:00,29487.5,29496.0,29482.25,29483.75,428
2026-07-07 23:15:00-04:00,29478.75,29497.5,29476.75,29488.5,405
2026-07-07 23:20:00-04:00,29500.5,29506.0,29475.5,29480.0,544
2026-07-07 23:25:00-04:00,29517.5,29519.75,29500.5,29500.5,497
2026-07-07 23:30:00-04:00,29510.0,29532.25,29502.5,29517.25,769
2026-07-07 23:35:00-04:00,29504.0,29517.5,29497.75,29509.5,394
2026-07-07 23:40:00-04:00,29487.5,29506.0,29481.25,29506.0,504
2026-07-07 23:45:00-04:00,29482.5,29493.25,29474.5,29487.5,391
2026-07-07 23:50:00-04:00,29472.75,29488.75,29467.75,29483.0,282
2026-07-07 23:55:00-04:00,29470.75,29473.75,29466.25,29471.5,187
2026-07-08 00:05:00-04:00,29464.0,29470.0,29461.0,29465.25,901
2026-07-08 00:10:00-04:00,29442.75,29464.5,29433.25,29464.5,573
2026-07-08 00:15:00-04:00,29433.5,29448.0,29431.0,29443.75,651
2026-07-08 00:20:00-04:00,29459.5,29464.0,29428.0,29433.75,778
2026-07-08 00:25:00-04:00,29442.5,29461.25,29438.75,29459.0,369
2026-07-08 00:30:00-04:00,29412.0,29446.0,29403.25,29442.75,643
2026-07-08 00:35:00-04:00,29404.25,29419.75,29391.25,29413.25,594
2026-07-08 00:40:00-04:00,29413.75,29419.75,29394.0,29404.25,570
2026-07-08 00:45:00-04:00,29397.5,29422.5,29395.0,29408.0,634
2026-07-08 00:50:00-04:00,29385.0,29405.0,29384.25,29398.75,490
2026-07-08 00:55:00-04:00,29415.0,29417.25,29376.75,29384.5,650
2026-07-08 01:00:00-04:00,29414.5,29435.0,29399.25,29417.0,537
2026-07-08 01:05:00-04:00,29428.0,29447.25,29415.0,29415.75,444
2026-07-08 01:10:00-04:00,29407.5,29429.75,29405.5,29429.75,327
2026-07-08 01:15:00-04:00,29416.25,29432.0,29399.0,29409.0,409
2026-07-08 01:20:00-04:00,29389.75,29424.75,29388.0,29416.0,363
2026-07-08 01:25:00-04:00,29384.5,29405.5,29378.75,29388.5,356
2026-07-08 01:30:00-04:00,29369.0,29385.75,29349.5,29384.0,1124
2026-07-08 01:35:00-04:00,29356.0,29380.75,29354.0,29368.0,422
2026-07-08 01:40:00-04:00,29353.0,29377.75,29345.75,29355.25,680
2026-07-08 01:45:00-04:00,29315.75,29353.0,29314.25,29351.75,825
2026-07-08 01:50:00-04:00,29337.5,29339.0,29311.75,29316.75,799
2026-07-08 01:55:00-04:00,29347.5,29363.0,29337.25,29337.75,597
2026-07-08 02:00:00-04:00,29353.75,29360.25,29329.5,29346.75,823
2026-07-08 02:05:00-04:00,29354.25,29363.5,29338.5,29356.0,672
2026-07-08 02:10:00-04:00,29345.0,29360.5,29330.25,29354.5,721
2026-07-08 02:15:00-04:00,29339.25,29353.0,29334.25,29343.25,482
2026-07-08 02:20:00-04:00,29352.25,29356.5,29321.5,29339.0,912
2026-07-08 02:25:00-04:00,29324.75,29358.75,29320.25,29352.25,470
2026-07-08 02:30:00-04:00,29304.5,29332.75,29298.75,29320.25,883
2026-07-08 02:35:00-04:00,29304.0,29309.5,29294.75,29303.25,419
2026-07-08 02:40:00-04:00,29289.75,29314.25,29285.0,29305.0,618
2026-07-08 02:45:00-04:00,29317.5,29317.5,29282.25,29288.25,670
2026-07-08 02:50:00-04:00,29338.75,29352.5,29318.5,29318.5,728
2026-07-08 02:55:00-04:00,29329.25,29341.0,29320.25,29336.5,305
2026-07-08 03:00:00-04:00,29304.75,29335.25,29294.75,29329.25,691
2026-07-08 03:05:00-04:00,29296.75,29310.25,29281.75,29305.25,805
2026-07-08 03:10:00-04:00,29302.5,29323.75,29293.75,29302.25,662
2026-07-08 03:15:00-04:00,29305.5,29315.0,29281.0,29303.0,874
2026-07-08 03:20:00-04:00,29340.5,29342.5,29295.75,29303.25,661
2026-07-08 03:25:00-04:00,29353.0,29355.0,29334.5,29342.0,588
2026-07-08 03:30:00-04:00,29359.0,29360.75,29346.25,29351.0,101
2026-07-08 03:40:00-04:00,29394.75,29394.75,29363.0,29391.5,2377
2026-07-08 03:45:00-04:00,29395.0,29404.25,29386.5,29395.0,714
2026-07-08 03:50:00-04:00,29388.5,29394.75,29369.0,29393.25,487
2026-07-08 03:55:00-04:00,29381.0,29390.5,29375.0,29386.25,354
2026-07-08 04:00:00-04:00,29350.0,29384.75,29348.25,29383.0,668
2026-07-08 04:05:00-04:00,29372.0,29375.0,29341.25,29351.75,579
2026-07-08 04:10:00-04:00,29411.25,29413.0,29368.0,29371.25,854
2026-07-08 04:15:00-04:00,29262.25,29414.75,29252.5,29409.25,3200
2026-07-08 04:20:00-04:00,29129.5,29290.0,29119.75,29261.75,3665
2026-07-08 04:25:00-04:00,29079.75,29136.0,29063.5,29125.5,3427
2026-07-08 04:30:00-04:00,29084.75,29103.5,29035.0,29080.0,2926
2026-07-08 04:35:00-04:00,28980.25,29101.0,28975.5,29090.75,3246
2026-07-08 04:40:00-04:00,29019.5,29029.5,28957.25,28982.0,2650
2026-07-08 04:45:00-04:00,29035.75,29053.5,29003.5,29021.75,1696
2026-07-08 04:50:00-04:00,29066.25,29094.25,29023.0,29038.25,2090
2026-07-08 04:55:00-04:00,29009.5,29099.0,29002.0,29067.75,1789
2026-07-08 05:00:00-04:00,28996.0,29034.0,28981.0,29010.75,2005
2026-07-08 05:05:00-04:00,28947.5,28997.5,28931.0,28997.5,1959
2026-07-08 05:10:00-04:00,28914.75,28975.5,28912.75,28946.5,1937
2026-07-08 05:15:00-04:00,28952.25,28955.0,28909.75,28914.75,1579
2026-07-08 05:20:00-04:00,28936.5,28965.0,28933.25,28951.25,824
2026-07-08 05:25:00-04:00,28961.25,28971.25,28923.75,28937.25,720
2026-07-08 05:30:00-04:00,28986.25,28995.0,28954.5,28959.25,969
2026-07-08 05:35:00-04:00,28982.5,29011.0,28964.25,28987.5,1143
2026-07-08 05:40:00-04:00,28987.25,28989.75,28954.5,28982.0,1038
2026-07-08 05:45:00-04:00,28984.25,29001.25,28958.0,28988.25,813
2026-07-08 05:50:00-04:00,28982.5,29004.5,28970.0,28985.75,543
2026-07-08 05:55:00-04:00,28957.75,28988.0,28947.25,28983.75,724
2026-07-08 06:00:00-04:00,28949.5,28986.5,28943.5,28960.75,974
2026-07-08 06:05:00-04:00,28949.5,28954.5,28927.0,28949.0,647
2026-07-08 06:10:00-04:00,28958.25,28958.5,28922.75,28949.25,1060
2026-07-08 06:15:00-04:00,28988.0,28988.0,28948.0,28958.75,693
2026-07-08 06:20:00-04:00,28988.0,29003.75,28976.75,28987.75,709
2026-07-08 06:25:00-04:00,29020.25,29021.75,28985.5,28985.5,813
2026-07-08 06:30:00-04:00,29030.75,29049.25,28996.0,29018.0,1514
2026-07-08 06:35:00-04:00,29043.75,29055.0,29028.0,29033.5,999
2026-07-08 06:40:00-04:00,29049.5,29054.0,29040.0,29042.25,490
2026-07-08 06:45:00-04:00,29042.25,29063.0,29028.5,29047.5,622
2026-07-08 06:50:00-04:00,29043.75,29052.75,29036.5,29042.0,446
2026-07-08 06:55:00-04:00,29018.75,29056.5,29010.5,29042.25,721
2026-07-08 07:00:00-04:00,28995.75,29028.5,28986.5,29020.75,1672
2026-07-08 07:05:00-04:00,29000.0,29024.75,28990.75,28995.25,923
2026-07-08 07:10:00-04:00,29003.0,29007.5,28977.0,29000.5,600
2026-07-08 07:15:00-04:00,29004.75,29012.75,28987.5,29003.25,485
2026-07-08 07:20:00-04:00,28980.75,29010.0,28975.5,29005.5,551
2026-07-08 07:25:00-04:00,28987.25,29000.0,28977.5,28982.25,318
2026-07-08 07:30:00-04:00,29016.0,29016.75,28973.0,28984.75,543
2026-07-08 07:35:00-04:00,29003.0,29033.0,29001.5,29017.0,627
2026-07-08 07:40:00-04:00,29085.25,29124.75,28993.25,29004.5,3118
2026-07-08 07:45:00-04:00,29079.5,29106.0,29063.5,29084.25,1359
2026-07-08 07:50:00-04:00,29091.5,29096.75,29053.0,29079.25,1096
2026-07-08 07:55:00-04:00,29089.25,29114.75,29076.5,29091.75,1361
2026-07-08 08:00:00-04:00,29107.5,29111.25,29054.25,29088.0,1686
2026-07-08 08:05:00-04:00,29174.25,29181.25,29110.25,29111.0,2641
2026-07-08 08:10:00-04:00,29149.5,29184.25,29146.0,29174.25,1306
2026-07-08 08:15:00-04:00,29152.25,29157.75,29136.5,29150.75,797
2026-07-08 08:20:00-04:00,29131.5,29153.25,29125.5,29151.0,766
2026-07-08 08:25:00-04:00,29177.25,29180.0,29124.75,29128.0,1129
2026-07-08 08:30:00-04:00,29157.25,29192.25,29148.25,29176.75,2004
2026-07-08 08:35:00-04:00,29167.0,29174.0,29145.75,29158.0,488
2026-07-08 08:40:00-04:00,29184.25,29185.0,29156.75,29165.0,772
2026-07-08 08:45:00-04:00,29178.5,29193.5,29169.25,29183.5,1264
2026-07-08 08:50:00-04:00,29217.75,29221.5,29177.75,29179.25,1300
2026-07-08 08:55:00-04:00,29155.0,29239.5,29151.75,29217.25,2940
2026-07-08 09:00:00-04:00,29181.25,29193.0,29148.0,29154.75,1585
2026-07-08 09:05:00-04:00,29187.25,29193.25,29157.5,29181.5,1767
2026-07-08 09:10:00-04:00,29212.5,29221.75,29166.0,29187.75,1700
2026-07-08 09:15:00-04:00,29214.75,29226.0,29196.5,29212.0,1693
2026-07-08 09:20:00-04:00,29180.75,29218.25,29170.5,29214.75,2034
2026-07-08 09:25:00-04:00,29202.25,29230.0,29154.0,29181.25,4335
2026-07-08 09:30:00-04:00,29303.5,29327.5,29201.0,29202.75,16052
2026-07-08 09:35:00-04:00,29320.0,29338.0,29254.5,29303.75,10524
2026-07-08 09:40:00-04:00,29347.75,29385.0,29311.5,29321.5,10439
2026-07-08 09:45:00-04:00,29304.25,29399.0,29301.0,29349.5,8664
2026-07-08 09:50:00-04:00,29321.75,29374.25,29287.75,29302.75,7066
2026-07-08 09:55:00-04:00,29367.5,29394.75,29291.0,29321.5,6822
2026-07-08 10:00:00-04:00,29316.25,29389.25,29297.5,29366.25,7477
2026-07-08 10:05:00-04:00,29321.25,29348.0,29301.5,29316.75,4899
2026-07-08 10:10:00-04:00,29271.25,29335.5,29245.75,29322.0,7002
2026-07-08 10:15:00-04:00,29285.75,29316.0,29235.25,29271.75,6740
2026-07-08 10:20:00-04:00,29313.0,29373.0,29268.25,29285.5,6868
2026-07-08 10:25:00-04:00,29292.5,29358.0,29254.25,29313.75,5456
2026-07-08 10:30:00-04:00,29309.75,29335.25,29264.0,29292.75,5429
2026-07-08 10:35:00-04:00,29253.75,29312.0,29244.0,29311.5,5702
2026-07-08 10:40:00-04:00,29252.5,29282.25,29209.25,29253.5,6964
2026-07-08 10:45:00-04:00,29173.25,29257.5,29171.25,29252.25,6025
2026-07-08 10:50:00-04:00,29246.5,29297.5,29151.0,29173.0,8919
2026-07-08 10:55:00-04:00,29210.25,29289.5,29193.25,29243.75,5888
2026-07-08 11:00:00-04:00,29183.0,29224.25,29180.75,29212.0,3590
2026-07-08 11:05:00-04:00,29193.5,29223.25,29178.75,29183.5,3537
2026-07-08 11:10:00-04:00,29136.75,29210.25,29131.0,29194.25,4795
2026-07-08 11:15:00-04:00,29141.75,29161.75,29093.0,29138.25,6200
2026-07-08 11:20:00-04:00,29062.0,29151.5,29056.0,29141.25,4975
2026-07-08 11:25:00-04:00,29057.75,29074.5,29034.5,29062.0,6014
2026-07-08 11:30:00-04:00,29105.5,29106.75,29034.0,29058.0,5763
2026-07-08 11:35:00-04:00,29106.75,29153.0,29084.0,29105.0,5521
2026-07-08 11:40:00-04:00,29114.0,29144.75,29102.25,29107.5,3748
2026-07-08 11:45:00-04:00,29096.5,29131.0,29080.25,29113.75,3840
2026-07-08 11:50:00-04:00,29078.0,29100.5,29051.25,29095.25,3360
2026-07-08 11:55:00-04:00,29096.25,29108.75,29061.0,29078.5,3651
2026-07-08 12:00:00-04:00,29138.25,29143.25,29092.75,29097.25,4149
2026-07-08 12:05:00-04:00,29170.0,29176.25,29125.75,29138.5,4346
2026-07-08 12:10:00-04:00,29214.5,29222.25,29168.75,29170.25,4545
2026-07-08 12:15:00-04:00,29241.25,29242.75,29194.5,29216.0,4176
2026-07-08 12:20:00-04:00,29257.75,29298.0,29240.0,29242.5,6163
2026-07-08 12:25:00-04:00,29277.0,29303.25,29254.25,29257.5,3666
2026-07-08 12:30:00-04:00,29276.0,29331.75,29269.5,29275.5,5223
2026-07-08 12:35:00-04:00,29295.5,29316.0,29245.5,29274.75,6055
2026-07-08 12:40:00-04:00,29331.0,29350.0,29273.25,29292.5,4947
2026-07-08 12:45:00-04:00,29348.5,29351.0,29309.75,29331.5,2750
2026-07-08 12:50:00-04:00,29356.75,29372.75,29332.5,29348.75,4368
2026-07-08 12:55:00-04:00,29373.25,29377.0,29346.0,29357.25,2796
2026-07-08 13:00:00-04:00,29351.25,29375.5,29343.75,29372.25,3038
2026-07-08 13:05:00-04:00,29361.25,29389.75,29346.5,29352.5,3184
2026-07-08 13:10:00-04:00,29336.25,29365.0,29335.5,29362.25,3352
2026-07-08 13:15:00-04:00,29377.75,29382.75,29334.75,29336.75,2746
2026-07-08 13:20:00-04:00,29420.25,29421.25,29368.25,29378.0,4174
2026-07-08 13:25:00-04:00,29440.25,29445.25,29413.5,29420.5,3833
2026-07-08 13:30:00-04:00,29437.25,29457.75,29433.5,29441.5,3150
2026-07-08 13:35:00-04:00,29423.0,29449.0,29421.25,29436.75,2112
2026-07-08 13:40:00-04:00,29388.5,29427.25,29382.5,29423.75,3250
2026-07-08 13:45:00-04:00,29354.25,29388.75,29346.75,29387.75,3924
2026-07-08 13:50:00-04:00,29354.0,29390.0,29349.5,29354.25,2929
2026-07-08 13:55:00-04:00,29352.5,29356.0,29324.25,29354.5,3184
2026-07-08 14:00:00-04:00,29403.75,29422.75,29330.0,29352.25,4164
2026-07-08 14:05:00-04:00,29412.5,29414.25,29375.75,29405.25,2325
2026-07-08 14:10:00-04:00,29406.0,29429.25,29391.5,29412.5,2640
2026-07-08 14:15:00-04:00,29411.25,29418.0,29383.0,29407.25,2383
2026-07-08 14:20:00-04:00,29382.75,29411.25,29381.25,29411.25,1693
2026-07-08 14:25:00-04:00,29372.75,29406.75,29369.0,29384.75,2034
2026-07-08 14:30:00-04:00,29359.0,29380.5,29347.5,29371.75,2560
2026-07-08 14:35:00-04:00,29409.0,29412.0,29355.25,29359.0,2791
2026-07-08 14:40:00-04:00,29400.75,29417.75,29372.5,29408.25,2411
2026-07-08 14:45:00-04:00,29403.25,29409.25,29380.25,29401.25,1772
2026-07-08 14:50:00-04:00,29404.75,29424.25,29395.0,29403.0,2759
2026-07-08 14:55:00-04:00,29405.75,29408.75,29383.0,29405.0,2050
2026-07-08 15:00:00-04:00,29401.25,29437.25,29392.25,29405.75,2963
2026-07-08 15:05:00-04:00,29409.0,29413.75,29375.75,29400.75,2748
2026-07-08 15:10:00-04:00,29395.75,29411.0,29388.0,29409.0,1812
2026-07-08 15:15:00-04:00,29390.25,29402.25,29380.0,29396.25,2232
2026-07-08 15:20:00-04:00,29407.0,29419.0,29383.75,29391.25,2281
2026-07-08 15:25:00-04:00,29425.25,29438.75,29404.5,29407.75,2143
2026-07-08 15:30:00-04:00,29399.0,29433.25,29388.5,29425.0,2888
2026-07-08 15:35:00-04:00,29416.25,29427.5,29391.25,29398.25,1802
2026-07-08 15:40:00-04:00,29418.25,29420.25,29395.0,29415.5,1996
2026-07-08 15:45:00-04:00,29405.25,29424.0,29381.0,29417.0,3115
2026-07-08 15:50:00-04:00,29460.5,29464.0,29388.0,29403.5,4957
2026-07-08 15:55:00-04:00,29457.75,29500.0,29450.5,29459.75,13925
2026-07-08 16:00:00-04:00,29439.25,29468.5,29424.5,29457.75,5367
2026-07-08 16:05:00-04:00,29437.25,29449.25,29427.5,29439.0,1370
2026-07-08 16:10:00-04:00,29424.0,29437.75,29403.75,29437.75,1631
2026-07-08 16:15:00-04:00,29395.5,29425.0,29386.5,29424.75,1403
2026-07-08 16:20:00-04:00,29397.0,29401.75,29387.25,29396.0,812
2026-07-08 16:25:00-04:00,29394.25,29399.75,29389.75,29397.25,550
2026-07-08 16:30:00-04:00,29377.0,29398.25,29373.0,29394.75,1193
2026-07-08 16:35:00-04:00,29378.0,29379.75,29353.25,29375.25,1204
2026-07-08 16:40:00-04:00,29386.25,29398.0,29374.25,29377.75,768
2026-07-08 16:45:00-04:00,29388.25,29394.75,29380.0,29385.25,514
2026-07-08 16:50:00-04:00,29392.0,29402.75,29385.5,29389.5,467
2026-07-08 16:55:00-04:00,29391.25,29407.25,29374.0,29391.0,900
2026-07-08 18:00:00-04:00,29433.75,29446.0,29402.75,29412.0,0
2026-07-08 18:05:00-04:00,29419.0,29445.5,29404.0,29433.5,606
2026-07-08 18:10:00-04:00,29434.75,29438.0,29412.75,29419.5,350
2026-07-08 18:15:00-04:00,29426.25,29449.25,29420.75,29432.5,540
2026-07-08 18:20:00-04:00,29423.0,29427.25,29410.0,29427.25,254
2026-07-08 18:25:00-04:00,29424.25,29426.5,29404.25,29425.25,181
2026-07-08 18:30:00-04:00,29431.75,29439.5,29407.5,29424.5,434
2026-07-08 18:35:00-04:00,29414.75,29432.75,29411.5,29431.0,167
2026-07-08 18:40:00-04:00,29409.0,29418.5,29408.0,29414.75,163
2026-07-08 18:45:00-04:00,29412.75,29417.25,29408.25,29409.25,140
2026-07-08 18:50:00-04:00,29409.5,29424.25,29405.5,29412.5,186
2026-07-08 18:55:00-04:00,29425.5,29428.75,29406.0,29411.5,112
2026-07-08 19:00:00-04:00,29432.5,29436.0,29422.25,29424.0,280
2026-07-08 19:05:00-04:00,29449.0,29457.5,29427.25,29432.0,439
2026-07-08 19:10:00-04:00,29444.75,29455.0,29440.75,29449.75,256
2026-07-08 19:15:00-04:00,29408.75,29444.25,29408.75,29444.25,455
2026-07-08 19:20:00-04:00,29414.75,29419.5,29395.0,29408.5,364
2026-07-08 19:25:00-04:00,29424.75,29426.0,29397.75,29413.25,433
2026-07-08 19:30:00-04:00,29437.25,29444.25,29400.75,29421.0,514
2026-07-08 19:35:00-04:00,29449.25,29487.0,29430.25,29437.25,1108
2026-07-08 19:40:00-04:00,29479.75,29486.5,29443.25,29449.0,445
2026-07-08 19:45:00-04:00,29485.0,29499.0,29470.75,29479.5,729
2026-07-08 19:50:00-04:00,29482.5,29491.0,29468.25,29486.25,262
2026-07-08 19:55:00-04:00,29491.25,29503.25,29482.5,29482.5,582
2026-07-08 20:00:00-04:00,29527.0,29541.25,29491.0,29491.0,1483
2026-07-08 20:05:00-04:00,29539.75,29552.0,29516.25,29525.25,1183
2026-07-08 20:10:00-04:00,29562.75,29564.5,29530.0,29540.75,1106
2026-07-08 20:15:00-04:00,29524.25,29567.75,29518.25,29562.5,1194
2026-07-08 20:20:00-04:00,29539.5,29552.25,29520.75,29525.0,666
2026-07-08 20:25:00-04:00,29561.75,29566.75,29527.0,29540.75,835
2026-07-08 20:30:00-04:00,29539.75,29583.0,29527.25,29563.25,1150
2026-07-08 20:35:00-04:00,29539.5,29555.0,29525.0,29539.0,560
2026-07-08 20:40:00-04:00,29519.5,29536.5,29512.5,29536.5,572
2026-07-08 20:45:00-04:00,29558.0,29562.75,29513.0,29515.75,750
2026-07-08 20:50:00-04:00,29500.0,29562.75,29497.75,29558.75,999
2026-07-08 20:55:00-04:00,29503.5,29514.75,29486.25,29502.25,773
2026-07-08 21:00:00-04:00,29477.25,29523.25,29462.75,29504.5,1260
2026-07-08 21:05:00-04:00,29532.25,29534.0,29470.0,29476.75,874
2026-07-08 21:10:00-04:00,29513.25,29538.25,29512.0,29531.75,615
2026-07-08 21:15:00-04:00,29540.0,29542.5,29500.5,29514.5,614
2026-07-08 21:20:00-04:00,29527.75,29555.25,29519.25,29540.25,579
2026-07-08 21:25:00-04:00,29529.0,29536.5,29507.0,29528.25,492
2026-07-08 21:30:00-04:00,29519.5,29541.25,29509.0,29531.75,446
2026-07-08 21:35:00-04:00,29519.25,29535.0,29513.25,29517.5,269
2026-07-08 21:40:00-04:00,29531.0,29533.75,29506.75,29520.25,489
2026-07-08 21:45:00-04:00,29528.0,29537.5,29511.0,29531.5,317
2026-07-08 21:50:00-04:00,29478.0,29531.0,29475.5,29528.25,872
2026-07-08 21:55:00-04:00,29449.0,29476.5,29444.5,29476.0,1481
2026-07-08 22:00:00-04:00,29456.75,29466.0,29426.0,29450.5,1241
2026-07-08 22:05:00-04:00,29505.25,29512.25,29455.0,29461.0,1090
2026-07-08 22:10:00-04:00,29527.5,29529.5,29501.75,29504.0,715
2026-07-08 22:15:00-04:00,29550.0,29552.25,29517.25,29525.75,938
2026-07-08 22:20:00-04:00,29530.25,29579.0,29530.0,29549.25,1102
2026-07-08 22:25:00-04:00,29533.75,29548.0,29520.5,29531.5,685
2026-07-08 22:30:00-04:00,29510.75,29544.25,29510.0,29534.0,510
2026-07-08 22:35:00-04:00,29501.5,29515.5,29480.0,29511.25,823
2026-07-08 22:40:00-04:00,29462.5,29504.75,29460.0,29501.75,671
2026-07-08 22:45:00-04:00,29452.0,29467.75,29438.75,29462.25,767
2026-07-08 22:50:00-04:00,29439.0,29455.75,29419.0,29450.5,1224
2026-07-08 22:55:00-04:00,29429.5,29448.75,29422.75,29437.0,620
2026-07-08 23:00:00-04:00,29420.0,29436.5,29405.0,29430.75,814
2026-07-08 23:05:00-04:00,29440.25,29449.75,29416.75,29418.75,489
2026-07-08 23:10:00-04:00,29423.25,29443.5,29408.0,29439.75,629
2026-07-08 23:15:00-04:00,29411.25,29425.0,29396.5,29424.0,466
2026-07-08 23:20:00-04:00,29441.0,29442.25,29407.0,29413.0,454
2026-07-08 23:25:00-04:00,29480.0,29481.5,29441.25,29442.0,651
2026-07-08 23:30:00-04:00,29489.0,29501.75,29474.25,29480.75,665
2026-07-08 23:35:00-04:00,29491.0,29500.0,29485.25,29489.25,377
2026-07-08 23:40:00-04:00,29512.25,29514.5,29481.5,29493.0,398
2026-07-08 23:45:00-04:00,29510.0,29516.75,29497.0,29510.25,394
2026-07-08 23:50:00-04:00,29510.5,29516.5,29503.0,29510.5,218
2026-07-08 23:55:00-04:00,29505.75,29518.0,29502.5,29512.5,125
2026-07-09 00:05:00-04:00,29507.5,29511.0,29504.25,29506.75,505
2026-07-09 00:10:00-04:00,29500.5,29513.0,29495.0,29507.0,294
2026-07-09 00:15:00-04:00,29492.75,29518.5,29491.5,29499.75,333
2026-07-09 00:20:00-04:00,29475.0,29496.5,29474.5,29493.0,325
2026-07-09 00:25:00-04:00,29474.5,29482.25,29462.5,29476.0,398
2026-07-09 00:30:00-04:00,29520.25,29530.5,29475.0,29475.0,687
2026-07-09 00:35:00-04:00,29528.0,29532.0,29510.0,29516.75,283
2026-07-09 00:40:00-04:00,29536.25,29539.0,29519.5,29528.25,712
2026-07-09 00:45:00-04:00,29525.25,29537.5,29521.5,29536.25,192
2026-07-09 00:50:00-04:00,29548.75,29549.25,29527.25,29528.75,277
2026-07-09 00:55:00-04:00,29554.0,29558.5,29543.5,29549.5,495
2026-07-09 01:00:00-04:00,29532.5,29563.0,29527.5,29554.75,419
2026-07-09 01:05:00-04:00,29523.5,29536.0,29508.75,29534.0,488
2026-07-09 01:10:00-04:00,29566.75,29597.0,29524.25,29525.5,1622
2026-07-09 01:15:00-04:00,29535.75,29577.75,29529.5,29567.5,836
2026-07-09 01:20:00-04:00,29520.0,29541.75,29517.0,29536.5,490
2026-07-09 01:25:00-04:00,29515.0,29528.75,29512.5,29521.75,317
2026-07-09 01:30:00-04:00,29530.25,29530.25,29474.75,29513.75,888
2026-07-09 01:35:00-04:00,29523.0,29539.5,29511.75,29530.25,492
2026-07-09 01:40:00-04:00,29536.5,29536.75,29512.5,29523.25,242
2026-07-09 01:45:00-04:00,29564.5,29564.75,29532.5,29537.25,451
2026-07-09 01:50:00-04:00,29582.0,29584.75,29559.5,29564.5,617
2026-07-09 01:55:00-04:00,29607.75,29610.0,29577.0,29580.75,1025
2026-07-09 02:00:00-04:00,29591.5,29616.5,29588.75,29606.5,914
2026-07-09 02:05:00-04:00,29596.0,29608.5,29572.25,29588.5,959
2026-07-09 02:10:00-04:00,29606.25,29613.5,29588.0,29598.5,355
2026-07-09 02:15:00-04:00,29625.25,29637.25,29602.5,29603.5,952
2026-07-09 02:20:00-04:00,29636.5,29640.25,29614.5,29624.5,568
2026-07-09 02:25:00-04:00,29628.5,29644.25,29623.0,29633.25,514
2026-07-09 02:30:00-04:00,29606.0,29629.75,29597.75,29628.5,775
2026-07-09 02:35:00-04:00,29624.75,29628.0,29605.5,29606.5,652
2026-07-09 02:40:00-04:00,29628.5,29637.0,29623.5,29624.75,415
2026-07-09 02:45:00-04:00,29621.25,29630.5,29620.0,29627.0,454
2026-07-09 02:50:00-04:00,29624.5,29632.25,29620.0,29621.0,232
2026-07-09 02:55:00-04:00,29612.0,29622.0,29601.5,29622.0,459
2026-07-09 03:00:00-04:00,29624.75,29640.0,29604.75,29613.25,821
2026-07-09 03:05:00-04:00,29629.25,29637.0,29603.75,29624.5,937
2026-07-09 03:10:00-04:00,29654.5,29655.75,29621.75,29628.75,996
2026-07-09 03:15:00-04:00,29656.0,29660.0,29644.75,29655.75,765
2026-07-09 03:20:00-04:00,29648.5,29662.0,29639.75,29655.5,755
2026-07-09 03:25:00-04:00,29651.75,29667.75,29647.0,29649.5,557
2026-07-09 03:30:00-04:00,29657.0,29660.5,29648.75,29653.25,378
2026-07-09 03:35:00-04:00,29650.0,29670.25,29641.75,29657.0,542
2026-07-09 03:40:00-04:00,29681.5,29683.25,29640.5,29650.25,523
2026-07-09 03:45:00-04:00,29691.0,29695.75,29675.25,29682.5,916
2026-07-09 03:50:00-04:00,29691.0,29706.75,29690.0,29691.5,1074
2026-07-09 03:55:00-04:00,29686.25,29691.5,29671.25,29690.25,606
2026-07-09 04:00:00-04:00,29714.75,29722.5,29664.0,29684.75,946
2026-07-09 04:05:00-04:00,29728.0,29734.25,29710.0,29715.5,962
2026-07-09 04:10:00-04:00,29705.5,29730.0,29702.0,29730.0,551
2026-07-09 04:15:00-04:00,29714.0,29735.75,29694.0,29705.75,872
2026-07-09 04:20:00-04:00,29710.0,29717.0,29702.5,29716.0,281
2026-07-09 04:25:00-04:00,29699.25,29722.25,29695.75,29710.75,443
2026-07-09 04:30:00-04:00,29671.25,29705.25,29668.25,29697.0,753
2026-07-09 04:35:00-04:00,29670.75,29682.0,29667.0,29673.0,507
2026-07-09 04:40:00-04:00,29677.5,29680.5,29660.0,29671.0,518
2026-07-09 04:45:00-04:00,29647.75,29681.5,29643.0,29676.75,422
2026-07-09 04:50:00-04:00,29665.0,29668.5,29645.0,29646.75,382
2026-07-09 04:55:00-04:00,29661.25,29675.75,29648.5,29663.25,558
2026-07-09 05:00:00-04:00,29649.0,29669.0,29640.5,29663.5,355
2026-07-09 05:05:00-04:00,29641.25,29659.25,29629.0,29650.5,380
2026-07-09 05:10:00-04:00,29639.5,29647.0,29629.0,29642.25,241
2026-07-09 05:15:00-04:00,29646.5,29660.0,29635.0,29641.25,425
2026-07-09 05:20:00-04:00,29639.75,29650.5,29635.0,29645.0,253
2026-07-09 05:25:00-04:00,29650.0,29663.25,29633.5,29637.75,345
2026-07-09 05:30:00-04:00,29645.75,29661.0,29638.5,29647.75,343
2026-07-09 05:35:00-04:00,29643.75,29656.0,29632.75,29646.75,201
2026-07-09 05:40:00-04:00,29621.25,29653.0,29613.75,29644.75,725
2026-07-09 05:45:00-04:00,29627.0,29634.25,29618.25,29622.0,225
2026-07-09 05:50:00-04:00,29643.75,29646.5,29625.0,29631.5,454
2026-07-09 05:55:00-04:00,29644.0,29649.0,29638.75,29646.25,209
2026-07-09 06:00:00-04:00,29645.0,29656.5,29636.25,29645.5,301
2026-07-09 06:05:00-04:00,29644.0,29656.25,29633.25,29649.75,299
2026-07-09 06:10:00-04:00,29647.75,29655.5,29638.0,29645.75,175
2026-07-09 06:15:00-04:00,29663.0,29668.5,29645.25,29650.0,418
2026-07-09 06:20:00-04:00,29652.25,29669.0,29649.25,29663.5,274
2026-07-09 06:25:00-04:00,29650.5,29652.5,29632.25,29652.25,342
2026-07-09 06:30:00-04:00,29643.5,29649.5,29629.0,29649.5,374
2026-07-09 06:35:00-04:00,29652.25,29660.75,29638.75,29642.75,273
2026-07-09 06:40:00-04:00,29640.25,29651.0,29633.0,29646.5,315
2026-07-09 06:45:00-04:00,29605.5,29645.0,29604.75,29641.25,740
2026-07-09 06:50:00-04:00,29581.75,29610.0,29566.0,29604.5,1362
2026-07-09 06:55:00-04:00,29600.25,29602.75,29564.5,29582.25,751
2026-07-09 07:00:00-04:00,29617.0,29626.0,29600.25,29601.75,723
2026-07-09 07:05:00-04:00,29587.5,29623.25,29579.0,29618.5,609
2026-07-09 07:10:00-04:00,29610.5,29618.0,29584.0,29589.5,345
2026-07-09 07:15:00-04:00,29600.5,29612.0,29593.75,29611.25,232
2026-07-09 07:20:00-04:00,29621.0,29636.5,29599.5,29602.75,1361
2026-07-09 07:25:00-04:00,29641.0,29643.75,29619.75,29622.75,546
2026-07-09 07:30:00-04:00,29667.75,29670.25,29626.75,29641.0,1118
2026-07-09 07:35:00-04:00,29666.0,29673.75,29650.0,29666.25,619
2026-07-09 07:40:00-04:00,29683.25,29690.0,29654.0,29667.0,651
2026-07-09 07:45:00-04:00,29701.25,29703.75,29674.25,29684.75,1420
2026-07-09 07:50:00-04:00,29703.5,29721.75,29692.25,29701.25,1172
2026-07-09 07:55:00-04:00,29696.0,29710.0,29690.0,29702.5,1008
2026-07-09 08:00:00-04:00,29700.25,29709.0,29684.5,29696.75,1025
2026-07-09 08:05:00-04:00,29722.25,29725.25,29681.0,29700.75,1078
2026-07-09 08:10:00-04:00,29715.75,29732.75,29712.5,29720.5,800
2026-07-09 08:15:00-04:00,29711.25,29724.0,29704.25,29716.25,732
2026-07-09 08:20:00-04:00,29738.5,29739.0,29704.5,29711.5,962
2026-07-09 08:25:00-04:00,29749.25,29755.0,29730.0,29739.0,1214
2026-07-09 08:30:00-04:00,29765.75,29776.25,29740.0,29748.0,1675
2026-07-09 08:35:00-04:00,29783.75,29784.5,29762.75,29767.0,1567
2026-07-09 08:40:00-04:00,29748.5,29786.5,29745.75,29783.75,1579
2026-07-09 08:45:00-04:00,29734.0,29748.5,29715.25,29748.25,1774
2026-07-09 08:50:00-04:00,29744.5,29748.0,29732.25,29733.5,809
2026-07-09 08:55:00-04:00,29736.0,29748.25,29728.0,29745.0,884
2026-07-09 09:00:00-04:00,29744.25,29752.25,29733.0,29735.25,987
2026-07-09 09:05:00-04:00,29743.75,29746.75,29725.25,29744.25,971
2026-07-09 09:10:00-04:00,29757.25,29759.5,29728.75,29743.25,1034
2026-07-09 09:15:00-04:00,29739.75,29758.75,29734.25,29757.25,1381
2026-07-09 09:20:00-04:00,29744.0,29746.0,29726.75,29740.0,1288
2026-07-09 09:25:00-04:00,29747.0,29758.0,29730.0,29744.75,3065
2026-07-09 09:30:00-04:00,29778.75,29781.5,29672.0,29746.25,13902
2026-07-09 09:35:00-04:00,29852.0,29863.0,29767.25,29778.25,10127
2026-07-09 09:40:00-04:00,29858.5,29871.25,29811.75,29852.75,9389
2026-07-09 09:45:00-04:00,29844.5,29891.75,29808.5,29859.25,11310
2026-07-09 09:50:00-04:00,29901.5,29916.75,29817.5,29844.0,9173
2026-07-09 09:55:00-04:00,29909.5,29931.25,29897.5,29901.25,5605
2026-07-09 10:00:00-04:00,29911.25,29922.75,29886.0,29909.75,5768
2026-07-09 10:05:00-04:00,29850.75,29915.25,29850.5,29911.5,6537
2026-07-09 10:10:00-04:00,29802.75,29854.5,29785.25,29850.25,8851
2026-07-09 10:15:00-04:00,29692.0,29803.5,29674.0,29803.5,13412
2026-07-09 10:20:00-04:00,29710.25,29714.25,29614.5,29691.5,11743
2026-07-09 10:25:00-04:00,29763.75,29777.5,29688.75,29710.5,7555
2026-07-09 10:30:00-04:00,29739.25,29772.0,29694.25,29763.25,5899
2026-07-09 10:35:00-04:00,29784.0,29791.75,29726.25,29739.75,4689
2026-07-09 10:40:00-04:00,29759.5,29799.0,29750.5,29784.75,4377
2026-07-09 10:45:00-04:00,29799.25,29811.0,29755.0,29758.5,4104
2026-07-09 10:50:00-04:00,29761.25,29799.75,29723.5,29798.0,5381
2026-07-09 10:55:00-04:00,29787.75,29821.25,29753.25,29761.0,5378
2026-07-09 11:00:00-04:00,29820.75,29823.75,29779.5,29788.25,3123
2026-07-09 11:05:00-04:00,29858.25,29863.5,29819.0,29821.75,5030
2026-07-09 11:10:00-04:00,29854.75,29864.25,29833.25,29858.25,3339
2026-07-09 11:15:00-04:00,29841.75,29879.0,29830.0,29853.5,4351
2026-07-09 11:20:00-04:00,29879.25,29881.5,29838.75,29843.0,3816
2026-07-09 11:25:00-04:00,29873.5,29886.25,29863.75,29879.75,3185
2026-07-09 11:30:00-04:00,29864.25,29883.0,29856.25,29874.25,2872
2026-07-09 11:35:00-04:00,29874.0,29876.0,29858.75,29863.25,1782
2026-07-09 11:40:00-04:00,29882.0,29899.75,29871.25,29875.25,3021
2026-07-09 11:45:00-04:00,29899.0,29899.75,29880.25,29883.0,3035
2026-07-09 11:50:00-04:00,29892.25,29905.25,29887.0,29899.0,3610
2026-07-09 11:55:00-04:00,29886.25,29898.75,29878.5,29892.0,2634
2026-07-09 12:00:00-04:00,29904.5,29913.5,29886.5,29886.5,2876
2026-07-09 12:05:00-04:00,29908.75,29924.25,29904.0,29905.25,2797
2026-07-09 12:10:00-04:00,29900.25,29914.0,29896.75,29909.0,2184
2026-07-09 12:15:00-04:00,29904.25,29917.0,29892.5,29900.25,2358
2026-07-09 12:20:00-04:00,29909.75,29912.5,29892.5,29903.5,2120
2026-07-09 12:25:00-04:00,29890.75,29910.25,29880.75,29909.25,2459
2026-07-09 12:30:00-04:00,29881.5,29912.5,29880.75,29890.5,3102
2026-07-09 12:35:00-04:00,29888.0,29889.0,29864.0,29881.75,3490
2026-07-09 12:40:00-04:00,29909.0,29916.5,29889.0,29889.0,2900
2026-07-09 12:45:00-04:00,29896.5,29913.25,29891.25,29908.5,2015
2026-07-09 12:50:00-04:00,29904.0,29910.0,29895.75,29896.75,1439
2026-07-09 12:55:00-04:00,29897.25,29907.5,29885.25,29903.75,1790
2026-07-09 13:00:00-04:00,29919.0,29923.5,29893.5,29897.0,2288
2026-07-09 13:05:00-04:00,29942.25,29949.0,29911.5,29918.25,5099
2026-07-09 13:10:00-04:00,29954.25,29969.5,29941.5,29941.75,4690
2026-07-09 13:15:00-04:00,29981.25,29983.0,29954.0,29954.25,2557
2026-07-09 13:20:00-04:00,29979.25,29989.25,29970.25,29981.5,2801
2026-07-09 13:25:00-04:00,29988.0,29991.0,29975.0,29978.25,1999
2026-07-09 13:30:00-04:00,29966.0,29993.5,29963.75,29988.75,2896
2026-07-09 13:35:00-04:00,29974.5,29985.75,29962.0,29965.5,1971
2026-07-09 13:40:00-04:00,29974.5,29979.5,29964.75,29975.5,1423
2026-07-09 13:45:00-04:00,29981.5,29992.25,29973.0,29974.75,1784
2026-07-09 13:50:00-04:00,29979.5,29986.25,29975.5,29982.0,1155
2026-07-09 13:55:00-04:00,29973.75,29981.25,29950.75,29979.25,3193
2026-07-09 14:00:00-04:00,29965.5,29982.75,29960.75,29974.75,2377
2026-07-09 14:05:00-04:00,29982.5,29985.0,29965.5,29965.75,1897
2026-07-09 14:10:00-04:00,29975.5,29983.25,29971.75,29981.5,1522
2026-07-09 14:15:00-04:00,29970.75,29981.0,29962.5,29976.5,1840
2026-07-09 14:20:00-04:00,29948.75,29970.75,29945.75,29970.75,2555
2026-07-09 14:25:00-04:00,29956.75,29960.5,29942.0,29949.0,2507
2026-07-09 14:30:00-04:00,29953.5,29968.25,29951.25,29957.25,2088
2026-07-09 14:35:00-04:00,29946.75,29956.75,29944.75,29952.75,1937
2026-07-09 14:40:00-04:00,29958.25,29959.5,29939.5,29946.5,2121
2026-07-09 14:45:00-04:00,29956.75,29965.0,29952.25,29957.25,1775
2026-07-09 14:50:00-04:00,29948.0,29959.75,29945.5,29957.25,1616
2026-07-09 14:55:00-04:00,29939.25,29948.5,29929.5,29948.0,3029
2026-07-09 15:00:00-04:00,29913.5,29941.5,29910.0,29939.75,3755
2026-07-09 15:05:00-04:00,29922.75,29936.75,29905.25,29913.75,2941
2026-07-09 15:10:00-04:00,29916.0,29929.5,29912.0,29923.5,2004
2026-07-09 15:15:00-04:00,29947.75,29958.25,29902.75,29916.5,3927
2026-07-09 15:20:00-04:00,29940.25,29957.75,29940.25,29947.75,2240
2026-07-09 15:25:00-04:00,29932.25,29943.75,29928.0,29941.0,2363
2026-07-09 15:30:00-04:00,29918.25,29932.0,29909.0,29932.0,3746
2026-07-09 15:35:00-04:00,29941.5,29944.25,29916.75,29917.75,2232
2026-07-09 15:40:00-04:00,29943.25,29945.5,29925.75,29941.5,2478
2026-07-09 15:45:00-04:00,29938.25,29952.25,29936.25,29943.5,2485
2026-07-09 15:50:00-04:00,29896.75,29939.0,29896.75,29938.75,6503
2026-07-09 15:55:00-04:00,29948.0,29954.75,29897.25,29897.75,14316
2026-07-09 16:00:00-04:00,29950.0,29962.5,29942.75,29948.5,5345
2026-07-09 16:05:00-04:00,29970.25,29971.0,29947.75,29949.5,1784
2026-07-09 16:10:00-04:00,29966.5,29973.75,29960.5,29969.5,1564
2026-07-09 16:15:00-04:00,29958.0,29970.25,29957.5,29967.0,750
2026-07-09 16:20:00-04:00,29952.0,29967.0,29950.75,29957.75,739
2026-07-09 16:25:00-04:00,29940.0,29954.25,29937.0,29951.75,550
2026-07-09 16:30:00-04:00,29947.25,29949.25,29935.0,29939.5,625
2026-07-09 16:35:00-04:00,29941.5,29949.0,29940.5,29947.0,325
2026-07-09 16:40:00-04:00,29934.75,29944.25,29932.0,29941.5,572
2026-07-09 16:45:00-04:00,29937.5,29939.0,29933.25,29935.0,357
2026-07-09 16:50:00-04:00,29934.5,29938.0,29930.25,29937.0,599
2026-07-09 16:55:00-04:00,29931.25,29939.5,29926.25,29934.25,1151
2026-07-09 18:00:00-04:00,29941.25,29947.75,29923.5,29937.75,0
2026-07-09 18:05:00-04:00,29934.25,29961.0,29926.0,29942.0,770
2026-07-09 18:10:00-04:00,29936.75,29939.5,29929.75,29936.0,338
2026-07-09 18:15:00-04:00,29917.5,29945.25,29911.0,29938.0,758
2026-07-09 18:20:00-04:00,29914.75,29923.5,29906.75,29918.25,342
2026-07-09 18:25:00-04:00,29907.75,29918.0,29904.0,29914.75,304
2026-07-09 18:30:00-04:00,29907.25,29915.25,29905.5,29908.75,206
2026-07-09 18:35:00-04:00,29910.5,29919.0,29905.5,29905.5,275
2026-07-09 18:40:00-04:00,29920.25,29922.5,29909.75,29911.75,149
2026-07-09 18:45:00-04:00,29921.5,29927.5,29913.25,29921.75,300
2026-07-09 18:50:00-04:00,29919.0,29925.5,29915.75,29919.5,159
2026-07-09 18:55:00-04:00,29922.0,29923.75,29915.5,29916.75,105
2026-07-09 19:00:00-04:00,29932.5,29933.75,29907.0,29921.5,559
2026-07-09 19:05:00-04:00,29938.5,29938.75,29929.25,29932.25,343
2026-07-09 19:10:00-04:00,29939.75,29942.0,29933.25,29937.75,226
2026-07-09 19:15:00-04:00,29946.5,29949.0,29929.5,29937.75,322
2026-07-09 19:20:00-04:00,29954.25,29959.75,29938.25,29946.75,563
2026-07-09 19:25:00-04:00,29956.0,29964.25,29954.25,29955.25,360
2026-07-09 19:30:00-04:00,29948.5,29959.0,29944.0,29958.75,442
2026-07-09 19:35:00-04:00,29954.0,29957.0,29948.25,29952.0,128
2026-07-09 19:40:00-04:00,29942.0,29956.25,29938.5,29954.25,220
2026-07-09 19:45:00-04:00,29933.5,29945.0,29926.0,29941.0,477
2026-07-09 19:50:00-04:00,29949.75,29957.0,29932.25,29933.0,429
2026-07-09 19:55:00-04:00,29932.5,29958.0,29930.75,29949.0,433
2026-07-09 20:00:00-04:00,29907.25,29952.0,29889.75,29933.25,1671
2026-07-09 20:05:00-04:00,29893.0,29916.75,29868.0,29910.25,1125
2026-07-09 20:10:00-04:00,29894.0,29899.75,29858.0,29892.75,1159
2026-07-09 20:15:00-04:00,29878.75,29903.5,29862.5,29895.25,986
2026-07-09 20:20:00-04:00,29836.25,29890.5,29833.75,29879.0,1157
2026-07-09 20:25:00-04:00,29837.0,29845.25,29820.75,29837.5,953
2026-07-09 20:30:00-04:00,29812.25,29845.0,29807.75,29838.0,966
2026-07-09 20:35:00-04:00,29805.75,29821.75,29805.0,29812.0,753
2026-07-09 20:40:00-04:00,29828.0,29832.5,29804.25,29805.0,1056
2026-07-09 20:45:00-04:00,29822.25,29833.25,29808.0,29827.5,917
2026-07-09 20:50:00-04:00,29834.75,29836.75,29816.5,29823.75,495
2026-07-09 20:55:00-04:00,29866.5,29870.0,29835.0,29836.25,1930
2026-07-09 21:00:00-04:00,29828.5,29870.75,29828.0,29866.5,902
2026-07-09 21:05:00-04:00,29828.5,29844.75,29819.5,29829.25,894
2026-07-09 21:10:00-04:00,29845.5,29851.5,29817.5,29827.75,791
2026-07-09 21:15:00-04:00,29860.5,29862.0,29836.75,29843.5,512
2026-07-09 21:20:00-04:00,29873.25,29877.25,29849.5,29861.75,618
2026-07-09 21:25:00-04:00,29866.25,29875.0,29850.5,29872.5,443
2026-07-09 21:30:00-04:00,29879.0,29887.75,29854.75,29867.25,568
2026-07-09 21:35:00-04:00,29896.75,29902.5,29870.0,29879.0,917
2026-07-09 21:40:00-04:00,29885.25,29899.75,29883.75,29898.0,368
2026-07-09 21:45:00-04:00,29916.75,29919.0,29881.5,29885.75,762
2026-07-09 21:50:00-04:00,29901.0,29922.75,29899.25,29916.75,521
2026-07-09 21:55:00-04:00,29891.5,29910.75,29889.75,29902.5,440
2026-07-09 22:00:00-04:00,29888.0,29895.25,29865.25,29895.0,805
2026-07-09 22:05:00-04:00,29897.25,29901.25,29875.5,29887.25,387
2026-07-09 22:10:00-04:00,29880.75,29896.25,29871.5,29895.5,376
2026-07-09 22:15:00-04:00,29875.0,29881.25,29860.0,29881.25,678
2026-07-09 22:20:00-04:00,29869.25,29879.0,29854.25,29874.0,561
2026-07-09 22:25:00-04:00,29882.5,29884.75,29867.5,29870.0,637
2026-07-09 22:30:00-04:00,29897.0,29898.0,29874.0,29883.25,574
2026-07-09 22:35:00-04:00,29908.25,29910.25,29890.75,29898.0,502
2026-07-09 22:40:00-04:00,29908.25,29916.25,29905.25,29909.0,431
2026-07-09 22:45:00-04:00,29929.75,29932.0,29902.0,29908.5,740
2026-07-09 22:50:00-04:00,29936.5,29949.0,29928.0,29929.75,705
2026-07-09 22:55:00-04:00,29951.25,29952.5,29936.0,29936.0,351
2026-07-09 23:00:00-04:00,29954.5,29959.5,29942.5,29952.0,356
2026-07-09 23:05:00-04:00,29952.25,29963.5,29948.5,29953.75,343
2026-07-09 23:10:00-04:00,29947.25,29955.25,29940.25,29953.0,350
2026-07-09 23:15:00-04:00,29943.25,29950.5,29940.5,29947.5,191
2026-07-09 23:20:00-04:00,29929.75,29945.5,29926.25,29942.5,381
2026-07-09 23:25:00-04:00,29923.5,29932.25,29922.0,29929.75,293
2026-07-09 23:30:00-04:00,29929.0,29932.75,29918.0,29925.25,284
2026-07-09 23:35:00-04:00,29925.25,29931.0,29917.0,29929.25,206
2026-07-09 23:40:00-04:00,29925.0,29932.0,29919.0,29929.0,205
2026-07-09 23:45:00-04:00,29921.25,29923.75,29913.25,29922.75,226
2026-07-09 23:50:00-04:00,29916.5,29926.0,29912.5,29921.75,227
2026-07-09 23:55:00-04:00,29930.5,29933.75,29913.5,29917.5,239
2026-07-10 00:05:00-04:00,29935.25,29936.75,29931.5,29936.75,721
2026-07-10 00:10:00-04:00,29947.75,29948.75,29933.75,29933.75,261
2026-07-10 00:15:00-04:00,29944.5,29947.5,29935.5,29946.0,165
2026-07-10 00:20:00-04:00,29921.25,29944.75,29918.5,29944.5,373
2026-07-10 00:25:00-04:00,29927.5,29930.75,29917.25,29919.75,201
2026-07-10 00:30:00-04:00,29909.0,29929.25,29906.25,29928.0,484
2026-07-10 00:35:00-04:00,29916.5,29920.0,29906.5,29909.5,333
2026-07-10 00:40:00-04:00,29915.25,29923.0,29913.75,29917.25,265
2026-07-10 00:45:00-04:00,29903.75,29917.5,29903.5,29915.5,378
2026-07-10 00:50:00-04:00,29892.5,29904.0,29884.0,29903.25,576
2026-07-10 00:55:00-04:00,29881.75,29898.5,29875.25,29893.0,592
2026-07-10 01:00:00-04:00,29873.75,29886.5,29868.5,29883.75,454
2026-07-10 01:05:00-04:00,29868.25,29881.0,29865.75,29872.5,411
2026-07-10 01:10:00-04:00,29882.5,29885.25,29867.0,29868.5,376
2026-07-10 01:15:00-04:00,29886.0,29897.0,29879.25,29883.25,545
2026-07-10 01:20:00-04:00,29877.75,29887.0,29870.25,29885.0,381
2026-07-10 01:25:00-04:00,29876.5,29882.0,29871.0,29878.25,224
2026-07-10 01:30:00-04:00,29876.75,29879.5,29863.25,29877.25,318
2026-07-10 01:35:00-04:00,29862.5,29881.25,29862.5,29877.75,366
2026-07-10 01:40:00-04:00,29875.0,29875.25,29852.0,29864.0,869
2026-07-10 01:45:00-04:00,29860.0,29875.75,29858.25,29875.75,363
2026-07-10 01:50:00-04:00,29854.5,29874.0,29853.0,29859.0,360
2026-07-10 01:55:00-04:00,29845.5,29856.0,29840.0,29854.25,462
2026-07-10 02:00:00-04:00,29853.75,29856.75,29839.25,29847.25,801
2026-07-10 02:05:00-04:00,29833.75,29855.0,29830.5,29850.25,791
2026-07-10 02:10:00-04:00,29826.25,29834.25,29820.0,29834.0,748
2026-07-10 02:15:00-04:00,29816.0,29830.75,29811.0,29824.75,870
2026-07-10 02:20:00-04:00,29781.5,29816.25,29781.0,29815.75,1524
2026-07-10 02:25:00-04:00,29789.5,29793.25,29775.25,29782.25,955
2026-07-10 02:30:00-04:00,29811.5,29831.25,29785.5,29788.75,1220
2026-07-10 02:35:00-04:00,29794.5,29815.5,29787.5,29811.25,832
2026-07-10 02:40:00-04:00,29814.75,29820.0,29792.0,29793.0,433
2026-07-10 02:45:00-04:00,29821.5,29822.5,29809.5,29814.0,388
2026-07-10 02:50:00-04:00,29827.0,29832.5,29820.75,29821.0,444
2026-07-10 02:55:00-04:00,29819.5,29830.0,29816.75,29826.0,284
2026-07-10 03:00:00-04:00,29820.75,29822.5,29801.0,29819.25,456
2026-07-10 03:05:00-04:00,29804.0,29827.75,29798.0,29820.75,493
2026-07-10 03:10:00-04:00,29813.25,29814.0,29796.0,29802.5,403
2026-07-10 03:15:00-04:00,29806.0,29825.25,29790.5,29813.0,674
2026-07-10 03:20:00-04:00,29813.25,29816.5,29797.5,29807.0,319
2026-07-10 03:25:00-04:00,29816.0,29820.5,29804.75,29813.0,293
2026-07-10 03:30:00-04:00,29810.0,29819.0,29804.0,29816.0,165
2026-07-10 03:35:00-04:00,29808.75,29811.75,29800.0,29811.0,148
2026-07-10 03:40:00-04:00,29796.75,29807.0,29793.75,29806.5,158
2026-07-10 03:45:00-04:00,29791.0,29799.0,29781.25,29796.5,491
2026-07-10 03:50:00-04:00,29769.0,29795.5,29766.5,29790.25,596
2026-07-10 03:55:00-04:00,29774.0,29777.25,29761.75,29770.0,526
2026-07-10 04:00:00-04:00,29756.25,29783.75,29751.25,29773.75,938
2026-07-10 04:05:00-04:00,29781.0,29781.0,29743.75,29757.75,870
2026-07-10 04:10:00-04:00,29796.75,29799.5,29778.75,29782.0,480
2026-07-10 04:15:00-04:00,29789.5,29803.75,29786.0,29797.0,501
2026-07-10 04:20:00-04:00,29765.75,29789.25,29755.5,29789.25,556
2026-07-10 04:25:00-04:00,29768.75,29780.25,29765.5,29766.0,370
2026-07-10 04:30:00-04:00,29772.5,29773.0,29754.0,29768.25,369
2026-07-10 04:35:00-04:00,29778.75,29785.25,29765.0,29773.25,449
2026-07-10 04:40:00-04:00,29785.25,29785.25,29760.0,29778.25,379
2026-07-10 04:45:00-04:00,29792.75,29795.75,29780.0,29785.25,446
2026-07-10 04:50:00-04:00,29783.75,29799.0,29778.25,29792.75,475
2026-07-10 04:55:00-04:00,29773.25,29788.25,29772.0,29783.25,234
2026-07-10 05:00:00-04:00,29766.25,29782.5,29717.25,29776.75,2014
2026-07-10 05:05:00-04:00,29777.5,29779.0,29763.0,29767.25,297
2026-07-10 05:10:00-04:00,29795.5,29800.75,29773.75,29775.5,551
2026-07-10 05:15:00-04:00,29815.5,29817.5,29796.75,29797.0,558
2026-07-10 05:20:00-04:00,29806.0,29816.25,29798.75,29815.0,320
2026-07-10 05:25:00-04:00,29813.5,29817.0,29804.25,29806.25,312
2026-07-10 05:30:00-04:00,29825.0,29825.0,29806.0,29810.0,368
2026-07-10 05:35:00-04:00,29826.0,29827.75,29810.75,29823.5,360
2026-07-10 05:40:00-04:00,29815.5,29827.5,29810.5,29826.0,261
2026-07-10 05:45:00-04:00,29809.75,29827.25,29808.25,29818.0,413
2026-07-10 05:50:00-04:00,29807.0,29815.5,29803.75,29810.0,399
2026-07-10 05:55:00-04:00,29814.75,29820.75,29800.75,29805.5,294
2026-07-10 06:00:00-04:00,29830.75,29839.25,29818.0,29820.75,484
2026-07-10 06:05:00-04:00,29838.5,29841.75,29828.0,29829.75,255
2026-07-10 06:10:00-04:00,29833.0,29838.25,29827.5,29838.25,129
2026-07-10 06:15:00-04:00,29825.75,29837.0,29823.25,29834.0,129
2026-07-10 06:20:00-04:00,29827.0,29839.75,29805.5,29827.0,988
2026-07-10 06:25:00-04:00,29839.5,29839.5,29819.25,29829.5,253
2026-07-10 06:30:00-04:00,29854.0,29856.0,29838.0,29838.0,690
2026-07-10 06:35:00-04:00,29847.75,29854.75,29844.75,29854.25,293
2026-07-10 06:40:00-04:00,29862.0,29862.0,29843.75,29849.25,412
2026-07-10 06:45:00-04:00,29843.25,29862.25,29841.0,29861.5,320
2026-07-10 06:50:00-04:00,29837.75,29845.25,29834.75,29843.25,331
2026-07-10 06:55:00-04:00,29850.75,29853.0,29834.75,29837.25,317
2026-07-10 07:00:00-04:00,29874.75,29875.25,29849.0,29850.0,846
2026-07-10 07:05:00-04:00,29864.5,29878.0,29862.0,29874.25,520
2026-07-10 07:10:00-04:00,29874.5,29875.0,29862.75,29865.75,430
2026-07-10 07:15:00-04:00,29881.0,29887.75,29875.0,29875.25,547
2026-07-10 07:20:00-04:00,29885.75,29887.75,29876.75,29881.75,250
2026-07-10 07:25:00-04:00,29851.75,29886.75,29850.5,29886.5,758
2026-07-10 07:30:00-04:00,29836.75,29852.0,29820.25,29851.5,909
2026-07-10 07:35:00-04:00,29818.5,29840.25,29811.5,29836.75,562
2026-07-10 07:40:00-04:00,29836.25,29841.0,29817.5,29819.5,542
2026-07-10 07:45:00-04:00,29826.0,29843.0,29823.0,29837.25,515
2026-07-10 07:50:00-04:00,29819.5,29839.0,29818.5,29825.0,371
2026-07-10 07:55:00-04:00,29816.0,29826.75,29806.75,29819.0,765
2026-07-10 08:00:00-04:00,29784.0,29821.0,29781.25,29816.75,945
2026-07-10 08:05:00-04:00,29792.5,29793.75,29771.25,29783.5,928
2026-07-10 08:10:00-04:00,29845.75,29878.75,29780.5,29792.75,3399
2026-07-10 08:15:00-04:00,29834.25,29850.75,29825.0,29843.75,889
2026-07-10 08:20:00-04:00,29843.0,29848.75,29826.75,29834.5,712
2026-07-10 08:25:00-04:00,29851.75,29856.5,29839.0,29842.75,596
2026-07-10 08:30:00-04:00,29843.0,29853.75,29835.25,29852.0,596
2026-07-10 08:35:00-04:00,29856.75,29859.5,29819.5,29842.75,1063
2026-07-10 08:40:00-04:00,29824.5,29860.75,29821.25,29857.5,936
2026-07-10 08:45:00-04:00,29826.25,29841.5,29816.5,29825.75,989
2026-07-10 08:50:00-04:00,29821.0,29835.0,29819.25,29826.25,560
2026-07-10 08:55:00-04:00,29800.0,29834.25,29800.0,29820.25,888
2026-07-10 09:00:00-04:00,29804.0,29819.0,29790.5,29800.5,1321
2026-07-10 09:05:00-04:00,29802.75,29826.5,29801.0,29804.5,1100
2026-07-10 09:10:00-04:00,29811.25,29813.25,29791.5,29803.5,991
2026-07-10 09:15:00-04:00,29819.25,29825.0,29801.5,29811.5,663
2026-07-10 09:20:00-04:00,29828.25,29835.75,29818.75,29819.5,1085
2026-07-10 09:25:00-04:00,29835.0,29851.0,29809.75,29828.75,2723
2026-07-10 09:30:00-04:00,29902.75,29921.25,29812.5,29834.75,11916
2026-07-10 09:35:00-04:00,29864.75,29936.75,29856.75,29903.5,9065
2026-07-10 09:40:00-04:00,29856.0,29874.5,29798.0,29863.75,9451
2026-07-10 09:45:00-04:00,29940.75,29949.75,29852.75,29855.5,8545
2026-07-10 09:50:00-04:00,29937.25,29968.5,29913.5,29940.75,7422
2026-07-10 09:55:00-04:00,29923.0,29955.0,29903.5,29937.25,6681
2026-07-10 10:00:00-04:00,29941.25,29961.25,29912.75,29922.75,5655
2026-07-10 10:05:00-04:00,29961.25,29964.25,29906.5,29941.25,5983
2026-07-10 10:10:00-04:00,29940.25,29966.0,29932.25,29961.25,4608
2026-07-10 10:15:00-04:00,29905.75,29951.5,29888.5,29940.5,6692
2026-07-10 10:20:00-04:00,29896.25,29911.75,29844.75,29905.5,7179
2026-07-10 10:25:00-04:00,29907.0,29942.25,29861.75,29895.25,5993
2026-07-10 10:30:00-04:00,29850.0,29957.25,29675.0,29907.5,11803
2026-07-10 10:35:00-04:00,29881.25,29895.0,29818.25,29851.0,6210
2026-07-10 10:40:00-04:00,29891.25,29901.75,29840.0,29880.5,4731
2026-07-10 10:45:00-04:00,29902.0,29906.75,29860.0,29891.25,3543
2026-07-10 10:50:00-04:00,29853.25,29913.0,29850.25,29902.5,3982
2026-07-10 10:55:00-04:00,29818.25,29864.25,29808.75,29853.0,5609
2026-07-10 11:00:00-04:00,29804.0,29834.0,29789.75,29818.5,6030
2026-07-10 11:05:00-04:00,29861.5,29862.0,29780.0,29805.0,4742
2026-07-10 11:10:00-04:00,29874.0,29884.5,29859.5,29861.25,3619
2026-07-10 11:15:00-04:00,29930.0,29957.0,29872.75,29874.0,6235
2026-07-10 11:20:00-04:00,29948.25,29955.75,29917.5,29928.75,3478
2026-07-10 11:25:00-04:00,29979.0,29987.5,29948.75,29949.0,4547
2026-07-10 11:30:00-04:00,29982.25,29991.5,29962.75,29980.0,5400
2026-07-10 11:35:00-04:00,29917.0,29983.0,29912.5,29981.25,4681
2026-07-10 11:40:00-04:00,29873.75,29919.75,29834.0,29916.25,7344
2026-07-10 11:45:00-04:00,29911.5,29923.0,29847.75,29875.25,6038
2026-07-10 11:50:00-04:00,29930.0,29938.25,29902.5,29912.25,3097
2026-07-10 11:55:00-04:00,29944.25,29948.5,29914.0,29930.75,2335
2026-07-10 12:00:00-04:00,29981.75,29985.0,29943.75,29944.25,3752
2026-07-10 12:05:00-04:00,29971.75,29990.0,29963.0,29981.5,3148
2026-07-10 12:10:00-04:00,29981.25,29988.0,29962.5,29972.25,2769
2026-07-10 12:15:00-04:00,30017.0,30017.25,29981.5,29981.5,6058
2026-07-10 12:20:00-04:00,30013.75,30023.0,29999.0,30016.0,3302
2026-07-10 12:25:00-04:00,30013.5,30029.0,30000.75,30014.0,2794
2026-07-10 12:30:00-04:00,30023.25,30026.0,30010.5,30013.25,1944
2026-07-10 12:35:00-04:00,30010.75,30034.0,30004.0,30023.25,3128
2026-07-10 12:40:00-04:00,30016.5,30024.75,30008.75,30010.0,1746
2026-07-10 12:45:00-04:00,30023.75,30031.75,30015.25,30015.75,1765
2026-07-10 12:50:00-04:00,30027.5,30043.25,30017.0,30024.75,2545
2026-07-10 12:55:00-04:00,30026.75,30035.0,30012.0,30027.75,2156
2026-07-10 13:00:00-04:00,30006.0,30033.5,30000.5,30026.5,2214
2026-07-10 13:05:00-04:00,30006.75,30024.75,29999.25,30006.5,1779
2026-07-10 13:10:00-04:00,30016.0,30019.75,29996.5,30007.0,1506
2026-07-10 13:15:00-04:00,30014.0,30029.75,30008.5,30015.25,1932
2026-07-10 13:20:00-04:00,30035.5,30036.75,30011.25,30013.75,1449
2026-07-10 13:25:00-04:00,30049.75,30051.5,30034.0,30036.0,2193
2026-07-10 13:30:00-04:00,30046.0,30058.25,30038.0,30049.75,2290
2026-07-10 13:35:00-04:00,30063.75,30071.0,30041.25,30046.0,2819
2026-07-10 13:40:00-04:00,30064.75,30069.5,30057.5,30064.5,1685
2026-07-10 13:45:00-04:00,30065.5,30072.25,30060.25,30065.0,1186
2026-07-10 13:50:00-04:00,30052.5,30069.5,30051.25,30065.75,1501
2026-07-10 13:55:00-04:00,30038.0,30054.5,30031.25,30052.25,2150
2026-07-10 14:00:00-04:00,30048.5,30058.25,30034.25,30039.0,2609
2026-07-10 14:05:00-04:00,30054.25,30063.0,30046.0,30047.75,1993
2026-07-10 14:10:00-04:00,30049.75,30071.0,30046.25,30054.25,3074
2026-07-10 14:15:00-04:00,30036.5,30052.25,30026.0,30049.25,2344
2026-07-10 14:20:00-04:00,30046.0,30052.75,30021.5,30036.25,2686
2026-07-10 14:25:00-04:00,30046.0,30065.5,30040.75,30047.5,2717
2026-07-10 14:30:00-04:00,30054.75,30057.75,30039.0,30045.25,1333
2026-07-10 14:35:00-04:00,30039.0,30054.75,30031.25,30054.25,1558
2026-07-10 14:40:00-04:00,30039.5,30049.25,30036.25,30041.25,1383
2026-07-10 14:45:00-04:00,30032.5,30044.0,30030.0,30039.0,1397
2026-07-10 14:50:00-04:00,30036.0,30046.25,30028.25,30032.0,1680
2026-07-10 14:55:00-04:00,30038.25,30047.5,30034.5,30036.0,1601
2026-07-10 15:00:00-04:00,30071.25,30077.75,30033.0,30038.5,2982
2026-07-10 15:05:00-04:00,30048.75,30071.75,30045.5,30070.75,2143
2026-07-10 15:10:00-04:00,30059.0,30060.5,30043.5,30049.0,1708
2026-07-10 15:15:00-04:00,30049.0,30059.75,30037.0,30058.5,1879
2026-07-10 15:20:00-04:00,30039.0,30052.5,30039.0,30048.25,1778
2026-07-10 15:25:00-04:00,30046.0,30054.0,30036.5,30039.25,1290
2026-07-10 15:30:00-04:00,30051.75,30067.25,30044.75,30046.25,2336
2026-07-10 15:35:00-04:00,30057.75,30068.0,30047.25,30052.0,1566
2026-07-10 15:40:00-04:00,30053.25,30067.0,30053.25,30057.0,1614
2026-07-10 15:45:00-04:00,30048.5,30058.5,30046.5,30053.25,2807
2026-07-10 15:50:00-04:00,30042.25,30066.5,30038.25,30048.0,4656
2026-07-10 15:55:00-04:00,30037.25,30052.5,30024.75,30041.5,11696
2026-07-10 16:00:00-04:00,30052.0,30062.0,30031.75,30037.25,4148
2026-07-10 16:05:00-04:00,30046.5,30052.25,30036.0,30052.25,1169
2026-07-10 16:10:00-04:00,30048.5,30053.0,30045.25,30046.0,1113
2026-07-10 16:15:00-04:00,30052.75,30057.25,30046.25,30047.75,537
2026-07-10 16:20:00-04:00,30052.25,30055.0,30049.25,30052.75,285
2026-07-10 16:25:00-04:00,30055.5,30059.5,30052.0,30052.5,462
2026-07-10 16:30:00-04:00,30055.5,30061.5,30051.5,30054.5,347
2026-07-10 16:35:00-04:00,30056.75,30058.75,30053.75,30055.5,213
2026-07-10 16:40:00-04:00,30058.5,30059.25,30055.0,30057.0,377
2026-07-10 16:45:00-04:00,30061.0,30063.0,30056.5,30058.25,708
2026-07-10 16:50:00-04:00,30063.75,30064.25,30059.5,30061.0,546
2026-07-10 16:55:00-04:00,30032.25,30073.75,30032.25,30063.5,622
2026-07-12 18:10:00-04:00,29864.25,29915.0,29855.0,29894.25,1263
2026-07-12 18:15:00-04:00,29870.0,29887.75,29862.25,29866.25,934
2026-07-12 18:20:00-04:00,29882.25,29897.5,29868.0,29868.25,894
2026-07-12 18:25:00-04:00,29887.25,29890.5,29876.75,29882.25,358
2026-07-12 18:30:00-04:00,29894.25,29900.0,29887.25,29887.25,509
2026-07-12 18:35:00-04:00,29891.75,29904.25,29871.75,29890.25,905
2026-07-12 18:40:00-04:00,29893.5,29900.0,29875.0,29891.75,473
2026-07-12 18:45:00-04:00,29878.25,29896.75,29871.75,29894.0,606
2026-07-12 18:50:00-04:00,29888.5,29892.75,29878.25,29880.75,231
2026-07-12 18:55:00-04:00,29910.25,29915.0,29888.0,29888.5,663
2026-07-12 19:00:00-04:00,29894.25,29910.5,29880.5,29909.75,853
2026-07-12 19:05:00-04:00,29890.75,29905.25,29889.5,29896.0,226
2026-07-12 19:10:00-04:00,29891.25,29897.5,29884.5,29892.0,187
2026-07-12 19:15:00-04:00,29891.5,29894.25,29869.5,29890.25,806
2026-07-12 19:20:00-04:00,29881.5,29894.0,29876.0,29890.0,350
2026-07-12 19:25:00-04:00,29890.25,29891.5,29879.0,29881.0,290
2026-07-12 19:30:00-04:00,29886.0,29891.5,29880.75,29888.25,180
2026-07-12 19:35:00-04:00,29890.75,29893.5,29875.5,29886.25,357
2026-07-12 19:40:00-04:00,29888.75,29898.25,29888.75,29892.5,331
2026-07-12 19:45:00-04:00,29863.5,29890.75,29845.0,29889.25,1278
2026-07-12 19:50:00-04:00,29876.5,29895.5,29864.0,29864.0,645
2026-07-12 19:55:00-04:00,29893.25,29895.0,29865.75,29876.5,538
2026-07-12 20:00:00-04:00,29965.5,29986.25,29871.5,29892.0,2868
2026-07-12 20:05:00-04:00,29995.5,30007.75,29953.5,29967.0,1766
2026-07-12 20:10:00-04:00,30019.0,30041.0,29996.5,29996.5,1414
2026-07-12 20:15:00-04:00,29972.0,30032.25,29958.0,30018.0,1560
2026-07-12 20:20:00-04:00,29994.75,30014.25,29970.0,29975.0,1052
2026-07-12 20:25:00-04:00,29967.25,30004.5,29964.0,29989.5,478
2026-07-12 20:30:00-04:00,29912.0,29971.75,29911.75,29968.0,1295
2026-07-12 20:35:00-04:00,29894.0,29928.5,29886.0,29912.0,1053
2026-07-12 20:40:00-04:00,29881.75,29903.5,29850.0,29893.75,1362
2026-07-12 20:45:00-04:00,29862.5,29905.25,29860.25,29883.75,1246
2026-07-12 20:50:00-04:00,29831.75,29869.0,29807.5,29862.25,2101
2026-07-12 20:55:00-04:00,29832.5,29845.5,29821.0,29830.0,1109
2026-07-12 21:00:00-04:00,29818.5,29851.25,29808.0,29836.75,1362
2026-07-12 21:05:00-04:00,29795.5,29826.25,29795.5,29819.75,978
2026-07-12 21:10:00-04:00,29812.25,29819.5,29788.75,29797.0,1044
2026-07-12 21:15:00-04:00,29827.75,29849.0,29810.75,29812.75,857
2026-07-12 21:20:00-04:00,29813.75,29839.75,29808.5,29828.0,662
2026-07-12 21:25:00-04:00,29809.0,29819.25,29789.0,29814.5,902
2026-07-12 21:30:00-04:00,29803.0,29817.5,29789.5,29808.75,575
2026-07-12 21:35:00-04:00,29836.75,29843.25,29794.75,29800.25,827
2026-07-12 21:40:00-04:00,29812.0,29840.25,29803.25,29836.5,722
2026-07-12 21:45:00-04:00,29777.0,29812.75,29776.0,29812.25,1158
2026-07-12 21:50:00-04:00,29757.25,29787.25,29742.5,29777.75,2021
2026-07-12 21:55:00-04:00,29761.25,29770.25,29737.25,29757.0,1560
2026-07-12 22:00:00-04:00,29748.25,29772.0,29727.0,29762.75,1285
2026-07-12 22:05:00-04:00,29743.5,29771.25,29728.5,29750.75,1129
2026-07-12 22:10:00-04:00,29752.75,29766.0,29731.25,29742.25,958
2026-07-12 22:15:00-04:00,29771.25,29775.5,29745.0,29753.0,721
2026-07-12 22:20:00-04:00,29791.25,29802.0,29769.0,29770.75,874
2026-07-12 22:25:00-04:00,29797.25,29808.75,29788.0,29792.75,629
2026-07-12 22:30:00-04:00,29777.25,29800.0,29759.0,29798.5,1066
2026-07-12 22:35:00-04:00,29759.75,29787.0,29754.0,29778.25,501
2026-07-12 22:40:00-04:00,29766.0,29766.75,29746.5,29757.5,551
2026-07-12 22:45:00-04:00,29764.25,29769.25,29744.75,29766.25,387
2026-07-12 22:50:00-04:00,29737.25,29773.75,29736.25,29766.0,579
2026-07-12 22:55:00-04:00,29717.0,29750.0,29714.5,29738.0,697
2026-07-12 23:00:00-04:00,29708.0,29721.25,29705.5,29717.5,895
2026-07-12 23:05:00-04:00,29696.25,29717.25,29690.0,29710.0,735
2026-07-12 23:10:00-04:00,29694.0,29698.75,29684.75,29696.25,655
2026-07-12 23:15:00-04:00,29702.0,29702.5,29682.0,29694.0,639
2026-07-12 23:20:00-04:00,29697.75,29707.75,29687.25,29701.75,445
2026-07-12 23:25:00-04:00,29710.0,29717.75,29698.5,29698.5,589
2026-07-12 23:30:00-04:00,29694.75,29714.25,29687.75,29709.0,752
2026-07-12 23:35:00-04:00,29707.75,29716.25,29683.75,29693.5,688
2026-07-12 23:40:00-04:00,29697.25,29727.25,29691.75,29708.5,706
2026-07-12 23:45:00-04:00,29722.25,29722.25,29694.75,29697.25,506
2026-07-12 23:50:00-04:00,29708.25,29725.25,29701.25,29722.25,316
2026-07-12 23:55:00-04:00,29695.25,29713.0,29690.0,29708.75,405
2026-07-13 00:00:00-04:00,29662.75,29690.0,29654.0,29689.75,1405
2026-07-13 00:05:00-04:00,29658.5,29666.75,29650.75,29662.75,588
2026-07-13 00:10:00-04:00,29666.75,29670.0,29650.0,29659.5,494
2026-07-13 00:15:00-04:00,29673.25,29676.25,29659.0,29666.5,435
2026-07-13 00:20:00-04:00,29659.0,29677.75,29652.5,29672.25,598
2026-07-13 00:25:00-04:00,29651.5,29660.25,29638.75,29660.0,583
2026-07-13 00:30:00-04:00,29641.0,29655.75,29638.25,29651.5,499
2026-07-13 00:35:00-04:00,29636.75,29641.5,29629.0,29641.5,490
2026-07-13 00:40:00-04:00,29626.5,29636.75,29622.75,29636.25,447
2026-07-13 00:45:00-04:00,29624.75,29630.75,29621.5,29624.0,283
2026-07-13 00:50:00-04:00,29618.75,29624.75,29612.75,29623.0,458
2026-07-13 00:55:00-04:00,29627.0,29637.0,29615.0,29618.75,557
2026-07-13 01:00:00-04:00,29641.0,29641.5,29606.5,29627.75,1171
2026-07-13 01:05:00-04:00,29672.0,29674.25,29634.25,29639.75,1106
2026-07-13 01:10:00-04:00,29688.5,29693.75,29668.0,29672.25,706
2026-07-13 01:15:00-04:00,29646.25,29686.25,29645.0,29684.0,748
2026-07-13 01:20:00-04:00,29599.75,29651.0,29595.25,29648.5,977
2026-07-13 01:25:00-04:00,29584.0,29605.0,29577.0,29598.5,916
2026-07-13 01:30:00-04:00,29622.0,29623.0,29542.75,29585.0,1630
2026-07-13 01:35:00-04:00,29653.25,29655.75,29618.25,29621.25,982
2026-07-13 01:40:00-04:00,29637.0,29670.75,29630.0,29652.0,952
2026-07-13 01:45:00-04:00,29633.0,29642.5,29614.75,29637.5,484
2026-07-13 01:50:00-04:00,29627.5,29666.75,29627.5,29632.75,749
2026-07-13 01:55:00-04:00,29649.0,29649.5,29622.0,29628.5,551
2026-07-13 02:00:00-04:00,29654.75,29666.0,29638.5,29650.5,749
2026-07-13 02:05:00-04:00,29612.75,29660.0,29612.5,29656.25,588
2026-07-13 02:10:00-04:00,29593.0,29618.0,29585.5,29613.0,806
2026-07-13 02:15:00-04:00,29602.75,29606.75,29588.75,29592.0,819
2026-07-13 02:20:00-04:00,29615.0,29621.0,29601.25,29601.25,541
2026-07-13 02:25:00-04:00,29630.0,29635.25,29609.25,29617.25,471
2026-07-13 02:30:00-04:00,29619.5,29650.5,29613.75,29630.25,675
2026-07-13 02:35:00-04:00,29612.0,29622.5,29598.5,29620.0,517
2026-07-13 02:40:00-04:00,29643.75,29644.75,29610.5,29614.75,515
2026-07-13 02:45:00-04:00,29642.75,29652.0,29623.75,29641.75,678
2026-07-13 02:50:00-04:00,29622.75,29645.5,29614.0,29642.75,487
2026-07-13 02:55:00-04:00,29632.5,29634.25,29611.25,29622.75,433
2026-07-13 03:00:00-04:00,29641.0,29651.0,29607.0,29631.5,814
2026-07-13 03:05:00-04:00,29662.75,29666.0,29633.0,29640.0,568
2026-07-13 03:10:00-04:00,29670.75,29675.5,29656.5,29661.0,531
2026-07-13 03:15:00-04:00,29648.0,29675.0,29642.25,29671.5,694
2026-07-13 03:20:00-04:00,29685.0,29690.25,29644.0,29648.5,764
2026-07-13 03:25:00-04:00,29674.5,29685.5,29669.5,29685.5,470
2026-07-13 03:30:00-04:00,29644.25,29671.25,29636.0,29670.75,467
2026-07-13 03:35:00-04:00,29659.0,29663.75,29640.5,29645.0,448
2026-07-13 03:40:00-04:00,29660.5,29670.0,29648.25,29661.25,364
2026-07-13 03:45:00-04:00,29648.75,29663.0,29643.75,29660.75,358
2026-07-13 03:50:00-04:00,29651.25,29653.25,29637.0,29646.0,198
2026-07-13 03:55:00-04:00,29652.75,29659.25,29636.75,29652.5,257
2026-07-13 04:00:00-04:00,29670.0,29678.5,29647.5,29654.25,649
2026-07-13 04:05:00-04:00,29681.75,29693.0,29647.5,29668.5,911
2026-07-13 04:10:00-04:00,29703.75,29707.0,29674.75,29681.0,836
2026-07-13 04:15:00-04:00,29717.75,29729.75,29704.25,29705.0,902
2026-07-13 04:20:00-04:00,29722.5,29733.0,29713.0,29717.0,640
2026-07-13 04:25:00-04:00,29725.75,29741.5,29719.25,29721.25,1008
2026-07-13 04:30:00-04:00,29717.0,29735.0,29715.5,29728.0,393
2026-07-13 04:35:00-04:00,29717.0,29721.0,29700.0,29716.0,345
2026-07-13 04:40:00-04:00,29726.5,29734.0,29712.75,29716.75,353
2026-07-13 04:45:00-04:00,29738.75,29739.75,29725.75,29727.25,311
2026-07-13 04:50:00-04:00,29743.75,29754.0,29736.0,29737.75,607
2026-07-13 04:55:00-04:00,29747.5,29751.0,29734.0,29745.0,516
2026-07-13 05:00:00-04:00,29726.5,29751.25,29720.25,29747.5,464
2026-07-13 05:05:00-04:00,29726.5,29732.75,29719.25,29726.25,237
2026-07-13 05:10:00-04:00,29732.75,29734.75,29718.0,29725.5,309
2026-07-13 05:15:00-04:00,29750.25,29756.5,29729.75,29733.75,309
2026-07-13 05:20:00-04:00,29754.75,29760.75,29748.5,29751.5,396
2026-07-13 05:25:00-04:00,29763.25,29766.25,29753.0,29756.25,322
2026-07-13 05:30:00-04:00,29760.25,29767.5,29754.5,29763.0,249
2026-07-13 05:35:00-04:00,29771.0,29774.75,29759.0,29760.0,259
2026-07-13 05:40:00-04:00,29773.75,29776.5,29761.75,29769.25,254
2026-07-13 05:45:00-04:00,29763.0,29773.75,29758.75,29773.25,264
2026-07-13 05:50:00-04:00,29766.0,29769.0,29752.0,29760.5,358
2026-07-13 05:55:00-04:00,29770.75,29772.5,29763.0,29766.25,236
2026-07-13 06:00:00-04:00,29762.0,29778.0,29758.0,29772.0,383
2026-07-13 06:05:00-04:00,29747.25,29762.25,29741.0,29761.5,794
2026-07-13 06:10:00-04:00,29747.0,29748.0,29739.0,29746.5,272
2026-07-13 06:15:00-04:00,29765.5,29765.5,29742.25,29747.0,337
2026-07-13 06:20:00-04:00,29750.75,29765.25,29750.25,29765.25,202
2026-07-13 06:25:00-04:00,29741.25,29751.5,29738.75,29751.5,335
2026-07-13 06:30:00-04:00,29739.5,29753.75,29737.5,29741.0,382
2026-07-13 06:35:00-04:00,29750.5,29755.75,29739.5,29739.5,229
2026-07-13 06:40:00-04:00,29739.25,29757.25,29736.5,29752.0,236
2026-07-13 06:45:00-04:00,29755.25,29764.0,29735.75,29738.5,446
2026-07-13 06:50:00-04:00,29755.0,29760.25,29748.75,29755.0,202
2026-07-13 06:55:00-04:00,29756.75,29757.5,29746.25,29754.75,290
2026-07-13 07:00:00-04:00,29775.0,29792.5,29755.5,29755.75,1067
2026-07-13 07:05:00-04:00,29768.75,29799.75,29766.5,29775.75,791
2026-07-13 07:10:00-04:00,29768.25,29778.0,29751.25,29768.0,547
2026-07-13 07:15:00-04:00,29755.0,29781.25,29754.0,29767.75,524
2026-07-13 07:20:00-04:00,29763.25,29770.0,29741.5,29753.25,512
2026-07-13 07:25:00-04:00,29774.75,29782.75,29761.5,29763.25,395
2026-07-13 07:30:00-04:00,29788.5,29790.0,29768.5,29773.0,454
2026-07-13 07:35:00-04:00,29785.5,29793.5,29775.5,29792.0,345
2026-07-13 07:40:00-04:00,29768.0,29788.75,29765.0,29784.75,328
2026-07-13 07:45:00-04:00,29762.75,29768.0,29749.75,29767.75,502
2026-07-13 07:50:00-04:00,29742.25,29766.0,29741.5,29760.75,421
2026-07-13 07:55:00-04:00,29741.0,29746.5,29728.75,29743.25,584
2026-07-13 08:00:00-04:00,29730.0,29752.0,29716.75,29742.0,1010
2026-07-13 08:05:00-04:00,29728.75,29735.5,29710.25,29728.75,864
2026-07-13 08:10:00-04:00,29728.75,29757.25,29693.75,29730.0,1935
2026-07-13 08:15:00-04:00,29717.75,29735.75,29705.25,29730.0,1111
2026-07-13 08:20:00-04:00,29697.5,29716.5,29694.0,29716.5,658
2026-07-13 08:25:00-04:00,29684.0,29699.25,29682.75,29697.25,780
2026-07-13 08:30:00-04:00,29672.75,29684.5,29658.0,29684.5,1232
2026-07-13 08:35:00-04:00,29674.75,29675.75,29655.5,29672.25,1011
2026-07-13 08:40:00-04:00,29689.5,29694.5,29666.25,29675.25,911
2026-07-13 08:45:00-04:00,29712.5,29715.25,29687.25,29688.75,878
2026-07-13 08:50:00-04:00,29712.0,29721.25,29702.5,29712.5,803
2026-07-13 08:55:00-04:00,29719.0,29725.0,29709.5,29710.75,584
2026-07-13 09:00:00-04:00,29740.75,29748.0,29711.0,29719.25,1036
2026-07-13 09:05:00-04:00,29727.5,29746.75,29719.0,29741.25,897
2026-07-13 09:10:00-04:00,29719.25,29729.5,29715.5,29727.25,632
2026-07-13 09:15:00-04:00,29699.0,29718.5,29697.5,29718.5,829
2026-07-13 09:20:00-04:00,29689.5,29702.25,29687.5,29698.0,991
2026-07-13 09:25:00-04:00,29710.75,29721.25,29683.25,29702.75,2621
2026-07-13 09:30:00-04:00,29644.75,29737.25,29631.75,29710.0,13644
2026-07-13 09:35:00-04:00,29621.5,29673.5,29610.75,29646.25,9213
2026-07-13 09:40:00-04:00,29596.0,29623.25,29552.25,29622.5,10364
2026-07-13 09:45:00-04:00,29582.0,29600.75,29535.75,29596.25,11822
2026-07-13 09:50:00-04:00,29541.75,29595.0,29518.0,29582.0,9083
2026-07-13 09:55:00-04:00,29630.0,29640.0,29526.75,29541.75,8495
2026-07-13 10:00:00-04:00,29585.5,29662.5,29580.0,29631.0,9994
2026-07-13 10:05:00-04:00,29620.0,29625.5,29560.75,29585.75,5944
2026-07-13 10:10:00-04:00,29650.75,29655.75,29607.25,29620.25,5376
2026-07-13 10:15:00-04:00,29585.25,29659.75,29488.5,29651.75,11650
2026-07-13 10:20:00-04:00,29665.25,29677.25,29568.5,29584.5,6138
2026-07-13 10:25:00-04:00,29701.5,29703.0,29650.0,29666.0,5806
2026-07-13 10:30:00-04:00,29699.75,29724.0,29683.25,29701.25,6154
2026-07-13 10:35:00-04:00,29685.25,29707.25,29655.0,29699.25,4508
2026-07-13 10:40:00-04:00,29637.75,29688.75,29624.25,29687.5,5231
2026-07-13 10:45:00-04:00,29691.5,29698.25,29603.5,29638.25,5961
2026-07-13 10:50:00-04:00,29640.0,29700.5,29628.75,29691.25,4723
2026-07-13 10:55:00-04:00,29717.75,29720.75,29627.75,29639.0,4460
2026-07-13 11:00:00-04:00,29711.0,29752.5,29706.5,29718.0,6201
2026-07-13 11:05:00-04:00,29692.5,29729.5,29682.5,29711.75,3664
2026-07-13 11:10:00-04:00,29682.25,29719.0,29671.0,29693.0,3385
2026-07-13 11:15:00-04:00,29701.0,29705.75,29662.0,29681.75,3282
2026-07-13 11:20:00-04:00,29720.0,29729.5,29689.5,29700.0,2894
2026-07-13 11:25:00-04:00,29707.25,29722.0,29683.0,29721.0,2377
2026-07-13 11:30:00-04:00,29692.25,29724.5,29681.25,29709.0,2780
2026-07-13 11:35:00-04:00,29682.0,29702.0,29665.5,29693.25,2789
2026-07-13 11:40:00-04:00,29654.75,29689.5,29648.25,29682.75,2885
2026-07-13 11:45:00-04:00,29637.5,29656.5,29617.5,29654.75,3004
2026-07-13 11:50:00-04:00,29626.75,29641.75,29599.75,29638.0,3494
2026-07-13 11:55:00-04:00,29612.25,29631.0,29596.75,29626.75,2388
2026-07-13 12:00:00-04:00,29595.25,29618.75,29592.0,29611.25,2971
2026-07-13 12:05:00-04:00,29619.5,29621.25,29584.25,29594.25,2814
2026-07-13 12:10:00-04:00,29613.5,29638.5,29597.5,29618.75,3919
2026-07-13 12:15:00-04:00,29585.5,29616.0,29566.25,29613.25,4366
2026-07-13 12:20:00-04:00,29565.5,29585.75,29556.25,29584.25,2676
2026-07-13 12:25:00-04:00,29558.0,29568.25,29535.0,29565.75,4784
2026-07-13 12:30:00-04:00,29512.0,29557.75,29510.0,29557.75,5823
2026-07-13 12:35:00-04:00,29519.0,29531.5,29460.75,29511.5,8013
2026-07-13 12:40:00-04:00,29537.25,29550.5,29497.0,29517.5,4189
2026-07-13 12:45:00-04:00,29512.25,29556.25,29511.25,29537.0,3776
2026-07-13 12:50:00-04:00,29505.0,29524.25,29463.75,29512.0,3980
2026-07-13 12:55:00-04:00,29525.75,29546.25,29489.25,29504.0,3170
2026-07-13 13:00:00-04:00,29530.5,29554.25,29516.5,29526.5,2824
2026-07-13 13:05:00-04:00,29566.25,29572.0,29524.0,29529.0,2582
2026-07-13 13:10:00-04:00,29541.0,29580.75,29532.0,29566.25,2546
2026-07-13 13:15:00-04:00,29539.75,29551.5,29511.5,29541.5,2763
2026-07-13 13:20:00-04:00,29513.25,29545.0,29510.25,29541.0,1982
2026-07-13 13:25:00-04:00,29518.25,29524.0,29498.25,29514.0,2226
2026-07-13 13:30:00-04:00,29525.75,29533.25,29506.25,29518.75,2211
2026-07-13 13:35:00-04:00,29499.5,29525.5,29487.5,29525.5,2112
2026-07-13 13:40:00-04:00,29513.25,29521.75,29485.25,29499.75,2281
2026-07-13 13:45:00-04:00,29493.25,29526.25,29491.0,29512.75,2200
2026-07-13 13:50:00-04:00,29488.25,29497.25,29468.0,29493.0,3161
2026-07-13 13:55:00-04:00,29479.5,29498.25,29476.25,29488.0,2155
2026-07-13 14:00:00-04:00,29501.25,29521.0,29476.0,29480.0,3182
2026-07-13 14:05:00-04:00,29507.75,29539.5,29500.0,29500.25,2232
2026-07-13 14:10:00-04:00,29515.75,29518.0,29476.75,29508.0,2504
2026-07-13 14:15:00-04:00,29482.5,29521.75,29467.5,29515.25,2672
2026-07-13 14:20:00-04:00,29502.0,29504.75,29473.25,29482.75,2107
2026-07-13 14:25:00-04:00,29474.0,29504.0,29472.25,29501.75,2078
2026-07-13 14:30:00-04:00,29475.25,29497.75,29454.5,29475.0,3152
2026-07-13 14:35:00-04:00,29497.5,29509.0,29471.25,29474.5,2417
2026-07-13 14:40:00-04:00,29500.75,29517.25,29492.25,29497.5,2295
2026-07-13 14:45:00-04:00,29509.25,29513.0,29488.5,29501.75,2296
2026-07-13 14:50:00-04:00,29503.5,29521.5,29492.75,29509.75,1890
2026-07-13 14:55:00-04:00,29493.5,29512.25,29483.5,29504.5,1859
2026-07-13 15:00:00-04:00,29517.5,29522.0,29475.25,29493.5,2685
2026-07-13 15:05:00-04:00,29479.25,29525.75,29478.25,29518.0,2280
2026-07-13 15:10:00-04:00,29464.0,29481.5,29451.0,29478.25,3348
2026-07-13 15:15:00-04:00,29455.75,29468.5,29452.5,29463.75,2126
2026-07-13 15:20:00-04:00,29434.75,29458.5,29416.0,29456.0,7025
2026-07-13 15:25:00-04:00,29418.5,29436.5,29402.5,29434.5,7865
2026-07-13 15:30:00-04:00,29437.25,29446.75,29412.75,29419.75,5592
2026-07-13 15:35:00-04:00,29406.5,29437.5,29393.25,29437.5,4916
2026-07-13 15:40:00-04:00,29451.0,29455.75,29397.25,29406.25,3987
2026-07-13 15:45:00-04:00,29459.75,29465.0,29434.25,29450.75,3349
2026-07-13 15:50:00-04:00,29467.5,29500.25,29452.75,29459.5,8818
2026-07-13 15:55:00-04:00,29466.5,29504.25,29461.25,29467.5,14866
2026-07-13 16:00:00-04:00,29463.25,29474.0,29451.0,29466.5,4613
2026-07-13 16:05:00-04:00,29452.75,29471.0,29449.25,29462.75,1753
2026-07-13 16:10:00-04:00,29454.5,29463.5,29436.25,29453.5,1682
2026-07-13 16:15:00-04:00,29420.0,29454.75,29386.5,29454.5,3242
2026-07-13 16:20:00-04:00,29432.25,29435.25,29416.5,29420.0,865
2026-07-13 16:25:00-04:00,29437.75,29440.5,29427.0,29433.0,403
2026-07-13 16:30:00-04:00,29433.0,29437.25,29424.5,29437.0,513
2026-07-13 16:35:00-04:00,29437.0,29438.0,29430.75,29432.75,299
2026-07-13 16:40:00-04:00,29435.25,29440.0,29425.25,29437.0,736
2026-07-13 16:45:00-04:00,29429.25,29438.25,29425.75,29434.25,543
2026-07-13 16:50:00-04:00,29433.75,29438.0,29420.0,29428.25,696
2026-07-13 16:55:00-04:00,29428.75,29444.25,29426.0,29433.0,624
2026-07-13 18:00:00-04:00,29449.25,29479.5,29437.75,29446.0,0
2026-07-13 18:05:00-04:00,29465.5,29475.75,29449.5,29449.5,472
2026-07-13 18:10:00-04:00,29452.25,29468.75,29451.75,29468.0,315
2026-07-13 18:15:00-04:00,29457.75,29465.0,29451.5,29452.0,161
2026-07-13 18:20:00-04:00,29440.25,29467.75,29438.5,29458.0,367
2026-07-13 18:25:00-04:00,29434.25,29449.5,29432.0,29440.25,325
2026-07-13 18:30:00-04:00,29431.5,29436.75,29427.25,29433.25,233
2026-07-13 18:35:00-04:00,29432.25,29437.25,29426.25,29431.5,212
2026-07-13 18:40:00-04:00,29441.0,29443.75,29433.5,29434.75,215
2026-07-13 18:45:00-04:00,29446.0,29458.75,29438.0,29442.25,401
2026-07-13 18:50:00-04:00,29412.25,29448.75,29412.0,29446.0,753
2026-07-13 18:55:00-04:00,29399.5,29412.25,29393.75,29412.25,658
2026-07-13 19:00:00-04:00,29374.0,29405.0,29372.25,29399.5,714
2026-07-13 19:05:00-04:00,29383.25,29390.25,29372.25,29374.0,373
2026-07-13 19:10:00-04:00,29381.0,29389.75,29366.75,29384.0,433
2026-07-13 19:15:00-04:00,29390.25,29391.25,29375.0,29382.0,278
2026-07-13 19:20:00-04:00,29393.25,29399.25,29382.0,29390.0,354
2026-07-13 19:25:00-04:00,29366.75,29394.25,29361.75,29392.25,709
2026-07-13 19:30:00-04:00,29352.25,29368.5,29348.0,29368.0,753
2026-07-13 19:35:00-04:00,29354.25,29379.5,29350.25,29351.75,771
2026-07-13 19:40:00-04:00,29333.75,29358.25,29329.0,29353.25,740
2026-07-13 19:45:00-04:00,29343.75,29353.75,29327.25,29332.5,640
2026-07-13 19:50:00-04:00,29381.75,29390.25,29335.0,29343.25,924
2026-07-13 19:55:00-04:00,29420.75,29423.75,29366.75,29383.25,1010
2026-07-13 20:00:00-04:00,29363.25,29452.25,29354.0,29422.5,2010
2026-07-13 20:05:00-04:00,29360.5,29376.75,29325.75,29366.0,1449
2026-07-13 20:10:00-04:00,29463.25,29468.75,29363.0,29363.0,2053
2026-07-13 20:15:00-04:00,29394.5,29475.75,29394.5,29465.5,1391
2026-07-13 20:20:00-04:00,29443.0,29451.0,29369.0,29395.25,1474
2026-07-13 20:25:00-04:00,29420.75,29444.5,29379.25,29443.0,1007
2026-07-13 20:30:00-04:00,29458.75,29471.0,29405.5,29420.25,1025
2026-07-13 20:35:00-04:00,29454.5,29488.0,29442.75,29457.5,1165
2026-07-13 20:40:00-04:00,29417.75,29476.25,29399.5,29451.0,981
2026-07-13 20:45:00-04:00,29457.25,29461.75,29412.5,29418.0,921
2026-07-13 20:50:00-04:00,29506.5,29512.5,29455.25,29455.25,1166
2026-07-13 20:55:00-04:00,29521.0,29535.0,29505.0,29505.5,1025
2026-07-13 21:00:00-04:00,29533.25,29541.25,29509.25,29521.0,914
2026-07-13 21:05:00-04:00,29519.5,29540.0,29509.75,29533.0,786
2026-07-13 21:10:00-04:00,29492.25,29523.25,29480.0,29518.5,839
2026-07-13 21:15:00-04:00,29515.25,29523.0,29481.0,29489.5,796
2026-07-13 21:20:00-04:00,29497.5,29521.0,29485.0,29514.0,927
2026-07-13 21:25:00-04:00,29504.75,29528.5,29491.25,29495.5,546
2026-07-13 21:30:00-04:00,29484.25,29516.5,29470.75,29507.0,804
2026-07-13 21:35:00-04:00,29469.75,29490.0,29452.25,29485.5,949
2026-07-13 21:40:00-04:00,29472.75,29483.0,29441.0,29471.25,917
2026-07-13 21:45:00-04:00,29498.75,29504.75,29474.5,29475.5,741
2026-07-13 21:50:00-04:00,29473.5,29502.0,29470.25,29495.25,467
2026-07-13 21:55:00-04:00,29445.0,29474.5,29437.0,29473.0,710
2026-07-13 22:00:00-04:00,29463.75,29474.0,29430.5,29447.25,801
2026-07-13 22:05:00-04:00,29465.0,29489.0,29461.5,29464.75,690
2026-07-13 22:10:00-04:00,29424.0,29469.0,29424.0,29464.75,623
2026-07-13 22:15:00-04:00,29400.0,29435.25,29400.0,29425.0,645
2026-07-13 22:20:00-04:00,29383.5,29411.5,29376.0,29401.0,1059
2026-07-13 22:25:00-04:00,29401.0,29403.5,29373.0,29383.0,658
2026-07-13 22:30:00-04:00,29372.5,29411.25,29370.25,29403.25,705
2026-07-13 22:35:00-04:00,29427.25,29429.0,29365.25,29374.5,874
2026-07-13 22:40:00-04:00,29444.5,29456.0,29420.0,29428.25,794
2026-07-13 22:45:00-04:00,29442.75,29453.25,29428.0,29445.5,440
2026-07-13 22:50:00-04:00,29390.5,29446.0,29388.25,29444.5,644
2026-07-13 22:55:00-04:00,29389.0,29398.75,29384.0,29391.25,309
2026-07-13 23:00:00-04:00,29363.25,29391.5,29354.75,29390.75,842
2026-07-13 23:05:00-04:00,29357.75,29369.0,29351.25,29362.75,412
2026-07-13 23:10:00-04:00,29335.0,29359.5,29328.5,29358.25,771
2026-07-13 23:15:00-04:00,29323.5,29337.0,29307.75,29334.0,943
2026-07-13 23:20:00-04:00,29332.0,29350.0,29303.5,29322.75,1317
2026-07-13 23:25:00-04:00,29376.75,29377.75,29329.75,29329.75,757
2026-07-13 23:30:00-04:00,29362.25,29405.0,29355.75,29376.5,1338
2026-07-13 23:35:00-04:00,29371.5,29380.5,29343.75,29362.75,761
2026-07-13 23:40:00-04:00,29359.25,29377.5,29334.25,29372.75,996
2026-07-13 23:45:00-04:00,29384.25,29405.0,29353.25,29358.5,737
2026-07-13 23:50:00-04:00,29417.25,29426.0,29382.25,29384.0,659
2026-07-13 23:55:00-04:00,29423.5,29425.75,29407.5,29416.0,367
2026-07-14 00:05:00-04:00,29397.25,29406.5,29393.25,29406.5,1186
2026-07-14 00:10:00-04:00,29391.0,29400.25,29371.25,29398.0,593
2026-07-14 00:15:00-04:00,29395.5,29403.75,29381.0,29391.0,298
2026-07-14 00:20:00-04:00,29427.25,29432.0,29397.5,29398.0,471
2026-07-14 00:25:00-04:00,29450.0,29452.75,29421.75,29425.5,425
2026-07-14 00:30:00-04:00,29462.5,29463.5,29442.5,29450.5,473
2026-07-14 00:35:00-04:00,29484.5,29488.0,29459.75,29462.5,438
2026-07-14 00:40:00-04:00,29474.25,29487.25,29468.0,29484.5,394
2026-07-14 00:45:00-04:00,29495.0,29500.0,29472.5,29473.75,365
2026-07-14 00:50:00-04:00,29497.75,29503.25,29478.0,29494.25,351
2026-07-14 00:55:00-04:00,29508.5,29516.5,29494.25,29498.0,487
2026-07-14 01:00:00-04:00,29511.75,29514.25,29490.0,29509.75,448
2026-07-14 01:05:00-04:00,29523.5,29533.5,29507.0,29510.25,468
2026-07-14 01:10:00-04:00,29545.5,29548.5,29520.5,29524.0,647
2026-07-14 01:15:00-04:00,29545.75,29551.75,29534.75,29546.25,584
2026-07-14 01:20:00-04:00,29587.25,29594.25,29547.5,29547.5,1167
2026-07-14 01:25:00-04:00,29604.5,29610.0,29580.75,29586.25,1240
2026-07-14 01:30:00-04:00,29602.5,29631.25,29598.0,29605.0,1134
2026-07-14 01:35:00-04:00,29594.25,29610.0,29585.0,29601.25,632
2026-07-14 01:40:00-04:00,29594.0,29599.0,29577.75,29595.0,509
2026-07-14 01:45:00-04:00,29594.75,29606.0,29582.75,29596.5,353
2026-07-14 01:50:00-04:00,29599.0,29601.0,29587.25,29595.25,434
2026-07-14 01:55:00-04:00,29593.0,29604.25,29589.0,29599.0,385
2026-07-14 02:00:00-04:00,29606.25,29612.0,29586.25,29592.0,642
2026-07-14 02:05:00-04:00,29618.25,29624.0,29605.5,29606.5,485
2026-07-14 02:10:00-04:00,29629.75,29634.75,29609.75,29619.5,555
2026-07-14 02:15:00-04:00,29641.5,29649.75,29621.0,29629.0,829
2026-07-14 02:20:00-04:00,29616.75,29649.0,29615.75,29639.5,636
2026-07-14 02:25:00-04:00,29606.25,29622.75,29595.0,29615.25,915
2026-07-14 02:30:00-04:00,29629.5,29634.25,29601.75,29606.25,552
2026-07-14 02:35:00-04:00,29614.75,29631.25,29609.5,29630.25,476
2026-07-14 02:40:00-04:00,29598.0,29611.75,29593.0,29611.75,426
2026-07-14 02:45:00-04:00,29580.25,29598.0,29575.0,29596.0,457
2026-07-14 02:50:00-04:00,29572.5,29588.5,29571.75,29580.0,200
2026-07-14 02:55:00-04:00,29564.25,29580.25,29562.75,29573.25,331
2026-07-14 03:00:00-04:00,29585.75,29586.75,29545.5,29564.0,744
2026-07-14 03:05:00-04:00,29592.5,29602.25,29581.75,29585.75,728
2026-07-14 03:10:00-04:00,29600.5,29600.5,29578.0,29592.5,520
2026-07-14 03:15:00-04:00,29591.0,29604.5,29583.25,29599.25,346
2026-07-14 03:20:00-04:00,29592.5,29602.0,29576.75,29590.25,352
2026-07-14 03:25:00-04:00,29604.5,29621.25,29595.0,29595.0,604
2026-07-14 03:30:00-04:00,29602.0,29608.25,29577.75,29606.0,450
2026-07-14 03:35:00-04:00,29600.5,29605.0,29585.25,29600.25,177
2026-07-14 03:40:00-04:00,29572.25,29600.0,29567.25,29595.0,258
2026-07-14 03:45:00-04:00,29596.0,29596.0,29557.25,29576.0,468
2026-07-14 03:50:00-04:00,29598.5,29609.75,29591.5,29595.25,447
2026-07-14 03:55:00-04:00,29574.5,29602.75,29568.25,29597.75,302
2026-07-14 04:00:00-04:00,29585.5,29602.0,29561.25,29575.0,918
2026-07-14 04:05:00-04:00,29558.75,29589.5,29547.75,29586.0,628
2026-07-14 04:10:00-04:00,29580.5,29585.0,29555.25,29557.0,523
2026-07-14 04:15:00-04:00,29605.75,29614.25,29582.0,29582.0,697
2026-07-14 04:20:00-04:00,29594.25,29612.0,29591.25,29606.25,369
2026-07-14 04:25:00-04:00,29618.25,29632.0,29598.25,29598.25,492
2026-07-14 04:30:00-04:00,29619.75,29629.25,29606.5,29617.75,439
2026-07-14 04:35:00-04:00,29622.0,29636.25,29614.5,29620.75,450
2026-07-14 04:40:00-04:00,29613.5,29626.0,29609.5,29619.75,303
2026-07-14 04:45:00-04:00,29583.0,29613.25,29580.75,29613.25,272
2026-07-14 04:50:00-04:00,29590.0,29593.5,29572.25,29583.25,314
2026-07-14 04:55:00-04:00,29573.0,29595.0,29570.75,29593.25,217
2026-07-14 05:00:00-04:00,29599.0,29600.5,29557.75,29573.0,409
2026-07-14 05:05:00-04:00,29609.25,29611.0,29584.5,29599.75,369
2026-07-14 05:10:00-04:00,29624.5,29626.5,29600.0,29609.25,421
2026-07-14 05:15:00-04:00,29603.25,29629.5,29592.0,29623.5,478
2026-07-14 05:20:00-04:00,29591.0,29607.5,29585.5,29605.25,296
2026-07-14 05:25:00-04:00,29574.75,29595.75,29572.25,29591.25,322
2026-07-14 05:30:00-04:00,29585.0,29591.0,29573.25,29573.5,248
2026-07-14 05:35:00-04:00,29595.25,29595.5,29584.0,29585.5,133
2026-07-14 05:40:00-04:00,29599.5,29609.75,29592.0,29593.75,408
2026-07-14 05:45:00-04:00,29623.0,29623.5,29598.0,29598.5,253
2026-07-14 05:50:00-04:00,29608.0,29623.75,29601.0,29621.75,280
2026-07-14 05:55:00-04:00,29602.25,29609.75,29596.75,29609.0,134
2026-07-14 06:00:00-04:00,29608.75,29610.5,29594.75,29603.25,151
2026-07-14 06:05:00-04:00,29613.25,29615.5,29599.0,29610.5,150
2026-07-14 06:10:00-04:00,29605.0,29620.25,29597.25,29612.5,197
2026-07-14 06:15:00-04:00,29599.0,29608.5,29592.25,29607.25,170
2026-07-14 06:20:00-04:00,29597.5,29600.0,29590.0,29598.5,104
2026-07-14 06:25:00-04:00,29598.75,29599.25,29585.5,29597.25,145
2026-07-14 06:30:00-04:00,29591.75,29609.0,29578.75,29595.75,402
2026-07-14 06:35:00-04:00,29615.0,29633.0,29588.0,29589.0,563
2026-07-14 06:40:00-04:00,29607.25,29615.5,29595.0,29615.5,362
2026-07-14 06:45:00-04:00,29614.25,29616.0,29601.0,29603.25,186
2026-07-14 06:50:00-04:00,29602.75,29620.5,29600.0,29611.0,292
2026-07-14 06:55:00-04:00,29607.25,29608.5,29589.25,29600.5,222
2026-07-14 07:00:00-04:00,29572.75,29621.25,29561.0,29606.75,1906
2026-07-14 07:05:00-04:00,29573.75,29596.75,29563.75,29571.75,800
2026-07-14 07:10:00-04:00,29608.0,29608.5,29555.0,29573.5,1004
2026-07-14 07:15:00-04:00,29635.25,29635.25,29605.5,29607.25,1173
2026-07-14 07:20:00-04:00,29655.25,29665.0,29627.0,29633.75,1327
2026-07-14 07:25:00-04:00,29640.5,29670.5,29640.5,29655.5,1214
2026-07-14 07:30:00-04:00,29633.75,29668.25,29631.75,29640.75,690
2026-07-14 07:35:00-04:00,29626.75,29641.0,29616.75,29635.25,632
2026-07-14 07:40:00-04:00,29620.5,29633.5,29613.75,29627.5,488
2026-07-14 07:45:00-04:00,29642.25,29656.5,29617.75,29619.0,685
2026-07-14 07:50:00-04:00,29645.5,29658.5,29638.25,29642.25,467
2026-07-14 07:55:00-04:00,29632.0,29654.0,29627.0,29644.75,411
2026-07-14 08:00:00-04:00,29599.75,29637.75,29597.5,29635.0,881
2026-07-14 08:05:00-04:00,29587.75,29601.0,29582.5,29599.75,717
2026-07-14 08:10:00-04:00,29590.25,29594.5,29570.0,29590.0,707
2026-07-14 08:15:00-04:00,29608.75,29618.0,29577.5,29591.75,905
2026-07-14 08:20:00-04:00,29651.0,29652.75,29596.75,29608.5,981
2026-07-14 08:25:00-04:00,29694.0,29694.0,29650.0,29650.5,1937
2026-07-14 08:30:00-04:00,29897.25,29921.75,29677.0,29694.0,9903
2026-07-14 08:35:00-04:00,29831.5,29896.25,29805.0,29896.25,5012
2026-07-14 08:40:00-04:00,29821.5,29849.5,29805.0,29830.0,2477
2026-07-14 08:45:00-04:00,29804.5,29838.75,29786.25,29822.75,2102
2026-07-14 08:50:00-04:00,29773.25,29804.5,29762.0,29803.75,2432
2026-07-14 08:55:00-04:00,29772.5,29788.25,29754.0,29775.0,1809
2026-07-14 09:00:00-04:00,29775.25,29795.75,29764.5,29773.75,1712
2026-07-14 09:05:00-04:00,29790.75,29809.0,29771.5,29777.25,1597
2026-07-14 09:10:00-04:00,29782.25,29800.75,29771.75,29789.75,1202
2026-07-14 09:15:00-04:00,29756.5,29786.25,29755.5,29782.75,1346
2026-07-14 09:20:00-04:00,29795.5,29798.5,29742.5,29756.5,2067
2026-07-14 09:25:00-04:00,29811.75,29832.0,29794.5,29796.25,3571
2026-07-14 09:30:00-04:00,29694.5,29815.75,29689.75,29811.0,11319
2026-07-14 09:35:00-04:00,29770.0,29798.0,29685.0,29693.0,8893
2026-07-14 09:40:00-04:00,29754.25,29781.0,29701.0,29769.75,7558
2026-07-14 09:45:00-04:00,29765.0,29808.5,29725.0,29752.75,7681
2026-07-14 09:50:00-04:00,29757.75,29799.5,29714.0,29765.25,6283
2026-07-14 09:55:00-04:00,29781.25,29795.75,29738.5,29757.25,3705
2026-07-14 10:00:00-04:00,29692.0,29804.75,29688.75,29780.25,8122
2026-07-14 10:05:00-04:00,29665.25,29704.25,29637.0,29693.75,7779
2026-07-14 10:10:00-04:00,29665.25,29690.5,29639.25,29667.25,5696
2026-07-14 10:15:00-04:00,29630.0,29663.75,29567.5,29662.75,10004
2026-07-14 10:20:00-04:00,29659.75,29715.0,29626.5,29630.5,6824
2026-07-14 10:25:00-04:00,29684.5,29733.0,29638.25,29659.0,5615
2026-07-14 10:30:00-04:00,29770.0,29839.75,29658.25,29683.75,9900
2026-07-14 10:35:00-04:00,29784.75,29800.0,29751.0,29769.0,6016
2026-07-14 10:40:00-04:00,29728.0,29801.5,29715.75,29786.0,4559
2026-07-14 10:45:00-04:00,29686.5,29745.5,29676.75,29728.75,4673
2026-07-14 10:50:00-04:00,29758.75,29758.75,29659.5,29686.5,4476
2026-07-14 10:55:00-04:00,29772.5,29784.5,29752.0,29757.75,3667
2026-07-14 11:00:00-04:00,29804.5,29844.0,29753.75,29773.5,8477
2026-07-14 11:05:00-04:00,29855.5,29864.0,29794.5,29805.5,5715
2026-07-14 11:10:00-04:00,29848.75,29865.5,29839.0,29857.5,4178
2026-07-14 11:15:00-04:00,29848.0,29867.25,29825.25,29847.5,4049
2026-07-14 11:20:00-04:00,29875.25,29880.5,29832.5,29847.0,4454
2026-07-14 11:25:00-04:00,29884.5,29889.0,29859.25,29875.0,3892
2026-07-14 11:30:00-04:00,29845.0,29895.75,29836.0,29885.0,5756
2026-07-14 11:35:00-04:00,29859.75,29866.0,29825.75,29845.0,3480
2026-07-14 11:40:00-04:00,29835.75,29859.25,29799.0,29859.25,4351
2026-07-14 11:45:00-04:00,29827.75,29852.0,29827.0,29834.0,2591
2026-07-14 11:50:00-04:00,29775.5,29835.75,29768.75,29828.75,4368
2026-07-14 11:55:00-04:00,29785.5,29798.25,29760.0,29775.5,3599
2026-07-14 12:00:00-04:00,29734.0,29791.25,29716.25,29786.0,4929
2026-07-14 12:05:00-04:00,29746.5,29762.25,29711.0,29734.25,4421
2026-07-14 12:10:00-04:00,29738.0,29756.0,29721.75,29748.25,2691
2026-07-14 12:15:00-04:00,29748.75,29749.5,29704.5,29739.75,3894
2026-07-14 12:20:00-04:00,29755.75,29760.5,29725.0,29748.75,2702
2026-07-14 12:25:00-04:00,29779.25,29784.0,29755.5,29756.5,2420
2026-07-14 12:30:00-04:00,29784.75,29790.75,29750.25,29778.5,3337
2026-07-14 12:35:00-04:00,29787.5,29796.25,29768.0,29785.5,2286
2026-07-14 12:40:00-04:00,29809.5,29824.25,29780.75,29787.0,2582
2026-07-14 12:45:00-04:00,29809.75,29830.0,29783.5,29809.75,3158
2026-07-14 12:50:00-04:00,29807.5,29821.0,29803.0,29809.25,1885
2026-07-14 12:55:00-04:00,29826.75,29826.75,29808.5,29808.5,1828
2026-07-14 13:00:00-04:00,29821.0,29838.0,29818.0,29826.75,2904
2026-07-14 13:05:00-04:00,29844.5,29847.25,29814.5,29821.5,2022
2026-07-14 13:10:00-04:00,29822.5,29851.0,29821.25,29844.0,2199
2026-07-14 13:15:00-04:00,29835.0,29836.25,29807.0,29822.25,2745
2026-07-14 13:20:00-04:00,29858.0,29864.0,29834.75,29835.0,2850
2026-07-14 13:25:00-04:00,29850.0,29867.0,29845.0,29857.75,1846
2026-07-14 13:30:00-04:00,29831.0,29861.5,29830.25,29849.5,1873
2026-07-14 13:35:00-04:00,29851.75,29854.0,29818.75,29831.5,1705
2026-07-14 13:40:00-04:00,29846.0,29858.5,29837.25,29851.5,1419
2026-07-14 13:45:00-04:00,29850.0,29858.5,29829.0,29846.0,1673
2026-07-14 13:50:00-04:00,29860.5,29864.25,29848.5,29849.25,1554
2026-07-14 13:55:00-04:00,29863.25,29865.5,29853.5,29860.5,1448
2026-07-14 14:00:00-04:00,29866.75,29870.0,29842.5,29863.0,2051
2026-07-14 14:05:00-04:00,29863.75,29868.0,29844.5,29865.75,1905
2026-07-14 14:10:00-04:00,29869.25,29871.75,29859.0,29864.0,1415
2026-07-14 14:15:00-04:00,29866.25,29878.25,29860.75,29868.75,1539
2026-07-14 14:20:00-04:00,29855.5,29870.5,29851.25,29866.25,1325
2026-07-14 14:25:00-04:00,29853.75,29866.25,29847.5,29854.75,1474
2026-07-14 14:30:00-04:00,29862.5,29864.25,29844.5,29854.0,1640
2026-07-14 14:35:00-04:00,29848.75,29869.5,29836.0,29862.75,2558
2026-07-14 14:40:00-04:00,29824.75,29849.0,29810.5,29849.0,3694
2026-07-14 14:45:00-04:00,29816.5,29837.75,29814.75,29825.75,1784
2026-07-14 14:50:00-04:00,29836.25,29843.5,29813.0,29817.0,2050
2026-07-14 14:55:00-04:00,29824.0,29836.25,29819.25,29836.0,1462
2026-07-14 15:00:00-04:00,29798.25,29832.5,29793.0,29824.5,2744
2026-07-14 15:05:00-04:00,29788.75,29803.75,29780.0,29798.0,2518
2026-07-14 15:10:00-04:00,29816.0,29824.25,29784.5,29789.25,2822
2026-07-14 15:15:00-04:00,29819.75,29827.75,29808.75,29816.0,2365
2026-07-14 15:20:00-04:00,29835.0,29837.75,29811.25,29820.5,2082
2026-07-14 15:25:00-04:00,29796.75,29835.5,29796.5,29835.0,2202
2026-07-14 15:30:00-04:00,29800.75,29803.75,29771.0,29797.25,4524
2026-07-14 15:35:00-04:00,29791.5,29810.0,29787.0,29799.75,1970
2026-07-14 15:40:00-04:00,29811.5,29817.25,29788.5,29791.25,2075
2026-07-14 15:45:00-04:00,29820.5,29824.0,29807.25,29811.25,2040
2026-07-14 15:50:00-04:00,29803.75,29836.0,29798.25,29820.5,5302
2026-07-14 15:55:00-04:00,29786.75,29818.25,29779.0,29804.75,10760
2026-07-14 16:00:00-04:00,29776.75,29799.5,29772.5,29786.5,5360
2026-07-14 16:05:00-04:00,29789.75,29810.0,29773.75,29776.0,2504
2026-07-14 16:10:00-04:00,29788.25,29792.5,29777.5,29789.25,1321
2026-07-14 16:15:00-04:00,29787.75,29792.25,29784.75,29787.5,491
2026-07-14 16:20:00-04:00,29775.75,29788.0,29768.25,29788.0,620
2026-07-14 16:25:00-04:00,29775.0,29781.25,29767.75,29776.0,482
2026-07-14 16:30:00-04:00,29783.75,29785.0,29772.75,29774.5,668
2026-07-14 16:35:00-04:00,29797.25,29799.25,29784.5,29784.75,591
2026-07-14 16:40:00-04:00,29796.0,29799.0,29793.25,29797.25,316
2026-07-14 16:45:00-04:00,29798.0,29801.5,29795.5,29796.25,176
2026-07-14 16:50:00-04:00,29796.5,29797.5,29786.5,29786.5,537
2026-07-14 16:55:00-04:00,29793.5,29801.25,29791.75,29796.0,395
2026-07-14 18:00:00-04:00,29787.5,29806.25,29779.25,29805.0,0
2026-07-14 18:05:00-04:00,29772.75,29792.5,29768.0,29785.5,414
2026-07-14 18:10:00-04:00,29753.0,29780.0,29745.5,29772.25,658
2026-07-14 18:15:00-04:00,29774.75,29775.5,29752.0,29755.75,405
2026-07-14 18:20:00-04:00,29790.0,29797.25,29771.25,29774.75,477
2026-07-14 18:25:00-04:00,29786.25,29794.5,29785.0,29792.0,201
2026-07-14 18:30:00-04:00,29784.75,29796.0,29783.25,29788.5,259
2026-07-14 18:35:00-04:00,29785.25,29789.25,29782.5,29784.25,126
2026-07-14 18:40:00-04:00,29779.75,29787.0,29774.75,29785.0,316
2026-07-14 18:45:00-04:00,29776.25,29783.25,29775.25,29779.75,169
2026-07-14 18:50:00-04:00,29768.0,29780.5,29765.0,29777.0,407
2026-07-14 18:55:00-04:00,29773.25,29778.5,29764.25,29767.75,278
2026-07-14 19:00:00-04:00,29775.75,29778.0,29758.0,29772.75,457
2026-07-14 19:05:00-04:00,29784.5,29791.75,29777.75,29778.5,386
2026-07-14 19:10:00-04:00,29794.75,29799.75,29782.25,29783.0,269
2026-07-14 19:15:00-04:00,29792.5,29798.75,29785.0,29793.75,258
2026-07-14 19:20:00-04:00,29803.5,29806.0,29787.5,29790.75,357
2026-07-14 19:25:00-04:00,29866.75,29873.0,29800.75,29803.25,1413
2026-07-14 19:30:00-04:00,29866.75,29881.5,29862.0,29866.25,525
2026-07-14 19:35:00-04:00,29864.5,29872.5,29862.0,29866.25,210
2026-07-14 19:40:00-04:00,29849.25,29875.75,29847.5,29865.75,520
2026-07-14 19:45:00-04:00,29875.25,29876.0,29844.5,29848.5,414
2026-07-14 19:50:00-04:00,29890.75,29894.0,29864.0,29872.5,612
2026-07-14 19:55:00-04:00,29889.25,29900.0,29876.0,29890.25,613
2026-07-14 20:00:00-04:00,29863.5,29897.0,29855.0,29889.0,831
2026-07-14 20:05:00-04:00,29868.0,29870.75,29837.5,29863.5,694
2026-07-14 20:10:00-04:00,29893.0,29902.75,29863.75,29867.25,948
2026-07-14 20:15:00-04:00,29898.5,29909.25,29882.0,29888.75,707
2026-07-14 20:20:00-04:00,29911.5,29938.0,29898.5,29898.5,1044
2026-07-14 20:25:00-04:00,29918.0,29921.0,29905.25,29910.25,358
2026-07-14 20:30:00-04:00,29898.25,29928.5,29897.0,29920.25,597
2026-07-14 20:35:00-04:00,29888.75,29900.25,29868.0,29898.75,734
2026-07-14 20:40:00-04:00,29858.25,29898.5,29841.0,29889.0,985
2026-07-14 20:45:00-04:00,29883.0,29891.0,29849.0,29858.25,672
2026-07-14 20:50:00-04:00,29903.5,29911.5,29880.25,29880.75,457
2026-07-14 20:55:00-04:00,29918.0,29929.5,29902.25,29907.0,467
2026-07-14 21:00:00-04:00,29886.0,29927.0,29864.25,29920.0,786
2026-07-14 21:05:00-04:00,29877.0,29893.25,29862.75,29887.75,604
2026-07-14 21:10:00-04:00,29886.25,29889.25,29860.0,29878.75,504
2026-07-14 21:15:00-04:00,29907.0,29918.25,29885.0,29885.0,513
2026-07-14 21:20:00-04:00,29911.25,29922.5,29896.25,29909.0,385
2026-07-14 21:25:00-04:00,29922.75,29942.75,29907.5,29909.75,708
2026-07-14 21:30:00-04:00,29920.0,29933.75,29914.0,29924.25,496
2026-07-14 21:35:00-04:00,29939.25,29944.0,29911.0,29920.25,531
2026-07-14 21:40:00-04:00,29892.75,29938.25,29891.5,29938.25,610
2026-07-14 21:45:00-04:00,29918.5,29923.25,29891.75,29894.25,428
2026-07-14 21:50:00-04:00,29935.0,29937.25,29911.75,29920.5,370
2026-07-14 21:55:00-04:00,29957.25,29959.25,29934.25,29934.75,679
2026-07-14 22:00:00-04:00,29960.0,29961.0,29949.25,29958.75,374
2026-07-14 22:05:00-04:00,29966.0,29974.0,29953.0,29960.0,505
2026-07-14 22:10:00-04:00,29963.5,29981.0,29958.5,29965.75,601
2026-07-14 22:15:00-04:00,29972.5,29981.75,29959.5,29966.5,500
2026-07-14 22:20:00-04:00,29961.5,29979.5,29959.75,29972.25,419
2026-07-14 22:25:00-04:00,29966.75,29973.5,29958.5,29960.75,381
2026-07-14 22:30:00-04:00,29973.5,29981.5,29966.5,29970.0,350
2026-07-14 22:35:00-04:00,29981.5,29985.5,29970.0,29973.75,370
2026-07-14 22:40:00-04:00,29983.0,29985.75,29978.25,29981.75,222
2026-07-14 22:45:00-04:00,29978.0,29987.25,29976.75,29984.0,208
2026-07-14 22:50:00-04:00,29968.25,29979.5,29964.0,29978.5,298
2026-07-14 22:55:00-04:00,29960.75,29978.25,29959.0,29969.0,407
2026-07-14 23:00:00-04:00,29964.0,29967.75,29956.0,29961.0,329
2026-07-14 23:05:00-04:00,29957.5,29964.0,29953.5,29961.5,246
2026-07-14 23:10:00-04:00,29960.0,29960.25,29947.25,29958.75,427
2026-07-14 23:15:00-04:00,29977.5,29981.0,29955.0,29959.5,603
2026-07-14 23:20:00-04:00,29969.25,29980.5,29968.0,29979.25,237
2026-07-14 23:25:00-04:00,29978.5,29985.0,29969.25,29969.5,259
2026-07-14 23:30:00-04:00,29996.25,29997.25,29977.25,29979.0,620
2026-07-14 23:35:00-04:00,29992.75,29998.5,29991.25,29995.0,262
2026-07-14 23:40:00-04:00,29987.25,30002.0,29987.0,29990.75,353
2026-07-14 23:45:00-04:00,30006.75,30008.0,29986.0,29987.75,240
2026-07-14 23:50:00-04:00,30014.25,30018.0,30008.5,30008.5,409
2026-07-14 23:55:00-04:00,30014.0,30019.25,30010.25,30015.5,130
2026-07-15 00:05:00-04:00,29997.75,30002.0,29995.75,30000.25,570
2026-07-15 00:10:00-04:00,30000.25,30006.75,29997.0,29997.75,235
2026-07-15 00:15:00-04:00,30008.5,30009.75,29997.25,30000.25,156
2026-07-15 00:20:00-04:00,30009.5,30013.0,30002.75,30008.0,161
2026-07-15 00:25:00-04:00,29990.25,30010.75,29989.25,30010.25,303
2026-07-15 00:30:00-04:00,29988.5,29998.25,29983.25,29990.75,413
2026-07-15 00:35:00-04:00,30006.0,30007.75,29988.25,29988.25,270
2026-07-15 00:40:00-04:00,30005.0,30011.5,30002.0,30005.0,285
2026-07-15 00:45:00-04:00,30005.5,30013.5,30003.75,30006.0,172
2026-07-15 00:50:00-04:00,30011.75,30018.0,30004.5,30004.5,195
2026-07-15 00:55:00-04:00,30021.75,30025.0,30006.75,30011.0,423
2026-07-15 01:00:00-04:00,30014.5,30058.25,30001.25,30022.5,2523
2026-07-15 01:05:00-04:00,30022.75,30023.75,29992.5,30015.5,775
2026-07-15 01:10:00-04:00,29999.25,30025.75,29995.0,30023.75,725
2026-07-15 01:15:00-04:00,30019.0,30023.25,29995.5,30000.0,274
2026-07-15 01:20:00-04:00,29998.5,30025.0,29997.5,30018.5,335
2026-07-15 01:25:00-04:00,29981.75,29998.0,29976.75,29998.0,678
2026-07-15 01:30:00-04:00,29992.25,29994.25,29967.75,29980.75,615
2026-07-15 01:35:00-04:00,30008.5,30009.5,29988.75,29991.75,582
2026-07-15 01:40:00-04:00,29992.25,30009.25,29988.0,30009.25,368
2026-07-15 01:45:00-04:00,30000.75,30007.0,29984.25,29990.5,329
2026-07-15 01:50:00-04:00,30010.25,30012.0,29990.75,30000.25,316
2026-07-15 01:55:00-04:00,30032.0,30032.0,30009.0,30009.0,538
2026-07-15 02:00:00-04:00,30049.0,30049.25,30031.25,30031.75,862
2026-07-15 02:05:00-04:00,30038.0,30050.0,30033.0,30049.0,691
2026-07-15 02:10:00-04:00,30042.5,30044.75,30027.75,30040.5,318
2026-07-15 02:15:00-04:00,30036.5,30041.0,30026.5,30040.5,302
2026-07-15 02:20:00-04:00,30034.0,30038.75,30023.0,30038.75,166
2026-07-15 02:25:00-04:00,30039.25,30045.25,30031.75,30036.25,271
2026-07-15 02:30:00-04:00,30024.25,30045.25,30009.75,30041.75,698
2026-07-15 02:35:00-04:00,30019.25,30031.0,30018.25,30024.5,165
2026-07-15 02:40:00-04:00,30018.75,30025.75,30014.75,30019.75,214
2026-07-15 02:45:00-04:00,30022.25,30026.5,30017.5,30018.5,277
2026-07-15 02:50:00-04:00,30029.0,30032.0,30015.25,30024.5,251
2026-07-15 02:55:00-04:00,30030.0,30038.0,30012.25,30028.75,751
2026-07-15 03:00:00-04:00,30046.5,30052.25,30007.5,30030.5,770
2026-07-15 03:05:00-04:00,30042.25,30062.5,30036.25,30046.5,774
2026-07-15 03:10:00-04:00,30036.25,30049.25,30033.75,30043.0,533
2026-07-15 03:15:00-04:00,30019.25,30035.75,30015.0,30035.75,706
2026-07-15 03:20:00-04:00,29989.5,30019.25,29987.5,30019.25,476
2026-07-15 03:25:00-04:00,29969.0,29989.5,29928.0,29989.5,1689
2026-07-15 03:30:00-04:00,29960.25,29970.25,29945.25,29968.0,809
2026-07-15 03:35:00-04:00,29977.5,29980.5,29960.25,29960.25,676
2026-07-15 03:40:00-04:00,29979.0,29989.75,29973.0,29976.5,526
2026-07-15 03:45:00-04:00,29992.0,29997.25,29971.0,29979.0,363
2026-07-15 03:50:00-04:00,29991.25,30005.25,29989.25,29991.75,370
2026-07-15 03:55:00-04:00,29996.25,29998.0,29984.75,29991.25,294
2026-07-15 04:00:00-04:00,29931.5,29998.75,29917.0,29997.25,1217
2026-07-15 04:05:00-04:00,29927.25,29940.0,29919.75,29933.0,611
2026-07-15 04:10:00-04:00,29918.25,29932.75,29909.0,29927.25,819
2026-07-15 04:15:00-04:00,29909.5,29924.75,29897.0,29918.25,717
2026-07-15 04:20:00-04:00,29885.75,29914.75,29872.0,29908.5,667
2026-07-15 04:25:00-04:00,29913.5,29913.5,29881.75,29885.5,541
2026-07-15 04:30:00-04:00,29909.75,29920.0,29901.0,29912.75,381
2026-07-15 04:35:00-04:00,29916.75,29918.0,29897.75,29909.25,265
2026-07-15 04:40:00-04:00,29925.5,29926.25,29902.25,29915.75,598
2026-07-15 04:45:00-04:00,29929.0,29943.5,29924.75,29925.0,465
2026-07-15 04:50:00-04:00,29916.25,29930.0,29911.75,29928.0,303
2026-07-15 04:55:00-04:00,29936.5,29940.25,29913.75,29916.75,240
2026-07-15 05:00:00-04:00,29951.5,29951.75,29937.75,29937.75,298
2026-07-15 05:05:00-04:00,29953.75,29954.75,29943.5,29951.0,324
2026-07-15 05:10:00-04:00,29954.0,29958.0,29943.25,29955.25,188
2026-07-15 05:15:00-04:00,29953.75,29958.25,29943.25,29953.25,235
2026-07-15 05:20:00-04:00,29959.0,29963.5,29952.0,29953.25,170
2026-07-15 05:25:00-04:00,29950.25,29959.25,29946.25,29956.75,154
2026-07-15 05:30:00-04:00,29935.75,29950.5,29934.0,29947.75,267
2026-07-15 05:35:00-04:00,29939.0,29949.25,29928.25,29935.75,262
2026-07-15 05:40:00-04:00,29951.0,29959.75,29937.0,29939.0,223
2026-07-15 05:45:00-04:00,29935.25,29952.0,29929.0,29952.0,195
2026-07-15 05:50:00-04:00,29930.5,29946.0,29921.25,29933.0,241
2026-07-15 05:55:00-04:00,29924.75,29931.0,29914.25,29930.5,228
2026-07-15 06:00:00-04:00,29928.0,29932.0,29916.25,29926.0,222
2026-07-15 06:05:00-04:00,29927.0,29933.75,29924.5,29926.5,130
2026-07-15 06:10:00-04:00,29942.25,29944.0,29925.0,29927.75,168
2026-07-15 06:15:00-04:00,29932.25,29947.25,29930.25,29942.25,156
2026-07-15 06:20:00-04:00,29904.75,29940.75,29901.0,29931.5,655
2026-07-15 06:25:00-04:00,29896.0,29909.25,29886.0,29904.25,472
2026-07-15 06:30:00-04:00,29899.25,29907.0,29890.0,29897.75,388
2026-07-15 06:35:00-04:00,29916.5,29921.25,29898.0,29901.0,310
2026-07-15 06:40:00-04:00,29901.75,29915.0,29899.5,29914.75,228
2026-07-15 06:45:00-04:00,29918.0,29918.5,29899.75,29902.0,175
2026-07-15 06:50:00-04:00,29923.75,29923.75,29912.75,29916.5,159
2026-07-15 06:55:00-04:00,29927.25,29934.25,29921.0,29921.75,352
2026-07-15 07:00:00-04:00,29939.5,29953.0,29924.5,29926.0,475
2026-07-15 07:05:00-04:00,29935.75,29942.0,29919.5,29940.75,310
2026-07-15 07:10:00-04:00,29925.0,29940.75,29923.75,29936.0,222
2026-07-15 07:15:00-04:00,29926.0,29942.5,29920.75,29925.25,307
2026-07-15 07:20:00-04:00,29926.5,29936.75,29924.5,29925.0,218
2026-07-15 07:25:00-04:00,29921.5,29932.0,29915.25,29925.5,221
2026-07-15 07:30:00-04:00,29930.25,29932.0,29911.5,29922.75,274
2026-07-15 07:35:00-04:00,29932.0,29938.5,29923.25,29930.25,238
2026-07-15 07:40:00-04:00,29928.25,29942.0,29924.0,29934.0,231
2026-07-15 07:45:00-04:00,29910.75,29928.0,29906.75,29928.0,393
2026-07-15 07:50:00-04:00,29910.5,29925.5,29904.5,29910.75,384
2026-07-15 07:55:00-04:00,29912.5,29926.0,29909.25,29910.5,263
2026-07-15 08:00:00-04:00,29902.75,29919.5,29901.0,29914.5,372
2026-07-15 08:05:00-04:00,29891.0,29901.75,29876.5,29901.5,621
2026-07-15 08:10:00-04:00,29881.0,29892.75,29873.75,29890.25,430
2026-07-15 08:15:00-04:00,29880.0,29892.75,29880.0,29882.25,304
2026-07-15 08:20:00-04:00,29866.5,29882.75,29856.5,29882.0,625
2026-07-15 08:25:00-04:00,29875.5,29884.5,29856.25,29866.5,548
2026-07-15 08:30:00-04:00,29943.25,29951.0,29856.5,29875.25,3136
2026-07-15 08:35:00-04:00,29935.75,29960.5,29932.5,29941.75,1431
2026-07-15 08:40:00-04:00,29951.5,29973.75,29924.5,29937.0,2090
2026-07-15 08:45:00-04:00,29974.75,29978.25,29941.75,29952.0,1104
2026-07-15 08:50:00-04:00,29986.0,29989.75,29971.5,29974.0,1102
2026-07-15 08:55:00-04:00,29980.0,29995.25,29978.25,29984.75,1558
2026-07-15 09:00:00-04:00,29987.25,29991.25,29976.25,29980.0,822
2026-07-15 09:05:00-04:00,29971.25,29999.75,29966.25,29988.25,1053
2026-07-15 09:10:00-04:00,29946.5,29973.0,29939.25,29970.75,1397
2026-07-15 09:15:00-04:00,29956.0,29958.0,29942.75,29948.0,767
2026-07-15 09:20:00-04:00,29949.25,29955.25,29939.75,29955.0,978
2026-07-15 09:25:00-04:00,29954.75,29966.75,29936.25,29949.75,2003
2026-07-15 09:30:00-04:00,29953.0,29977.5,29912.5,29955.25,10316
2026-07-15 09:35:00-04:00,29882.25,29966.5,29852.0,29953.25,10290
2026-07-15 09:40:00-04:00,29833.75,29884.5,29831.0,29883.25,7420
2026-07-15 09:45:00-04:00,29784.75,29847.25,29775.25,29833.25,10406
2026-07-15 09:50:00-04:00,29798.5,29801.75,29754.5,29785.0,8900
2026-07-15 09:55:00-04:00,29822.5,29824.25,29779.5,29798.0,8315
2026-07-15 10:00:00-04:00,29844.25,29871.75,29822.25,29823.5,7002
2026-07-15 10:05:00-04:00,29861.0,29892.5,29826.25,29844.5,5892
2026-07-15 10:10:00-04:00,29806.5,29873.75,29806.0,29860.75,5498
2026-07-15 10:15:00-04:00,29799.0,29830.75,29787.5,29806.5,6160
2026-07-15 10:20:00-04:00,29673.5,29803.25,29655.25,29800.0,12352
2026-07-15 10:25:00-04:00,29724.0,29728.5,29639.25,29672.75,9768
2026-07-15 10:30:00-04:00,29689.5,29736.75,29646.0,29723.75,8282
2026-07-15 10:35:00-04:00,29602.75,29701.75,29587.0,29691.0,8989
2026-07-15 10:40:00-04:00,29600.5,29624.25,29536.75,29602.75,10215
2026-07-15 10:45:00-04:00,29639.25,29644.0,29562.5,29600.5,7248
2026-07-15 10:50:00-04:00,29601.25,29641.75,29578.0,29639.0,6450
2026-07-15 10:55:00-04:00,29630.75,29633.5,29585.25,29602.25,4212
2026-07-15 11:00:00-04:00,29590.0,29642.75,29583.0,29632.0,4068
2026-07-15 11:05:00-04:00,29652.75,29655.0,29579.5,29590.25,3831
2026-07-15 11:10:00-04:00,29592.25,29661.75,29589.0,29653.0,4260
2026-07-15 11:15:00-04:00,29609.5,29611.0,29526.5,29591.0,6887
2026-07-15 11:20:00-04:00,29582.0,29608.75,29540.0,29608.5,4866
2026-07-15 11:25:00-04:00,29641.0,29642.0,29573.0,29583.0,5115
2026-07-15 11:30:00-04:00,29634.5,29656.0,29612.25,29640.75,4556
2026-07-15 11:35:00-04:00,29647.75,29652.75,29586.25,29635.25,3840
2026-07-15 11:40:00-04:00,29615.75,29656.25,29605.0,29648.5,3371
2026-07-15 11:45:00-04:00,29596.75,29618.0,29578.25,29616.5,4231
2026-07-15 11:50:00-04:00,29583.0,29597.75,29560.0,29596.5,3198
2026-07-15 11:55:00-04:00,29582.0,29590.0,29565.75,29584.25,2164
2026-07-15 12:00:00-04:00,29532.75,29599.5,29516.0,29580.25,5247
2026-07-15 12:05:00-04:00,29514.25,29535.75,29479.0,29532.5,5986
2026-07-15 12:10:00-04:00,29476.25,29523.0,29471.25,29513.75,3832
2026-07-15 12:15:00-04:00,29474.75,29496.75,29465.0,29475.5,4080
2026-07-15 12:20:00-04:00,29441.75,29483.0,29431.25,29474.75,4863
2026-07-15 12:25:00-04:00,29462.0,29467.75,29432.25,29440.5,4226
2026-07-15 12:30:00-04:00,29434.0,29483.25,29426.0,29462.0,3987
2026-07-15 12:35:00-04:00,29417.0,29435.25,29408.0,29435.0,4206
2026-07-15 12:40:00-04:00,29445.0,29448.75,29397.0,29416.75,4274
2026-07-15 12:45:00-04:00,29477.75,29540.25,29433.75,29445.75,6647
2026-07-15 12:50:00-04:00,29495.75,29517.75,29475.0,29477.25,4452
2026-07-15 12:55:00-04:00,29512.75,29513.75,29460.75,29495.75,3263
2026-07-15 13:00:00-04:00,29526.0,29540.0,29504.75,29512.75,3627
2026-07-15 13:05:00-04:00,29551.5,29561.75,29518.75,29526.5,3131
2026-07-15 13:10:00-04:00,29532.25,29560.25,29530.0,29551.25,2691
2026-07-15 13:15:00-04:00,29580.75,29586.0,29526.75,29531.25,2923
2026-07-15 13:20:00-04:00,29587.5,29596.75,29567.25,29580.5,3432
2026-07-15 13:25:00-04:00,29604.0,29608.25,29571.75,29588.25,3016
2026-07-15 13:30:00-04:00,29620.0,29626.75,29604.5,29604.75,4478
2026-07-15 13:35:00-04:00,29630.5,29633.25,29608.0,29620.0,2797
2026-07-15 13:40:00-04:00,29634.0,29637.5,29620.0,29631.25,2489
2026-07-15 13:45:00-04:00,29676.5,29681.0,29625.25,29633.25,4537
2026-07-15 13:50:00-04:00,29700.75,29705.75,29668.5,29676.75,5740
2026-07-15 13:55:00-04:00,29686.5,29704.0,29679.0,29701.25,3306
2026-07-15 14:00:00-04:00,29701.5,29715.0,29681.75,29686.5,3878
2026-07-15 14:05:00-04:00,29718.5,29725.0,29697.5,29700.5,3491
2026-07-15 14:10:00-04:00,29716.25,29730.0,29714.75,29719.0,3268
2026-07-15 14:15:00-04:00,29705.25,29717.0,29684.75,29716.25,4324
2026-07-15 14:20:00-04:00,29736.0,29742.75,29703.0,29705.0,3801
2026-07-15 14:25:00-04:00,29724.5,29737.75,29718.75,29736.0,2682
2026-07-15 14:30:00-04:00,29723.75,29735.0,29717.25,29724.5,2248
2026-07-15 14:35:00-04:00,29689.0,29723.25,29687.75,29722.75,3037
2026-07-15 14:40:00-04:00,29662.75,29703.25,29658.0,29688.75,3447
2026-07-15 14:45:00-04:00,29641.75,29665.75,29634.5,29662.25,4119
2026-07-15 14:50:00-04:00,29624.5,29648.75,29604.0,29642.25,4405
2026-07-15 14:55:00-04:00,29613.25,29636.0,29595.0,29625.25,3322
2026-07-15 15:00:00-04:00,29656.25,29661.75,29604.75,29613.0,4081
2026-07-15 15:05:00-04:00,29637.5,29668.75,29631.75,29656.5,3107
2026-07-15 15:10:00-04:00,29643.0,29655.25,29630.75,29637.25,3179
2026-07-15 15:15:00-04:00,29618.0,29649.0,29616.25,29644.0,2088
2026-07-15 15:20:00-04:00,29603.0,29618.25,29591.25,29616.75,3399
2026-07-15 15:25:00-04:00,29643.25,29643.25,29589.0,29602.75,2913
2026-07-15 15:30:00-04:00,29622.25,29668.0,29612.25,29643.25,6603
2026-07-15 15:35:00-04:00,29656.0,29658.5,29608.5,29623.25,2964
2026-07-15 15:40:00-04:00,29683.75,29695.5,29653.5,29656.5,4008
2026-07-15 15:45:00-04:00,29653.75,29687.75,29648.5,29684.25,2883
2026-07-15 15:50:00-04:00,29680.75,29691.25,29653.75,29655.0,4777
2026-07-15 15:55:00-04:00,29700.5,29707.0,29679.75,29679.75,9690
2026-07-15 16:00:00-04:00,29724.75,29737.0,29695.0,29700.75,5945
2026-07-15 16:05:00-04:00,29689.75,29731.75,29664.0,29724.5,2107
2026-07-15 16:10:00-04:00,29702.0,29704.0,29686.25,29689.5,1170
2026-07-15 16:15:00-04:00,29711.75,29712.25,29696.0,29702.5,540
2026-07-15 16:20:00-04:00,29718.75,29720.0,29709.25,29711.0,525
2026-07-15 16:25:00-04:00,29718.75,29720.5,29713.0,29718.5,385
2026-07-15 16:30:00-04:00,29706.75,29719.25,29700.0,29718.5,457
2026-07-15 16:35:00-04:00,29713.5,29716.5,29707.0,29707.5,279
2026-07-15 16:40:00-04:00,29716.25,29717.0,29711.5,29714.5,181
2026-07-15 16:45:00-04:00,29719.0,29720.5,29716.25,29716.5,284
2026-07-15 16:50:00-04:00,29713.25,29720.5,29712.0,29719.25,231
2026-07-15 16:55:00-04:00,29707.5,29718.25,29705.75,29713.25,376
2026-07-15 18:00:00-04:00,29734.25,29741.75,29700.0,29709.0,0
2026-07-15 18:05:00-04:00,29737.25,29749.0,29735.0,29735.5,387
2026-07-15 18:10:00-04:00,29727.25,29739.75,29724.75,29738.0,372
2026-07-15 18:15:00-04:00,29720.75,29730.0,29720.25,29727.5,240
2026-07-15 18:20:00-04:00,29715.25,29725.5,29709.75,29720.5,304
2026-07-15 18:25:00-04:00,29716.25,29721.0,29712.5,29716.25,171
2026-07-15 18:30:00-04:00,29707.5,29724.0,29705.75,29716.5,365
2026-07-15 18:35:00-04:00,29691.0,29709.75,29688.0,29706.25,592
2026-07-15 18:40:00-04:00,29685.0,29697.0,29684.25,29691.5,313
2026-07-15 18:45:00-04:00,29682.25,29700.0,29680.75,29684.25,396
2026-07-15 18:50:00-04:00,29689.25,29716.75,29679.25,29682.0,817
2026-07-15 18:55:00-04:00,29716.25,29722.25,29677.0,29692.5,632
2026-07-15 19:00:00-04:00,29724.75,29730.0,29711.25,29716.0,347
2026-07-15 19:05:00-04:00,29721.25,29727.25,29710.75,29726.75,182
2026-07-15 19:10:00-04:00,29720.0,29736.25,29719.25,29721.25,209
2026-07-15 19:15:00-04:00,29705.0,29719.25,29697.5,29719.25,620
2026-07-15 19:20:00-04:00,29706.25,29717.75,29698.0,29704.0,312
2026-07-15 19:25:00-04:00,29718.5,29725.0,29695.5,29707.5,394
2026-07-15 19:30:00-04:00,29731.0,29734.0,29712.5,29717.25,349
2026-07-15 19:35:00-04:00,29706.0,29730.0,29704.0,29729.25,199
2026-07-15 19:40:00-04:00,29704.75,29710.0,29704.75,29707.75,50
2026-07-15 19:50:00-04:00,29693.5,29705.75,29688.75,29693.25,892
2026-07-15 19:55:00-04:00,29690.0,29705.25,29682.0,29691.75,263
2026-07-15 20:00:00-04:00,29741.5,29746.5,29682.25,29690.0,853
2026-07-15 20:05:00-04:00,29731.5,29744.5,29720.25,29742.75,427
2026-07-15 20:10:00-04:00,29755.25,29758.0,29721.0,29732.5,604
2026-07-15 20:15:00-04:00,29696.25,29763.25,29695.0,29753.0,1075
2026-07-15 20:20:00-04:00,29693.0,29705.75,29683.75,29696.75,786
2026-07-15 20:25:00-04:00,29669.5,29702.5,29662.5,29692.5,940
2026-07-15 20:30:00-04:00,29694.75,29695.75,29653.25,29670.0,1182
2026-07-15 20:35:00-04:00,29654.25,29694.5,29652.5,29693.0,626
2026-07-15 20:40:00-04:00,29626.75,29654.25,29626.75,29654.25,674
2026-07-15 20:45:00-04:00,29649.5,29652.25,29622.25,29626.0,699
2026-07-15 20:50:00-04:00,29654.25,29679.25,29627.25,29651.5,683
2026-07-15 20:55:00-04:00,29651.25,29658.25,29636.0,29656.0,398
2026-07-15 21:00:00-04:00,29662.5,29665.75,29632.25,29653.75,714
2026-07-15 21:05:00-04:00,29656.0,29668.0,29643.0,29659.0,412
2026-07-15 21:10:00-04:00,29626.0,29659.25,29615.5,29657.5,533
2026-07-15 21:15:00-04:00,29603.0,29629.0,29601.75,29625.5,581
2026-07-15 21:20:00-04:00,29613.25,29629.0,29601.5,29603.0,581
2026-07-15 21:25:00-04:00,29605.25,29622.75,29603.0,29611.5,300
2026-07-15 21:30:00-04:00,29598.0,29618.0,29595.75,29604.5,558
2026-07-15 21:35:00-04:00,29635.25,29641.75,29616.75,29625.75,688
2026-07-15 21:40:00-04:00,29615.25,29646.0,29608.25,29635.25,358
2026-07-15 21:45:00-04:00,29675.0,29680.0,29612.5,29614.0,793
2026-07-15 21:50:00-04:00,29671.25,29683.0,29657.25,29676.25,647
2026-07-15 21:55:00-04:00,29651.0,29685.75,29641.75,29671.25,575
2026-07-15 22:00:00-04:00,29625.5,29652.75,29620.0,29651.25,656
2026-07-15 22:05:00-04:00,29622.25,29639.0,29621.5,29625.5,317
2026-07-15 22:10:00-04:00,29640.0,29642.75,29620.25,29621.0,359
2026-07-15 22:15:00-04:00,29669.0,29669.5,29634.0,29640.25,589
2026-07-15 22:20:00-04:00,29693.0,29695.75,29659.0,29667.5,449
2026-07-15 22:25:00-04:00,29696.75,29706.0,29683.25,29693.25,765
2026-07-15 22:30:00-04:00,29698.25,29703.25,29687.0,29695.5,267
2026-07-15 22:35:00-04:00,29697.5,29707.0,29687.25,29699.0,352
2026-07-15 22:40:00-04:00,29680.0,29700.0,29670.0,29698.0,728
2026-07-15 22:45:00-04:00,29701.75,29717.75,29676.5,29680.0,784
2026-07-15 22:50:00-04:00,29720.0,29723.0,29699.5,29702.5,511
2026-07-15 22:55:00-04:00,29727.0,29736.0,29718.0,29720.25,647
2026-07-15 23:00:00-04:00,29728.75,29733.5,29721.25,29728.0,385
2026-07-15 23:05:00-04:00,29749.25,29750.0,29729.0,29729.0,470
2026-07-15 23:10:00-04:00,29748.75,29751.75,29741.25,29749.5,320
2026-07-15 23:15:00-04:00,29721.25,29751.75,29718.5,29749.25,395
2026-07-15 23:20:00-04:00,29715.5,29731.5,29711.75,29722.75,337
2026-07-15 23:25:00-04:00,29716.5,29720.5,29710.5,29717.5,167
2026-07-15 23:30:00-04:00,29740.25,29745.25,29713.5,29716.75,356
2026-07-15 23:35:00-04:00,29721.0,29747.0,29720.0,29740.0,289
2026-07-15 23:40:00-04:00,29719.5,29734.75,29716.75,29720.5,217
2026-07-15 23:45:00-04:00,29709.5,29723.25,29701.75,29720.75,331
2026-07-15 23:50:00-04:00,29727.75,29732.0,29707.0,29707.0,222
2026-07-15 23:55:00-04:00,29737.75,29738.5,29725.0,29725.75,99
2026-07-16 00:05:00-04:00,29723.75,29727.75,29723.25,29727.25,613
2026-07-16 00:10:00-04:00,29754.5,29756.0,29722.25,29723.0,288
2026-07-16 00:15:00-04:00,29726.0,29756.25,29724.0,29754.5,481
2026-07-16 00:20:00-04:00,29722.5,29729.75,29710.0,29726.0,301
2026-07-16 00:25:00-04:00,29716.0,29724.25,29710.5,29724.0,127
2026-07-16 00:30:00-04:00,29714.25,29721.25,29710.75,29715.0,102
2026-07-16 00:35:00-04:00,29704.75,29713.25,29702.0,29712.5,188
2026-07-16 00:40:00-04:00,29706.5,29713.0,29691.25,29704.0,330
2026-07-16 00:45:00-04:00,29707.75,29709.25,29699.25,29703.25,103
2026-07-16 00:50:00-04:00,29711.75,29712.75,29702.0,29706.5,139
2026-07-16 00:55:00-04:00,29708.0,29717.0,29703.0,29711.0,225
2026-07-16 01:00:00-04:00,29719.75,29725.75,29708.5,29709.0,261
2026-07-16 01:05:00-04:00,29709.0,29724.25,29706.25,29721.5,194
2026-07-16 01:10:00-04:00,29748.0,29748.0,29697.0,29706.75,556
2026-07-16 01:15:00-04:00,29749.25,29767.0,29739.25,29747.75,539
2026-07-16 01:20:00-04:00,29765.25,29769.75,29748.0,29749.75,397
2026-07-16 01:25:00-04:00,29765.75,29775.5,29758.0,29763.5,392
2026-07-16 01:30:00-04:00,29711.5,29797.0,29708.25,29765.75,1387
2026-07-16 01:35:00-04:00,29679.5,29710.25,29670.0,29710.25,949
2026-07-16 01:40:00-04:00,29702.5,29715.25,29666.5,29682.5,678
2026-07-16 01:45:00-04:00,29691.75,29711.0,29686.75,29704.5,311
2026-07-16 01:50:00-04:00,29687.25,29694.0,29678.5,29691.75,238
2026-07-16 01:55:00-04:00,29686.5,29706.5,29683.25,29683.75,285
2026-07-16 02:00:00-04:00,29708.5,29729.75,29685.0,29687.75,847
2026-07-16 02:05:00-04:00,29718.5,29739.25,29646.5,29707.5,2424
2026-07-16 02:10:00-04:00,29731.75,29731.75,29699.5,29714.75,937
2026-07-16 02:15:00-04:00,29736.75,29749.75,29723.25,29729.25,565
2026-07-16 02:20:00-04:00,29695.25,29743.0,29689.25,29738.0,643
2026-07-16 02:25:00-04:00,29686.0,29702.5,29684.0,29694.75,406
2026-07-16 02:30:00-04:00,29668.25,29697.25,29663.5,29682.0,507
2026-07-16 02:35:00-04:00,29672.0,29676.25,29641.25,29667.0,580
2026-07-16 02:40:00-04:00,29673.5,29684.5,29669.75,29673.75,294
2026-07-16 02:45:00-04:00,29681.0,29684.0,29657.0,29672.25,175
2026-07-16 02:50:00-04:00,29675.25,29684.25,29666.25,29681.5,183
2026-07-16 02:55:00-04:00,29683.75,29694.0,29672.25,29674.5,323
2026-07-16 03:00:00-04:00,29664.0,29686.5,29637.5,29684.75,584
2026-07-16 03:05:00-04:00,29648.5,29664.25,29643.25,29661.5,380
2026-07-16 03:10:00-04:00,29621.5,29651.5,29620.75,29650.0,469
2026-07-16 03:15:00-04:00,29624.0,29633.75,29611.75,29622.25,569
2026-07-16 03:20:00-04:00,29632.75,29649.5,29623.0,29625.0,736
2026-07-16 03:25:00-04:00,29622.5,29636.0,29615.0,29633.25,342
2026-07-16 03:30:00-04:00,29614.75,29629.25,29590.25,29623.5,516
2026-07-16 03:35:00-04:00,29584.75,29616.25,29577.75,29616.25,588
2026-07-16 03:40:00-04:00,29570.0,29587.25,29568.5,29583.75,555
2026-07-16 03:45:00-04:00,29579.75,29583.75,29556.0,29571.25,565
2026-07-16 03:50:00-04:00,29565.5,29583.25,29555.0,29582.25,493
2026-07-16 03:55:00-04:00,29562.25,29570.25,29548.5,29566.0,470
2026-07-16 04:00:00-04:00,29535.0,29572.75,29521.0,29563.5,923
2026-07-16 04:05:00-04:00,29528.0,29549.75,29523.5,29538.25,481
2026-07-16 04:10:00-04:00,29490.5,29528.0,29488.0,29528.0,1178
2026-07-16 04:15:00-04:00,29517.25,29521.5,29478.75,29493.75,728
2026-07-16 04:20:00-04:00,29524.75,29561.75,29512.75,29518.0,837
2026-07-16 04:25:00-04:00,29538.5,29540.0,29520.25,29523.75,375
2026-07-16 04:30:00-04:00,29543.25,29555.5,29528.25,29539.5,451
2026-07-16 04:35:00-04:00,29568.75,29576.75,29543.5,29543.75,508
2026-07-16 04:40:00-04:00,29551.0,29574.25,29543.25,29569.0,328
2026-07-16 04:45:00-04:00,29586.75,29594.0,29550.5,29550.5,597
2026-07-16 04:50:00-04:00,29584.25,29589.75,29576.5,29586.0,321
2026-07-16 04:55:00-04:00,29591.5,29595.5,29580.25,29582.5,221
2026-07-16 05:00:00-04:00,29616.25,29622.25,29592.0,29593.25,789
2026-07-16 05:05:00-04:00,29606.75,29624.0,29602.0,29615.75,304
2026-07-16 05:10:00-04:00,29625.25,29635.0,29605.0,29608.5,428
2026-07-16 05:15:00-04:00,29627.5,29645.25,29622.75,29626.25,417
2026-07-16 05:20:00-04:00,29623.25,29638.75,29620.5,29628.75,277
2026-07-16 05:25:00-04:00,29613.25,29640.25,29611.0,29624.75,419
2026-07-16 05:30:00-04:00,29610.75,29631.0,29610.0,29614.75,299
2026-07-16 05:35:00-04:00,29597.5,29618.0,29596.0,29613.75,317
2026-07-16 05:40:00-04:00,29585.25,29606.25,29583.75,29597.25,271
2026-07-16 05:45:00-04:00,29566.25,29585.75,29564.25,29584.25,837
2026-07-16 05:50:00-04:00,29568.5,29571.5,29557.75,29565.5,267
2026-07-16 05:55:00-04:00,29531.25,29582.25,29528.0,29570.25,878
2026-07-16 06:00:00-04:00,29540.75,29545.0,29514.5,29530.25,734
2026-07-16 06:05:00-04:00,29558.0,29561.25,29534.0,29540.75,428
2026-07-16 06:10:00-04:00,29550.75,29558.75,29537.5,29557.75,261
2026-07-16 06:15:00-04:00,29537.25,29550.75,29533.0,29550.75,183
2026-07-16 06:20:00-04:00,29522.5,29543.75,29512.25,29537.0,334
2026-07-16 06:25:00-04:00,29537.5,29539.75,29514.75,29521.5,284
2026-07-16 06:30:00-04:00,29550.5,29555.75,29535.0,29537.25,504
2026-07-16 06:35:00-04:00,29513.5,29555.0,29507.75,29553.25,419
2026-07-16 06:40:00-04:00,29521.25,29529.75,29511.5,29512.5,379
2026-07-16 06:45:00-04:00,29510.25,29531.75,29505.0,29521.25,399
2026-07-16 06:50:00-04:00,29521.5,29523.75,29502.5,29510.75,265
2026-07-16 06:55:00-04:00,29531.0,29537.75,29516.5,29518.25,349
2026-07-16 07:00:00-04:00,29484.25,29532.0,29470.5,29528.75,985
2026-07-16 07:05:00-04:00,29472.75,29490.0,29464.25,29485.5,562
2026-07-16 07:10:00-04:00,29488.0,29488.0,29459.75,29474.25,477
2026-07-16 07:15:00-04:00,29455.25,29490.0,29446.25,29488.25,1001
2026-07-16 07:20:00-04:00,29495.75,29499.0,29454.25,29455.0,562
2026-07-16 07:25:00-04:00,29472.0,29502.0,29466.0,29496.5,473
2026-07-16 07:30:00-04:00,29457.75,29472.75,29436.5,29472.75,819
2026-07-16 07:35:00-04:00,29451.75,29471.0,29436.5,29457.75,696
2026-07-16 07:40:00-04:00,29439.5,29462.0,29428.0,29452.0,768
2026-07-16 07:45:00-04:00,29384.25,29456.0,29361.0,29438.75,1665
2026-07-16 07:50:00-04:00,29424.0,29432.5,29382.5,29385.25,1577
2026-07-16 07:55:00-04:00,29446.75,29453.25,29410.5,29422.75,732
2026-07-16 08:00:00-04:00,29413.0,29457.25,29410.5,29445.75,861
2026-07-16 08:05:00-04:00,29411.25,29423.75,29392.75,29412.0,1047
2026-07-16 08:10:00-04:00,29423.5,29424.0,29397.25,29411.25,720
2026-07-16 08:15:00-04:00,29434.75,29439.75,29412.75,29422.25,790
2026-07-16 08:20:00-04:00,29386.0,29440.25,29380.0,29435.25,1670
2026-07-16 08:25:00-04:00,29408.0,29411.75,29378.0,29384.5,779
2026-07-16 08:30:00-04:00,29416.75,29427.75,29386.5,29407.75,1387
2026-07-16 08:35:00-04:00,29381.0,29419.0,29365.5,29418.5,1160
2026-07-16 08:40:00-04:00,29375.0,29390.25,29368.75,29381.75,877
2026-07-16 08:45:00-04:00,29390.0,29401.0,29363.5,29374.75,1097
2026-07-16 08:50:00-04:00,29410.75,29415.0,29383.25,29390.0,885
2026-07-16 08:55:00-04:00,29392.25,29411.25,29391.5,29411.25,640
2026-07-16 09:00:00-04:00,29425.75,29437.0,29387.75,29393.25,2100
2026-07-16 09:05:00-04:00,29441.0,29445.5,29420.75,29426.25,1054
2026-07-16 09:10:00-04:00,29452.0,29457.25,29431.75,29441.75,1156
2026-07-16 09:15:00-04:00,29457.75,29460.0,29441.75,29451.5,1164
2026-07-16 09:20:00-04:00,29484.25,29488.5,29455.75,29457.25,1648
2026-07-16 09:25:00-04:00,29464.75,29484.0,29447.5,29484.0,2478
2026-07-16 09:30:00-04:00,29433.5,29532.0,29429.75,29464.75,11464
2026-07-16 09:35:00-04:00,29386.0,29471.0,29378.5,29435.5,9778
2026-07-16 09:40:00-04:00,29317.75,29434.5,29308.5,29384.75,10913
2026-07-16 09:45:00-04:00,29273.0,29342.75,29264.25,29316.5,9733
2026-07-16 09:50:00-04:00,29289.75,29353.75,29265.25,29272.0,9932
2026-07-16 09:55:00-04:00,29347.5,29363.75,29255.5,29290.75,8427
2026-07-16 10:00:00-04:00,29397.5,29417.75,29315.25,29346.5,8361
2026-07-16 10:05:00-04:00,29480.0,29495.75,29384.5,29398.0,8204
2026-07-16 10:10:00-04:00,29468.5,29491.5,29447.5,29479.75,6026
2026-07-16 10:15:00-04:00,29482.0,29501.0,29441.25,29467.5,5790
2026-07-16 10:20:00-04:00,29439.0,29489.75,29397.75,29483.25,6861
2026-07-16 10:25:00-04:00,29482.5,29488.0,29406.0,29438.25,5901
2026-07-16 10:30:00-04:00,29462.75,29485.5,29440.0,29483.25,3949
2026-07-16 10:35:00-04:00,29457.0,29513.5,29444.0,29463.0,4740
2026-07-16 10:40:00-04:00,29464.5,29470.5,29426.5,29457.75,3434
2026-07-16 10:45:00-04:00,29438.5,29479.0,29438.0,29464.5,3099
2026-07-16 10:50:00-04:00,29390.5,29444.0,29375.5,29439.75,5836
2026-07-16 10:55:00-04:00,29433.75,29437.5,29362.0,29390.5,6585
2026-07-16 11:00:00-04:00,29410.25,29458.75,29403.0,29435.5,5472
2026-07-16 11:05:00-04:00,29392.75,29409.75,29366.0,29409.5,4557
2026-07-16 11:10:00-04:00,29358.5,29401.75,29336.0,29393.0,4402
2026-07-16 11:15:00-04:00,29391.5,29392.0,29336.75,29359.0,4803
2026-07-16 11:20:00-04:00,29387.5,29392.25,29348.5,29392.25,4003
2026-07-16 11:25:00-04:00,29406.75,29451.5,29384.0,29387.5,6492
2026-07-16 11:30:00-04:00,29438.5,29441.75,29370.0,29406.5,4500
2026-07-16 11:35:00-04:00,29455.5,29468.0,29412.75,29438.0,3454
2026-07-16 11:40:00-04:00,29397.75,29461.0,29380.25,29454.5,4023
2026-07-16 11:45:00-04:00,29391.0,29397.5,29354.5,29397.5,3758
2026-07-16 11:50:00-04:00,29419.0,29435.0,29389.75,29390.75,3867
2026-07-16 11:55:00-04:00,29392.0,29419.75,29373.5,29419.0,3098
2026-07-16 12:00:00-04:00,29339.5,29395.25,29336.5,29392.5,4074
2026-07-16 12:05:00-04:00,29338.75,29355.5,29312.75,29339.5,4139
2026-07-16 12:10:00-04:00,29293.25,29339.75,29289.25,29337.75,4116
2026-07-16 12:15:00-04:00,29299.0,29313.75,29279.0,29293.5,3906
2026-07-16 12:20:00-04:00,29279.75,29299.5,29260.75,29298.75,5157
2026-07-16 12:25:00-04:00,29299.25,29315.0,29268.5,29279.75,3803
2026-07-16 12:30:00-04:00,29313.75,29339.5,29294.25,29300.5,3560
2026-07-16 12:35:00-04:00,29292.75,29321.5,29288.75,29313.5,3086
2026-07-16 12:40:00-04:00,29292.75,29323.75,29286.0,29294.0,2182
2026-07-16 12:45:00-04:00,29284.5,29307.0,29270.75,29294.75,2968
2026-07-16 12:50:00-04:00,29322.0,29327.25,29273.25,29284.5,2917
2026-07-16 12:55:00-04:00,29338.25,29352.5,29320.5,29321.25,3180
2026-07-16 13:00:00-04:00,29316.5,29342.0,29285.0,29339.0,3203
2026-07-16 13:05:00-04:00,29324.25,29333.25,29286.25,29315.75,2136
2026-07-16 13:10:00-04:00,29288.0,29334.25,29284.5,29324.5,1944
2026-07-16 13:15:00-04:00,29298.25,29310.5,29277.5,29288.5,2229
2026-07-16 13:20:00-04:00,29278.75,29306.25,29278.5,29298.25,2491
2026-07-16 13:25:00-04:00,29333.0,29343.0,29275.0,29279.5,3439
2026-07-16 13:30:00-04:00,29287.5,29345.0,29280.5,29334.0,3111
2026-07-16 13:35:00-04:00,29270.0,29297.25,29266.5,29288.25,3048
2026-07-16 13:40:00-04:00,29243.75,29271.25,29230.0,29269.75,4780
2026-07-16 13:45:00-04:00,29257.25,29268.0,29219.0,29244.25,4164
2026-07-16 13:50:00-04:00,29250.75,29269.0,29235.0,29257.25,2517
2026-07-16 13:55:00-04:00,29244.5,29253.25,29224.0,29251.75,2637
2026-07-16 14:00:00-04:00,29234.25,29260.5,29231.75,29244.25,2684
2026-07-16 14:05:00-04:00,29236.5,29250.0,29223.5,29235.25,2945
2026-07-16 14:10:00-04:00,29233.0,29279.5,29233.0,29235.75,3745
2026-07-16 14:15:00-04:00,29268.0,29277.0,29217.25,29232.75,3390
2026-07-16 14:20:00-04:00,29289.5,29304.0,29264.25,29268.5,3830
2026-07-16 14:25:00-04:00,29269.75,29303.25,29257.0,29290.5,2908
2026-07-16 14:30:00-04:00,29245.5,29269.25,29238.0,29269.0,2666
2026-07-16 14:35:00-04:00,29226.0,29245.5,29221.75,29245.5,2273
2026-07-16 14:40:00-04:00,29237.75,29249.5,29198.5,29225.75,4013
2026-07-16 14:45:00-04:00,29244.25,29253.25,29222.5,29237.5,1963
2026-07-16 14:50:00-04:00,29212.25,29251.0,29210.0,29244.75,2421
2026-07-16 14:55:00-04:00,29210.5,29223.5,29200.25,29213.0,2790
2026-07-16 15:00:00-04:00,29228.25,29242.0,29202.75,29210.0,3215
2026-07-16 15:05:00-04:00,29184.75,29240.75,29176.25,29227.0,4526
2026-07-16 15:10:00-04:00,29183.75,29197.25,29176.0,29184.5,2975
2026-07-16 15:15:00-04:00,29162.5,29186.25,29145.5,29183.25,4555
2026-07-16 15:20:00-04:00,29148.75,29182.25,29145.25,29162.0,3836
2026-07-16 15:25:00-04:00,29148.5,29160.25,29119.0,29149.75,4317
2026-07-16 15:30:00-04:00,29149.5,29170.25,29118.25,29147.5,5301
2026-07-16 15:35:00-04:00,29152.25,29162.75,29117.25,29149.0,4479
2026-07-16 15:40:00-04:00,29121.5,29160.75,29118.5,29151.5,3477
2026-07-16 15:45:00-04:00,29094.25,29124.75,29078.5,29121.25,5401
2026-07-16 15:50:00-04:00,29174.0,29175.5,29094.0,29094.0,9483
2026-07-16 15:55:00-04:00,29217.0,29238.25,29174.25,29174.25,16702
2026-07-16 16:00:00-04:00,29199.0,29231.25,29191.0,29217.75,8391
2026-07-16 16:05:00-04:00,29183.0,29202.0,29175.75,29198.75,2189
2026-07-16 16:10:00-04:00,29167.75,29186.0,29166.0,29182.0,1523
2026-07-16 16:15:00-04:00,29186.75,29191.75,29162.75,29167.5,1298
2026-07-16 16:20:00-04:00,29191.5,29200.0,29180.5,29187.5,955
2026-07-16 16:25:00-04:00,29181.0,29192.0,29179.0,29191.0,455
2026-07-16 16:30:00-04:00,29173.0,29181.25,29164.0,29180.25,686
2026-07-16 16:35:00-04:00,29182.25,29187.5,29172.25,29173.25,593
2026-07-16 16:40:00-04:00,29174.5,29189.75,29170.0,29182.5,804
2026-07-16 16:45:00-04:00,29171.5,29180.0,29167.5,29172.75,561
2026-07-16 16:50:00-04:00,29175.0,29178.0,29169.0,29171.5,374
2026-07-16 16:55:00-04:00,29179.0,29183.25,29169.0,29175.0,439
2026-07-16 18:00:00-04:00,29214.75,29220.0,29189.0,29191.0,0
2026-07-16 18:05:00-04:00,29202.25,29216.75,29199.75,29213.0,308
2026-07-16 18:10:00-04:00,29185.0,29205.25,29166.25,29204.25,479
2026-07-16 18:15:00-04:00,29165.0,29188.25,29165.0,29186.5,419
2026-07-16 18:20:00-04:00,29160.5,29170.75,29153.75,29166.5,486
2026-07-16 18:25:00-04:00,29139.75,29162.25,29136.5,29160.0,530
2026-07-16 18:30:00-04:00,29142.25,29159.25,29134.25,29139.0,612
2026-07-16 18:35:00-04:00,29153.25,29156.75,29137.75,29143.75,237
2026-07-16 18:40:00-04:00,29149.5,29154.75,29130.75,29153.5,452
2026-07-16 18:45:00-04:00,29128.0,29151.25,29125.0,29149.5,407
2026-07-16 18:50:00-04:00,29124.25,29140.25,29122.25,29128.5,389
2026-07-16 18:55:00-04:00,29136.5,29148.75,29115.25,29124.0,513
2026-07-16 19:00:00-04:00,29135.0,29144.75,29106.25,29134.75,653
2026-07-16 19:05:00-04:00,29114.75,29136.0,29111.0,29135.25,319
2026-07-16 19:10:00-04:00,29130.75,29140.0,29108.25,29115.0,345
2026-07-16 19:15:00-04:00,29110.75,29134.25,29106.75,29133.0,239
2026-07-16 19:20:00-04:00,29091.0,29112.0,29091.0,29110.0,498
2026-07-16 19:25:00-04:00,29093.0,29105.25,29075.75,29092.5,819
2026-07-16 19:30:00-04:00,29080.0,29096.5,29067.0,29092.5,749
2026-07-16 19:35:00-04:00,29103.75,29103.75,29060.0,29080.25,545
2026-07-16 19:40:00-04:00,29109.25,29129.75,29103.25,29104.5,572
2026-07-16 19:45:00-04:00,29098.75,29113.0,29089.25,29110.25,408
2026-07-16 19:50:00-04:00,29108.75,29118.0,29093.5,29097.0,327
2026-07-16 19:55:00-04:00,29096.5,29110.75,29082.75,29109.5,265
2026-07-16 20:00:00-04:00,29096.0,29124.25,29092.75,29095.5,573
2026-07-16 20:05:00-04:00,29060.25,29097.5,29052.5,29093.75,990
2026-07-16 20:10:00-04:00,29043.5,29063.75,29031.5,29063.25,1418
2026-07-16 20:15:00-04:00,29048.5,29076.0,29034.5,29041.25,1067
2026-07-16 20:20:00-04:00,29036.25,29062.25,29030.5,29049.5,723
2026-07-16 20:25:00-04:00,29018.25,29041.75,29011.0,29036.0,997
2026-07-16 20:30:00-04:00,29017.0,29030.5,29006.25,29018.5,976
2026-07-16 20:35:00-04:00,29006.5,29022.25,28993.5,29018.0,1131
2026-07-16 20:40:00-04:00,29024.75,29030.5,28995.0,29009.0,1002
2026-07-16 20:45:00-04:00,29035.75,29036.25,29017.75,29024.5,878
2026-07-16 20:50:00-04:00,29066.75,29068.0,29031.0,29034.25,872
2026-07-16 20:55:00-04:00,29057.0,29082.0,29056.0,29068.0,991
2026-07-16 21:00:00-04:00,29092.5,29105.5,29053.25,29059.75,1115
2026-07-16 21:05:00-04:00,29055.75,29091.75,29042.25,29091.75,1019
2026-07-16 21:10:00-04:00,29029.25,29061.0,29024.25,29054.75,799
2026-07-16 21:15:00-04:00,29022.25,29046.0,29014.0,29031.75,560
2026-07-16 21:20:00-04:00,29020.75,29033.75,29012.25,29022.25,463
2026-07-16 21:25:00-04:00,29039.5,29042.25,29010.5,29021.0,516
2026-07-16 21:30:00-04:00,28986.75,29044.0,28984.25,29040.75,1119
2026-07-16 21:35:00-04:00,28996.25,29011.25,28982.0,28987.5,617
2026-07-16 21:40:00-04:00,28975.0,29003.0,28964.5,28994.25,1464
2026-07-16 21:45:00-04:00,28961.5,28990.75,28951.75,28972.25,1224
2026-07-16 21:50:00-04:00,28956.0,28969.75,28945.75,28963.75,686
2026-07-16 21:55:00-04:00,28972.0,28979.75,28950.0,28953.5,653
2026-07-16 22:00:00-04:00,28979.0,28985.75,28963.25,28970.75,514
2026-07-16 22:05:00-04:00,28952.25,28982.5,28950.75,28980.0,478
2026-07-16 22:10:00-04:00,28956.75,28970.0,28950.0,28951.5,437
2026-07-16 22:15:00-04:00,28948.0,28961.25,28935.0,28957.5,500
2026-07-16 22:20:00-04:00,28931.0,28948.75,28926.0,28948.5,833
2026-07-16 22:25:00-04:00,28928.75,28938.75,28917.25,28928.0,567
2026-07-16 22:30:00-04:00,28912.0,28929.25,28908.5,28927.25,937
2026-07-16 22:35:00-04:00,28913.5,28922.25,28903.25,28912.5,501
2026-07-16 22:40:00-04:00,28932.5,28940.75,28908.5,28914.0,858
2026-07-16 22:45:00-04:00,28913.75,28940.0,28909.5,28934.0,459
2026-07-16 22:50:00-04:00,28906.25,28921.25,28905.25,28914.5,407
2026-07-16 22:55:00-04:00,28925.0,28934.25,28902.25,28907.0,722
2026-07-16 23:00:00-04:00,28942.25,28946.25,28915.0,28926.25,522
2026-07-16 23:05:00-04:00,28951.75,28957.0,28941.0,28942.0,509
2026-07-16 23:10:00-04:00,28953.75,28960.75,28947.25,28950.75,328
2026-07-16 23:15:00-04:00,28981.5,28983.0,28954.25,28954.25,560
2026-07-16 23:20:00-04:00,28999.25,29022.5,28979.5,28980.75,1344
2026-07-16 23:25:00-04:00,29015.25,29026.0,28998.0,28998.5,622
2026-07-16 23:30:00-04:00,28977.0,29016.75,28970.0,29013.5,878
2026-07-16 23:35:00-04:00,28969.0,28995.75,28967.0,28977.5,513
2026-07-16 23:40:00-04:00,28954.5,28970.5,28943.5,28969.75,961
2026-07-16 23:45:00-04:00,28938.75,28960.0,28935.0,28957.0,503
2026-07-16 23:50:00-04:00,28921.25,28941.0,28919.5,28938.25,719
2026-07-16 23:55:00-04:00,28922.25,28925.0,28913.75,28920.25,434
2026-07-17 00:05:00-04:00,28863.25,28879.25,28863.25,28873.5,2714
2026-07-17 00:10:00-04:00,28850.0,28870.75,28840.0,28861.0,1093
2026-07-17 00:15:00-04:00,28841.75,28858.0,28836.0,28851.25,684
2026-07-17 00:20:00-04:00,28828.75,28859.5,28825.75,28842.0,860
2026-07-17 00:25:00-04:00,28809.5,28829.0,28803.0,28829.0,1279
2026-07-17 00:30:00-04:00,28791.0,28826.0,28781.5,28808.0,1173
2026-07-17 00:35:00-04:00,28797.25,28802.75,28774.5,28791.0,1019
2026-07-17 00:40:00-04:00,28809.5,28819.0,28782.0,28798.0,1067
2026-07-17 00:45:00-04:00,28824.75,28837.0,28809.25,28809.5,859
2026-07-17 00:50:00-04:00,28838.75,28840.25,28820.0,28826.0,550
2026-07-17 00:55:00-04:00,28804.75,28841.25,28804.75,28839.5,754
2026-07-17 01:00:00-04:00,28817.0,28820.25,28787.75,28806.0,918
2026-07-17 01:05:00-04:00,28806.0,28818.75,28789.0,28816.25,512
2026-07-17 01:10:00-04:00,28804.75,28814.75,28789.5,28804.75,474
2026-07-17 01:15:00-04:00,28810.5,28823.0,28787.5,28803.5,665
2026-07-17 01:20:00-04:00,28790.75,28812.0,28789.0,28811.75,597
2026-07-17 01:25:00-04:00,28791.0,28802.0,28783.5,28790.25,449
2026-07-17 01:30:00-04:00,28773.5,28811.75,28762.0,28792.5,969
2026-07-17 01:35:00-04:00,28743.5,28784.25,28740.0,28774.5,1284
2026-07-17 01:40:00-04:00,28759.75,28759.75,28725.0,28743.5,964
2026-07-17 01:45:00-04:00,28763.25,28774.0,28739.0,28758.5,668
2026-07-17 01:50:00-04:00,28758.25,28768.0,28741.25,28765.0,652
2026-07-17 01:55:00-04:00,28756.25,28764.75,28733.25,28760.0,629
2026-07-17 02:00:00-04:00,28763.0,28774.0,28743.75,28755.0,1186
2026-07-17 02:05:00-04:00,28732.0,28773.0,28722.5,28765.0,1010
2026-07-17 02:10:00-04:00,28756.75,28768.25,28726.75,28733.5,770
2026-07-17 02:15:00-04:00,28772.5,28774.0,28745.5,28757.5,1001
2026-07-17 02:20:00-04:00,28807.5,28810.25,28771.75,28772.5,1122
2026-07-17 02:25:00-04:00,28815.25,28824.5,28806.25,28810.0,797
2026-07-17 02:30:00-04:00,28816.75,28825.0,28806.25,28814.25,598
2026-07-17 02:35:00-04:00,28775.0,28816.25,28773.5,28816.25,822
2026-07-17 02:40:00-04:00,28776.5,28783.25,28762.0,28776.0,516
2026-07-17 02:45:00-04:00,28752.25,28774.5,28739.0,28774.25,695
2026-07-17 02:50:00-04:00,28745.0,28755.25,28735.0,28751.0,636
2026-07-17 02:55:00-04:00,28743.0,28752.25,28730.5,28746.25,548
2026-07-17 03:00:00-04:00,28765.5,28767.5,28728.5,28744.25,1240
2026-07-17 03:05:00-04:00,28736.0,28766.25,28724.75,28765.75,815
2026-07-17 03:10:00-04:00,28751.5,28752.5,28720.5,28733.25,796
2026-07-17 03:15:00-04:00,28757.0,28765.75,28743.5,28752.25,608
2026-07-17 03:20:00-04:00,28723.5,28756.75,28717.5,28756.75,793
2026-07-17 03:25:00-04:00,28748.0,28755.5,28713.5,28719.75,706
2026-07-17 03:30:00-04:00,28727.0,28759.5,28727.0,28750.0,505
2026-07-17 03:35:00-04:00,28720.75,28725.5,28708.0,28724.0,608
2026-07-17 03:40:00-04:00,28715.75,28730.25,28702.5,28721.0,655
2026-07-17 03:45:00-04:00,28708.0,28716.0,28688.75,28715.25,899
2026-07-17 03:50:00-04:00,28703.0,28713.75,28697.25,28709.25,384
2026-07-17 03:55:00-04:00,28688.0,28722.25,28682.5,28700.75,711
2026-07-17 04:00:00-04:00,28720.5,28731.0,28680.0,28687.5,1242
2026-07-17 04:05:00-04:00,28709.5,28735.0,28694.25,28722.25,973
2026-07-17 04:10:00-04:00,28678.0,28708.5,28667.5,28708.5,995
2026-07-17 04:15:00-04:00,28591.25,28678.5,28580.75,28677.75,3687
2026-07-17 04:20:00-04:00,28600.5,28614.75,28579.0,28592.25,1472
2026-07-17 04:25:00-04:00,28609.75,28634.25,28577.25,28599.0,1277
2026-07-17 04:30:00-04:00,28581.0,28617.75,28577.25,28609.5,966
2026-07-17 04:35:00-04:00,28571.25,28591.0,28562.75,28583.75,990
2026-07-17 04:40:00-04:00,28585.75,28592.0,28550.0,28573.0,1083
2026-07-17 04:45:00-04:00,28594.0,28615.5,28581.25,28584.25,858
2026-07-17 04:50:00-04:00,28625.25,28634.5,28592.0,28593.75,921
2026-07-17 04:55:00-04:00,28630.0,28662.0,28623.75,28625.0,1344
2026-07-17 05:00:00-04:00,28637.75,28641.0,28618.75,28628.75,796
2026-07-17 05:05:00-04:00,28648.75,28651.5,28624.25,28639.75,606
2026-07-17 05:10:00-04:00,28673.5,28675.5,28638.75,28648.5,838
2026-07-17 05:15:00-04:00,28638.75,28673.5,28630.0,28671.5,906
2026-07-17 05:20:00-04:00,28668.0,28668.0,28632.75,28639.75,571
2026-07-17 05:25:00-04:00,28690.0,28690.5,28667.25,28668.5,688
2026-07-17 05:30:00-04:00,28665.5,28694.5,28661.75,28691.0,565
2026-07-17 05:35:00-04:00,28707.0,28716.0,28664.25,28665.25,711
2026-07-17 05:40:00-04:00,28686.0,28708.5,28678.0,28708.0,647
2026-07-17 05:45:00-04:00,28690.75,28711.75,28683.75,28685.0,664
2026-07-17 05:50:00-04:00,28714.75,28728.0,28690.5,28691.75,790
2026-07-17 05:55:00-04:00,28711.5,28714.75,28695.75,28713.75,634
2026-07-17 06:00:00-04:00,28712.25,28730.0,28691.5,28711.75,919
2026-07-17 06:05:00-04:00,28740.0,28743.0,28712.25,28712.25,945
2026-07-17 06:10:00-04:00,28766.25,28772.25,28726.0,28740.0,1668
2026-07-17 06:15:00-04:00,28762.25,28787.25,28754.75,28767.0,1175
2026-07-17 06:20:00-04:00,28744.5,28765.0,28722.0,28758.25,1268
2026-07-17 06:25:00-04:00,28773.5,28782.0,28724.25,28744.5,807
2026-07-17 06:30:00-04:00,28791.5,28791.75,28763.0,28772.25,889
2026-07-17 06:35:00-04:00,28818.5,28822.0,28789.75,28792.25,1411
2026-07-17 06:40:00-04:00,28801.25,28825.5,28793.75,28817.75,1245
2026-07-17 06:45:00-04:00,28800.0,28815.0,28790.0,28799.25,810
2026-07-17 06:50:00-04:00,28794.0,28804.0,28788.0,28799.0,457
2026-07-17 06:55:00-04:00,28785.0,28803.75,28777.0,28793.75,772
2026-07-17 07:00:00-04:00,28762.75,28808.25,28752.0,28786.75,1360
2026-07-17 07:05:00-04:00,28755.0,28781.75,28750.0,28761.5,1247
2026-07-17 07:10:00-04:00,28757.25,28780.25,28750.75,28753.75,727
2026-07-17 07:15:00-04:00,28742.5,28760.75,28740.5,28759.25,702
2026-07-17 07:20:00-04:00,28743.5,28751.25,28728.25,28742.5,861
2026-07-17 07:25:00-04:00,28761.75,28775.0,28745.0,28745.25,1031
2026-07-17 07:30:00-04:00,28749.0,28765.0,28738.5,28763.0,511
2026-07-17 07:35:00-04:00,28748.5,28762.25,28748.5,28749.0,454
2026-07-17 07:40:00-04:00,28729.75,28755.75,28713.5,28750.25,734
2026-07-17 07:45:00-04:00,28744.75,28749.0,28718.0,28727.5,632
2026-07-17 07:50:00-04:00,28757.5,28764.25,28725.5,28744.25,690
2026-07-17 07:55:00-04:00,28741.5,28762.0,28736.0,28756.5,438
2026-07-17 08:00:00-04:00,28699.75,28744.75,28694.0,28740.0,1114
2026-07-17 08:05:00-04:00,28685.0,28701.25,28682.25,28697.75,1151
2026-07-17 08:10:00-04:00,28683.75,28695.75,28675.0,28686.0,955
2026-07-17 08:15:00-04:00,28675.25,28689.5,28670.75,28683.25,661
2026-07-17 08:20:00-04:00,28688.0,28696.75,28671.0,28676.0,732
2026-07-17 08:25:00-04:00,28675.75,28693.25,28662.0,28688.75,1044
2026-07-17 08:30:00-04:00,28669.0,28679.75,28661.0,28674.75,873
2026-07-17 08:35:00-04:00,28673.0,28682.75,28662.5,28669.0,818
2026-07-17 08:40:00-04:00,28674.5,28683.75,28650.75,28672.5,1245
2026-07-17 08:45:00-04:00,28652.25,28690.75,28651.5,28675.25,1255
2026-07-17 08:50:00-04:00,28671.5,28673.25,28645.5,28651.5,889
2026-07-17 08:55:00-04:00,28664.5,28686.5,28660.0,28670.5,1100
2026-07-17 09:00:00-04:00,28644.75,28665.75,28635.0,28664.75,1591
2026-07-17 09:05:00-04:00,28628.25,28651.25,28625.0,28644.5,1544
2026-07-17 09:10:00-04:00,28621.5,28635.25,28619.75,28627.25,1090
2026-07-17 09:15:00-04:00,28615.0,28635.75,28611.5,28621.0,1493
2026-07-17 09:20:00-04:00,28599.0,28630.25,28596.75,28614.25,1806
2026-07-17 09:25:00-04:00,28607.75,28648.25,28581.0,28599.5,6215
2026-07-17 09:30:00-04:00,28553.25,28686.0,28539.75,28607.0,16788
2026-07-17 09:35:00-04:00,28463.5,28571.25,28457.75,28554.75,12169
2026-07-17 09:40:00-04:00,28420.0,28512.0,28408.25,28463.0,12845
2026-07-17 09:45:00-04:00,28499.25,28519.0,28412.0,28419.5,10817
2026-07-17 09:50:00-04:00,28601.5,28614.5,28486.25,28498.5,10630
2026-07-17 09:55:00-04:00,28676.0,28681.75,28578.25,28601.25,9562
2026-07-17 10:00:00-04:00,28718.25,28783.75,28665.25,28676.0,14333
2026-07-17 10:05:00-04:00,28810.0,28817.0,28718.0,28718.0,9949
2026-07-17 10:10:00-04:00,28803.5,28862.25,28783.0,28810.0,10733
2026-07-17 10:15:00-04:00,28848.75,28885.5,28779.75,28804.0,9882
2026-07-17 10:20:00-04:00,28866.0,28879.0,28815.5,28850.0,8098
2026-07-17 10:25:00-04:00,28832.0,28887.5,28816.5,28865.5,6574
2026-07-17 10:30:00-04:00,28790.5,28850.25,28760.25,28832.0,9270
2026-07-17 10:35:00-04:00,28894.0,28894.75,28788.0,28791.5,9648
2026-07-17 10:40:00-04:00,28825.5,28896.0,28806.0,28892.75,6695
2026-07-17 10:45:00-04:00,28788.25,28857.75,28768.25,28824.5,6888
2026-07-17 10:50:00-04:00,28762.5,28814.0,28748.25,28789.5,5677
2026-07-17 10:55:00-04:00,28727.0,28808.75,28721.0,28762.5,6002
2026-07-17 11:00:00-04:00,28690.0,28742.25,28685.0,28727.0,5924
2026-07-17 11:05:00-04:00,28730.75,28733.0,28676.75,28689.75,5373
2026-07-17 11:10:00-04:00,28706.5,28755.75,28688.0,28729.75,4992
2026-07-17 11:15:00-04:00,28725.25,28747.25,28686.0,28707.25,4450
2026-07-17 11:20:00-04:00,28691.5,28742.75,28672.25,28726.0,5446
2026-07-17 11:25:00-04:00,28753.5,28760.0,28688.25,28692.25,4745
2026-07-17 11:30:00-04:00,28753.5,28790.75,28718.0,28753.25,7102
2026-07-17 11:35:00-04:00,28822.5,28832.5,28725.0,28753.75,5575
2026-07-17 11:40:00-04:00,28799.0,28843.5,28766.25,28823.0,5230
2026-07-17 11:45:00-04:00,28826.0,28828.0,28781.5,28797.0,3859
2026-07-17 11:50:00-04:00,28884.0,28885.25,28800.75,28824.5,4919
2026-07-17 11:55:00-04:00,28933.5,28948.5,28879.25,28884.0,7051
2026-07-17 12:00:00-04:00,28885.75,28955.75,28856.75,28934.0,8907
2026-07-17 12:05:00-04:00,28918.0,28918.0,28846.0,28885.25,4426
2026-07-17 12:10:00-04:00,28939.0,28944.5,28897.5,28916.75,4969
2026-07-17 12:15:00-04:00,28941.25,28956.0,28925.25,28939.75,4841
2026-07-17 12:20:00-04:00,28868.75,28949.5,28864.75,28941.25,4646
2026-07-17 12:25:00-04:00,28913.5,28942.75,28858.0,28867.75,4612
2026-07-17 12:30:00-04:00,28903.75,28930.25,28885.75,28914.25,3035
2026-07-17 12:35:00-04:00,28927.0,28941.0,28903.25,28904.75,2934
2026-07-17 12:40:00-04:00,28971.0,28972.25,28902.0,28926.75,4150
2026-07-17 12:45:00-04:00,28997.25,29002.75,28962.5,28971.0,5079
2026-07-17 12:50:00-04:00,29010.25,29028.0,28983.25,28998.0,4891
2026-07-17 12:55:00-04:00,28974.25,29019.5,28960.5,29010.75,4139
2026-07-17 13:00:00-04:00,29010.75,29033.5,28966.25,28974.75,4739
2026-07-17 13:05:00-04:00,29034.25,29039.5,29001.0,29010.25,3268
2026-07-17 13:10:00-04:00,28995.75,29050.25,28994.75,29034.0,3593
2026-07-17 13:15:00-04:00,29003.25,29042.75,28987.0,28995.5,3405
2026-07-17 13:20:00-04:00,28989.5,29005.0,28979.25,29000.5,3833
2026-07-17 13:25:00-04:00,29035.5,29041.0,28988.25,28990.5,3866
2026-07-17 13:30:00-04:00,29017.5,29042.25,29014.0,29035.75,2986
2026-07-17 13:35:00-04:00,28980.5,29023.75,28972.0,29019.0,3390
2026-07-17 13:40:00-04:00,28950.25,28983.5,28943.0,28981.25,3723
2026-07-17 13:45:00-04:00,28961.25,28969.75,28940.0,28949.75,2420
2026-07-17 13:50:00-04:00,28919.75,28967.25,28914.5,28961.5,3148
2026-07-17 13:55:00-04:00,28895.75,28925.5,28883.75,28920.0,3456
2026-07-17 14:00:00-04:00,28906.75,28937.0,28882.0,28896.25,3662
2026-07-17 14:05:00-04:00,28873.5,28906.25,28870.25,28906.25,3582
2026-07-17 14:10:00-04:00,28862.25,28881.75,28856.25,28873.75,2479
2026-07-17 14:15:00-04:00,28848.0,28870.75,28831.25,28863.25,3936
2026-07-17 14:20:00-04:00,28838.25,28862.5,28825.25,28847.75,3665
2026-07-17 14:25:00-04:00,28851.75,28856.25,28822.5,28837.5,2643
2026-07-17 14:30:00-04:00,28841.5,28891.75,28825.0,28852.0,4415
2026-07-17 14:35:00-04:00,28837.75,28855.0,28830.75,28842.0,2124
2026-07-17 14:40:00-04:00,28808.75,28843.25,28797.0,28839.0,5165
2026-07-17 14:45:00-04:00,28847.75,28869.75,28797.0,28808.25,4086
2026-07-17 14:50:00-04:00,28880.25,28881.25,28832.0,28846.75,3404
2026-07-17 14:55:00-04:00,28861.25,28886.0,28852.25,28880.75,2801
2026-07-17 15:00:00-04:00,28850.5,28869.25,28830.5,28861.0,3465
2026-07-17 15:05:00-04:00,28816.25,28858.25,28809.75,28850.75,2458
2026-07-17 15:10:00-04:00,28760.0,28820.5,28757.75,28815.0,3918
2026-07-17 15:15:00-04:00,28767.25,28775.25,28734.5,28759.25,4617
2026-07-17 15:20:00-04:00,28734.75,28767.75,28734.0,28767.25,2647
2026-07-17 15:25:00-04:00,28795.5,28807.0,28718.5,28735.25,4405
2026-07-17 15:30:00-04:00,28801.5,28846.5,28791.75,28795.75,6757
2026-07-17 15:35:00-04:00,28767.25,28825.25,28766.5,28801.75,3508
2026-07-17 15:40:00-04:00,28795.5,28809.0,28753.75,28767.75,3898
2026-07-17 15:45:00-04:00,28827.25,28830.75,28788.0,28795.5,4369
2026-07-17 15:50:00-04:00,28838.0,28853.5,28806.75,28827.25,6624
2026-07-17 15:55:00-04:00,28764.25,28848.5,28756.0,28836.75,12635
2026-07-17 16:00:00-04:00,28728.5,28768.0,28712.5,28764.5,7817
2026-07-17 16:05:00-04:00,28736.0,28741.75,28717.0,28727.0,2406
2026-07-17 16:10:00-04:00,28738.5,28748.5,28716.5,28736.25,2247
2026-07-17 16:15:00-04:00,28744.5,28747.25,28733.5,28738.75,910
2026-07-17 16:20:00-04:00,28748.75,28753.0,28741.5,28744.75,942
2026-07-17 16:25:00-04:00,28749.75,28754.5,28746.75,28749.5,753
2026-07-17 16:30:00-04:00,28762.25,28768.75,28749.25,28749.5,1321
2026-07-17 16:35:00-04:00,28756.25,28761.5,28750.5,28761.5,882
2026-07-17 16:40:00-04:00,28767.25,28768.25,28754.75,28755.75,609
2026-07-17 16:45:00-04:00,28758.5,28771.25,28757.5,28767.5,427
2026-07-17 16:50:00-04:00,28765.25,28767.75,28754.5,28758.25,579
2026-07-17 16:55:00-04:00,28773.25,28779.75,28761.0,28766.25,684
2026-07-19 18:10:00-04:00,28715.75,28737.75,28709.75,28733.75,628
2026-07-19 18:15:00-04:00,28781.5,28790.0,28714.25,28715.25,1216
2026-07-19 18:20:00-04:00,28784.0,28818.75,28781.0,28781.75,1121
2026-07-19 18:25:00-04:00,28766.5,28788.5,28761.5,28781.0,839
2026-07-19 18:30:00-04:00,28827.5,28830.0,28757.75,28763.75,1217
2026-07-19 18:35:00-04:00,28811.25,28837.75,28801.75,28827.5,532
2026-07-19 18:40:00-04:00,28838.25,28851.0,28813.5,28813.5,599
2026-07-19 18:45:00-04:00,28831.0,28848.25,28817.0,28839.0,527
2026-07-19 18:50:00-04:00,28817.75,28834.75,28811.25,28831.0,470
2026-07-19 18:55:00-04:00,28814.5,28823.75,28810.0,28820.0,320
2026-07-19 19:00:00-04:00,28793.75,28825.5,28785.0,28818.0,668
2026-07-19 19:05:00-04:00,28821.5,28824.0,28787.25,28793.5,447
2026-07-19 19:10:00-04:00,28812.5,28836.25,28807.0,28824.5,398
2026-07-19 19:15:00-04:00,28800.5,28818.25,28789.0,28814.0,309
2026-07-19 19:20:00-04:00,28814.75,28817.5,28781.0,28800.25,375
2026-07-19 19:25:00-04:00,28805.25,28824.75,28790.75,28814.25,374
2026-07-19 19:30:00-04:00,28816.75,28819.75,28793.75,28805.5,293
2026-07-19 19:35:00-04:00,28835.25,28838.0,28810.0,28820.0,577
2026-07-19 19:40:00-04:00,28864.5,28868.5,28825.0,28831.75,808
2026-07-19 19:45:00-04:00,28827.5,28868.0,28815.0,28866.75,847
2026-07-19 19:50:00-04:00,28842.75,28862.0,28826.75,28828.25,387
2026-07-19 19:55:00-04:00,28868.25,28880.25,28841.0,28844.75,719
2026-07-19 20:00:00-04:00,28870.5,28873.25,28806.0,28870.0,1437
2026-07-19 20:05:00-04:00,28925.0,28938.0,28867.5,28868.0,1879
2026-07-19 20:10:00-04:00,28940.25,28956.5,28918.5,28924.5,1191
2026-07-19 20:15:00-04:00,28957.5,28963.5,28937.5,28940.25,1166
2026-07-19 20:20:00-04:00,28947.5,28962.5,28937.5,28957.5,605
2026-07-19 20:25:00-04:00,28935.0,28948.75,28926.5,28947.25,776
2026-07-19 20:30:00-04:00,28876.25,28938.25,28875.0,28935.75,993
2026-07-19 20:35:00-04:00,28897.25,28923.75,28873.0,28875.75,955
2026-07-19 20:40:00-04:00,28886.25,28935.5,28885.5,28896.0,724
2026-07-19 20:45:00-04:00,28884.25,28900.25,28858.25,28888.0,1115
2026-07-19 20:50:00-04:00,28864.75,28887.25,28861.5,28884.75,348
2026-07-19 20:55:00-04:00,28859.25,28890.0,28850.0,28864.5,549
2026-07-19 21:00:00-04:00,28862.5,28888.25,28846.5,28861.75,712
2026-07-19 21:05:00-04:00,28905.0,28906.5,28858.0,28862.25,672
2026-07-19 21:10:00-04:00,28853.0,28917.5,28846.5,28903.75,734
2026-07-19 21:15:00-04:00,28834.25,28869.5,28830.0,28853.0,1050
2026-07-19 21:20:00-04:00,28864.25,28879.0,28820.5,28833.75,874
2026-07-19 21:25:00-04:00,28815.5,28885.0,28811.5,28864.5,938
2026-07-19 21:30:00-04:00,28810.0,28829.5,28803.75,28815.0,808
2026-07-19 21:35:00-04:00,28824.25,28834.0,28802.0,28807.75,586
2026-07-19 21:40:00-04:00,28796.5,28834.75,28776.5,28822.5,1094
2026-07-19 21:45:00-04:00,28811.25,28819.5,28786.5,28796.25,535
2026-07-19 21:50:00-04:00,28771.25,28814.25,28767.0,28814.0,780
2026-07-19 21:55:00-04:00,28795.75,28806.0,28762.75,28769.5,722
2026-07-19 22:00:00-04:00,28874.25,28885.0,28795.75,28798.5,1452
2026-07-19 22:05:00-04:00,28870.5,28889.0,28866.0,28873.5,594
2026-07-19 22:10:00-04:00,28838.25,28869.75,28833.0,28869.75,567
2026-07-19 22:15:00-04:00,28810.0,28846.5,28808.25,28839.5,646
2026-07-19 22:20:00-04:00,28801.5,28814.5,28793.0,28813.0,591
2026-07-19 22:25:00-04:00,28811.25,28823.5,28793.0,28804.75,397
2026-07-19 22:30:00-04:00,28863.25,28877.0,28809.5,28811.0,928
2026-07-19 22:35:00-04:00,28860.25,28888.75,28855.25,28863.0,454
2026-07-19 22:40:00-04:00,28899.25,28917.75,28856.5,28861.25,706
2026-07-19 22:45:00-04:00,28931.5,28938.25,28892.75,28901.25,894
2026-07-19 22:50:00-04:00,28906.75,28948.0,28901.75,28932.5,622
2026-07-19 22:55:00-04:00,28886.0,28912.0,28883.75,28906.75,439
2026-07-19 23:00:00-04:00,28887.75,28913.0,28881.25,28888.0,353
2026-07-19 23:05:00-04:00,28872.75,28885.5,28856.0,28884.0,488
2026-07-19 23:10:00-04:00,28884.75,28892.0,28866.75,28872.5,335
2026-07-19 23:15:00-04:00,28888.5,28913.75,28877.5,28883.75,589
2026-07-19 23:20:00-04:00,28895.0,28899.0,28863.0,28888.75,432
2026-07-19 23:25:00-04:00,28876.5,28895.5,28870.0,28894.0,232
2026-07-19 23:30:00-04:00,28868.0,28902.75,28864.5,28876.5,472
2026-07-19 23:35:00-04:00,28887.0,28890.5,28851.0,28866.5,490
2026-07-19 23:40:00-04:00,28898.5,28903.25,28869.75,28887.0,341
2026-07-19 23:45:00-04:00,28901.25,28905.5,28884.75,28900.0,251
2026-07-19 23:50:00-04:00,28932.25,28937.75,28900.0,28900.0,754
2026-07-19 23:55:00-04:00,28894.5,28935.5,28881.0,28935.5,519
2026-07-20 00:00:00-04:00,28895.25,28918.75,28886.0,28900.0,604
2026-07-20 00:05:00-04:00,28881.25,28897.75,28871.25,28894.0,293
2026-07-20 00:10:00-04:00,28867.25,28887.5,28863.0,28883.0,398
2026-07-20 00:15:00-04:00,28852.75,28867.25,28844.5,28867.25,436
2026-07-20 00:20:00-04:00,28861.75,28866.75,28844.75,28853.0,283
2026-07-20 00:25:00-04:00,28900.5,28902.75,28861.5,28862.5,429
2026-07-20 00:30:00-04:00,28905.75,28936.5,28888.25,28900.25,581
2026-07-20 00:35:00-04:00,28925.25,28935.25,28899.25,28906.75,390
2026-07-20 00:40:00-04:00,28933.5,28940.25,28905.75,28924.25,742
2026-07-20 00:45:00-04:00,28937.25,28941.75,28925.5,28934.75,238
2026-07-20 00:50:00-04:00,28913.75,28942.0,28913.75,28938.5,404
2026-07-20 00:55:00-04:00,28897.75,28920.0,28892.75,28915.25,334
2026-07-20 01:00:00-04:00,28876.0,28901.75,28873.25,28898.0,478
2026-07-20 01:05:00-04:00,28850.0,28876.25,28844.75,28875.25,680
2026-07-20 01:10:00-04:00,28862.25,28869.0,28812.75,28850.75,1116
2026-07-20 01:15:00-04:00,28852.75,28862.5,28838.5,28862.5,317
2026-07-20 01:20:00-04:00,28837.75,28856.0,28826.25,28851.5,244
2026-07-20 01:25:00-04:00,28832.75,28849.75,28829.0,28840.5,271
2026-07-20 01:30:00-04:00,28826.0,28839.0,28817.5,28831.25,395
2026-07-20 01:35:00-04:00,28816.5,28836.75,28814.0,28825.25,432
2026-07-20 01:40:00-04:00,28813.0,28832.0,28809.0,28817.0,410
2026-07-20 01:45:00-04:00,28819.5,28832.25,28805.25,28813.25,435
2026-07-20 01:50:00-04:00,28794.5,28819.75,28790.0,28819.5,405
2026-07-20 01:55:00-04:00,28807.25,28828.0,28789.0,28793.25,437
2026-07-20 02:00:00-04:00,28819.25,28823.75,28798.5,28808.0,542
2026-07-20 02:05:00-04:00,28802.0,28821.0,28795.75,28818.0,284
2026-07-20 02:10:00-04:00,28785.5,28801.75,28781.75,28801.75,430
2026-07-20 02:15:00-04:00,28800.5,28809.0,28777.75,28783.5,529
2026-07-20 02:20:00-04:00,28772.0,28815.25,28770.25,28804.0,463
2026-07-20 02:25:00-04:00,28785.0,28795.5,28768.75,28771.5,289
2026-07-20 02:30:00-04:00,28778.0,28797.25,28775.75,28786.5,243
2026-07-20 02:35:00-04:00,28776.25,28785.75,28766.0,28775.75,349
2026-07-20 02:40:00-04:00,28804.25,28813.5,28772.25,28773.0,602
2026-07-20 02:45:00-04:00,28788.5,28804.0,28778.5,28802.5,349
2026-07-20 02:50:00-04:00,28799.25,28808.0,28790.0,28790.0,212
2026-07-20 02:55:00-04:00,28803.5,28811.5,28781.5,28801.25,467
2026-07-20 03:00:00-04:00,28820.75,28833.75,28804.5,28805.75,757
2026-07-20 03:05:00-04:00,28817.0,28829.5,28805.75,28822.25,450
2026-07-20 03:10:00-04:00,28819.25,28829.5,28810.0,28820.0,376
2026-07-20 03:15:00-04:00,28809.75,28823.75,28797.75,28820.75,422
2026-07-20 03:20:00-04:00,28843.5,28851.25,28800.0,28810.0,710
2026-07-20 03:25:00-04:00,28880.25,28885.75,28840.0,28842.25,650
2026-07-20 03:30:00-04:00,28911.0,28921.25,28878.25,28880.0,896
2026-07-20 03:35:00-04:00,28909.5,28921.0,28897.0,28911.75,777
2026-07-20 03:40:00-04:00,28905.5,28926.0,28890.75,28912.25,636
2026-07-20 03:45:00-04:00,28886.25,28918.0,28882.25,28905.5,480
2026-07-20 03:50:00-04:00,28891.5,28898.75,28879.0,28884.5,273
2026-07-20 03:55:00-04:00,28911.0,28923.0,28890.5,28891.5,617
2026-07-20 04:00:00-04:00,28921.5,28934.25,28905.5,28908.25,707
2026-07-20 04:05:00-04:00,28899.0,28928.0,28889.5,28920.75,580
2026-07-20 04:10:00-04:00,28926.75,28928.5,28893.75,28900.5,381
2026-07-20 04:15:00-04:00,28915.25,28939.75,28913.75,28928.25,617
2026-07-20 04:20:00-04:00,28909.5,28918.5,28900.5,28915.25,385
2026-07-20 04:25:00-04:00,28902.5,28911.75,28895.5,28908.75,377
2026-07-20 04:30:00-04:00,28884.5,28907.25,28869.75,28902.25,468
2026-07-20 04:35:00-04:00,28874.25,28883.5,28862.0,28883.0,329
2026-07-20 04:40:00-04:00,28863.25,28887.25,28860.0,28875.0,364
2026-07-20 04:45:00-04:00,28886.75,28886.75,28860.75,28864.75,269
2026-07-20 04:50:00-04:00,28866.0,28890.0,28863.75,28885.5,273
2026-07-20 04:55:00-04:00,28882.0,28885.75,28865.0,28867.5,170
2026-07-20 05:00:00-04:00,28877.0,28888.5,28869.25,28879.25,213
2026-07-20 05:05:00-04:00,28874.0,28884.0,28854.0,28876.75,374
2026-07-20 05:10:00-04:00,28878.0,28883.25,28869.25,28874.0,225
2026-07-20 05:15:00-04:00,28882.0,28902.75,28878.0,28878.0,297
2026-07-20 05:20:00-04:00,28905.5,28915.75,28883.0,28883.0,365
2026-07-20 05:25:00-04:00,28904.75,28914.5,28901.0,28905.5,215
2026-07-20 05:30:00-04:00,28907.5,28919.0,28898.0,28904.25,336
2026-07-20 05:35:00-04:00,28922.75,28923.75,28907.0,28907.25,258
2026-07-20 05:40:00-04:00,28940.75,28941.5,28921.25,28923.25,488
2026-07-20 05:45:00-04:00,28966.25,28967.0,28940.0,28941.0,897
2026-07-20 05:50:00-04:00,28970.5,28998.25,28963.5,28965.75,1457
2026-07-20 05:55:00-04:00,28952.5,28969.75,28948.5,28969.75,703
2026-07-20 06:00:00-04:00,28944.0,28957.5,28937.25,28952.75,446
2026-07-20 06:05:00-04:00,28935.5,28943.5,28926.5,28943.25,290
2026-07-20 06:10:00-04:00,28933.25,28944.5,28929.0,28934.5,318
2026-07-20 06:15:00-04:00,28933.5,28937.75,28920.5,28932.75,478
2026-07-20 06:20:00-04:00,28945.75,28954.0,28931.5,28934.25,450
2026-07-20 06:25:00-04:00,28956.75,28962.25,28933.0,28945.25,657
2026-07-20 06:30:00-04:00,28965.75,28976.0,28950.0,28955.0,702
2026-07-20 06:35:00-04:00,28954.5,28966.0,28947.25,28964.0,295
2026-07-20 06:40:00-04:00,28967.25,28971.25,28949.25,28955.0,402
2026-07-20 06:45:00-04:00,28967.75,28979.25,28965.0,28967.5,304
2026-07-20 06:50:00-04:00,28979.75,28980.0,28961.5,28968.0,321
2026-07-20 06:55:00-04:00,28969.0,28980.0,28965.75,28979.5,176
2026-07-20 07:00:00-04:00,28991.75,28994.25,28963.75,28970.75,801
2026-07-20 07:05:00-04:00,29003.0,29004.75,28989.0,28992.0,767
2026-07-20 07:10:00-04:00,29012.5,29026.5,28998.25,29002.25,803
2026-07-20 07:15:00-04:00,29002.75,29018.0,28999.25,29012.25,784
2026-07-20 07:20:00-04:00,28993.5,29008.25,28991.5,29001.5,375
2026-07-20 07:25:00-04:00,28998.75,28999.5,28987.75,28992.25,468
2026-07-20 07:30:00-04:00,29099.0,29106.0,28995.5,28997.75,4357
2026-07-20 07:35:00-04:00,29087.5,29109.5,29084.25,29099.5,1196
2026-07-20 07:40:00-04:00,29087.25,29108.75,29075.0,29086.5,1258
2026-07-20 07:45:00-04:00,29062.25,29096.75,29062.0,29088.75,1251
2026-07-20 07:50:00-04:00,29081.0,29085.0,29048.25,29062.25,1316
2026-07-20 07:55:00-04:00,29072.5,29082.0,29068.0,29082.0,384
2026-07-20 08:00:00-04:00,29009.25,29075.5,28981.75,29072.5,2579
2026-07-20 08:05:00-04:00,29018.75,29025.75,29001.25,29009.0,973
2026-07-20 08:10:00-04:00,29004.75,29025.0,28991.0,29017.25,863
2026-07-20 08:15:00-04:00,29013.5,29019.75,28991.5,29003.0,593
2026-07-20 08:20:00-04:00,29008.75,29017.0,28999.0,29014.5,382
2026-07-20 08:25:00-04:00,29034.75,29036.75,29000.5,29008.25,717
2026-07-20 08:30:00-04:00,29035.75,29043.0,29016.25,29036.0,884
2026-07-20 08:35:00-04:00,29035.75,29046.0,29032.5,29037.25,448
2026-07-20 08:40:00-04:00,29005.5,29039.0,29001.0,29034.5,760
2026-07-20 08:45:00-04:00,29040.75,29044.0,29004.25,29005.25,1005
2026-07-20 08:50:00-04:00,29014.25,29040.5,29012.25,29040.25,864
2026-07-20 08:55:00-04:00,29025.0,29026.0,29004.0,29013.25,741
2026-07-20 09:00:00-04:00,29049.75,29058.25,29016.75,29025.0,1739
2026-07-20 09:05:00-04:00,29043.75,29055.5,29041.0,29049.5,844
2026-07-20 09:10:00-04:00,29024.0,29057.0,29022.75,29044.25,1018
2026-07-20 09:15:00-04:00,29038.5,29040.75,29021.25,29025.0,682
2026-07-20 09:20:00-04:00,29044.5,29051.0,29038.25,29040.5,803
2026-07-20 09:25:00-04:00,29045.0,29060.0,29021.25,29044.25,2746
2026-07-20 09:30:00-04:00,29136.5,29137.75,29025.75,29045.0,12471
2026-07-20 09:35:00-04:00,29125.0,29167.25,29119.5,29136.75,10271
2026-07-20 09:40:00-04:00,29178.25,29181.75,29121.25,29127.0,7428
2026-07-20 09:45:00-04:00,29117.75,29192.5,29115.75,29177.75,9849
2026-07-20 09:50:00-04:00,29064.5,29131.25,29027.5,29117.5,11071
2026-07-20 09:55:00-04:00,28994.75,29066.75,28979.75,29065.25,9462
2026-07-20 10:00:00-04:00,29019.0,29049.0,28961.0,28996.0,10436
2026-07-20 10:05:00-04:00,29008.5,29027.75,28983.5,29020.0,6379
2026-07-20 10:10:00-04:00,28973.5,29007.5,28938.0,29007.0,7636
2026-07-20 10:15:00-04:00,28959.75,29005.5,28938.5,28971.75,6567
2026-07-20 10:20:00-04:00,28968.0,28985.75,28908.0,28959.75,6742
2026-07-20 10:25:00-04:00,29030.75,29032.75,28963.0,28967.5,5423
2026-07-20 10:30:00-04:00,29002.25,29053.75,28980.75,29030.75,5632
2026-07-20 10:35:00-04:00,28992.0,29025.75,28972.5,29002.0,4248
2026-07-20 10:40:00-04:00,28964.5,29016.0,28952.75,28992.25,4211
2026-07-20 10:45:00-04:00,28927.25,29004.25,28925.25,28965.5,6418
2026-07-20 10:50:00-04:00,28912.5,28946.75,28895.75,28928.5,5513
2026-07-20 10:55:00-04:00,28891.5,28929.0,28874.0,28909.5,6250
2026-07-20 11:00:00-04:00,28927.0,28957.0,28873.25,28891.75,6456
2026-07-20 11:05:00-04:00,28987.5,28988.25,28883.5,28927.0,7044
2026-07-20 11:10:00-04:00,28945.0,28989.5,28933.25,28985.5,4725
2026-07-20 11:15:00-04:00,28972.25,28997.5,28928.75,28946.0,3794
2026-07-20 11:20:00-04:00,29001.5,29024.5,28957.75,28973.0,3936
2026-07-20 11:25:00-04:00,29015.5,29020.75,28969.75,29001.5,3899
2026-07-20 11:30:00-04:00,29020.5,29031.0,29010.0,29015.75,3760
2026-07-20 11:35:00-04:00,29000.25,29028.0,28998.75,29021.0,2824
2026-07-20 11:40:00-04:00,29027.5,29034.75,28986.25,29000.25,3534
2026-07-20 11:45:00-04:00,28985.0,29031.5,28978.0,29028.5,3226
2026-07-20 11:50:00-04:00,29043.75,29055.25,28974.0,28984.5,4253
2026-07-20 11:55:00-04:00,29050.75,29066.75,29043.0,29044.25,3209
2026-07-20 12:00:00-04:00,29063.0,29069.0,29028.75,29050.75,4335
2026-07-20 12:05:00-04:00,29103.25,29105.75,29062.75,29063.75,4220
2026-07-20 12:10:00-04:00,29107.0,29119.0,29095.0,29103.75,3642
2026-07-20 12:15:00-04:00,29104.25,29109.5,29084.0,29107.0,3285
2026-07-20 12:20:00-04:00,29101.0,29112.75,29094.25,29104.75,2162
2026-07-20 12:25:00-04:00,29084.5,29105.5,29069.75,29101.25,2789
2026-07-20 12:30:00-04:00,29045.75,29101.25,29043.5,29085.0,3374
2026-07-20 12:35:00-04:00,29074.75,29075.75,29042.75,29046.25,2908
2026-07-20 12:40:00-04:00,29004.25,29083.25,28962.0,29074.0,6744
2026-07-20 12:45:00-04:00,29049.75,29051.75,28991.75,29005.0,3579
2026-07-20 12:50:00-04:00,28977.0,29051.0,28975.0,29050.5,5046
2026-07-20 12:55:00-04:00,28983.75,28989.0,28956.0,28976.5,4052
2026-07-20 13:00:00-04:00,28961.0,28999.75,28954.75,28983.0,3863
2026-07-20 13:05:00-04:00,28967.5,28970.25,28937.5,28961.75,2685
2026-07-20 13:10:00-04:00,28926.5,28970.5,28922.0,28967.5,2890
2026-07-20 13:15:00-04:00,28956.75,28960.25,28910.25,28926.25,3462
2026-07-20 13:20:00-04:00,28958.25,28975.75,28941.5,28955.0,2911
2026-07-20 13:25:00-04:00,28957.25,28974.5,28944.75,28957.5,2083
2026-07-20 13:30:00-04:00,28957.75,28968.25,28945.75,28958.25,2183
2026-07-20 13:35:00-04:00,28945.0,28973.25,28940.5,28956.5,1999
2026-07-20 13:40:00-04:00,28910.0,28947.25,28900.75,28946.0,3352
2026-07-20 13:45:00-04:00,28946.25,28956.5,28908.75,28910.75,2752
2026-07-20 13:50:00-04:00,28969.5,28982.75,28943.0,28945.25,2344
2026-07-20 13:55:00-04:00,28956.5,28971.25,28941.0,28970.0,2164
2026-07-20 14:00:00-04:00,28970.75,28992.25,28956.5,28957.0,3047
2026-07-20 14:05:00-04:00,28988.5,28989.0,28956.75,28970.0,1623
2026-07-20 14:10:00-04:00,28992.5,29002.0,28975.0,28989.0,2070
2026-07-20 14:15:00-04:00,28993.75,29009.75,28979.0,28993.0,2299
2026-07-20 14:20:00-04:00,28940.75,28996.25,28938.25,28993.25,3542
2026-07-20 14:25:00-04:00,28949.0,28971.75,28932.0,28941.5,2544
2026-07-20 14:30:00-04:00,28907.5,28949.0,28895.0,28949.0,3103
2026-07-20 14:35:00-04:00,28906.25,28945.75,28897.25,28906.25,2846
2026-07-20 14:40:00-04:00,28859.25,28913.75,28858.75,28905.75,4225
2026-07-20 14:45:00-04:00,28872.0,28891.25,28855.75,28860.5,3705
2026-07-20 14:50:00-04:00,28893.25,28901.25,28861.5,28870.5,3393
2026-07-20 14:55:00-04:00,28870.0,28897.5,28855.75,28892.0,2715
2026-07-20 15:00:00-04:00,28845.5,28896.0,28836.75,28871.0,3743
2026-07-20 15:05:00-04:00,28849.0,28858.5,28832.25,28845.75,3496
2026-07-20 15:10:00-04:00,28807.75,28878.0,28807.75,28848.5,4819
2026-07-20 15:15:00-04:00,28814.75,28836.0,28796.5,28808.5,4212
2026-07-20 15:20:00-04:00,28825.5,28832.5,28797.25,28814.25,2948
2026-07-20 15:25:00-04:00,28855.5,28869.0,28799.0,28825.25,4203
2026-07-20 15:30:00-04:00,28867.5,28883.0,28834.25,28855.75,4660
2026-07-20 15:35:00-04:00,28862.75,28873.75,28837.25,28866.0,2851
2026-07-20 15:40:00-04:00,28866.5,28894.25,28854.0,28862.0,4049
2026-07-20 15:45:00-04:00,28868.0,28880.0,28841.75,28866.5,3598
2026-07-20 15:50:00-04:00,28804.75,28866.25,28793.0,28866.25,6079
2026-07-20 15:55:00-04:00,28785.75,28809.0,28767.75,28805.25,13584
2026-07-20 16:00:00-04:00,28794.25,28831.5,28782.25,28785.25,5885
2026-07-20 16:05:00-04:00,28772.0,28803.0,28767.0,28794.25,1453
2026-07-20 16:10:00-04:00,28773.0,28783.75,28768.25,28772.0,1058
2026-07-20 16:15:00-04:00,28757.25,28774.75,28754.5,28772.75,1212
2026-07-20 16:20:00-04:00,28756.25,28762.0,28753.25,28757.25,559
2026-07-20 16:25:00-04:00,28759.25,28762.75,28750.5,28757.0,748
2026-07-20 16:30:00-04:00,28773.75,28773.75,28757.75,28759.0,680
2026-07-20 16:35:00-04:00,28775.25,28780.75,28770.25,28773.0,484
2026-07-20 16:40:00-04:00,28771.25,28777.25,28763.75,28775.0,363
2026-07-20 16:45:00-04:00,28781.25,28782.25,28769.25,28771.75,324
2026-07-20 16:50:00-04:00,28779.75,28782.0,28767.75,28780.5,394
2026-07-20 16:55:00-04:00,28777.0,28785.75,28772.75,28779.0,315
2026-07-20 18:00:00-04:00,28730.75,28803.5,28726.5,28778.25,0
2026-07-20 18:05:00-04:00,28731.75,28736.5,28705.0,28732.25,1007
2026-07-20 18:10:00-04:00,28720.25,28736.75,28719.25,28728.75,252
2026-07-20 18:15:00-04:00,28721.25,28732.0,28711.5,28720.0,351
2026-07-20 18:20:00-04:00,28724.5,28730.0,28715.75,28723.0,170
2026-07-20 18:25:00-04:00,28719.75,28728.0,28710.0,28724.25,306
2026-07-20 18:30:00-04:00,28706.5,28734.25,28701.0,28721.5,486
2026-07-20 18:35:00-04:00,28717.0,28728.0,28704.0,28707.5,477
2026-07-20 18:40:00-04:00,28720.75,28725.0,28712.25,28716.5,174
2026-07-20 18:45:00-04:00,28712.5,28734.25,28705.75,28725.0,399
2026-07-20 18:50:00-04:00,28715.25,28720.75,28706.25,28711.5,137
2026-07-20 18:55:00-04:00,28717.75,28720.75,28714.5,28716.25,73
2026-07-20 19:00:00-04:00,28733.75,28734.0,28711.25,28717.75,396
2026-07-20 19:05:00-04:00,28772.5,28775.75,28734.0,28734.0,621
2026-07-20 19:10:00-04:00,28768.25,28778.5,28756.5,28772.5,509
2026-07-20 19:15:00-04:00,28799.25,28802.25,28765.5,28769.0,780
2026-07-20 19:20:00-04:00,28811.75,28820.25,28794.5,28799.5,744
2026-07-20 19:25:00-04:00,28819.0,28822.0,28805.75,28813.5,342
2026-07-20 19:30:00-04:00,28814.5,28824.5,28811.0,28818.75,389
2026-07-20 19:35:00-04:00,28811.0,28816.0,28807.0,28814.75,220
2026-07-20 19:40:00-04:00,28811.75,28817.0,28805.75,28809.75,268
2026-07-20 19:45:00-04:00,28802.5,28832.5,28799.0,28810.5,867
2026-07-20 19:50:00-04:00,28783.5,28803.0,28757.75,28803.0,1074
2026-07-20 19:55:00-04:00,28779.25,28801.75,28774.0,28781.5,622
2026-07-20 20:00:00-04:00,28744.5,28777.75,28722.0,28777.5,1429
2026-07-20 20:05:00-04:00,28726.75,28751.25,28707.25,28738.75,801
2026-07-20 20:10:00-04:00,28736.0,28765.0,28709.25,28727.5,1322
2026-07-20 20:15:00-04:00,28800.75,28804.75,28709.0,28740.0,1570
2026-07-20 20:20:00-04:00,28797.25,28807.5,28771.0,28800.0,944
2026-07-20 20:25:00-04:00,28816.5,28834.5,28781.75,28797.0,953
2026-07-20 20:30:00-04:00,28859.75,28864.75,28813.75,28818.25,939
2026-07-20 20:35:00-04:00,28862.5,28868.5,28842.0,28859.75,625
2026-07-20 20:40:00-04:00,28866.25,28880.0,28852.5,28862.75,577
2026-07-20 20:45:00-04:00,28889.0,28897.0,28853.5,28866.75,1059
2026-07-20 20:50:00-04:00,28881.25,28897.0,28876.0,28889.0,929
2026-07-20 20:55:00-04:00,28856.25,28883.0,28856.25,28881.0,756
2026-07-20 21:00:00-04:00,28877.25,28878.75,28837.5,28859.75,848
2026-07-20 21:05:00-04:00,28897.75,28908.75,28872.25,28877.5,1066
2026-07-20 21:10:00-04:00,28903.25,28910.75,28894.25,28899.5,617
2026-07-20 21:15:00-04:00,28899.5,28912.5,28872.75,28904.5,857
2026-07-20 21:20:00-04:00,28892.25,28905.75,28880.75,28899.25,507
2026-07-20 21:25:00-04:00,28891.0,28900.25,28880.5,28890.0,332
2026-07-20 21:30:00-04:00,28912.25,28916.75,28886.0,28891.75,418
2026-07-20 21:35:00-04:00,28889.75,28920.5,28888.25,28911.25,573
2026-07-20 21:40:00-04:00,28873.25,28897.25,28866.5,28890.0,587
2026-07-20 21:45:00-04:00,28903.0,28911.75,28870.0,28875.5,524
2026-07-20 21:50:00-04:00,28896.25,28907.25,28884.75,28904.75,510
2026-07-20 21:55:00-04:00,28885.25,28896.5,28871.75,28896.5,560
2026-07-20 22:00:00-04:00,28909.0,28913.25,28877.75,28885.25,513
2026-07-20 22:05:00-04:00,28897.0,28937.75,28895.5,28908.25,767
2026-07-20 22:10:00-04:00,28885.5,28900.0,28880.0,28896.25,453
2026-07-20 22:15:00-04:00,28863.25,28890.25,28859.0,28885.25,435
2026-07-20 22:20:00-04:00,28912.75,28913.25,28859.25,28862.75,610
2026-07-20 22:25:00-04:00,28894.5,28920.25,28892.5,28913.0,434
2026-07-20 22:30:00-04:00,28920.25,28926.75,28894.25,28894.5,455
2026-07-20 22:35:00-04:00,28946.25,28950.0,28921.5,28922.5,900
2026-07-20 22:40:00-04:00,28949.0,28955.25,28940.25,28946.5,376
2026-07-20 22:45:00-04:00,28935.0,28950.0,28934.0,28948.75,277
2026-07-20 22:50:00-04:00,28935.75,28941.0,28928.25,28934.75,215
2026-07-20 22:55:00-04:00,28955.0,28956.75,28934.75,28935.5,336
2026-07-20 23:00:00-04:00,28968.0,28974.75,28951.25,28954.0,606
2026-07-20 23:05:00-04:00,28966.5,28972.0,28964.25,28969.25,195
2026-07-20 23:10:00-04:00,28976.0,28981.75,28967.0,28967.0,309
2026-07-20 23:15:00-04:00,28990.75,28993.75,28971.0,28973.75,432
2026-07-20 23:20:00-04:00,28992.75,28995.0,28985.25,28990.25,353
2026-07-20 23:25:00-04:00,28996.25,28997.5,28985.0,28991.75,384
2026-07-20 23:30:00-04:00,29013.75,29017.0,28992.0,28996.25,773
2026-07-20 23:35:00-04:00,29039.5,29039.75,29012.0,29014.25,1110
2026-07-20 23:40:00-04:00,29034.5,29049.25,29033.75,29038.5,693
2026-07-20 23:45:00-04:00,29067.5,29073.0,29033.75,29034.0,1111
2026-07-20 23:50:00-04:00,29075.0,29077.5,29063.0,29068.25,818
2026-07-20 23:55:00-04:00,29058.25,29078.0,29055.25,29074.25,587
2026-07-21 00:05:00-04:00,29068.5,29075.75,29068.25,29075.75,1803
2026-07-21 00:10:00-04:00,29066.5,29077.0,29065.0,29068.0,348
2026-07-21 00:15:00-04:00,29060.75,29072.25,29059.75,29066.5,345
2026-07-21 00:20:00-04:00,29061.5,29077.25,29055.75,29059.5,477
2026-07-21 00:25:00-04:00,29064.0,29074.5,29061.25,29062.75,409
2026-07-21 00:30:00-04:00,29060.0,29068.5,29058.0,29065.25,284
2026-07-21 00:35:00-04:00,29071.25,29076.75,29059.5,29060.75,386
2026-07-21 00:40:00-04:00,29064.25,29073.25,29056.25,29071.5,368
2026-07-21 00:45:00-04:00,29072.25,29076.75,29059.0,29061.5,262
2026-07-21 00:50:00-04:00,29055.25,29072.75,29051.25,29072.0,420
2026-07-21 00:55:00-04:00,29054.0,29063.25,29048.0,29054.5,265
2026-07-21 01:00:00-04:00,29055.75,29061.0,29052.25,29055.75,157
2026-07-21 01:05:00-04:00,29052.25,29058.5,29048.25,29057.25,278
2026-07-21 01:10:00-04:00,29036.0,29051.75,29033.75,29051.75,525
2026-07-21 01:15:00-04:00,29019.0,29036.75,29016.5,29035.75,587
2026-07-21 01:20:00-04:00,29045.25,29049.25,29017.5,29018.25,383
2026-07-21 01:25:00-04:00,29066.75,29071.25,29040.25,29043.5,639
2026-07-21 01:30:00-04:00,29057.75,29071.25,29039.75,29066.0,607
2026-07-21 01:35:00-04:00,29060.75,29072.5,29055.5,29056.75,384
2026-07-21 01:40:00-04:00,29086.5,29093.5,29062.5,29062.75,675
2026-07-21 01:45:00-04:00,29086.25,29091.0,29071.5,29086.25,340
2026-07-21 01:50:00-04:00,29097.25,29100.75,29086.0,29086.25,612
2026-07-21 01:55:00-04:00,29098.25,29105.0,29092.5,29098.0,470
2026-07-21 02:00:00-04:00,29118.75,29119.5,29096.25,29096.25,779
2026-07-21 02:05:00-04:00,29115.0,29125.0,29107.0,29118.5,755
2026-07-21 02:10:00-04:00,29132.5,29143.5,29110.0,29114.75,926
2026-07-21 02:15:00-04:00,29128.25,29141.5,29125.5,29133.0,665
2026-07-21 02:20:00-04:00,29117.0,29129.5,29109.0,29129.0,726
2026-07-21 02:25:00-04:00,29112.25,29127.75,29110.0,29116.5,500
2026-07-21 02:30:00-04:00,29131.25,29135.5,29113.25,29113.25,614
2026-07-21 02:35:00-04:00,29137.5,29153.0,29128.0,29133.0,747
2026-07-21 02:40:00-04:00,29153.0,29155.0,29135.75,29136.5,386
2026-07-21 02:45:00-04:00,29149.25,29155.5,29130.25,29153.5,329
2026-07-21 02:50:00-04:00,29141.25,29151.0,29136.75,29150.25,205
2026-07-21 02:55:00-04:00,29146.5,29148.75,29138.75,29141.25,282
2026-07-21 03:00:00-04:00,29148.5,29162.0,29140.0,29147.75,771
2026-07-21 03:05:00-04:00,29136.5,29155.5,29134.75,29149.25,335
2026-07-21 03:10:00-04:00,29131.5,29145.75,29118.0,29136.75,551
2026-07-21 03:15:00-04:00,29125.0,29130.75,29114.0,29130.75,547
2026-07-21 03:20:00-04:00,29104.75,29124.75,29100.5,29124.75,618
2026-07-21 03:25:00-04:00,29103.0,29112.75,29092.5,29105.5,642
2026-07-21 03:30:00-04:00,29118.75,29120.0,29088.0,29102.0,675
2026-07-21 03:35:00-04:00,29118.5,29127.0,29114.0,29120.0,447
2026-07-21 03:40:00-04:00,29112.0,29123.25,29108.5,29118.5,246
2026-07-21 03:45:00-04:00,29096.75,29115.0,29091.0,29112.75,393
2026-07-21 03:50:00-04:00,29108.75,29111.25,29091.25,29096.25,406
2026-07-21 03:55:00-04:00,29117.25,29120.75,29104.5,29107.5,372
2026-07-21 04:00:00-04:00,29132.0,29134.25,29104.0,29118.0,847
2026-07-21 04:05:00-04:00,29136.5,29140.0,29126.75,29132.75,404
2026-07-21 04:10:00-04:00,29151.5,29154.0,29122.5,29135.25,686
2026-07-21 04:15:00-04:00,29146.0,29156.25,29140.25,29151.0,350
2026-07-21 04:20:00-04:00,29161.5,29163.25,29141.75,29146.0,611
2026-07-21 04:25:00-04:00,29168.0,29168.0,29153.25,29161.75,609
2026-07-21 04:30:00-04:00,29161.0,29175.0,29160.0,29167.5,694
2026-07-21 04:35:00-04:00,29162.0,29173.75,29157.75,29161.0,505
2026-07-21 04:40:00-04:00,29167.5,29176.75,29156.0,29160.25,515
2026-07-21 04:45:00-04:00,29160.5,29169.0,29149.75,29166.75,423
2026-07-21 04:50:00-04:00,29159.5,29165.5,29154.75,29160.25,337
2026-07-21 04:55:00-04:00,29167.0,29175.0,29156.25,29159.25,325
2026-07-21 05:00:00-04:00,29171.0,29181.0,29162.5,29168.0,491
2026-07-21 05:05:00-04:00,29174.25,29179.0,29167.0,29171.25,253
2026-07-21 05:10:00-04:00,29172.0,29179.25,29167.25,29175.5,218
2026-07-21 05:15:00-04:00,29187.75,29195.25,29172.0,29172.25,935
2026-07-21 05:20:00-04:00,29182.0,29195.0,29178.75,29188.0,454
2026-07-21 05:25:00-04:00,29166.75,29188.75,29163.5,29182.75,429
2026-07-21 05:30:00-04:00,29171.5,29179.25,29156.0,29165.5,368
2026-07-21 05:35:00-04:00,29162.0,29172.25,29151.25,29170.75,538
2026-07-21 05:40:00-04:00,29164.75,29170.25,29155.5,29161.5,347
2026-07-21 05:45:00-04:00,29181.25,29183.75,29161.25,29164.5,339
2026-07-21 05:50:00-04:00,29177.0,29185.5,29170.5,29182.25,344
2026-07-21 05:55:00-04:00,29155.0,29176.5,29153.5,29176.5,377
2026-07-21 06:00:00-04:00,29163.25,29183.0,29154.75,29155.25,541
2026-07-21 06:05:00-04:00,29159.75,29166.5,29155.25,29163.0,177
2026-07-21 06:10:00-04:00,29172.75,29198.5,29156.25,29158.25,935
2026-07-21 06:15:00-04:00,29174.25,29180.0,29167.75,29171.25,276
2026-07-21 06:20:00-04:00,29180.0,29187.25,29173.5,29174.5,310
2026-07-21 06:25:00-04:00,29173.25,29181.75,29164.75,29181.0,313
2026-07-21 06:30:00-04:00,29181.75,29186.5,29169.5,29174.25,254
2026-07-21 06:35:00-04:00,29178.25,29207.0,29175.0,29181.25,1125
2026-07-21 06:40:00-04:00,29173.0,29179.0,29164.0,29176.75,544
2026-07-21 06:45:00-04:00,29181.25,29186.25,29155.5,29172.0,544
2026-07-21 06:50:00-04:00,29166.0,29180.5,29165.0,29180.0,287
2026-07-21 06:55:00-04:00,29166.25,29177.25,29162.5,29166.25,380
2026-07-21 07:00:00-04:00,29142.25,29184.0,29142.0,29167.75,787
2026-07-21 07:05:00-04:00,29136.5,29147.5,29133.75,29143.0,712
2026-07-21 07:10:00-04:00,29158.0,29162.75,29133.25,29136.25,507
2026-07-21 07:15:00-04:00,29132.5,29158.5,29128.0,29158.25,812
2026-07-21 07:20:00-04:00,29140.25,29142.0,29121.0,29133.5,683
2026-07-21 07:25:00-04:00,29129.75,29142.75,29119.5,29140.25,965
2026-07-21 07:30:00-04:00,29144.0,29144.0,29126.0,29129.0,360
2026-07-21 07:35:00-04:00,29158.25,29173.25,29139.75,29142.75,1285
2026-07-21 07:40:00-04:00,29166.0,29170.5,29155.5,29158.25,1001
2026-07-21 07:45:00-04:00,29179.5,29181.5,29163.25,29167.5,595
2026-07-21 07:50:00-04:00,29155.25,29182.0,29153.0,29179.25,581
2026-07-21 07:55:00-04:00,29154.25,29160.75,29145.25,29156.5,392
2026-07-21 08:00:00-04:00,29163.0,29172.75,29146.0,29153.5,834
2026-07-21 08:05:00-04:00,29184.0,29190.25,29158.0,29163.5,869
2026-07-21 08:10:00-04:00,29179.0,29195.25,29173.5,29182.75,1020
2026-07-21 08:15:00-04:00,29150.75,29179.25,29138.0,29178.75,1292
2026-07-21 08:20:00-04:00,29150.5,29154.25,29134.75,29152.5,691
2026-07-21 08:25:00-04:00,29134.25,29153.0,29133.25,29152.25,429
2026-07-21 08:30:00-04:00,29132.75,29142.25,29127.5,29133.0,578
2026-07-21 08:35:00-04:00,29135.0,29138.0,29118.5,29134.0,703
2026-07-21 08:40:00-04:00,29135.0,29143.0,29111.5,29134.0,1651
2026-07-21 08:45:00-04:00,29169.75,29177.5,29134.5,29135.25,1613
2026-07-21 08:50:00-04:00,29176.75,29186.75,29165.25,29168.5,1275
2026-07-21 08:55:00-04:00,29171.5,29181.0,29171.0,29176.5,581
2026-07-21 09:00:00-04:00,29164.25,29183.0,29162.75,29173.5,1065
2026-07-21 09:05:00-04:00,29162.0,29172.5,29156.5,29164.25,704
2026-07-21 09:10:00-04:00,29162.25,29167.25,29156.25,29160.75,538
2026-07-21 09:15:00-04:00,29169.0,29172.0,29155.75,29163.0,824
2026-07-21 09:20:00-04:00,29178.25,29181.25,29167.5,29169.75,953
2026-07-21 09:25:00-04:00,29221.5,29225.0,29179.0,29179.0,3609
2026-07-21 09:30:00-04:00,29147.25,29246.25,29133.0,29222.5,17332
2026-07-21 09:35:00-04:00,29191.0,29226.0,29138.0,29147.0,10729
2026-07-21 09:40:00-04:00,29144.5,29193.25,29129.5,29189.75,8992
2026-07-21 09:45:00-04:00,29143.25,29153.5,29095.5,29144.5,8913
2026-07-21 09:50:00-04:00,29140.5,29178.0,29118.25,29143.0,7851
2026-07-21 09:55:00-04:00,29152.75,29163.75,29092.5,29142.25,6741
2026-07-21 10:00:00-04:00,29113.25,29188.5,29087.25,29153.5,8590
2026-07-21 10:05:00-04:00,29080.0,29138.5,29073.5,29113.0,7348
2026-07-21 10:10:00-04:00,29131.5,29137.25,29064.25,29080.25,6420
2026-07-21 10:15:00-04:00,29157.0,29162.5,29067.0,29129.5,7343
2026-07-21 10:20:00-04:00,29147.75,29173.0,29112.5,29157.0,5969
2026-07-21 10:25:00-04:00,29207.25,29218.25,29141.0,29148.0,6483
2026-07-21 10:30:00-04:00,29218.5,29230.0,29202.0,29207.25,5058
2026-07-21 10:35:00-04:00,29202.75,29236.0,29185.5,29218.5,4942
2026-07-21 10:40:00-04:00,29224.5,29225.75,29162.0,29203.75,5830
2026-07-21 10:45:00-04:00,29227.5,29256.5,29212.25,29224.75,6928
2026-07-21 10:50:00-04:00,29230.25,29236.0,29209.75,29227.75,3645
2026-07-21 10:55:00-04:00,29237.5,29242.0,29211.5,29230.0,3361
2026-07-21 11:00:00-04:00,29199.25,29245.25,29191.0,29237.25,5790
2026-07-21 11:05:00-04:00,29273.5,29282.0,29181.0,29198.75,5887
2026-07-21 11:10:00-04:00,29291.75,29297.5,29269.25,29274.25,4390
2026-07-21 11:15:00-04:00,29284.25,29298.25,29280.0,29292.0,3475
2026-07-21 11:20:00-04:00,29301.0,29310.25,29271.75,29283.75,4984
2026-07-21 11:25:00-04:00,29307.5,29320.0,29297.0,29300.25,3966
2026-07-21 11:30:00-04:00,29296.5,29308.5,29268.25,29307.0,4430
2026-07-21 11:35:00-04:00,29276.25,29306.25,29274.75,29296.5,4529
2026-07-21 11:40:00-04:00,29261.5,29283.5,29257.0,29275.25,3235
2026-07-21 11:45:00-04:00,29288.5,29292.0,29258.5,29260.5,2812
2026-07-21 11:50:00-04:00,29275.5,29301.25,29273.5,29289.5,2591
2026-07-21 11:55:00-04:00,29259.25,29284.0,29256.25,29275.75,2540
2026-07-21 12:00:00-04:00,29302.5,29304.25,29254.25,29259.25,3340
2026-07-21 12:05:00-04:00,29309.0,29324.75,29298.5,29302.5,3673
2026-07-21 12:10:00-04:00,29301.75,29314.25,29296.0,29309.5,2332
2026-07-21 12:15:00-04:00,29315.5,29319.75,29301.25,29302.0,2944
2026-07-21 12:20:00-04:00,29326.0,29337.75,29313.0,29315.0,3438
2026-07-21 12:25:00-04:00,29312.5,29330.25,29304.75,29325.5,2465
2026-07-21 12:30:00-04:00,29314.5,29325.25,29302.0,29313.0,2482
2026-07-21 12:35:00-04:00,29330.75,29331.5,29308.25,29314.0,2291
2026-07-21 12:40:00-04:00,29318.75,29336.0,29312.25,29330.25,2256
2026-07-21 12:45:00-04:00,29323.5,29328.5,29311.25,29318.5,2013
2026-07-21 12:50:00-04:00,29347.5,29347.75,29322.0,29323.25,2800
2026-07-21 12:55:00-04:00,29331.75,29352.5,29330.75,29347.0,2884
2026-07-21 13:00:00-04:00,29348.75,29350.25,29330.75,29331.5,2233
2026-07-21 13:05:00-04:00,29347.0,29355.5,29343.75,29349.0,2060
2026-07-21 13:10:00-04:00,29334.75,29350.25,29333.0,29347.0,2408
2026-07-21 13:15:00-04:00,29330.5,29345.75,29328.5,29335.0,1987
2026-07-21 13:20:00-04:00,29328.75,29340.5,29325.0,29330.25,1954
2026-07-21 13:25:00-04:00,29333.0,29336.0,29323.0,29329.25,1427
2026-07-21 13:30:00-04:00,29337.5,29351.5,29327.25,29333.25,2718
2026-07-21 13:35:00-04:00,29346.5,29350.75,29332.5,29336.5,1840
2026-07-21 13:40:00-04:00,29341.5,29347.5,29334.0,29347.0,1613
2026-07-21 13:45:00-04:00,29357.0,29357.75,29333.25,29341.75,2162
2026-07-21 13:50:00-04:00,29344.0,29364.75,29342.75,29357.25,2279
2026-07-21 13:55:00-04:00,29341.25,29347.75,29332.25,29344.25,1732
2026-07-21 14:00:00-04:00,29344.0,29355.75,29338.25,29341.5,2534
2026-07-21 14:05:00-04:00,29350.75,29361.75,29341.5,29342.75,1669
2026-07-21 14:10:00-04:00,29337.75,29353.0,29337.5,29350.25,1770
2026-07-21 14:15:00-04:00,29339.25,29342.75,29334.25,29338.0,1530
2026-07-21 14:20:00-04:00,29340.0,29344.75,29330.25,29339.5,1830
2026-07-21 14:25:00-04:00,29325.0,29340.5,29318.5,29339.5,1916
2026-07-21 14:30:00-04:00,29316.25,29329.25,29310.5,29325.25,2336
2026-07-21 14:35:00-04:00,29327.0,29335.75,29316.0,29316.25,1666
2026-07-21 14:40:00-04:00,29347.25,29349.0,29319.25,29327.25,2578
2026-07-21 14:45:00-04:00,29339.5,29355.75,29333.75,29347.75,2548
2026-07-21 14:50:00-04:00,29324.0,29342.25,29323.5,29339.75,1662
2026-07-21 14:55:00-04:00,29328.5,29333.25,29316.75,29323.25,2106
2026-07-21 15:00:00-04:00,29318.5,29335.5,29311.5,29328.25,2723
2026-07-21 15:05:00-04:00,29310.25,29327.25,29305.25,29317.75,2758
2026-07-21 15:10:00-04:00,29309.25,29319.75,29304.25,29311.0,1995
2026-07-21 15:15:00-04:00,29317.0,29320.5,29305.0,29308.5,2031
2026-07-21 15:20:00-04:00,29310.5,29320.0,29306.75,29316.75,2027
2026-07-21 15:25:00-04:00,29293.75,29313.0,29290.75,29310.25,3320
2026-07-21 15:30:00-04:00,29305.75,29311.0,29290.75,29293.25,3300
2026-07-21 15:35:00-04:00,29324.75,29331.5,29304.5,29305.75,3127
2026-07-21 15:40:00-04:00,29337.75,29340.5,29320.5,29325.0,2904
2026-07-21 15:45:00-04:00,29339.5,29343.25,29325.25,29337.75,2701
2026-07-21 15:50:00-04:00,29338.5,29352.0,29314.75,29339.25,6307
2026-07-21 15:55:00-04:00,29310.75,29348.0,29300.25,29337.75,18776
2026-07-21 16:00:00-04:00,29291.5,29316.75,29285.25,29312.0,6809
2026-07-21 16:05:00-04:00,29303.75,29305.5,29289.25,29291.25,1787
2026-07-21 16:10:00-04:00,29306.5,29309.0,29292.5,29303.0,1147
2026-07-21 16:15:00-04:00,29289.75,29306.0,29283.75,29306.0,974
2026-07-21 16:20:00-04:00,29289.0,29292.25,29286.75,29290.5,616
2026-07-21 16:25:00-04:00,29292.5,29294.25,29287.25,29289.25,532
2026-07-21 16:30:00-04:00,29299.5,29301.75,29292.5,29292.5,430
2026-07-21 16:35:00-04:00,29300.0,29304.25,29295.25,29299.0,668
2026-07-21 16:40:00-04:00,29292.5,29300.5,29290.0,29299.5,461
2026-07-21 16:45:00-04:00,29283.0,29294.5,29279.0,29293.25,930
2026-07-21 16:50:00-04:00,29285.0,29289.25,29280.25,29283.25,545
2026-07-21 16:55:00-04:00,29289.75,29290.5,29280.0,29284.75,579
2026-07-21 18:00:00-04:00,29293.0,29310.75,29285.0,29310.75,0
2026-07-21 18:05:00-04:00,29289.0,29296.25,29280.5,29293.0,366
2026-07-21 18:10:00-04:00,29296.5,29298.25,29283.0,29285.75,222
2026-07-21 18:15:00-04:00,29296.5,29302.25,29293.25,29297.0,209
2026-07-21 18:20:00-04:00,29274.0,29302.25,29273.75,29299.0,304
2026-07-21 18:25:00-04:00,29271.0,29281.75,29265.0,29274.0,433
2026-07-21 18:30:00-04:00,29278.0,29279.5,29257.25,29270.0,401
2026-07-21 18:35:00-04:00,29276.5,29284.0,29272.75,29276.75,196
2026-07-21 18:40:00-04:00,29270.25,29280.75,29268.25,29275.5,147
2026-07-21 18:45:00-04:00,29258.0,29269.25,29253.0,29269.25,374
2026-07-21 18:50:00-04:00,29264.75,29265.0,29256.0,29259.5,135
2026-07-21 18:55:00-04:00,29273.75,29276.0,29258.0,29264.75,278
2026-07-21 19:00:00-04:00,29272.5,29275.5,29261.0,29273.5,270
2026-07-21 19:05:00-04:00,29270.5,29272.0,29263.25,29270.5,120
2026-07-21 19:10:00-04:00,29281.75,29289.25,29268.5,29271.5,439
2026-07-21 19:15:00-04:00,29301.25,29304.75,29272.0,29283.0,465
2026-07-21 19:20:00-04:00,29286.75,29300.5,29283.75,29300.5,250
2026-07-21 19:25:00-04:00,29297.25,29299.75,29285.5,29286.75,199
2026-07-21 19:30:00-04:00,29296.25,29304.5,29291.5,29296.25,285
2026-07-21 19:35:00-04:00,29285.75,29296.25,29282.5,29295.5,242
2026-07-21 19:40:00-04:00,29281.5,29289.25,29270.25,29287.0,346
2026-07-21 19:45:00-04:00,29292.0,29294.0,29275.75,29279.5,325
2026-07-21 19:50:00-04:00,29280.0,29302.0,29268.0,29292.0,504
2026-07-21 19:55:00-04:00,29298.5,29303.0,29279.25,29280.25,435
2026-07-21 20:00:00-04:00,29322.25,29325.25,29286.0,29298.5,1190
2026-07-21 20:05:00-04:00,29328.5,29335.75,29312.5,29322.25,956
2026-07-21 20:10:00-04:00,29327.75,29337.0,29308.5,29327.5,562
2026-07-21 20:15:00-04:00,29323.0,29330.5,29305.75,29329.5,569
2026-07-21 20:20:00-04:00,29309.75,29328.25,29301.25,29325.25,515
2026-07-21 20:25:00-04:00,29299.0,29316.5,29290.25,29308.75,597
2026-07-21 20:30:00-04:00,29286.5,29305.5,29272.5,29300.25,637
2026-07-21 20:35:00-04:00,29291.75,29293.75,29272.5,29285.0,409
2026-07-21 20:40:00-04:00,29285.5,29298.25,29279.5,29289.75,396
2026-07-21 20:45:00-04:00,29279.75,29286.0,29258.25,29282.75,877
2026-07-21 20:50:00-04:00,29266.25,29283.75,29264.5,29280.25,396
2026-07-21 20:55:00-04:00,29288.0,29293.0,29259.25,29265.75,586
2026-07-21 21:00:00-04:00,29242.5,29293.75,29234.5,29289.75,1199
2026-07-21 21:05:00-04:00,29242.0,29251.75,29234.5,29241.5,453
2026-07-21 21:10:00-04:00,29257.0,29262.0,29237.5,29244.0,395
2026-07-21 21:15:00-04:00,29267.5,29272.0,29256.0,29259.0,399
2026-07-21 21:20:00-04:00,29242.0,29266.0,29239.5,29263.25,520
2026-07-21 21:25:00-04:00,29246.0,29263.5,29240.5,29242.75,421
2026-07-21 21:30:00-04:00,29242.75,29249.75,29232.0,29243.0,520
2026-07-21 21:35:00-04:00,29251.0,29257.25,29239.75,29244.5,286
2026-07-21 21:40:00-04:00,29255.25,29260.75,29240.5,29252.75,434
2026-07-21 21:45:00-04:00,29286.25,29288.0,29251.25,29253.0,641
2026-07-21 21:50:00-04:00,29300.75,29307.0,29282.25,29288.5,727
2026-07-21 21:55:00-04:00,29277.25,29302.5,29275.25,29301.5,552
2026-07-21 22:00:00-04:00,29262.5,29284.0,29248.0,29277.25,776
2026-07-21 22:05:00-04:00,29245.75,29269.75,29238.25,29264.5,511
2026-07-21 22:10:00-04:00,29260.75,29264.0,29244.5,29244.5,403
2026-07-21 22:15:00-04:00,29258.5,29268.5,29255.0,29260.0,340
2026-07-21 22:20:00-04:00,29263.75,29267.0,29254.0,29262.75,223
2026-07-21 22:25:00-04:00,29276.0,29284.5,29250.5,29264.25,412
2026-07-21 22:30:00-04:00,29254.5,29277.25,29250.75,29275.5,476
2026-07-21 22:35:00-04:00,29245.0,29257.75,29243.0,29255.0,269
2026-07-21 22:40:00-04:00,29253.75,29264.5,29243.25,29244.0,371
2026-07-21 22:45:00-04:00,29261.25,29263.75,29246.25,29252.25,304
2026-07-21 22:50:00-04:00,29252.5,29262.0,29245.5,29260.75,266
2026-07-21 22:55:00-04:00,29238.25,29254.25,29228.0,29252.5,573
2026-07-21 23:00:00-04:00,29235.25,29241.75,29227.0,29239.25,426
2026-07-21 23:05:00-04:00,29217.0,29245.0,29215.25,29234.25,525
2026-07-21 23:10:00-04:00,29214.25,29220.5,29210.0,29216.5,544
2026-07-21 23:15:00-04:00,29217.25,29228.5,29212.0,29213.25,491
2026-07-21 23:20:00-04:00,29248.5,29251.5,29218.5,29220.0,557
2026-07-21 23:25:00-04:00,29262.0,29262.0,29246.75,29249.75,439
2026-07-21 23:30:00-04:00,29226.25,29267.25,29219.5,29260.25,603
2026-07-21 23:35:00-04:00,29229.75,29233.0,29218.5,29226.25,293
2026-07-21 23:40:00-04:00,29222.5,29236.25,29217.0,29228.75,271
2026-07-21 23:45:00-04:00,29234.5,29241.5,29223.75,29224.25,257
2026-07-21 23:50:00-04:00,29197.0,29234.75,29192.0,29234.5,932
2026-07-21 23:55:00-04:00,29197.0,29204.25,29190.25,29198.0,466
2026-07-22 00:05:00-04:00,29220.25,29223.5,29217.75,29223.0,1041
2026-07-22 00:10:00-04:00,29213.25,29224.25,29209.0,29219.0,343
2026-07-22 00:15:00-04:00,29223.25,29227.5,29216.0,29216.0,228
2026-07-22 00:20:00-04:00,29231.5,29236.0,29221.0,29223.5,213
2026-07-22 00:25:00-04:00,29234.0,29238.5,29223.0,29232.25,351
2026-07-22 00:30:00-04:00,29216.75,29232.5,29214.75,29231.75,475
2026-07-22 00:35:00-04:00,29211.5,29222.5,29211.0,29218.75,267
2026-07-22 00:40:00-04:00,29217.5,29222.75,29208.75,29212.25,290
2026-07-22 00:45:00-04:00,29208.5,29219.5,29205.0,29216.75,253
2026-07-22 00:50:00-04:00,29203.0,29211.0,29202.75,29207.75,213
2026-07-22 00:55:00-04:00,29221.5,29222.75,29193.75,29202.75,361
2026-07-22 01:00:00-04:00,29201.75,29225.25,29199.75,29222.25,272
2026-07-22 01:05:00-04:00,29185.75,29205.0,29184.25,29202.5,427
2026-07-22 01:10:00-04:00,29186.5,29194.75,29179.5,29184.25,445
2026-07-22 01:15:00-04:00,29187.75,29196.25,29177.25,29187.75,376
2026-07-22 01:20:00-04:00,29170.25,29187.0,29166.25,29187.0,503
2026-07-22 01:25:00-04:00,29166.0,29186.75,29166.0,29171.0,336
2026-07-22 01:30:00-04:00,29182.0,29183.75,29162.0,29165.5,446
2026-07-22 01:35:00-04:00,29167.75,29182.75,29151.0,29180.5,645
2026-07-22 01:40:00-04:00,29146.0,29170.5,29145.5,29168.5,544
2026-07-22 01:45:00-04:00,29147.0,29151.0,29140.25,29148.0,262
2026-07-22 01:50:00-04:00,29157.0,29177.75,29154.25,29154.25,874
2026-07-22 01:55:00-04:00,29172.75,29173.0,29155.25,29155.25,296
2026-07-22 02:00:00-04:00,29152.0,29173.0,29149.5,29171.25,644
2026-07-22 02:05:00-04:00,29129.5,29152.75,29127.0,29150.75,927
2026-07-22 02:10:00-04:00,29133.25,29143.5,29126.0,29129.0,434
2026-07-22 02:15:00-04:00,29098.5,29131.75,29093.25,29131.75,988
2026-07-22 02:20:00-04:00,29081.75,29099.75,29060.0,29098.5,1350
2026-07-22 02:25:00-04:00,29079.5,29087.5,29067.25,29081.0,647
2026-07-22 02:30:00-04:00,29094.0,29094.0,29068.0,29077.75,857
2026-07-22 02:35:00-04:00,29111.0,29115.25,29094.25,29095.0,632
2026-07-22 02:40:00-04:00,29102.75,29115.5,29102.0,29110.75,346
2026-07-22 02:45:00-04:00,29070.0,29101.75,29068.75,29101.75,855
2026-07-22 02:50:00-04:00,29093.0,29103.0,29062.25,29069.0,631
2026-07-22 02:55:00-04:00,29092.75,29099.0,29083.25,29092.25,437
2026-07-22 03:00:00-04:00,29082.0,29102.25,29073.75,29091.75,892
2026-07-22 03:05:00-04:00,29066.25,29084.25,29051.0,29082.0,848
2026-07-22 03:10:00-04:00,29097.0,29099.0,29066.5,29068.0,600
2026-07-22 03:15:00-04:00,29106.75,29115.0,29090.75,29098.0,528
2026-07-22 03:20:00-04:00,29093.5,29114.25,29088.0,29106.0,451
2026-07-22 03:25:00-04:00,29119.25,29124.5,29084.25,29092.0,826
2026-07-22 03:30:00-04:00,29071.25,29123.75,29071.25,29117.5,834
2026-07-22 03:35:00-04:00,29048.0,29075.75,29048.0,29070.5,732
2026-07-22 03:40:00-04:00,29065.0,29065.0,29025.75,29049.25,1091
2026-07-22 03:45:00-04:00,29046.5,29077.0,29045.25,29064.25,814
2026-07-22 03:50:00-04:00,29060.75,29067.75,29040.0,29045.75,689
2026-07-22 03:55:00-04:00,29056.0,29068.75,29049.0,29061.0,436
2026-07-22 04:00:00-04:00,29084.5,29087.0,29038.75,29059.75,1095
2026-07-22 04:05:00-04:00,29095.25,29107.0,29068.0,29084.0,810
2026-07-22 04:10:00-04:00,29067.0,29097.0,29063.0,29095.25,582
2026-07-22 04:15:00-04:00,29072.75,29082.25,29061.5,29066.0,345
2026-07-22 04:20:00-04:00,29101.0,29104.25,29069.0,29074.0,442
2026-07-22 04:25:00-04:00,29100.25,29105.0,29087.5,29099.0,793
2026-07-22 04:30:00-04:00,29111.75,29115.5,29097.0,29101.25,410
2026-07-22 04:35:00-04:00,29089.25,29113.0,29087.0,29113.0,299
2026-07-22 04:40:00-04:00,29086.75,29100.0,29079.0,29090.0,278
2026-07-22 04:45:00-04:00,29097.25,29108.0,29086.75,29086.75,295
2026-07-22 04:50:00-04:00,29106.0,29108.25,29086.0,29094.5,194
2026-07-22 04:55:00-04:00,29110.0,29117.75,29096.0,29106.0,340
2026-07-22 05:00:00-04:00,29131.75,29139.75,29106.25,29110.25,662
2026-07-22 05:05:00-04:00,29136.5,29150.0,29123.75,29131.25,703
2026-07-22 05:10:00-04:00,29132.0,29145.25,29127.0,29136.75,455
2026-07-22 05:15:00-04:00,29134.5,29136.25,29128.0,29132.25,182
2026-07-22 05:20:00-04:00,29137.75,29146.75,29129.0,29132.5,316
2026-07-22 05:25:00-04:00,29126.25,29142.0,29123.5,29142.0,345
2026-07-22 05:30:00-04:00,29097.5,29126.5,29096.0,29125.0,606
2026-07-22 05:35:00-04:00,29110.5,29114.5,29096.75,29097.25,335
2026-07-22 05:40:00-04:00,29116.25,29119.5,29102.0,29109.75,316
2026-07-22 05:45:00-04:00,29118.25,29125.0,29111.0,29115.0,292
2026-07-22 05:50:00-04:00,29098.75,29114.5,29089.25,29114.0,421
2026-07-22 05:55:00-04:00,29127.0,29128.5,29097.25,29099.0,393
2026-07-22 06:00:00-04:00,29142.5,29159.75,29128.0,29128.25,748
2026-07-22 06:05:00-04:00,29133.5,29146.5,29130.75,29144.0,271
2026-07-22 06:10:00-04:00,29121.0,29141.75,29119.25,29132.0,448
2026-07-22 06:15:00-04:00,29129.75,29139.5,29113.0,29120.0,389
2026-07-22 06:20:00-04:00,29162.75,29168.5,29130.0,29130.0,1184
2026-07-22 06:25:00-04:00,29161.25,29167.0,29154.0,29163.25,455
2026-07-22 06:30:00-04:00,29146.0,29169.75,29144.5,29162.25,511
2026-07-22 06:35:00-04:00,29140.5,29154.75,29135.5,29147.0,315
2026-07-22 06:40:00-04:00,29136.25,29143.5,29134.75,29139.5,205
2026-07-22 06:45:00-04:00,29170.75,29170.75,29133.0,29133.75,711
2026-07-22 06:50:00-04:00,29158.25,29173.0,29156.25,29171.5,339
2026-07-22 06:55:00-04:00,29153.0,29162.5,29151.0,29157.75,394
2026-07-22 07:00:00-04:00,29135.0,29164.75,29135.0,29154.0,738
2026-07-22 07:05:00-04:00,29137.75,29145.75,29130.0,29135.75,559
2026-07-22 07:10:00-04:00,29124.25,29138.0,29122.5,29137.25,381
2026-07-22 07:15:00-04:00,29114.25,29124.0,29111.5,29123.0,720
2026-07-22 07:20:00-04:00,29120.5,29135.75,29116.25,29116.5,573
2026-07-22 07:25:00-04:00,29101.75,29120.75,29099.25,29119.5,777
2026-07-22 07:30:00-04:00,29103.75,29111.0,29095.25,29102.0,455
2026-07-22 07:35:00-04:00,29089.5,29114.5,29084.75,29103.25,595
2026-07-22 07:40:00-04:00,29041.75,29089.0,29017.5,29089.0,2752
2026-07-22 07:45:00-04:00,29072.0,29079.0,29035.75,29041.75,1152
2026-07-22 07:50:00-04:00,29065.75,29073.5,29057.25,29072.5,454
2026-07-22 07:55:00-04:00,29054.0,29070.0,29044.75,29066.75,757
2026-07-22 08:00:00-04:00,29037.5,29071.0,29028.5,29056.5,1242
2026-07-22 08:05:00-04:00,29035.5,29056.0,29026.0,29038.25,1067
2026-07-22 08:10:00-04:00,29045.25,29051.0,29026.0,29034.75,1110
2026-07-22 08:15:00-04:00,29025.5,29048.25,29020.0,29045.25,853
2026-07-22 08:20:00-04:00,28998.5,29030.5,28997.25,29025.75,1323
2026-07-22 08:25:00-04:00,29027.0,29028.0,28995.0,28998.5,1215
2026-07-22 08:30:00-04:00,29059.0,29067.0,29028.0,29028.0,2409
2026-07-22 08:35:00-04:00,29065.0,29068.75,29043.0,29060.5,1310
2026-07-22 08:40:00-04:00,29056.5,29068.5,29055.0,29063.5,702
2026-07-22 08:45:00-04:00,29020.0,29056.5,29011.0,29056.0,1815
2026-07-22 08:50:00-04:00,29045.5,29047.0,29016.5,29020.0,703
2026-07-22 08:55:00-04:00,29017.25,29046.25,28952.0,29046.25,4243
2026-07-22 09:00:00-04:00,29045.5,29048.5,29017.5,29017.5,1013
2026-07-22 09:05:00-04:00,29059.75,29061.5,29037.25,29046.0,948
2026-07-22 09:10:00-04:00,29056.75,29063.5,29050.25,29060.0,693
2026-07-22 09:15:00-04:00,29079.25,29082.5,29054.25,29057.0,1704
2026-07-22 09:20:00-04:00,29089.25,29090.0,29068.75,29079.25,1266
2026-07-22 09:25:00-04:00,29089.75,29099.0,29073.75,29089.75,2433
2026-07-22 09:30:00-04:00,29151.0,29162.25,29090.0,29090.5,13565
2026-07-22 09:35:00-04:00,29155.75,29166.25,29113.0,29152.0,9744
2026-07-22 09:40:00-04:00,29178.75,29186.0,29132.5,29156.0,7734
2026-07-22 09:45:00-04:00,29172.25,29218.25,29157.25,29178.5,9726
2026-07-22 09:50:00-04:00,29236.25,29239.5,29153.0,29172.25,8576
2026-07-22 09:55:00-04:00,29276.75,29277.25,29229.25,29236.5,6941
2026-07-22 10:00:00-04:00,29258.75,29283.75,29238.25,29277.0,7827
2026-07-22 10:05:00-04:00,29223.25,29277.75,29221.25,29258.25,5707
2026-07-22 10:10:00-04:00,29236.25,29263.5,29216.75,29223.25,6311
2026-07-22 10:15:00-04:00,29251.5,29253.25,29196.0,29236.5,6812
2026-07-22 10:20:00-04:00,29217.75,29273.75,29198.75,29252.0,7277
2026-07-22 10:25:00-04:00,29220.0,29232.5,29201.5,29218.25,4697
2026-07-22 10:30:00-04:00,29217.25,29260.25,29214.0,29219.25,5494
2026-07-22 10:35:00-04:00,29220.0,29246.25,29207.25,29219.0,3899
2026-07-22 10:40:00-04:00,29185.25,29232.75,29172.75,29220.0,5821
2026-07-22 10:45:00-04:00,29224.5,29231.25,29173.5,29186.25,6169
2026-07-22 10:50:00-04:00,29200.25,29226.5,29187.0,29224.75,3878
2026-07-22 10:55:00-04:00,29241.0,29245.0,29183.0,29199.0,4217
2026-07-22 11:00:00-04:00,29269.5,29274.75,29240.25,29241.25,4966
2026-07-22 11:05:00-04:00,29293.0,29303.25,29262.5,29270.5,4586
2026-07-22 11:10:00-04:00,29306.5,29314.0,29288.75,29292.5,4312
2026-07-22 11:15:00-04:00,29309.75,29314.0,29291.75,29306.5,3135
2026-07-22 11:20:00-04:00,29322.5,29328.25,29297.0,29310.0,4711
2026-07-22 11:25:00-04:00,29324.5,29342.25,29320.75,29322.75,3469
2026-07-22 11:30:00-04:00,29292.25,29335.5,29288.5,29324.25,4155
2026-07-22 11:35:00-04:00,29282.5,29310.5,29278.25,29291.0,3554
2026-07-22 11:40:00-04:00,29289.0,29302.75,29274.25,29282.0,3121
2026-07-22 11:45:00-04:00,29307.25,29309.5,29289.0,29289.0,2525
2026-07-22 11:50:00-04:00,29307.25,29332.75,29303.5,29307.25,3221
2026-07-22 11:55:00-04:00,29329.5,29332.0,29298.5,29307.75,2627
2026-07-22 12:00:00-04:00,29320.0,29333.5,29312.75,29330.25,2179
2026-07-22 12:05:00-04:00,29328.75,29333.75,29313.5,29320.0,1657
2026-07-22 12:10:00-04:00,29328.5,29333.25,29315.5,29328.25,2121
2026-07-22 12:15:00-04:00,29330.0,29335.0,29318.0,29328.25,2269
2026-07-22 12:20:00-04:00,29314.75,29329.0,29308.0,29329.0,2135
2026-07-22 12:25:00-04:00,29311.0,29317.0,29300.25,29315.0,1909
2026-07-22 12:30:00-04:00,29323.0,29328.25,29307.75,29311.0,1976
2026-07-22 12:35:00-04:00,29305.0,29323.0,29301.5,29322.75,1589
2026-07-22 12:40:00-04:00,29290.5,29306.25,29283.75,29305.5,2227
2026-07-22 12:45:00-04:00,29288.5,29296.75,29276.75,29290.75,2479
2026-07-22 12:50:00-04:00,29290.75,29298.0,29280.25,29288.5,2128
2026-07-22 12:55:00-04:00,29310.5,29321.75,29289.5,29290.75,2460
2026-07-22 13:00:00-04:00,29308.5,29326.75,29303.0,29310.5,2532
2026-07-22 13:05:00-04:00,29326.0,29331.25,29307.25,29308.25,2000
2026-07-22 13:10:00-04:00,29309.75,29328.25,29306.25,29326.0,1671
2026-07-22 13:15:00-04:00,29310.0,29318.0,29301.25,29310.25,2034
2026-07-22 13:20:00-04:00,29313.5,29316.5,29295.0,29309.75,2401
2026-07-22 13:25:00-04:00,29306.0,29319.25,29298.75,29313.0,1931
2026-07-22 13:30:00-04:00,29283.5,29320.0,29281.5,29304.0,2545
2026-07-22 13:35:00-04:00,29314.0,29315.75,29280.75,29283.75,2471
2026-07-22 13:40:00-04:00,29293.75,29314.25,29289.0,29314.0,1803
2026-07-22 13:45:00-04:00,29282.0,29298.25,29281.0,29294.75,1495
2026-07-22 13:50:00-04:00,29250.75,29287.75,29250.0,29281.75,3297
2026-07-22 13:55:00-04:00,29244.25,29261.5,29234.25,29251.0,3509
2026-07-22 14:00:00-04:00,29252.0,29261.75,29231.75,29244.0,3999
2026-07-22 14:05:00-04:00,29246.25,29271.25,29245.25,29252.75,2618
2026-07-22 14:10:00-04:00,29224.5,29254.25,29223.75,29246.25,2800
2026-07-22 14:15:00-04:00,29231.75,29241.25,29222.25,29224.5,2511
2026-07-22 14:20:00-04:00,29229.75,29255.75,29224.0,29231.75,2942
2026-07-22 14:25:00-04:00,29239.0,29248.0,29225.25,29229.75,2083
2026-07-22 14:30:00-04:00,29215.0,29240.0,29207.75,29239.0,3762
2026-07-22 14:35:00-04:00,29233.25,29239.5,29211.5,29213.5,2463
2026-07-22 14:40:00-04:00,29228.5,29236.0,29223.0,29233.5,1697
2026-07-22 14:45:00-04:00,29233.0,29250.0,29226.25,29228.5,2166
2026-07-22 14:50:00-04:00,29253.5,29254.5,29224.25,29232.25,2255
2026-07-22 14:55:00-04:00,29245.25,29259.0,29242.5,29253.0,2040
2026-07-22 15:00:00-04:00,29249.0,29258.0,29234.25,29245.75,2485
2026-07-22 15:05:00-04:00,29246.0,29254.25,29240.25,29249.25,1786
2026-07-22 15:10:00-04:00,29225.0,29245.75,29215.5,29245.75,2938
2026-07-22 15:15:00-04:00,29239.75,29246.25,29217.25,29224.75,2018
2026-07-22 15:20:00-04:00,29237.0,29247.75,29224.75,29239.75,2195
2026-07-22 15:25:00-04:00,29253.0,29260.0,29227.25,29237.0,2519
2026-07-22 15:30:00-04:00,29229.0,29254.25,29225.5,29253.5,3228
2026-07-22 15:35:00-04:00,29199.75,29235.75,29192.5,29229.0,3195
2026-07-22 15:40:00-04:00,29212.25,29223.5,29195.25,29200.0,2995
2026-07-22 15:45:00-04:00,29223.75,29228.0,29208.25,29212.5,2764
2026-07-22 15:50:00-04:00,29203.75,29246.0,29198.75,29224.5,5834
2026-07-22 15:55:00-04:00,29160.5,29206.75,29158.25,29203.5,12336
2026-07-22 16:00:00-04:00,29150.75,29235.5,29140.0,29161.0,10771
2026-07-22 16:05:00-04:00,29155.5,29176.5,29119.0,29150.75,4002
2026-07-22 16:10:00-04:00,29249.0,29251.0,29141.25,29156.25,3252
2026-07-22 16:15:00-04:00,29248.25,29260.0,29221.0,29249.0,2635
2026-07-22 16:20:00-04:00,29234.5,29249.75,29210.75,29249.25,1468
2026-07-22 16:25:00-04:00,29217.5,29239.75,29203.25,29234.75,1287
2026-07-22 16:30:00-04:00,29216.0,29225.75,29198.5,29216.25,748
2026-07-22 16:35:00-04:00,29196.75,29220.0,29184.75,29212.75,1274
2026-07-22 16:40:00-04:00,29185.0,29200.0,29182.5,29195.75,442
2026-07-22 16:45:00-04:00,29188.25,29198.5,29178.5,29183.5,525
2026-07-22 16:50:00-04:00,29203.0,29212.5,29188.0,29188.0,468
2026-07-22 16:55:00-04:00,29165.0,29202.25,29165.0,29202.25,831
2026-07-22 18:00:00-04:00,29079.0,29142.5,29075.75,29100.0,0
2026-07-22 18:05:00-04:00,29067.5,29082.5,29060.5,29077.5,949
2026-07-22 18:10:00-04:00,29085.5,29093.0,29065.25,29066.5,624
2026-07-22 18:15:00-04:00,29083.0,29094.25,29070.0,29086.0,546
2026-07-22 18:20:00-04:00,29089.25,29096.0,29078.25,29082.25,530
2026-07-22 18:25:00-04:00,29080.5,29107.0,29076.0,29090.0,835
2026-07-22 18:30:00-04:00,29078.0,29091.25,29077.0,29081.25,322
2026-07-22 18:35:00-04:00,29048.25,29085.5,29044.5,29077.5,763
2026-07-22 18:40:00-04:00,29046.25,29056.0,29041.0,29047.25,700
2026-07-22 18:45:00-04:00,29061.75,29065.0,29039.25,29047.25,570
2026-07-22 18:50:00-04:00,29078.25,29079.5,29055.25,29061.25,449
2026-07-22 18:55:00-04:00,29072.75,29086.5,29069.25,29079.25,396
2026-07-22 19:00:00-04:00,29039.75,29081.25,29021.75,29073.5,990
2026-07-22 19:05:00-04:00,29033.25,29043.75,29031.5,29038.75,366
2026-07-22 19:10:00-04:00,29064.5,29068.0,29027.75,29033.0,614
2026-07-22 19:15:00-04:00,29043.0,29066.75,29035.5,29062.25,466
2026-07-22 19:20:00-04:00,29054.5,29056.25,29042.0,29043.75,172
2026-07-22 19:25:00-04:00,29058.75,29064.25,29046.0,29058.75,291
2026-07-22 19:30:00-04:00,29072.0,29077.25,29058.75,29059.0,434
2026-07-22 19:35:00-04:00,29079.75,29084.75,29070.25,29071.0,251
2026-07-22 19:40:00-04:00,29097.75,29098.25,29081.0,29081.75,570
2026-07-22 19:45:00-04:00,29127.75,29141.25,29089.75,29095.75,1214
2026-07-22 19:50:00-04:00,29126.75,29136.0,29120.0,29129.5,568
2026-07-22 19:55:00-04:00,29142.25,29145.5,29119.25,29127.0,691
2026-07-22 20:00:00-04:00,29155.5,29163.0,29132.5,29143.75,1351
2026-07-22 20:05:00-04:00,29164.25,29173.0,29156.5,29156.75,677
2026-07-22 20:10:00-04:00,29166.75,29170.25,29143.5,29163.0,671
2026-07-22 20:15:00-04:00,29199.0,29211.0,29157.25,29166.5,1356
2026-07-22 20:20:00-04:00,29233.5,29234.0,29200.5,29200.5,1082
2026-07-22 20:25:00-04:00,29226.5,29255.5,29225.0,29233.25,1347
2026-07-22 20:30:00-04:00,29239.5,29242.75,29218.25,29226.75,796
2026-07-22 20:35:00-04:00,29240.0,29249.5,29232.0,29239.5,507
2026-07-22 20:40:00-04:00,29234.0,29247.5,29231.0,29240.5,659
2026-07-22 20:45:00-04:00,29243.75,29246.25,29228.75,29233.75,385
2026-07-22 20:50:00-04:00,29268.75,29282.5,29232.5,29245.5,1409
2026-07-22 20:55:00-04:00,29255.0,29279.75,29255.0,29268.0,729
2026-07-22 21:00:00-04:00,29262.5,29270.5,29236.0,29256.25,949
2026-07-22 21:05:00-04:00,29258.0,29271.0,29250.25,29261.25,447
2026-07-22 21:10:00-04:00,29267.75,29272.0,29258.5,29259.75,455
2026-07-22 21:15:00-04:00,29242.25,29273.5,29236.5,29270.0,527
2026-07-22 21:20:00-04:00,29240.5,29255.5,29232.5,29241.5,667
2026-07-22 21:25:00-04:00,29240.25,29253.5,29234.75,29242.25,378
2026-07-22 21:30:00-04:00,29247.25,29249.75,29207.25,29242.0,1110
2026-07-22 21:35:00-04:00,29209.25,29260.5,29208.25,29246.25,857
2026-07-22 21:40:00-04:00,29182.0,29212.0,29181.0,29210.0,1065
2026-07-22 21:45:00-04:00,29184.0,29199.0,29178.0,29183.0,696
2026-07-22 21:50:00-04:00,29210.25,29211.0,29175.5,29180.25,699
2026-07-22 21:55:00-04:00,29176.0,29218.0,29175.75,29210.75,681
2026-07-22 22:00:00-04:00,29193.25,29196.25,29165.5,29176.0,733
2026-07-22 22:05:00-04:00,29178.25,29201.0,29176.75,29194.5,430
2026-07-22 22:10:00-04:00,29148.5,29177.75,29147.75,29177.5,793
2026-07-22 22:15:00-04:00,29131.0,29155.5,29125.25,29148.0,608
2026-07-22 22:20:00-04:00,29108.25,29133.75,29104.75,29131.0,832
2026-07-22 22:25:00-04:00,29105.0,29109.75,29092.0,29107.5,733
2026-07-22 22:30:00-04:00,29123.0,29126.75,29100.75,29104.5,789
2026-07-22 22:35:00-04:00,29075.25,29124.25,29071.0,29123.25,1041
2026-07-22 22:40:00-04:00,29069.5,29077.75,29057.0,29075.25,852
2026-07-22 22:45:00-04:00,29068.25,29093.5,29067.25,29069.5,706
2026-07-22 22:50:00-04:00,29092.5,29095.5,29063.0,29067.0,728
2026-07-22 22:55:00-04:00,29089.0,29096.75,29085.25,29091.75,327
2026-07-22 23:00:00-04:00,29074.0,29096.75,29069.0,29093.5,527
2026-07-22 23:05:00-04:00,29050.0,29079.75,29043.75,29073.0,896
2026-07-22 23:10:00-04:00,29053.5,29060.5,29029.5,29051.0,887
2026-07-22 23:15:00-04:00,29054.75,29059.25,29039.0,29054.25,494
2026-07-22 23:20:00-04:00,29066.5,29080.25,29049.25,29055.75,866
2026-07-22 23:25:00-04:00,29084.25,29084.25,29045.25,29067.0,696
2026-07-22 23:30:00-04:00,29085.25,29114.5,29072.25,29083.25,1044
2026-07-22 23:35:00-04:00,29095.5,29099.0,29076.25,29081.5,359
2026-07-22 23:40:00-04:00,29116.25,29116.5,29092.5,29099.25,526
2026-07-22 23:45:00-04:00,29122.25,29124.0,29102.75,29116.0,522
2026-07-22 23:50:00-04:00,29125.5,29128.0,29112.25,29121.5,271
2026-07-22 23:55:00-04:00,29125.0,29126.0,29112.75,29125.0,227
2026-07-23 00:05:00-04:00,29088.25,29101.75,29088.25,29097.75,1305
2026-07-23 00:10:00-04:00,29136.75,29136.75,29084.5,29085.75,624
2026-07-23 00:15:00-04:00,29114.0,29140.0,29111.75,29135.25,618
2026-07-23 00:20:00-04:00,29140.5,29142.25,29114.0,29114.0,461
2026-07-23 00:25:00-04:00,29151.5,29163.0,29125.5,29141.5,911
2026-07-23 00:30:00-04:00,29164.75,29165.0,29142.25,29153.5,504
2026-07-23 00:35:00-04:00,29160.0,29165.25,29142.0,29162.75,392
2026-07-23 00:40:00-04:00,29141.5,29163.0,29137.75,29162.0,321
2026-07-23 00:45:00-04:00,29129.25,29158.25,29129.25,29141.25,475
2026-07-23 00:50:00-04:00,29118.5,29129.25,29112.5,29127.75,455
2026-07-23 00:55:00-04:00,29125.25,29129.0,29112.75,29118.5,280
2026-07-23 01:00:00-04:00,29112.5,29129.0,29106.5,29126.0,485
2026-07-23 01:05:00-04:00,29113.75,29120.25,29106.75,29113.25,212
2026-07-23 01:10:00-04:00,29118.75,29118.75,29100.0,29114.5,345
2026-07-23 01:15:00-04:00,29111.75,29119.75,29103.0,29116.5,237
2026-07-23 01:20:00-04:00,29119.75,29134.5,29098.5,29110.25,607
2026-07-23 01:25:00-04:00,29170.75,29170.75,29119.5,29120.25,858
2026-07-23 01:30:00-04:00,29173.25,29183.25,29167.25,29170.25,623
2026-07-23 01:35:00-04:00,29142.25,29174.75,29141.25,29173.5,417
2026-07-23 01:40:00-04:00,29148.75,29157.0,29137.5,29145.0,364
2026-07-23 01:45:00-04:00,29106.5,29148.75,29106.5,29148.75,439
2026-07-23 01:50:00-04:00,29079.25,29119.0,29079.25,29105.5,636
2026-07-23 01:55:00-04:00,29088.0,29109.25,29079.5,29079.5,554
2026-07-23 02:00:00-04:00,29099.5,29116.5,29085.0,29088.0,539
2026-07-23 02:05:00-04:00,29082.0,29110.5,29077.25,29104.25,418
2026-07-23 02:10:00-04:00,29097.5,29103.0,29078.75,29082.25,400
2026-07-23 02:15:00-04:00,29103.0,29105.75,29085.75,29099.75,424
2026-07-23 02:20:00-04:00,29091.75,29112.25,29079.25,29103.0,442
2026-07-23 02:25:00-04:00,29108.75,29111.25,29087.0,29090.25,403
2026-07-23 02:30:00-04:00,29096.75,29114.0,29090.25,29108.0,369
2026-07-23 02:35:00-04:00,29089.5,29101.0,29083.25,29099.75,434
2026-07-23 02:40:00-04:00,29081.75,29099.5,29081.5,29089.25,289
2026-07-23 02:45:00-04:00,29105.25,29119.25,29081.25,29082.75,561
2026-07-23 02:50:00-04:00,29086.25,29108.5,29078.5,29104.0,383
2026-07-23 02:55:00-04:00,29084.0,29089.0,29074.0,29086.0,524
2026-07-23 03:00:00-04:00,29061.75,29086.75,29045.5,29083.75,1247
2026-07-23 03:05:00-04:00,29020.25,29062.75,29018.5,29062.0,1459
2026-07-23 03:10:00-04:00,28996.25,29021.5,28954.0,29020.25,2187
2026-07-23 03:15:00-04:00,29012.0,29015.25,28993.5,28996.75,944
2026-07-23 03:20:00-04:00,29009.25,29034.25,29009.0,29013.0,955
2026-07-23 03:25:00-04:00,29015.5,29038.75,29009.25,29010.0,675
2026-07-23 03:30:00-04:00,28982.5,29019.75,28976.75,29015.75,859
2026-07-23 03:35:00-04:00,28976.0,28990.0,28973.25,28982.25,634
2026-07-23 03:40:00-04:00,28940.5,28975.5,28937.5,28975.0,1128
2026-07-23 03:45:00-04:00,28943.5,28952.0,28922.25,28940.0,985
2026-07-23 03:50:00-04:00,28959.5,28965.25,28935.25,28943.75,729
2026-07-23 03:55:00-04:00,28987.5,28989.25,28959.5,28959.5,748
2026-07-23 04:00:00-04:00,28996.5,29001.25,28958.25,28988.75,1193
2026-07-23 04:05:00-04:00,29034.5,29035.75,28990.0,28995.0,852
2026-07-23 04:10:00-04:00,29034.75,29042.0,29020.0,29034.25,576
2026-07-23 04:15:00-04:00,29050.75,29061.25,29025.75,29035.5,935
2026-07-23 04:20:00-04:00,29024.5,29058.0,29018.25,29050.5,1007
2026-07-23 04:25:00-04:00,29051.0,29052.5,29017.0,29024.0,661
2026-07-23 04:30:00-04:00,29056.75,29061.5,29037.25,29049.25,516
2026-07-23 04:35:00-04:00,29044.25,29060.75,29040.5,29057.75,346
2026-07-23 04:40:00-04:00,29037.75,29054.25,29030.75,29043.5,432
2026-07-23 04:45:00-04:00,29050.5,29056.5,29033.75,29036.5,220
2026-07-23 04:50:00-04:00,29076.0,29078.5,29045.5,29052.0,610
2026-07-23 04:55:00-04:00,29103.0,29111.0,29074.25,29075.0,928
2026-07-23 05:00:00-04:00,29125.75,29137.75,29087.25,29103.5,1204
2026-07-23 05:05:00-04:00,29107.25,29127.5,29106.0,29127.5,483
2026-07-23 05:10:00-04:00,29082.25,29110.0,29079.75,29107.75,723
2026-07-23 05:15:00-04:00,29089.25,29097.75,29078.0,29080.75,451
2026-07-23 05:20:00-04:00,29096.0,29103.0,29080.25,29088.25,332
2026-07-23 05:25:00-04:00,29091.0,29099.5,29085.5,29096.75,270
2026-07-23 05:30:00-04:00,29072.75,29092.0,29067.25,29092.0,419
2026-07-23 05:35:00-04:00,29075.75,29081.0,29069.75,29074.75,373
2026-07-23 05:40:00-04:00,29074.25,29081.5,29068.25,29073.5,272
2026-07-23 05:45:00-04:00,29071.75,29087.25,29071.75,29076.75,231
2026-07-23 05:50:00-04:00,29064.0,29078.25,29059.0,29073.25,486
2026-07-23 05:55:00-04:00,29055.25,29071.0,29045.0,29064.75,588
2026-07-23 06:00:00-04:00,29060.25,29065.0,29046.5,29054.25,386
2026-07-23 06:05:00-04:00,29048.5,29067.0,29045.25,29058.5,541
2026-07-23 06:10:00-04:00,29043.0,29050.75,29038.0,29048.0,340
2026-07-23 06:15:00-04:00,29041.25,29054.25,29036.0,29042.25,372
2026-07-23 06:20:00-04:00,29049.0,29056.25,29036.5,29040.0,498
2026-07-23 06:25:00-04:00,29053.0,29063.5,29046.25,29050.0,328
2026-07-23 06:30:00-04:00,29091.5,29106.5,29045.25,29051.75,1454
2026-07-23 06:35:00-04:00,29109.5,29116.75,29092.25,29092.25,652
2026-07-23 06:40:00-04:00,29101.25,29122.25,29094.25,29110.5,463
2026-07-23 06:45:00-04:00,29107.75,29108.0,29095.25,29100.5,254
2026-07-23 06:50:00-04:00,29097.75,29107.0,29096.5,29106.75,239
2026-07-23 06:55:00-04:00,29103.0,29108.0,29094.0,29097.75,444
2026-07-23 07:00:00-04:00,29056.5,29106.5,29055.25,29103.0,841
2026-07-23 07:05:00-04:00,29041.5,29058.25,29035.75,29056.5,666
2026-07-23 07:10:00-04:00,29058.75,29059.0,29033.75,29043.0,423
2026-07-23 07:15:00-04:00,29050.0,29072.5,29047.75,29056.0,684
2026-07-23 07:20:00-04:00,29012.25,29050.0,29010.0,29048.5,1085
2026-07-23 07:25:00-04:00,28993.75,29020.5,28992.5,29012.25,1126
2026-07-23 07:30:00-04:00,28980.0,29002.25,28970.0,28994.75,1180
2026-07-23 07:35:00-04:00,28929.0,28980.25,28915.5,28980.25,2362
2026-07-23 07:40:00-04:00,28925.25,28937.75,28913.0,28929.0,1215
2026-07-23 07:45:00-04:00,28939.0,28941.0,28913.5,28927.0,1110
2026-07-23 07:50:00-04:00,28953.25,28985.0,28935.25,28939.0,2088
2026-07-23 07:55:00-04:00,28965.0,28973.5,28941.75,28952.25,708
2026-07-23 08:00:00-04:00,28951.0,28967.75,28946.75,28964.0,974
2026-07-23 08:05:00-04:00,28923.5,28953.75,28915.25,28950.75,938
2026-07-23 08:10:00-04:00,28916.75,28941.0,28914.75,28923.75,712
2026-07-23 08:15:00-04:00,28893.75,28938.5,28884.5,28915.25,2618
2026-07-23 08:20:00-04:00,28874.5,28898.75,28861.0,28893.0,1644
2026-07-23 08:25:00-04:00,28864.5,28878.75,28854.5,28872.75,1395
2026-07-23 08:30:00-04:00,28838.25,28875.0,28825.75,28864.5,2118
2026-07-23 08:35:00-04:00,28796.0,28838.75,28791.0,28837.75,3320
2026-07-23 08:40:00-04:00,28789.25,28807.5,28768.0,28795.25,3150
2026-07-23 08:45:00-04:00,28786.5,28797.75,28754.75,28790.0,2713
2026-07-23 08:50:00-04:00,28784.0,28806.5,28777.0,28786.0,2356
2026-07-23 08:55:00-04:00,28787.5,28795.75,28773.25,28783.75,1609
2026-07-23 09:00:00-04:00,28769.75,28804.5,28764.5,28786.5,2824
2026-07-23 09:05:00-04:00,28727.75,28774.0,28725.5,28769.5,4781
2026-07-23 09:10:00-04:00,28727.0,28739.75,28715.75,28728.0,3433
2026-07-23 09:15:00-04:00,28716.5,28731.5,28703.0,28726.5,3563
2026-07-23 09:20:00-04:00,28703.0,28721.25,28699.25,28716.5,2766
2026-07-23 09:25:00-04:00,28719.25,28725.0,28697.0,28702.75,4652
2026-07-23 09:30:00-04:00,28759.75,28764.5,28657.0,28718.25,18336
2026-07-23 09:35:00-04:00,28797.5,28817.5,28736.75,28759.5,12932
2026-07-23 09:40:00-04:00,28857.0,28883.0,28797.0,28797.0,11692
2026-07-23 09:45:00-04:00,28760.0,28868.0,28747.75,28855.25,12519
2026-07-23 09:50:00-04:00,28815.75,28819.5,28717.5,28759.5,12638
2026-07-23 09:55:00-04:00,28707.75,28834.5,28696.0,28815.25,10599
2026-07-23 10:00:00-04:00,28749.25,28769.75,28706.25,28709.25,9249
2026-07-23 10:05:00-04:00,28716.75,28801.25,28678.25,28748.5,10534
2026-07-23 10:10:00-04:00,28704.75,28770.75,28694.5,28717.75,10658
2026-07-23 10:15:00-04:00,28704.0,28743.0,28686.5,28704.75,7417
2026-07-23 10:20:00-04:00,28709.0,28780.25,28690.5,28704.5,7745
2026-07-23 10:25:00-04:00,28731.5,28745.0,28693.75,28708.0,5760
2026-07-23 10:30:00-04:00,28669.75,28751.5,28640.0,28731.0,8619
2026-07-23 10:35:00-04:00,28755.5,28764.5,28646.0,28670.5,9082
2026-07-23 10:40:00-04:00,28645.0,28773.25,28625.5,28754.5,8671
2026-07-23 10:45:00-04:00,28630.0,28670.5,28620.25,28644.5,7322
2026-07-23 10:50:00-04:00,28582.5,28646.25,28578.75,28630.75,7852
2026-07-23 10:55:00-04:00,28596.75,28618.5,28577.25,28582.75,6612
2026-07-23 11:00:00-04:00,28567.75,28604.5,28558.5,28597.25,7097
2026-07-23 11:05:00-04:00,28529.0,28572.25,28525.0,28567.75,8634
2026-07-23 11:10:00-04:00,28494.25,28544.25,28483.0,28529.0,9215
2026-07-23 11:15:00-04:00,28536.5,28538.25,28492.0,28494.0,7647
2026-07-23 11:20:00-04:00,28503.0,28569.0,28459.0,28538.0,11540
2026-07-23 11:25:00-04:00,28467.25,28507.5,28447.75,28503.0,6391
2026-07-23 11:30:00-04:00,28488.75,28492.0,28432.5,28467.75,7069
2026-07-23 11:35:00-04:00,28526.75,28536.75,28488.0,28488.5,6585
2026-07-23 11:40:00-04:00,28494.5,28551.0,28493.75,28526.75,5743
2026-07-23 11:45:00-04:00,28522.0,28528.75,28478.25,28493.5,4756
2026-07-23 11:50:00-04:00,28556.25,28557.5,28504.5,28522.0,4402
2026-07-23 11:55:00-04:00,28588.5,28590.0,28550.5,28556.5,5214
2026-07-23 12:00:00-04:00,28616.5,28628.75,28573.25,28588.5,6555
2026-07-23 12:05:00-04:00,28622.75,28623.5,28576.75,28616.0,4806
2026-07-23 12:10:00-04:00,28629.75,28644.25,28617.25,28622.25,3587
2026-07-23 12:15:00-04:00,28629.5,28645.0,28609.5,28630.0,3368
2026-07-23 12:20:00-04:00,28687.25,28696.25,28629.75,28629.75,5304
2026-07-23 12:25:00-04:00,28707.25,28715.0,28673.25,28687.0,4622
2026-07-23 12:30:00-04:00,28690.5,28708.25,28685.75,28707.5,4127
2026-07-23 12:35:00-04:00,28731.75,28738.25,28682.25,28691.0,5194
2026-07-23 12:40:00-04:00,28687.75,28734.25,28685.0,28731.25,4372
2026-07-23 12:45:00-04:00,28636.75,28687.5,28635.25,28687.5,5729
2026-07-23 12:50:00-04:00,28611.75,28647.0,28609.5,28638.0,4816
2026-07-23 12:55:00-04:00,28640.75,28646.5,28610.75,28612.0,4315
2026-07-23 13:00:00-04:00,28615.0,28663.25,28614.75,28641.25,4548
2026-07-23 13:05:00-04:00,28626.5,28630.25,28588.0,28615.5,4802
2026-07-23 13:10:00-04:00,28642.5,28658.25,28624.75,28625.5,3721
2026-07-23 13:15:00-04:00,28640.75,28657.0,28614.75,28642.0,3701
2026-07-23 13:20:00-04:00,28664.75,28674.25,28628.25,28640.5,4154
2026-07-23 13:25:00-04:00,28652.5,28676.75,28651.5,28664.75,2992
2026-07-23 13:30:00-04:00,28620.75,28657.0,28606.0,28653.0,3733
2026-07-23 13:35:00-04:00,28590.5,28624.5,28585.75,28620.5,2929
2026-07-23 13:40:00-04:00,28594.5,28604.75,28570.5,28589.25,3199
2026-07-23 13:45:00-04:00,28621.5,28629.25,28582.25,28594.25,3315
2026-07-23 13:50:00-04:00,28597.0,28628.5,28597.0,28621.0,2597
2026-07-23 13:55:00-04:00,28568.0,28597.25,28565.5,28596.0,2959
2026-07-23 14:00:00-04:00,28561.0,28582.25,28551.0,28568.25,3379
2026-07-23 14:05:00-04:00,28547.0,28571.25,28542.5,28561.0,2760
2026-07-23 14:10:00-04:00,28560.0,28578.25,28542.75,28547.25,2964
2026-07-23 14:15:00-04:00,28556.25,28578.0,28545.25,28560.25,3581
2026-07-23 14:20:00-04:00,28580.25,28582.0,28549.0,28556.25,2906
2026-07-23 14:25:00-04:00,28575.0,28584.25,28555.0,28579.5,2624
2026-07-23 14:30:00-04:00,28596.25,28597.5,28568.0,28574.75,3019
2026-07-23 14:35:00-04:00,28568.0,28603.5,28554.25,28596.0,3191
2026-07-23 14:40:00-04:00,28550.5,28576.5,28545.0,28567.75,2720
2026-07-23 14:45:00-04:00,28564.25,28578.5,28549.25,28549.75,2658
2026-07-23 14:50:00-04:00,28533.5,28569.25,28530.5,28565.0,2795
2026-07-23 14:55:00-04:00,28550.0,28552.0,28525.25,28533.0,3223
2026-07-23 15:00:00-04:00,28515.5,28566.75,28513.25,28550.0,3510
2026-07-23 15:05:00-04:00,28509.75,28528.25,28508.0,28516.0,2786
2026-07-23 15:10:00-04:00,28505.75,28523.75,28501.0,28508.25,2390
2026-07-23 15:15:00-04:00,28525.0,28542.0,28504.5,28506.5,3646
2026-07-23 15:20:00-04:00,28573.5,28573.5,28523.5,28524.75,3697
2026-07-23 15:25:00-04:00,28583.0,28595.25,28561.5,28573.0,4773
2026-07-23 15:30:00-04:00,28560.25,28595.5,28530.75,28583.5,5139
2026-07-23 15:35:00-04:00,28539.5,28565.75,28539.25,28559.25,2734
2026-07-23 15:40:00-04:00,28502.25,28544.75,28501.5,28538.5,3445
2026-07-23 15:45:00-04:00,28499.5,28512.0,28486.25,28502.0,4110
2026-07-23 15:50:00-04:00,28536.0,28546.0,28498.25,28498.25,9215
2026-07-23 15:55:00-04:00,28615.0,28633.5,28536.5,28536.5,18498
2026-07-23 16:00:00-04:00,28708.25,28726.75,28610.5,28615.25,12156
2026-07-23 16:05:00-04:00,28714.25,28727.0,28697.5,28708.75,3274
2026-07-23 16:10:00-04:00,28726.75,28747.5,28713.25,28714.75,2693
2026-07-23 16:15:00-04:00,28754.25,28756.75,28718.5,28727.5,1585
2026-07-23 16:20:00-04:00,28769.75,28771.5,28748.75,28754.25,1529
2026-07-23 16:25:00-04:00,28769.5,28777.25,28758.5,28769.5,1326
2026-07-23 16:30:00-04:00,28766.75,28782.0,28756.0,28768.5,1216
2026-07-23 16:35:00-04:00,28767.75,28773.75,28763.0,28767.75,612
2026-07-23 16:40:00-04:00,28736.0,28767.5,28728.0,28767.5,1367
2026-07-23 16:45:00-04:00,28729.25,28739.25,28725.25,28735.5,676
2026-07-23 16:50:00-04:00,28732.5,28736.5,28726.25,28729.75,928
2026-07-23 16:55:00-04:00,28739.25,28747.0,28729.0,28732.25,684
2026-07-23 18:00:00-04:00,28658.5,28709.25,28655.0,28700.25,0
2026-07-23 18:05:00-04:00,28662.5,28665.75,28650.0,28659.0,454
2026-07-23 18:10:00-04:00,28642.0,28660.75,28632.0,28660.75,593
2026-07-23 18:15:00-04:00,28630.0,28644.0,28624.0,28641.25,492
2026-07-23 18:20:00-04:00,28670.5,28676.75,28628.25,28631.0,767
2026-07-23 18:25:00-04:00,28662.25,28674.0,28653.25,28669.25,510
2026-07-23 18:30:00-04:00,28679.75,28692.25,28662.5,28662.5,749
2026-07-23 18:35:00-04:00,28675.5,28688.0,28667.0,28676.75,331
2026-07-23 18:40:00-04:00,28684.75,28685.0,28667.75,28673.0,289
2026-07-23 18:45:00-04:00,28698.75,28707.5,28683.0,28683.75,628
2026-07-23 18:50:00-04:00,28706.75,28709.0,28693.75,28696.0,412
2026-07-23 18:55:00-04:00,28731.25,28732.75,28707.0,28707.0,586
2026-07-23 19:00:00-04:00,28702.0,28736.0,28699.5,28729.5,731
2026-07-23 19:05:00-04:00,28700.75,28711.5,28690.25,28704.75,692
2026-07-23 19:10:00-04:00,28696.75,28704.75,28687.5,28702.0,330
2026-07-23 19:15:00-04:00,28695.0,28707.75,28689.0,28698.0,332
2026-07-23 19:20:00-04:00,28702.75,28708.5,28692.5,28694.25,369
2026-07-23 19:25:00-04:00,28698.5,28706.0,28695.0,28701.75,313
2026-07-23 19:30:00-04:00,28695.25,28700.75,28682.0,28698.0,390
2026-07-23 19:35:00-04:00,28677.5,28697.25,28674.75,28696.0,320
2026-07-23 19:40:00-04:00,28687.0,28696.5,28661.25,28677.5,803
2026-07-23 19:45:00-04:00,28679.25,28708.25,28674.5,28687.25,848
2026-07-23 19:50:00-04:00,28663.75,28687.0,28658.25,28679.75,585
2026-07-23 19:55:00-04:00,28679.0,28693.5,28662.0,28664.75,525
2026-07-23 20:00:00-04:00,28656.75,28724.0,28651.75,28680.25,1874
2026-07-23 20:05:00-04:00,28636.25,28670.0,28628.0,28655.25,1397
2026-07-23 20:10:00-04:00,28643.25,28650.5,28619.0,28637.25,987
2026-07-23 20:15:00-04:00,28629.25,28659.25,28615.75,28643.75,1050
2026-07-23 20:20:00-04:00,28666.75,28684.25,28622.25,28630.25,1053
2026-07-23 20:25:00-04:00,28643.0,28676.0,28636.75,28669.5,639
2026-07-23 20:30:00-04:00,28630.5,28648.5,28622.0,28646.0,653
2026-07-23 20:35:00-04:00,28649.75,28665.75,28618.0,28629.25,769
2026-07-23 20:40:00-04:00,28655.75,28677.5,28644.75,28652.0,734
2026-07-23 20:45:00-04:00,28667.25,28680.0,28650.25,28656.75,709
2026-07-23 20:50:00-04:00,28638.25,28675.5,28635.75,28668.5,534
2026-07-23 20:55:00-04:00,28672.0,28674.5,28627.0,28637.75,764
2026-07-23 21:00:00-04:00,28690.5,28691.25,28656.5,28672.25,690
2026-07-23 21:05:00-04:00,28687.25,28701.5,28683.25,28691.0,656
2026-07-23 21:10:00-04:00,28661.25,28691.0,28658.75,28687.0,482
2026-07-23 21:15:00-04:00,28666.0,28683.0,28649.5,28662.5,678
2026-07-23 21:20:00-04:00,28655.75,28671.5,28641.25,28664.5,568
2026-07-23 21:25:00-04:00,28656.25,28693.0,28652.75,28654.25,668
2026-07-23 21:30:00-04:00,28678.75,28685.5,28647.0,28655.5,517
2026-07-23 21:35:00-04:00,28657.25,28684.75,28655.75,28679.25,628
2026-07-23 21:40:00-04:00,28664.0,28685.0,28646.25,28657.0,551
2026-07-23 21:45:00-04:00,28644.0,28673.25,28643.75,28663.0,348
2026-07-23 21:50:00-04:00,28645.0,28650.0,28629.0,28643.25,536
2026-07-23 21:55:00-04:00,28614.25,28651.0,28607.0,28644.0,686
2026-07-23 22:00:00-04:00,28603.75,28623.5,28602.75,28612.75,522
2026-07-23 22:05:00-04:00,28617.25,28617.25,28593.75,28603.5,525
2026-07-23 22:10:00-04:00,28616.75,28632.0,28609.0,28617.75,427
2026-07-23 22:15:00-04:00,28605.5,28625.0,28599.75,28617.5,417
2026-07-23 22:20:00-04:00,28609.0,28611.25,28587.0,28605.5,638
2026-07-23 22:25:00-04:00,28594.75,28623.25,28592.0,28609.25,550
2026-07-23 22:30:00-04:00,28572.75,28598.25,28570.25,28595.25,723
2026-07-23 22:35:00-04:00,28554.5,28572.0,28552.25,28571.5,1042
2026-07-23 22:40:00-04:00,28548.0,28561.75,28547.75,28556.25,515
2026-07-23 22:45:00-04:00,28537.5,28552.5,28530.75,28548.0,723
2026-07-23 22:50:00-04:00,28531.0,28548.75,28528.75,28537.75,389
2026-07-23 22:55:00-04:00,28519.25,28544.5,28515.0,28530.75,974
2026-07-23 23:00:00-04:00,28536.25,28541.5,28517.75,28520.0,685
2026-07-23 23:05:00-04:00,28525.75,28546.0,28523.5,28534.25,348
2026-07-23 23:10:00-04:00,28539.5,28546.5,28521.5,28526.5,461
2026-07-23 23:15:00-04:00,28532.25,28560.75,28530.0,28539.5,907
2026-07-23 23:20:00-04:00,28528.75,28543.0,28521.25,28532.25,643
2026-07-23 23:25:00-04:00,28545.5,28556.75,28528.0,28530.5,516
2026-07-23 23:30:00-04:00,28521.0,28555.75,28508.0,28544.25,805
2026-07-23 23:35:00-04:00,28522.25,28537.0,28508.25,28522.0,825
2026-07-23 23:40:00-04:00,28505.0,28529.5,28499.75,28524.0,585
2026-07-23 23:45:00-04:00,28510.75,28520.0,28493.5,28503.5,801
2026-07-23 23:50:00-04:00,28498.0,28511.25,28493.5,28510.0,635
2026-07-23 23:55:00-04:00,28486.0,28499.5,28482.0,28498.25,565
2026-07-24 00:05:00-04:00,28515.75,28515.75,28507.5,28513.75,1534
2026-07-24 00:10:00-04:00,28485.0,28515.5,28481.25,28514.0,567
2026-07-24 00:15:00-04:00,28512.0,28513.5,28483.0,28485.25,321
2026-07-24 00:20:00-04:00,28532.25,28534.75,28494.5,28511.25,498
2026-07-24 00:25:00-04:00,28551.75,28556.75,28520.5,28533.0,894
2026-07-24 00:30:00-04:00,28546.25,28558.0,28538.0,28550.5,426
2026-07-24 00:35:00-04:00,28529.75,28552.25,28527.5,28546.5,258
2026-07-24 00:40:00-04:00,28529.25,28535.75,28512.25,28530.0,450
2026-07-24 00:45:00-04:00,28528.75,28537.0,28520.0,28528.75,364
2026-07-24 00:50:00-04:00,28545.0,28554.5,28526.5,28527.75,413
2026-07-24 00:55:00-04:00,28565.25,28571.5,28541.5,28544.5,751
2026-07-24 01:00:00-04:00,28562.5,28575.25,28548.25,28564.5,395
2026-07-24 01:05:00-04:00,28584.5,28600.25,28563.5,28563.5,713
2026-07-24 01:10:00-04:00,28593.25,28595.75,28579.0,28585.0,292
2026-07-24 01:15:00-04:00,28586.0,28594.25,28569.5,28590.75,554
2026-07-24 01:20:00-04:00,28591.5,28600.0,28578.25,28586.0,345
2026-07-24 01:25:00-04:00,28582.25,28602.0,28579.75,28592.0,509
2026-07-24 01:30:00-04:00,28582.25,28590.0,28570.25,28583.0,396
2026-07-24 01:35:00-04:00,28580.75,28588.25,28566.5,28584.75,413
2026-07-24 01:40:00-04:00,28590.25,28595.0,28567.5,28581.75,485
2026-07-24 01:45:00-04:00,28588.0,28607.0,28586.0,28589.75,515
2026-07-24 01:50:00-04:00,28556.0,28592.25,28554.5,28588.5,518
2026-07-24 01:55:00-04:00,28545.0,28557.75,28544.0,28556.5,497
2026-07-24 02:00:00-04:00,28523.5,28550.0,28521.0,28546.75,632
2026-07-24 02:05:00-04:00,28517.0,28528.25,28513.75,28524.5,515
2026-07-24 02:10:00-04:00,28508.75,28526.5,28503.0,28518.75,547
2026-07-24 02:15:00-04:00,28548.5,28548.75,28507.75,28512.0,749
2026-07-24 02:20:00-04:00,28558.0,28566.25,28546.5,28547.25,690
2026-07-24 02:25:00-04:00,28534.5,28576.25,28522.5,28558.0,875
2026-07-24 02:30:00-04:00,28541.25,28543.5,28526.0,28536.5,428
2026-07-24 02:35:00-04:00,28541.75,28561.5,28536.0,28543.0,510
2026-07-24 02:40:00-04:00,28507.0,28545.25,28505.0,28542.25,449
2026-07-24 02:45:00-04:00,28485.5,28508.0,28481.0,28507.75,892
2026-07-24 02:50:00-04:00,28514.0,28516.25,28485.5,28485.5,533
2026-07-24 02:55:00-04:00,28543.75,28548.0,28506.25,28512.75,558
2026-07-24 03:00:00-04:00,28574.0,28586.75,28539.25,28544.0,1090
2026-07-24 03:05:00-04:00,28597.0,28598.75,28560.0,28572.0,695
2026-07-24 03:10:00-04:00,28636.5,28637.75,28597.25,28597.25,1819
2026-07-24 03:15:00-04:00,28645.5,28656.0,28623.5,28637.0,1264
2026-07-24 03:20:00-04:00,28638.25,28654.0,28633.0,28647.25,492
2026-07-24 03:25:00-04:00,28654.0,28663.0,28635.25,28637.75,477
2026-07-24 03:30:00-04:00,28645.0,28658.0,28635.5,28653.75,529
2026-07-24 03:35:00-04:00,28632.5,28648.0,28630.25,28643.5,216
2026-07-24 03:40:00-04:00,28626.25,28634.25,28609.0,28631.75,750
2026-07-24 03:45:00-04:00,28629.25,28632.0,28616.5,28625.5,453
2026-07-24 03:50:00-04:00,28623.0,28633.0,28614.75,28629.5,288
2026-07-24 03:55:00-04:00,28614.25,28630.75,28611.25,28625.5,260
2026-07-24 04:00:00-04:00,28591.75,28619.0,28590.0,28615.75,909
2026-07-24 04:05:00-04:00,28578.5,28596.75,28574.5,28590.75,736
2026-07-24 04:10:00-04:00,28573.5,28584.25,28556.5,28579.0,756
2026-07-24 04:15:00-04:00,28594.0,28601.0,28571.25,28573.5,690
2026-07-24 04:20:00-04:00,28587.25,28602.25,28586.0,28593.25,321
2026-07-24 04:25:00-04:00,28621.75,28622.25,28582.25,28587.25,576
2026-07-24 04:30:00-04:00,28635.0,28640.5,28614.75,28621.75,709
2026-07-24 04:35:00-04:00,28633.25,28649.5,28629.0,28637.5,540
2026-07-24 04:40:00-04:00,28631.0,28637.5,28619.75,28632.5,363
2026-07-24 04:45:00-04:00,28621.75,28635.0,28609.0,28630.0,366
2026-07-24 04:50:00-04:00,28626.5,28626.5,28613.25,28622.0,220
2026-07-24 04:55:00-04:00,28622.0,28632.5,28612.5,28622.75,247
2026-07-24 05:00:00-04:00,28621.5,28637.75,28612.0,28623.5,417
2026-07-24 05:05:00-04:00,28676.5,28681.25,28615.25,28620.0,1009
2026-07-24 05:10:00-04:00,28643.25,28681.25,28638.0,28676.75,546
2026-07-24 05:15:00-04:00,28648.25,28653.0,28632.0,28642.0,469
2026-07-24 05:20:00-04:00,28661.5,28663.0,28643.25,28649.0,466
2026-07-24 05:25:00-04:00,28672.75,28677.0,28659.25,28660.75,619
2026-07-24 05:30:00-04:00,28682.5,28690.0,28663.25,28674.75,870
2026-07-24 05:35:00-04:00,28692.0,28695.25,28671.25,28684.75,522
2026-07-24 05:40:00-04:00,28695.25,28702.0,28684.75,28692.25,528
2026-07-24 05:45:00-04:00,28684.25,28703.25,28683.0,28695.5,328
2026-07-24 05:50:00-04:00,28682.5,28693.5,28680.25,28684.75,241
2026-07-24 05:55:00-04:00,28700.5,28704.25,28682.5,28682.75,430
2026-07-24 06:00:00-04:00,28680.5,28706.25,28677.0,28700.25,573
2026-07-24 06:05:00-04:00,28671.25,28684.75,28663.0,28678.25,507
2026-07-24 06:10:00-04:00,28664.0,28675.25,28658.5,28672.25,409
2026-07-24 06:15:00-04:00,28660.5,28670.25,28655.5,28663.5,431
2026-07-24 06:20:00-04:00,28669.0,28672.0,28654.25,28661.25,420
2026-07-24 06:25:00-04:00,28667.5,28679.25,28654.5,28667.0,556
2026-07-24 06:30:00-04:00,28665.25,28686.5,28662.75,28668.25,516
2026-07-24 06:35:00-04:00,28647.0,28665.5,28643.5,28664.75,578
2026-07-24 06:40:00-04:00,28646.5,28651.75,28637.75,28647.25,312
2026-07-24 06:45:00-04:00,28651.0,28657.25,28642.75,28646.5,293
2026-07-24 06:50:00-04:00,28638.5,28651.0,28633.25,28650.75,559
2026-07-24 06:55:00-04:00,28640.5,28649.5,28635.5,28638.0,382
2026-07-24 07:00:00-04:00,28652.5,28660.75,28632.0,28640.0,829
2026-07-24 07:05:00-04:00,28642.75,28666.75,28641.25,28653.5,597
2026-07-24 07:10:00-04:00,28656.0,28656.25,28637.75,28643.75,259
2026-07-24 07:15:00-04:00,28653.25,28661.75,28647.75,28656.75,389
2026-07-24 07:20:00-04:00,28654.25,28663.75,28640.75,28653.75,466
2026-07-24 07:25:00-04:00,28644.25,28655.25,28637.0,28654.5,373
2026-07-24 07:30:00-04:00,28624.5,28649.0,28623.25,28641.0,593
2026-07-24 07:35:00-04:00,28622.0,28647.25,28618.25,28624.5,690
2026-07-24 07:40:00-04:00,28616.25,28635.0,28616.25,28623.25,572
2026-07-24 07:45:00-04:00,28615.0,28627.5,28603.5,28618.5,643
2026-07-24 07:50:00-04:00,28618.0,28628.75,28612.0,28615.25,436
2026-07-24 07:55:00-04:00,28680.5,28700.0,28601.5,28616.5,2881
2026-07-24 08:00:00-04:00,28652.0,28684.0,28631.0,28678.5,1599
2026-07-24 08:05:00-04:00,28675.5,28677.5,28624.25,28652.0,1240
2026-07-24 08:10:00-04:00,28690.0,28695.5,28666.0,28675.0,874
2026-07-24 08:15:00-04:00,28682.25,28698.5,28677.0,28689.25,960
2026-07-24 08:20:00-04:00,28685.5,28689.75,28666.75,28682.25,707
2026-07-24 08:25:00-04:00,28686.5,28692.75,28650.0,28686.0,1285
2026-07-24 08:30:00-04:00,28642.75,28689.0,28641.25,28686.0,939
2026-07-24 08:35:00-04:00,28650.25,28664.5,28641.5,28643.5,755
2026-07-24 08:40:00-04:00,28629.75,28652.25,28624.25,28650.75,1032
2026-07-24 08:45:00-04:00,28623.75,28635.75,28616.5,28628.75,1107
2026-07-24 08:50:00-04:00,28610.0,28629.25,28607.0,28624.75,1063
2026-07-24 08:55:00-04:00,28592.0,28613.25,28587.25,28611.0,1300
2026-07-24 09:00:00-04:00,28597.0,28601.5,28581.75,28591.25,1341
2026-07-24 09:05:00-04:00,28584.0,28602.5,28571.75,28596.75,1280
2026-07-24 09:10:00-04:00,28591.75,28596.75,28577.25,28584.0,1178
2026-07-24 09:15:00-04:00,28605.0,28609.75,28584.75,28590.75,1216
2026-07-24 09:20:00-04:00,28601.5,28608.5,28579.0,28604.5,1229
2026-07-24 09:25:00-04:00,28540.25,28616.0,28538.0,28600.75,3572
2026-07-24 09:30:00-04:00,28603.25,28606.75,28499.5,28540.0,14623
2026-07-24 09:35:00-04:00,28528.25,28622.0,28501.0,28603.25,11545
2026-07-24 09:40:00-04:00,28485.0,28532.25,28458.25,28527.75,9632
2026-07-24 09:45:00-04:00,28501.25,28511.75,28445.0,28483.25,9488
2026-07-24 09:50:00-04:00,28344.75,28502.0,28335.75,28500.0,12906
2026-07-24 09:55:00-04:00,28322.25,28368.5,28313.5,28344.0,10123
2026-07-24 10:00:00-04:00,28338.5,28394.75,28304.25,28323.0,11764
2026-07-24 10:05:00-04:00,28429.25,28440.25,28333.75,28339.25,9135
2026-07-24 10:10:00-04:00,28420.75,28451.25,28386.0,28427.75,9325
2026-07-24 10:15:00-04:00,28333.75,28432.25,28299.0,28421.0,10163
2026-07-24 10:20:00-04:00,28392.75,28423.5,28306.25,28333.25,7637
2026-07-24 10:25:00-04:00,28391.0,28407.5,28363.5,28393.25,6142
2026-07-24 10:30:00-04:00,28305.25,28396.0,28304.0,28391.75,6651
2026-07-24 10:35:00-04:00,28284.0,28344.25,28274.75,28306.25,6563
2026-07-24 10:40:00-04:00,28287.25,28307.5,28262.75,28283.75,7068
2026-07-24 10:45:00-04:00,28321.5,28325.0,28254.5,28287.0,8360
2026-07-24 10:50:00-04:00,28350.25,28365.5,28311.25,28320.0,6702
2026-07-24 10:55:00-04:00,28449.25,28461.5,28350.0,28350.5,8428
2026-07-24 11:00:00-04:00,28405.5,28478.5,28403.75,28449.0,8604
2026-07-24 11:05:00-04:00,28364.5,28423.75,28361.25,28405.25,6629
2026-07-24 11:10:00-04:00,28493.25,28510.0,28355.0,28364.0,10429
2026-07-24 11:15:00-04:00,28463.75,28557.25,28453.5,28494.25,9811
2026-07-24 11:20:00-04:00,28501.25,28525.0,28459.25,28466.25,5639
2026-07-24 11:25:00-04:00,28499.75,28551.75,28492.0,28502.0,6442
2026-07-24 11:30:00-04:00,28487.75,28542.25,28484.5,28500.75,6466
2026-07-24 11:35:00-04:00,28562.0,28566.5,28485.0,28488.75,5493
2026-07-24 11:40:00-04:00,28506.0,28577.5,28490.0,28562.0,5594
2026-07-24 11:45:00-04:00,28503.25,28530.75,28491.75,28507.0,3919
2026-07-24 11:50:00-04:00,28537.0,28550.0,28503.25,28503.25,5151
2026-07-24 11:55:00-04:00,28576.0,28583.75,28534.0,28536.0,4781
2026-07-24 12:00:00-04:00,28590.5,28594.75,28549.5,28576.75,3845
2026-07-24 12:05:00-04:00,28604.5,28618.0,28579.5,28590.5,4344
2026-07-24 12:10:00-04:00,28574.25,28630.75,28572.25,28603.5,6265
2026-07-24 12:15:00-04:00,28566.25,28576.5,28552.5,28574.5,3592
2026-07-24 12:20:00-04:00,28585.25,28592.5,28563.5,28566.75,3037
2026-07-24 12:25:00-04:00,28565.75,28594.0,28565.25,28585.5,2733
2026-07-24 12:30:00-04:00,28542.25,28569.0,28527.0,28566.0,5765
2026-07-24 12:35:00-04:00,28525.5,28555.75,28516.25,28541.0,3386
2026-07-24 12:40:00-04:00,28499.75,28524.25,28495.0,28524.0,3457
2026-07-24 12:45:00-04:00,28481.75,28510.5,28466.0,28499.25,3700
2026-07-24 12:50:00-04:00,28473.5,28488.0,28460.25,28482.25,3096
2026-07-24 12:55:00-04:00,28495.75,28511.0,28462.5,28473.25,2763
2026-07-24 13:00:00-04:00,28478.0,28502.5,28468.0,28494.75,4147
2026-07-24 13:05:00-04:00,28435.5,28487.5,28433.75,28477.5,5499
2026-07-24 13:10:00-04:00,28459.25,28471.0,28427.0,28435.75,3769
2026-07-24 13:15:00-04:00,28487.25,28490.75,28441.0,28458.0,3333
2026-07-24 13:20:00-04:00,28489.0,28494.5,28461.75,28487.0,2981
2026-07-24 13:25:00-04:00,28514.5,28521.75,28472.0,28489.75,3307
2026-07-24 13:30:00-04:00,28540.75,28544.0,28504.5,28515.25,3181
2026-07-24 13:35:00-04:00,28487.5,28542.5,28486.5,28541.25,3023
2026-07-24 13:40:00-04:00,28464.75,28489.25,28463.0,28488.5,3033
2026-07-24 13:45:00-04:00,28483.75,28485.0,28452.0,28464.75,2783
2026-07-24 13:50:00-04:00,28483.5,28501.75,28468.0,28484.5,2307
2026-07-24 13:55:00-04:00,28466.0,28492.0,28465.5,28484.0,2056
2026-07-24 14:00:00-04:00,28455.75,28486.0,28451.0,28467.0,2526
2026-07-24 14:05:00-04:00,28450.75,28467.25,28443.5,28455.5,2431
2026-07-24 14:10:00-04:00,28428.25,28455.0,28420.25,28450.5,2235
2026-07-24 14:15:00-04:00,28399.5,28431.0,28396.25,28428.25,3124
2026-07-24 14:20:00-04:00,28376.5,28399.5,28373.75,28399.5,3145
2026-07-24 14:25:00-04:00,28336.25,28380.0,28333.0,28376.5,4840
2026-07-24 14:30:00-04:00,28298.0,28346.75,28291.25,28337.75,5137
2026-07-24 14:35:00-04:00,28294.75,28321.75,28278.75,28298.0,6592
2026-07-24 14:40:00-04:00,28276.5,28294.5,28259.0,28294.5,4883
2026-07-24 14:45:00-04:00,28304.25,28325.5,28269.75,28275.25,4224
2026-07-24 14:50:00-04:00,28299.25,28320.0,28288.5,28305.25,3326
2026-07-24 14:55:00-04:00,28302.5,28328.5,28292.5,28297.5,2842
2026-07-24 15:00:00-04:00,28284.5,28328.5,28280.5,28301.75,3773
2026-07-24 15:05:00-04:00,28230.75,28312.0,28226.5,28283.25,5698
2026-07-24 15:10:00-04:00,28221.75,28259.5,28219.75,28230.25,4243
2026-07-24 15:15:00-04:00,28242.75,28244.0,28212.5,28220.75,3851
2026-07-24 15:20:00-04:00,28229.75,28257.0,28219.0,28242.5,3342
2026-07-24 15:25:00-04:00,28253.5,28266.5,28220.75,28230.5,3105
2026-07-24 15:30:00-04:00,28281.25,28298.25,28250.75,28253.0,5375
2026-07-24 15:35:00-04:00,28274.0,28304.75,28268.5,28282.25,4941
2026-07-24 15:40:00-04:00,28274.0,28283.25,28238.75,28273.0,5004
2026-07-24 15:45:00-04:00,28275.5,28283.25,28242.75,28274.25,4042
2026-07-24 15:50:00-04:00,28272.0,28291.0,28224.5,28277.0,8171
2026-07-24 15:55:00-04:00,28283.25,28295.0,28247.5,28271.25,14448
2026-07-24 16:00:00-04:00,28275.25,28303.25,28263.5,28283.5,6425
2026-07-24 16:05:00-04:00,28273.5,28278.0,28259.25,28274.5,1625
2026-07-24 16:10:00-04:00,28291.25,28295.0,28267.0,28274.75,1497
2026-07-24 16:15:00-04:00,28305.25,28316.0,28292.25,28292.25,952
2026-07-24 16:20:00-04:00,28312.0,28329.5,28305.25,28306.0,755
2026-07-24 16:25:00-04:00,28305.0,28321.5,28303.25,28312.0,746
2026-07-24 16:30:00-04:00,28291.5,28307.25,28283.75,28303.5,1016
2026-07-24 16:35:00-04:00,28291.25,28303.0,28286.25,28292.0,537
2026-07-24 16:40:00-04:00,28305.5,28305.5,28285.0,28290.25,359
2026-07-24 16:45:00-04:00,28296.25,28311.5,28293.75,28305.75,434
2026-07-24 16:50:00-04:00,28309.25,28311.25,28289.25,28297.5,487
2026-07-24 16:55:00-04:00,28282.25,28313.5,28282.25,28310.25,486
2026-07-26 18:10:00-04:00,28614.0,28615.0,28585.5,28594.5,529
2026-07-26 18:15:00-04:00,28640.5,28640.5,28594.5,28614.5,1081
2026-07-26 18:20:00-04:00,28626.75,28647.0,28625.0,28639.25,559
2026-07-26 18:25:00-04:00,28623.25,28632.75,28611.5,28625.0,591
2026-07-26 18:30:00-04:00,28630.75,28636.25,28618.75,28623.5,377
2026-07-26 18:35:00-04:00,28632.5,28641.5,28625.0,28632.5,449
2026-07-26 18:40:00-04:00,28626.0,28634.75,28625.5,28634.0,266
2026-07-26 18:45:00-04:00,28620.0,28625.75,28616.0,28625.25,193
2026-07-26 18:50:00-04:00,28615.0,28636.25,28615.0,28620.75,404
2026-07-26 18:55:00-04:00,28609.5,28620.75,28604.0,28615.25,466
2026-07-26 19:00:00-04:00,28605.0,28620.75,28597.75,28612.25,573
2026-07-26 19:05:00-04:00,28635.0,28638.75,28602.25,28604.25,450
2026-07-26 19:10:00-04:00,28630.75,28638.5,28625.75,28634.75,246
2026-07-26 19:15:00-04:00,28613.25,28637.0,28610.5,28631.5,389
2026-07-26 19:20:00-04:00,28614.25,28620.5,28610.25,28614.0,202
2026-07-26 19:25:00-04:00,28616.75,28629.75,28614.25,28614.25,280
2026-07-26 19:30:00-04:00,28632.0,28633.5,28610.5,28617.0,400
2026-07-26 19:35:00-04:00,28626.75,28633.5,28625.0,28630.5,186
2026-07-26 19:40:00-04:00,28653.75,28669.75,28627.25,28627.25,768
2026-07-26 19:45:00-04:00,28691.5,28693.5,28638.0,28654.75,1180
2026-07-26 19:50:00-04:00,28700.25,28719.5,28684.5,28690.25,1033
2026-07-26 19:55:00-04:00,28727.5,28731.0,28684.75,28699.75,1175
2026-07-26 20:00:00-04:00,28624.25,28733.75,28622.75,28728.25,2368
2026-07-26 20:05:00-04:00,28631.0,28655.75,28615.0,28622.75,1458
2026-07-26 20:10:00-04:00,28663.5,28665.5,28620.0,28632.25,1126
2026-07-26 20:15:00-04:00,28595.75,28662.5,28581.75,28661.75,1527
2026-07-26 20:20:00-04:00,28605.5,28615.5,28583.75,28595.0,975
2026-07-26 20:25:00-04:00,28619.25,28644.0,28596.75,28605.0,974
2026-07-26 20:30:00-04:00,28638.5,28656.0,28616.0,28618.25,830
2026-07-26 20:35:00-04:00,28605.5,28641.75,28602.75,28638.25,772
2026-07-26 20:40:00-04:00,28598.25,28618.25,28597.25,28605.25,514
2026-07-26 20:45:00-04:00,28621.75,28628.75,28599.25,28600.0,515
2026-07-26 20:50:00-04:00,28627.5,28655.25,28614.5,28624.25,764
2026-07-26 20:55:00-04:00,28598.25,28629.5,28595.25,28627.0,637
2026-07-26 21:00:00-04:00,28597.75,28634.5,28595.0,28599.75,773
2026-07-26 21:05:00-04:00,28607.5,28627.5,28589.75,28596.75,598
2026-07-26 21:10:00-04:00,28572.75,28608.0,28565.75,28606.5,907
2026-07-26 21:15:00-04:00,28548.5,28582.0,28548.5,28572.25,1643
2026-07-26 21:20:00-04:00,28554.5,28567.25,28539.25,28549.5,715
2026-07-26 21:25:00-04:00,28538.0,28558.0,28525.0,28554.5,826
2026-07-26 21:30:00-04:00,28576.25,28592.75,28536.0,28542.75,987
2026-07-26 21:35:00-04:00,28608.0,28614.25,28551.5,28575.5,1131
2026-07-26 21:40:00-04:00,28590.25,28621.25,28577.0,28606.25,810
2026-07-26 21:45:00-04:00,28603.75,28612.25,28571.75,28589.5,642
2026-07-26 21:50:00-04:00,28593.25,28604.0,28575.5,28604.0,505
2026-07-26 21:55:00-04:00,28614.0,28614.0,28587.0,28592.75,428
2026-07-26 22:00:00-04:00,28594.0,28627.75,28590.75,28614.75,726
2026-07-26 22:05:00-04:00,28614.0,28619.75,28587.0,28594.0,509
2026-07-26 22:10:00-04:00,28608.5,28619.5,28597.25,28616.0,359
2026-07-26 22:15:00-04:00,28621.0,28630.0,28606.75,28606.75,514
2026-07-26 22:20:00-04:00,28625.75,28634.0,28605.5,28624.5,503
2026-07-26 22:25:00-04:00,28638.5,28652.75,28624.5,28625.5,616
2026-07-26 22:30:00-04:00,28615.75,28639.25,28606.25,28639.0,447
2026-07-26 22:35:00-04:00,28650.5,28651.0,28608.5,28616.75,472
2026-07-26 22:40:00-04:00,28648.25,28657.25,28643.5,28649.5,406
2026-07-26 22:45:00-04:00,28622.0,28658.5,28619.25,28650.25,440
2026-07-26 22:50:00-04:00,28615.75,28627.0,28611.5,28621.75,284
2026-07-26 22:55:00-04:00,28615.5,28623.5,28611.75,28616.75,186
2026-07-26 23:00:00-04:00,28610.0,28642.25,28607.0,28615.5,641
2026-07-26 23:05:00-04:00,28610.75,28627.25,28606.5,28612.75,355
2026-07-26 23:10:00-04:00,28644.25,28646.0,28606.0,28608.0,390
2026-07-26 23:15:00-04:00,28646.75,28648.5,28639.0,28644.0,293
2026-07-26 23:20:00-04:00,28627.0,28650.75,28625.75,28648.25,326
2026-07-26 23:25:00-04:00,28619.25,28641.5,28618.25,28627.5,214
2026-07-26 23:30:00-04:00,28612.0,28622.0,28599.75,28620.5,506
2026-07-26 23:35:00-04:00,28609.75,28616.5,28605.5,28614.0,120
2026-07-26 23:40:00-04:00,28619.75,28637.0,28607.0,28609.0,367
2026-07-26 23:45:00-04:00,28605.5,28627.0,28600.25,28619.0,302
2026-07-26 23:50:00-04:00,28609.25,28613.0,28600.0,28603.5,149
2026-07-26 23:55:00-04:00,28613.5,28624.5,28592.75,28609.75,355
2026-07-27 00:00:00-04:00,28614.0,28626.5,28608.75,28614.0,276
2026-07-27 00:05:00-04:00,28607.25,28622.75,28597.75,28612.5,212
2026-07-27 00:10:00-04:00,28621.0,28622.25,28602.0,28607.0,219
2026-07-27 00:15:00-04:00,28639.25,28640.25,28611.25,28621.25,335
2026-07-27 00:20:00-04:00,28626.75,28647.0,28625.25,28639.5,316
2026-07-27 00:25:00-04:00,28620.75,28634.75,28606.75,28627.75,338
2026-07-27 00:30:00-04:00,28639.75,28644.5,28609.25,28620.75,267
2026-07-27 00:35:00-04:00,28640.5,28644.0,28633.0,28640.75,175
2026-07-27 00:40:00-04:00,28648.75,28653.75,28637.5,28639.75,372
2026-07-27 00:45:00-04:00,28644.0,28651.25,28637.75,28648.75,242
2026-07-27 00:50:00-04:00,28660.5,28661.75,28642.0,28643.5,454
2026-07-27 00:55:00-04:00,28644.0,28663.0,28642.0,28659.5,372
2026-07-27 01:00:00-04:00,28644.75,28656.5,28638.0,28646.25,315
2026-07-27 01:05:00-04:00,28658.0,28660.25,28641.5,28644.25,180
2026-07-27 01:10:00-04:00,28671.5,28674.75,28657.75,28657.75,411
2026-07-27 01:15:00-04:00,28676.0,28682.75,28665.25,28669.0,429
2026-07-27 01:20:00-04:00,28677.75,28684.0,28675.25,28675.25,285
2026-07-27 01:25:00-04:00,28679.75,28679.75,28672.0,28677.25,259
2026-07-27 01:30:00-04:00,28685.75,28688.25,28673.75,28680.0,564
2026-07-27 01:35:00-04:00,28700.25,28703.75,28685.25,28687.25,531
2026-07-27 01:40:00-04:00,28686.5,28700.75,28683.5,28699.25,484
2026-07-27 01:45:00-04:00,28688.25,28693.0,28681.25,28685.75,212
2026-07-27 01:50:00-04:00,28697.0,28700.0,28686.0,28692.0,252
2026-07-27 01:55:00-04:00,28694.5,28704.25,28692.5,28698.25,403
2026-07-27 02:00:00-04:00,28706.0,28716.25,28693.75,28694.5,770
2026-07-27 02:05:00-04:00,28722.75,28725.0,28702.0,28707.25,508
2026-07-27 02:10:00-04:00,28717.25,28728.5,28711.5,28723.0,470
2026-07-27 02:15:00-04:00,28721.25,28723.0,28713.5,28716.75,400
2026-07-27 02:20:00-04:00,28702.0,28722.0,28697.75,28722.0,516
2026-07-27 02:25:00-04:00,28697.75,28704.75,28693.75,28702.75,309
2026-07-27 02:30:00-04:00,28708.0,28712.5,28694.0,28697.25,526
2026-07-27 02:35:00-04:00,28703.5,28715.5,28702.25,28708.0,347
2026-07-27 02:40:00-04:00,28696.0,28706.5,28694.25,28704.0,462
2026-07-27 02:45:00-04:00,28694.25,28700.0,28688.5,28697.25,513
2026-07-27 02:50:00-04:00,28688.75,28700.0,28680.0,28694.0,478
2026-07-27 02:55:00-04:00,28695.0,28702.75,28687.5,28688.0,312
2026-07-27 03:00:00-04:00,28723.0,28725.25,28689.0,28692.75,921
2026-07-27 03:05:00-04:00,28704.5,28723.25,28695.5,28722.0,495
2026-07-27 03:10:00-04:00,28727.5,28729.0,28704.75,28706.5,363
2026-07-27 03:15:00-04:00,28717.5,28732.0,28716.25,28728.25,395
2026-07-27 03:20:00-04:00,28715.75,28723.5,28712.25,28719.25,215
2026-07-27 03:25:00-04:00,28705.25,28717.0,28702.5,28716.5,387
2026-07-27 03:30:00-04:00,28695.0,28704.0,28690.0,28703.25,430
2026-07-27 03:35:00-04:00,28680.5,28697.5,28672.0,28695.5,702
2026-07-27 03:40:00-04:00,28695.5,28698.25,28675.25,28677.25,573
2026-07-27 03:45:00-04:00,28699.0,28701.75,28684.0,28695.5,381
2026-07-27 03:50:00-04:00,28680.5,28698.75,28675.0,28698.5,318
2026-07-27 03:55:00-04:00,28661.75,28687.0,28661.25,28679.0,480
2026-07-27 04:00:00-04:00,28681.0,28701.25,28658.5,28661.0,829
2026-07-27 04:05:00-04:00,28690.25,28696.5,28674.75,28680.25,488
2026-07-27 04:10:00-04:00,28693.25,28693.5,28673.0,28685.5,380
2026-07-27 04:15:00-04:00,28697.25,28705.0,28677.0,28692.0,317
2026-07-27 04:20:00-04:00,28699.0,28705.75,28693.75,28698.0,292
2026-07-27 04:25:00-04:00,28719.0,28724.25,28699.25,28699.25,378
2026-07-27 04:30:00-04:00,28708.75,28724.25,28708.0,28720.75,482
2026-07-27 04:35:00-04:00,28720.75,28722.25,28703.25,28706.75,301
2026-07-27 04:40:00-04:00,28733.75,28744.0,28718.75,28721.5,763
2026-07-27 04:45:00-04:00,28726.5,28740.0,28726.5,28736.5,303
2026-07-27 04:50:00-04:00,28744.25,28744.75,28724.5,28727.75,386
2026-07-27 04:55:00-04:00,28736.0,28749.5,28735.25,28742.5,367
2026-07-27 05:00:00-04:00,28729.25,28738.75,28719.75,28737.0,490
2026-07-27 05:05:00-04:00,28723.25,28731.0,28721.0,28729.0,253
2026-07-27 05:10:00-04:00,28725.5,28733.25,28721.75,28722.75,277
2026-07-27 05:15:00-04:00,28728.0,28732.5,28723.25,28725.25,197
2026-07-27 05:20:00-04:00,28731.5,28738.75,28726.0,28727.75,253
2026-07-27 05:25:00-04:00,28726.25,28737.0,28724.0,28732.0,428
2026-07-27 05:30:00-04:00,28733.25,28733.5,28718.25,28727.0,409
2026-07-27 05:35:00-04:00,28737.75,28745.25,28728.25,28732.5,770
2026-07-27 05:40:00-04:00,28746.75,28748.25,28733.5,28738.0,345
2026-07-27 05:45:00-04:00,28758.5,28763.25,28742.5,28746.0,809
2026-07-27 05:50:00-04:00,28758.0,28762.25,28755.25,28758.75,377
2026-07-27 05:55:00-04:00,28744.75,28759.25,28744.75,28758.0,294
2026-07-27 06:00:00-04:00,28746.25,28753.5,28744.0,28744.0,290
2026-07-27 06:05:00-04:00,28743.75,28749.0,28741.5,28746.75,284
2026-07-27 06:10:00-04:00,28737.75,28743.5,28726.25,28743.5,821
2026-07-27 06:15:00-04:00,28736.0,28748.0,28730.25,28738.75,343
2026-07-27 06:20:00-04:00,28735.0,28744.5,28735.0,28737.25,227
2026-07-27 06:25:00-04:00,28738.0,28745.0,28734.0,28734.75,262
2026-07-27 06:30:00-04:00,28738.5,28746.0,28735.75,28740.0,264
2026-07-27 06:35:00-04:00,28742.25,28742.25,28734.0,28738.25,213
2026-07-27 06:40:00-04:00,28748.0,28750.5,28733.75,28740.5,267
2026-07-27 06:45:00-04:00,28748.5,28749.75,28740.25,28746.0,250
2026-07-27 06:50:00-04:00,28745.0,28751.0,28742.25,28747.5,177
2026-07-27 06:55:00-04:00,28740.75,28758.0,28739.75,28745.0,411
2026-07-27 07:00:00-04:00,28722.0,28743.5,28712.25,28742.0,758
2026-07-27 07:05:00-04:00,28714.0,28724.5,28712.5,28721.25,385
2026-07-27 07:10:00-04:00,28712.5,28723.0,28708.25,28714.0,429
2026-07-27 07:15:00-04:00,28701.5,28720.0,28701.0,28711.5,508
2026-07-27 07:20:00-04:00,28693.75,28706.25,28693.5,28702.0,542
2026-07-27 07:25:00-04:00,28652.75,28700.25,28648.5,28693.5,1192
2026-07-27 07:30:00-04:00,28662.0,28685.0,28645.5,28653.25,1804
2026-07-27 07:35:00-04:00,28678.75,28680.5,28660.5,28662.0,490
2026-07-27 07:40:00-04:00,28667.75,28681.5,28654.0,28679.25,862
2026-07-27 07:45:00-04:00,28673.75,28677.0,28665.0,28667.25,367
2026-07-27 07:50:00-04:00,28659.25,28677.0,28659.25,28673.75,436
2026-07-27 07:55:00-04:00,28673.0,28675.0,28660.0,28660.0,507
2026-07-27 08:00:00-04:00,28690.25,28697.75,28671.5,28673.25,980
2026-07-27 08:05:00-04:00,28683.5,28697.5,28681.0,28691.5,587
2026-07-27 08:10:00-04:00,28635.0,28684.25,28633.25,28683.25,1387
2026-07-27 08:15:00-04:00,28640.0,28651.5,28636.0,28637.0,582
2026-07-27 08:20:00-04:00,28638.0,28646.75,28629.25,28640.0,721
2026-07-27 08:25:00-04:00,28650.75,28653.25,28634.0,28637.25,594
2026-07-27 08:30:00-04:00,28650.75,28659.5,28631.75,28650.5,824
2026-07-27 08:35:00-04:00,28665.5,28669.25,28651.5,28652.0,762
2026-07-27 08:40:00-04:00,28669.0,28671.0,28656.0,28664.0,506
2026-07-27 08:45:00-04:00,28683.5,28692.5,28666.25,28669.25,1092
2026-07-27 08:50:00-04:00,28691.0,28691.0,28666.25,28683.75,1164
2026-07-27 08:55:00-04:00,28690.25,28692.0,28675.0,28689.75,660
2026-07-27 09:00:00-04:00,28680.0,28700.0,28663.0,28692.0,1395
2026-07-27 09:05:00-04:00,28656.5,28678.75,28647.75,28678.25,1174
2026-07-27 09:10:00-04:00,28662.25,28675.0,28655.0,28657.25,1011
2026-07-27 09:15:00-04:00,28641.0,28676.0,28637.0,28662.75,1227
2026-07-27 09:20:00-04:00,28637.0,28642.75,28633.0,28640.5,1025
2026-07-27 09:25:00-04:00,28590.5,28645.0,28588.0,28636.75,3829
2026-07-27 09:30:00-04:00,28538.0,28615.75,28487.0,28590.5,15407
2026-07-27 09:35:00-04:00,28545.25,28613.75,28525.75,28536.5,12446
2026-07-27 09:40:00-04:00,28455.0,28553.75,28428.0,28545.25,11780
2026-07-27 09:45:00-04:00,28461.0,28489.0,28422.75,28455.0,10057
2026-07-27 09:50:00-04:00,28459.5,28504.0,28446.5,28462.5,8843
2026-07-27 09:55:00-04:00,28347.75,28464.25,28341.25,28458.25,10059
2026-07-27 10:00:00-04:00,28319.5,28372.75,28287.5,28347.75,12696
2026-07-27 10:05:00-04:00,28322.0,28347.75,28277.0,28319.75,9407
2026-07-27 10:10:00-04:00,28252.0,28324.75,28230.75,28323.0,10901
2026-07-27 10:15:00-04:00,28258.25,28299.0,28224.25,28253.25,8280
2026-07-27 10:20:00-04:00,28182.0,28261.0,28167.0,28258.25,9173
2026-07-27 10:25:00-04:00,28086.25,28185.0,28075.25,28183.0,10576
2026-07-27 10:30:00-04:00,28050.75,28105.25,28041.0,28086.5,10661
2026-07-27 10:35:00-04:00,28031.0,28066.5,27995.5,28048.75,11669
2026-07-27 10:40:00-04:00,27959.0,28045.0,27939.0,28032.25,12228
2026-07-27 10:45:00-04:00,28064.0,28071.25,27957.25,27958.5,10737
2026-07-27 10:50:00-04:00,28102.0,28127.5,28062.25,28063.25,11897
2026-07-27 10:55:00-04:00,28169.25,28180.25,28086.75,28102.0,8867
2026-07-27 11:00:00-04:00,28161.0,28186.75,28138.0,28171.0,8869
2026-07-27 11:05:00-04:00,28150.5,28198.5,28138.25,28160.75,7024
2026-07-27 11:10:00-04:00,28124.75,28181.0,28121.75,28150.75,7005
2026-07-27 11:15:00-04:00,28106.25,28133.75,28048.0,28125.25,8111
2026-07-27 11:20:00-04:00,28076.75,28151.5,28062.25,28105.5,7304
2026-07-27 11:25:00-04:00,28072.25,28094.0,28046.0,28077.0,5377
2026-07-27 11:30:00-04:00,28028.0,28085.75,28011.5,28074.25,5560
2026-07-27 11:35:00-04:00,28015.75,28033.25,27980.25,28028.5,5689
2026-07-27 11:40:00-04:00,28039.25,28048.5,27994.0,28016.0,5466
2026-07-27 11:45:00-04:00,28013.5,28048.75,27995.25,28039.75,4077
2026-07-27 11:50:00-04:00,28021.25,28036.75,27996.5,28013.0,3677
2026-07-27 11:55:00-04:00,28062.5,28074.0,28014.25,28019.75,5030
2026-07-27 12:00:00-04:00,28119.0,28120.5,28057.75,28062.75,4484
2026-07-27 12:05:00-04:00,28124.25,28134.25,28090.75,28119.0,4278
2026-07-27 12:10:00-04:00,28078.75,28154.25,28072.0,28124.5,5577
2026-07-27 12:15:00-04:00,28064.0,28085.25,28043.5,28078.75,4851
2026-07-27 12:20:00-04:00,28096.0,28096.75,28045.75,28063.75,3946
2026-07-27 12:25:00-04:00,28154.5,28204.5,28092.5,28094.75,10463
2026-07-27 12:30:00-04:00,28149.25,28196.75,28132.0,28154.0,5274
2026-07-27 12:35:00-04:00,28170.5,28180.5,28112.5,28150.75,4215
2026-07-27 12:40:00-04:00,28132.75,28178.75,28118.5,28169.75,3381
2026-07-27 12:45:00-04:00,28117.5,28156.0,28115.5,28134.25,3140
2026-07-27 12:50:00-04:00,28059.75,28117.0,28050.0,28117.0,5073
2026-07-27 12:55:00-04:00,28048.5,28059.5,28027.75,28058.75,4345
2026-07-27 13:00:00-04:00,28007.0,28056.25,27995.5,28047.0,5053
2026-07-27 13:05:00-04:00,28016.25,28030.0,27993.75,28006.5,3745
2026-07-27 13:10:00-04:00,28033.75,28044.25,28004.0,28015.25,3158
2026-07-27 13:15:00-04:00,28001.75,28043.25,27986.0,28034.0,3495
2026-07-27 13:20:00-04:00,28011.25,28034.25,27995.25,28001.5,2663
2026-07-27 13:25:00-04:00,27998.75,28022.75,27993.5,28012.0,2317
2026-07-27 13:30:00-04:00,28059.5,28062.0,27997.5,27998.5,3521
2026-07-27 13:35:00-04:00,28030.5,28065.0,28026.5,28058.75,2911
2026-07-27 13:40:00-04:00,28036.25,28043.0,28015.5,28031.0,2332
2026-07-27 13:45:00-04:00,28032.75,28059.0,28013.75,28036.0,2521
2026-07-27 13:50:00-04:00,28084.25,28088.0,28026.25,28032.5,3090
2026-07-27 13:55:00-04:00,28104.75,28106.25,28072.0,28085.0,2994
2026-07-27 14:00:00-04:00,28092.5,28121.25,28090.0,28104.75,3663
2026-07-27 14:05:00-04:00,28098.75,28115.25,28085.5,28092.75,2467
2026-07-27 14:10:00-04:00,28100.5,28112.75,28092.5,28097.25,2351
2026-07-27 14:15:00-04:00,28063.0,28105.25,28049.75,28100.5,3584
2026-07-27 14:20:00-04:00,28079.25,28086.25,28052.75,28062.5,2370
2026-07-27 14:25:00-04:00,28082.0,28091.5,28069.0,28080.0,2131
2026-07-27 14:30:00-04:00,28041.5,28082.75,28037.0,28082.25,2389
2026-07-27 14:35:00-04:00,28032.75,28055.0,28027.25,28039.5,2545
2026-07-27 14:40:00-04:00,28082.75,28088.25,28019.25,28032.0,5766
2026-07-27 14:45:00-04:00,28073.75,28100.5,28069.5,28083.0,2495
2026-07-27 14:50:00-04:00,28151.5,28160.5,28070.0,28073.25,4659
2026-07-27 14:55:00-04:00,28188.25,28191.0,28151.5,28151.5,5246
2026-07-27 15:00:00-04:00,28173.0,28197.0,28170.0,28188.75,3569
2026-07-27 15:05:00-04:00,28214.25,28224.0,28165.25,28172.75,4151
2026-07-27 15:10:00-04:00,28201.25,28232.25,28192.75,28214.0,3801
2026-07-27 15:15:00-04:00,28215.0,28217.75,28195.5,28200.75,2383
2026-07-27 15:20:00-04:00,28225.0,28236.0,28201.25,28214.25,3432
2026-07-27 15:25:00-04:00,28243.5,28247.5,28203.75,28225.25,3272
2026-07-27 15:30:00-04:00,28233.0,28255.75,28232.5,28243.0,3715
2026-07-27 15:35:00-04:00,28185.25,28242.5,28180.0,28232.25,3719
2026-07-27 15:40:00-04:00,28175.75,28204.5,28172.5,28185.5,3021
2026-07-27 15:45:00-04:00,28185.25,28187.5,28155.25,28176.0,3565
2026-07-27 15:50:00-04:00,28178.75,28200.0,28164.0,28185.75,5179
2026-07-27 15:55:00-04:00,28192.75,28205.0,28159.25,28177.75,12937
2026-07-27 16:00:00-04:00,28197.0,28219.5,28182.0,28193.25,5283
2026-07-27 16:05:00-04:00,28196.75,28199.75,28175.75,28196.0,1924
2026-07-27 16:10:00-04:00,28190.75,28196.75,28169.25,28195.75,1532
2026-07-27 16:15:00-04:00,28187.25,28193.75,28181.5,28190.5,677
2026-07-27 16:20:00-04:00,28183.25,28188.0,28174.25,28186.25,398
2026-07-27 16:25:00-04:00,28194.5,28194.5,28184.25,28184.25,482
2026-07-27 16:30:00-04:00,28218.0,28220.25,28186.75,28194.5,679
2026-07-27 16:35:00-04:00,28219.25,28230.0,28213.25,28218.0,578
2026-07-27 16:40:00-04:00,28207.5,28220.0,28204.75,28218.5,453
2026-07-27 16:45:00-04:00,28194.75,28209.5,28193.75,28208.25,559
2026-07-27 16:50:00-04:00,28194.0,28203.5,28186.75,28195.0,540
2026-07-27 16:55:00-04:00,28210.0,28212.0,28192.25,28192.75,583
2026-07-27 18:00:00-04:00,28189.5,28228.0,28188.5,28210.5,0
2026-07-27 18:05:00-04:00,28178.0,28194.0,28172.75,28189.25,463
2026-07-27 18:10:00-04:00,28158.5,28178.5,28156.0,28177.5,354
2026-07-27 18:15:00-04:00,28157.75,28167.75,28154.0,28159.0,381
2026-07-27 18:20:00-04:00,28148.5,28166.0,28146.25,28158.75,476
2026-07-27 18:25:00-04:00,28129.5,28153.75,28125.5,28149.75,847
2026-07-27 18:30:00-04:00,28146.5,28148.25,28128.0,28128.25,448
2026-07-27 18:35:00-04:00,28144.5,28156.5,28137.5,28148.5,416
2026-07-27 18:40:00-04:00,28133.5,28144.0,28124.5,28143.5,330
2026-07-27 18:45:00-04:00,28137.5,28143.0,28126.0,28134.75,417
2026-07-27 18:50:00-04:00,28135.75,28149.0,28133.0,28138.5,290
2026-07-27 18:55:00-04:00,28132.5,28138.0,28123.5,28136.5,332
2026-07-27 19:00:00-04:00,28110.5,28134.25,28105.25,28131.75,562
2026-07-27 19:05:00-04:00,28128.75,28151.75,28108.5,28112.0,702
2026-07-27 19:10:00-04:00,28129.0,28137.25,28123.25,28130.75,234
2026-07-27 19:15:00-04:00,28143.75,28148.5,28118.0,28129.25,416
2026-07-27 19:20:00-04:00,28147.5,28158.5,28138.0,28145.75,446
2026-07-27 19:25:00-04:00,28162.25,28163.25,28143.0,28144.75,362
2026-07-27 19:30:00-04:00,28155.0,28161.5,28150.75,28160.75,253
2026-07-27 19:35:00-04:00,28144.5,28154.75,28138.0,28154.0,240
2026-07-27 19:40:00-04:00,28132.0,28145.0,28130.0,28144.75,294
2026-07-27 19:45:00-04:00,28130.0,28142.75,28121.25,28134.5,687
2026-07-27 19:50:00-04:00,28173.0,28179.25,28124.25,28130.5,976
2026-07-27 19:55:00-04:00,28163.5,28178.0,28155.25,28172.75,485
2026-07-27 20:00:00-04:00,28185.25,28195.0,28152.75,28164.75,1057
2026-07-27 20:05:00-04:00,28141.25,28187.75,28127.0,28185.25,981
2026-07-27 20:10:00-04:00,28111.0,28152.75,28094.75,28143.75,1288
2026-07-27 20:15:00-04:00,28115.0,28132.0,28102.0,28111.0,864
2026-07-27 20:20:00-04:00,28088.75,28124.0,28081.5,28116.5,795
2026-07-27 20:25:00-04:00,28104.5,28104.5,28068.25,28093.25,989
2026-07-27 20:30:00-04:00,28118.5,28127.75,28059.75,28103.75,1191
2026-07-27 20:35:00-04:00,28122.25,28139.75,28114.75,28119.25,621
2026-07-27 20:40:00-04:00,28121.0,28138.0,28108.25,28120.5,472
2026-07-27 20:45:00-04:00,28077.25,28119.5,28071.5,28118.75,928
2026-07-27 20:50:00-04:00,28071.5,28081.0,28062.0,28077.0,509
2026-07-27 20:55:00-04:00,28072.0,28084.0,28052.75,28068.0,636
2026-07-27 21:00:00-04:00,28042.0,28078.0,28041.25,28072.0,1256
2026-07-27 21:05:00-04:00,28005.5,28048.5,27988.75,28042.25,1481
2026-07-27 21:10:00-04:00,27992.75,28011.5,27969.0,28005.5,1519
2026-07-27 21:15:00-04:00,28002.75,28010.0,27986.0,27993.25,845
2026-07-27 21:20:00-04:00,28004.75,28021.5,27990.5,28003.5,954
2026-07-27 21:25:00-04:00,28062.25,28078.25,27995.0,28005.25,1463
2026-07-27 21:30:00-04:00,28089.0,28090.25,28052.25,28059.75,626
2026-07-27 21:35:00-04:00,28064.25,28097.0,28057.5,28090.0,755
2026-07-27 21:40:00-04:00,28080.75,28082.25,28046.75,28065.75,606
2026-07-27 21:45:00-04:00,28081.25,28094.75,28065.25,28078.75,493
2026-07-27 21:50:00-04:00,28023.5,28083.5,28020.0,28080.0,873
2026-07-27 21:55:00-04:00,28022.0,28028.0,28008.75,28023.75,470
2026-07-27 22:00:00-04:00,27987.75,28024.25,27986.25,28021.75,853
2026-07-27 22:05:00-04:00,27995.75,28004.5,27984.25,27987.5,579
2026-07-27 22:10:00-04:00,27996.25,28010.5,27985.75,27995.25,520
2026-07-27 22:15:00-04:00,28012.25,28014.0,27972.25,27992.75,895
2026-07-27 22:20:00-04:00,28022.75,28030.25,28005.25,28011.75,695
2026-07-27 22:25:00-04:00,27987.75,28022.25,27981.25,28019.75,591
2026-07-27 22:30:00-04:00,27970.75,27987.75,27951.5,27987.0,1215
2026-07-27 22:35:00-04:00,27978.5,27989.5,27957.0,27970.75,657
2026-07-27 22:40:00-04:00,27972.0,27982.0,27962.0,27978.0,412
2026-07-27 22:45:00-04:00,27976.0,27978.5,27962.5,27972.5,507
2026-07-27 22:50:00-04:00,27992.5,28006.75,27955.0,27972.25,1000
2026-07-27 22:55:00-04:00,27993.0,27997.25,27977.75,27991.75,424
2026-07-27 23:00:00-04:00,27965.25,27998.0,27953.25,27993.0,639
2026-07-27 23:05:00-04:00,27944.75,27965.5,27941.75,27963.0,763
2026-07-27 23:10:00-04:00,27968.75,27972.5,27932.5,27943.0,928
2026-07-27 23:15:00-04:00,28023.25,28024.0,27964.0,27967.5,1004
2026-07-27 23:20:00-04:00,28033.0,28046.0,28018.5,28022.25,987
2026-07-27 23:25:00-04:00,27987.5,28047.25,27982.5,28034.5,1032
2026-07-27 23:30:00-04:00,28013.25,28016.5,27951.5,27984.5,1463
2026-07-27 23:35:00-04:00,28040.75,28045.25,28005.0,28012.5,769
2026-07-27 23:40:00-04:00,28056.75,28063.25,28034.0,28043.0,820
2026-07-27 23:45:00-04:00,28059.75,28070.5,28040.0,28057.25,680
2026-07-27 23:50:00-04:00,28047.0,28062.5,28030.0,28058.75,450
2026-07-27 23:55:00-04:00,28050.75,28052.5,28026.5,28045.5,257
2026-07-28 00:05:00-04:00,28008.25,28016.25,28007.5,28013.5,892
2026-07-28 00:10:00-04:00,27986.75,28012.75,27978.0,28006.75,519
2026-07-28 00:15:00-04:00,28013.25,28013.5,27976.5,27986.0,668
2026-07-28 00:20:00-04:00,27973.5,28017.0,27970.0,28012.0,573
2026-07-28 00:25:00-04:00,27972.75,27984.25,27971.0,27975.75,316
2026-07-28 00:30:00-04:00,27970.0,27980.5,27962.0,27972.75,526
2026-07-28 00:35:00-04:00,27979.0,27983.0,27960.0,27971.75,285
2026-07-28 00:40:00-04:00,27974.25,27984.0,27964.5,27975.25,272
2026-07-28 00:45:00-04:00,27975.0,28003.0,27971.0,27974.25,668
2026-07-28 00:50:00-04:00,27963.75,27977.5,27953.75,27977.5,342
2026-07-28 00:55:00-04:00,27954.75,27970.0,27951.0,27962.25,274
2026-07-28 01:00:00-04:00,27971.75,27983.0,27949.0,27957.0,471
2026-07-28 01:05:00-04:00,27963.0,27973.5,27949.25,27972.0,349
2026-07-28 01:15:00-04:00,27939.0,28190.0,27939.0,28190.0,815
2026-07-28 01:20:00-04:00,27933.25,27947.0,27924.5,27939.0,549
2026-07-28 01:25:00-04:00,27919.5,27932.25,27914.0,27931.5,742
2026-07-28 01:30:00-04:00,27889.5,27923.5,27887.0,27921.0,1429
2026-07-28 01:35:00-04:00,27899.75,27914.0,27876.0,27888.75,1162
2026-07-28 01:40:00-04:00,27897.25,27900.0,27880.5,27899.5,543
2026-07-28 01:45:00-04:00,27911.0,27912.75,27894.25,27896.5,420
2026-07-28 01:50:00-04:00,27898.5,27924.0,27893.25,27910.0,547
2026-07-28 01:55:00-04:00,27880.0,27907.0,27870.75,27898.75,865
2026-07-28 02:00:00-04:00,27862.25,27902.25,27860.75,27882.25,1351
2026-07-28 02:05:00-04:00,27856.75,27869.75,27853.75,27862.25,865
2026-07-28 02:10:00-04:00,27844.25,27860.75,27839.5,27858.25,1272
2026-07-28 02:15:00-04:00,27858.0,27869.75,27845.5,27847.25,1083
2026-07-28 02:20:00-04:00,27866.0,27882.25,27849.75,27859.25,1133
2026-07-28 02:25:00-04:00,27902.5,27907.0,27860.5,27866.75,1142
2026-07-28 02:30:00-04:00,27906.5,27912.0,27892.0,27902.75,776
2026-07-28 02:35:00-04:00,27924.75,27931.5,27905.25,27906.75,859
2026-07-28 02:40:00-04:00,27919.25,27936.0,27919.0,27923.5,479
2026-07-28 02:45:00-04:00,27909.25,27918.5,27902.5,27917.0,706
2026-07-28 02:50:00-04:00,27923.5,27924.75,27906.5,27909.0,330
2026-07-28 02:55:00-04:00,27947.25,27958.25,27924.25,27926.75,1023
2026-07-28 03:00:00-04:00,27948.25,27967.75,27939.5,27945.5,955
2026-07-28 03:05:00-04:00,27972.25,27979.75,27934.0,27947.75,994
2026-07-28 03:10:00-04:00,27972.25,27980.75,27960.0,27973.5,609
2026-07-28 03:15:00-04:00,27969.0,27989.0,27968.5,27973.0,637
2026-07-28 03:20:00-04:00,27957.0,27976.5,27954.75,27968.75,545
2026-07-28 03:25:00-04:00,27943.25,27962.75,27939.0,27955.75,643
2026-07-28 03:30:00-04:00,27941.75,27949.5,27933.75,27944.0,597
2026-07-28 03:35:00-04:00,27951.5,27954.75,27927.0,27943.25,691
2026-07-28 03:40:00-04:00,27939.75,27962.5,27936.0,27951.25,529
2026-07-28 03:45:00-04:00,27920.25,27943.0,27908.0,27939.0,693
2026-07-28 03:50:00-04:00,27945.0,27954.75,27910.0,27921.25,920
2026-07-28 03:55:00-04:00,27933.5,27951.5,27927.75,27947.75,426
2026-07-28 04:00:00-04:00,27926.75,27945.0,27899.0,27934.25,1147
2026-07-28 04:05:00-04:00,27899.75,27947.75,27895.75,27928.5,789
2026-07-28 04:10:00-04:00,27888.75,27899.5,27880.0,27899.5,775
2026-07-28 04:15:00-04:00,27961.75,27976.25,27884.75,27890.75,1334
2026-07-28 04:20:00-04:00,28002.25,28007.25,27955.0,27961.75,1396
2026-07-28 04:25:00-04:00,27999.5,28004.5,27985.5,28001.75,748
2026-07-28 04:30:00-04:00,28008.25,28010.75,27975.0,28003.0,936
2026-07-28 04:35:00-04:00,28014.75,28024.25,27984.25,28008.75,1025
2026-07-28 04:40:00-04:00,28037.0,28046.5,28012.75,28013.75,1124
2026-07-28 04:45:00-04:00,28020.75,28052.0,28017.0,28037.5,1131
2026-07-28 04:50:00-04:00,28008.5,28033.75,28001.75,28020.75,463
2026-07-28 04:55:00-04:00,27994.25,28009.75,27986.75,28007.25,745
2026-07-28 05:00:00-04:00,27995.0,28006.5,27986.75,27992.25,519
2026-07-28 05:05:00-04:00,28004.5,28011.25,27991.0,27993.25,398
2026-07-28 05:10:00-04:00,27988.75,28015.25,27982.5,28004.0,608
2026-07-28 05:15:00-04:00,28001.75,28003.25,27985.25,27990.25,337
2026-07-28 05:20:00-04:00,28003.75,28008.5,27998.0,28003.5,445
2026-07-28 05:25:00-04:00,28012.0,28016.5,27995.5,28001.0,359
2026-07-28 05:30:00-04:00,27984.0,28010.25,27982.0,28009.75,457
2026-07-28 05:35:00-04:00,27977.75,27987.0,27968.5,27984.25,553
2026-07-28 05:40:00-04:00,27972.5,27992.0,27967.25,27978.5,471
2026-07-28 05:45:00-04:00,27971.75,27981.25,27967.0,27973.75,334
2026-07-28 05:50:00-04:00,27962.75,27980.5,27960.0,27974.0,401
2026-07-28 05:55:00-04:00,27956.0,27965.0,27941.5,27963.25,669
2026-07-28 06:00:00-04:00,27961.25,27964.25,27948.75,27956.0,348
2026-07-28 06:05:00-04:00,27961.5,27966.0,27950.0,27963.5,343
2026-07-28 06:10:00-04:00,27952.0,27965.25,27947.5,27960.75,339
2026-07-28 06:15:00-04:00,27968.75,27969.5,27948.5,27951.5,347
2026-07-28 06:20:00-04:00,27946.0,27967.75,27938.0,27967.25,561
2026-07-28 06:25:00-04:00,27967.25,27967.25,27933.5,27946.75,466
2026-07-28 06:30:00-04:00,27948.25,27980.5,27944.25,27968.5,1321
2026-07-28 06:35:00-04:00,27923.0,27953.75,27922.0,27948.5,1210
2026-07-28 06:40:00-04:00,27933.0,27933.25,27904.25,27922.5,899
2026-07-28 06:45:00-04:00,27931.75,27950.0,27927.5,27932.0,537
2026-07-28 06:50:00-04:00,27950.75,27951.0,27926.5,27932.0,442
2026-07-28 06:55:00-04:00,27942.75,27951.5,27932.25,27951.25,914
2026-07-28 07:00:00-04:00,27894.0,27952.25,27890.5,27945.75,1482
2026-07-28 07:05:00-04:00,27890.0,27910.5,27881.25,27892.25,981
2026-07-28 07:10:00-04:00,27869.5,27895.25,27864.75,27889.5,1157
2026-07-28 07:15:00-04:00,27946.25,27949.0,27869.25,27869.25,2417
2026-07-28 07:20:00-04:00,27916.75,27958.0,27916.5,27946.25,994
2026-07-28 07:25:00-04:00,27883.0,27917.25,27882.25,27916.5,1021
2026-07-28 07:30:00-04:00,27876.25,27895.5,27868.0,27882.0,915
2026-07-28 07:35:00-04:00,27872.0,27929.25,27871.25,27875.0,1190
2026-07-28 07:40:00-04:00,27863.75,27877.75,27848.25,27872.75,1508
2026-07-28 07:45:00-04:00,27910.5,27920.25,27859.75,27862.5,1286
2026-07-28 07:50:00-04:00,27919.0,27927.75,27898.75,27910.25,974
2026-07-28 07:55:00-04:00,27963.75,27975.0,27918.75,27919.0,1343
2026-07-28 08:00:00-04:00,27983.0,27993.75,27954.0,27962.5,1309
2026-07-28 08:05:00-04:00,27978.75,28001.75,27970.0,27984.25,1045
2026-07-28 08:10:00-04:00,27963.0,27982.75,27949.25,27978.25,779
2026-07-28 08:15:00-04:00,27968.25,27973.25,27949.5,27967.0,789
2026-07-28 08:20:00-04:00,27975.0,27980.0,27954.25,27970.0,689
2026-07-28 08:25:00-04:00,28010.0,28018.5,27970.0,27975.25,1592
2026-07-28 08:30:00-04:00,27979.0,28027.75,27967.5,28010.75,2069
2026-07-28 08:35:00-04:00,27966.0,27998.5,27964.75,27979.0,1311
2026-07-28 08:40:00-04:00,28009.5,28018.0,27956.25,27966.0,2257
2026-07-28 08:45:00-04:00,28006.5,28032.75,28001.25,28010.5,1774
2026-07-28 08:50:00-04:00,28007.75,28013.25,27977.5,28007.5,1697
2026-07-28 08:55:00-04:00,27993.25,28017.5,27992.0,28009.25,816
2026-07-28 09:00:00-04:00,27980.0,28004.5,27974.5,27993.75,1637
2026-07-28 09:05:00-04:00,28018.0,28027.75,27974.0,27977.5,1287
2026-07-28 09:10:00-04:00,28001.25,28023.0,27996.25,28017.0,1580
2026-07-28 09:15:00-04:00,28013.5,28028.5,27994.75,28003.0,1214
2026-07-28 09:20:00-04:00,27998.5,28021.0,27986.0,28013.5,1329
2026-07-28 09:25:00-04:00,27950.25,27998.0,27938.0,27998.0,3656
2026-07-28 09:30:00-04:00,27877.0,27992.0,27871.25,27950.25,18140
2026-07-28 09:35:00-04:00,27791.25,27926.25,27788.75,27876.0,14532
2026-07-28 09:40:00-04:00,27749.75,27841.5,27728.5,27792.0,15137
2026-07-28 09:45:00-04:00,27755.5,27764.5,27658.75,27749.25,17226
2026-07-28 09:50:00-04:00,27696.0,27799.0,27682.25,27755.5,14886
2026-07-28 09:55:00-04:00,27665.25,27720.5,27641.75,27698.0,12113
2026-07-28 10:00:00-04:00,27715.25,27749.5,27652.0,27665.5,10492
2026-07-28 10:05:00-04:00,27673.75,27793.5,27666.75,27714.0,11278
2026-07-28 10:10:00-04:00,27630.25,27731.0,27608.75,27674.5,12179
2026-07-28 10:15:00-04:00,27615.25,27655.25,27603.5,27631.75,11692
2026-07-28 10:20:00-04:00,27677.75,27717.5,27606.0,27614.25,12416
2026-07-28 10:25:00-04:00,27706.5,27713.5,27660.0,27676.0,6714
2026-07-28 10:30:00-04:00,27679.75,27728.5,27669.0,27706.5,7217
2026-07-28 10:35:00-04:00,27723.5,27763.0,27672.25,27679.0,8901
2026-07-28 10:40:00-04:00,27772.25,27793.0,27713.5,27722.5,8389
2026-07-28 10:45:00-04:00,27851.25,27856.5,27745.5,27770.75,9903
2026-07-28 10:50:00-04:00,27853.25,27890.0,27847.75,27850.25,10269
2026-07-28 10:55:00-04:00,27801.75,27876.0,27797.25,27853.25,8505
2026-07-28 11:00:00-04:00,27780.25,27838.0,27779.5,27803.0,7495
2026-07-28 11:05:00-04:00,27825.75,27837.25,27768.0,27781.0,7219
2026-07-28 11:10:00-04:00,27854.25,27882.0,27801.25,27826.0,8913
2026-07-28 11:15:00-04:00,27915.25,27917.75,27836.5,27853.75,7170
2026-07-28 11:20:00-04:00,27974.5,27975.0,27914.25,27915.5,8745
2026-07-28 11:25:00-04:00,27965.0,28010.0,27956.5,27974.0,8863
2026-07-28 11:30:00-04:00,27979.75,27995.0,27948.75,27965.75,6643
2026-07-28 11:35:00-04:00,28006.25,28019.25,27976.5,27980.25,5429
2026-07-28 11:40:00-04:00,28031.5,28036.0,27989.25,28005.5,4579
2026-07-28 11:45:00-04:00,28044.75,28062.5,28029.25,28032.0,5214
2026-07-28 11:50:00-04:00,28033.5,28057.75,28010.5,28044.5,5862
2026-07-28 11:55:00-04:00,28048.0,28062.5,28015.5,28033.0,4883
2026-07-28 12:00:00-04:00,28051.25,28068.75,28033.5,28047.75,5737
2026-07-28 12:05:00-04:00,28007.75,28065.0,28007.25,28050.75,5827
2026-07-28 12:10:00-04:00,28007.5,28028.5,27996.75,28007.5,4289
2026-07-28 12:15:00-04:00,28030.5,28032.5,27992.25,28007.75,4009
2026-07-28 12:20:00-04:00,27999.0,28045.25,27988.75,28029.75,4724
2026-07-28 12:25:00-04:00,27995.25,28009.0,27984.75,27999.25,2923
2026-07-28 12:30:00-04:00,27975.75,27996.5,27953.5,27995.5,5097
2026-07-28 12:35:00-04:00,28023.5,28024.5,27967.5,27976.25,3736
2026-07-28 12:40:00-04:00,28032.75,28043.75,28013.0,28023.5,4047
2026-07-28 12:45:00-04:00,28016.25,28040.0,27993.0,28032.0,3974
2026-07-28 12:50:00-04:00,28068.75,28080.0,28015.25,28015.75,4761
2026-07-28 12:55:00-04:00,28057.5,28078.0,28052.75,28067.25,3048
2026-07-28 13:00:00-04:00,28021.0,28066.5,28017.0,28057.5,3826
2026-07-28 13:05:00-04:00,27986.25,28031.25,27982.5,28021.75,5304
2026-07-28 13:10:00-04:00,27988.0,28008.5,27969.0,27986.25,4714
2026-07-28 13:15:00-04:00,27993.25,27996.75,27973.5,27988.0,3275
2026-07-28 13:20:00-04:00,27987.0,28045.75,27985.25,27993.25,4466
2026-07-28 13:25:00-04:00,27996.5,28020.5,27975.0,27987.0,3255
2026-07-28 13:30:00-04:00,28021.75,28032.5,27989.0,27996.0,3007
2026-07-28 13:35:00-04:00,27994.5,28043.5,27992.0,28021.5,2499
2026-07-28 13:40:00-04:00,27954.5,28010.0,27949.0,27993.0,3972
2026-07-28 13:45:00-04:00,27980.0,27987.0,27939.0,27954.25,4687
2026-07-28 13:50:00-04:00,27941.25,27979.25,27935.75,27979.25,2615
2026-07-28 13:55:00-04:00,27972.5,27974.25,27925.0,27940.75,2894
2026-07-28 14:00:00-04:00,27969.0,27999.5,27953.0,27974.0,4087
2026-07-28 14:05:00-04:00,27944.5,27974.0,27938.5,27968.5,2508
2026-07-28 14:10:00-04:00,27917.0,27949.0,27915.0,27945.0,4061
2026-07-28 14:15:00-04:00,27929.25,27937.75,27912.5,27917.25,2953
2026-07-28 14:20:00-04:00,27925.75,27947.75,27922.0,27929.25,2800
2026-07-28 14:25:00-04:00,27925.25,27936.0,27914.75,27926.25,2402
2026-07-28 14:30:00-04:00,27947.0,27963.75,27920.5,27926.75,3501
2026-07-28 14:35:00-04:00,27933.5,27957.25,27930.25,27947.75,2428
2026-07-28 14:40:00-04:00,27937.75,27945.75,27921.5,27932.75,2236
2026-07-28 14:45:00-04:00,27955.0,27975.0,27929.0,27937.5,2849
2026-07-28 14:50:00-04:00,27951.75,27978.0,27944.25,27954.75,2644
2026-07-28 14:55:00-04:00,27972.75,27979.5,27938.75,27951.75,2552
2026-07-28 15:00:00-04:00,28015.25,28020.0,27972.25,27972.25,4028
2026-07-28 15:05:00-04:00,27978.5,28021.75,27975.0,28015.25,3655
2026-07-28 15:10:00-04:00,27987.25,27993.5,27972.0,27978.5,2664
2026-07-28 15:15:00-04:00,27990.0,27995.25,27965.25,27986.5,2909
2026-07-28 15:20:00-04:00,28017.25,28018.5,27982.75,27989.0,3106
2026-07-28 15:25:00-04:00,28017.75,28021.25,27985.0,28017.5,3549
2026-07-28 15:30:00-04:00,28000.5,28023.75,27994.75,28018.0,4050
2026-07-28 15:35:00-04:00,27948.0,28001.25,27941.5,28000.0,4243
2026-07-28 15:40:00-04:00,27954.25,27962.0,27941.75,27947.0,3646
2026-07-28 15:45:00-04:00,27954.5,27956.5,27929.0,27954.25,3390
2026-07-28 15:50:00-04:00,27982.25,27988.25,27934.75,27954.0,5890
2026-07-28 15:55:00-04:00,27919.5,27982.25,27911.0,27982.0,13713
2026-07-28 16:00:00-04:00,27916.75,27955.0,27912.5,27919.25,5942
2026-07-28 16:05:00-04:00,27906.25,27967.75,27884.25,27916.25,4347
2026-07-28 16:10:00-04:00,27918.5,27937.25,27898.5,27905.25,2052
2026-07-28 16:15:00-04:00,27948.0,27951.5,27910.75,27920.5,1456
2026-07-28 16:20:00-04:00,27960.0,27963.25,27937.75,27948.0,1154
2026-07-28 16:25:00-04:00,27977.75,27991.25,27958.5,27959.75,1288
2026-07-28 16:30:00-04:00,27966.75,27981.25,27962.25,27977.0,1119
2026-07-28 16:35:00-04:00,27948.25,27983.25,27941.75,27966.75,1123
2026-07-28 16:40:00-04:00,27947.75,27952.0,27937.5,27949.0,790
2026-07-28 16:45:00-04:00,27953.75,27960.0,27946.0,27947.75,364
2026-07-28 16:50:00-04:00,27950.75,27955.5,27935.75,27954.0,719
2026-07-28 16:55:00-04:00,27960.5,27962.75,27948.0,27950.5,493
2026-07-28 18:00:00-04:00,27995.75,27999.75,27955.75,27962.0,0
2026-07-28 18:05:00-04:00,28000.75,28011.5,27994.25,27994.25,636
2026-07-28 18:10:00-04:00,27972.0,28013.25,27962.0,28000.0,729
2026-07-28 18:15:00-04:00,27935.25,27979.0,27921.0,27973.0,983
2026-07-28 18:20:00-04:00,27918.5,27944.5,27913.75,27935.25,548
2026-07-28 18:25:00-04:00,27939.25,27943.5,27906.5,27918.5,902
2026-07-28 18:30:00-04:00,27892.25,27943.25,27883.25,27939.0,1067
2026-07-28 18:35:00-04:00,27860.25,27910.75,27855.25,27894.0,868
2026-07-28 18:40:00-04:00,27861.0,27889.75,27860.0,27861.5,689
2026-07-28 18:45:00-04:00,27824.0,27863.5,27811.5,27863.25,1781
2026-07-28 18:50:00-04:00,27790.5,27836.5,27783.5,27825.0,1716
2026-07-28 18:55:00-04:00,27756.75,27810.25,27756.25,27791.5,1593
2026-07-28 19:00:00-04:00,27785.25,27787.25,27728.5,27758.25,2065
2026-07-28 19:05:00-04:00,27747.75,27807.0,27745.25,27783.75,1603
2026-07-28 19:10:00-04:00,27842.75,27857.75,27740.0,27747.0,1910
2026-07-28 19:15:00-04:00,27824.0,27845.25,27814.5,27842.5,985
2026-07-28 19:20:00-04:00,27874.0,27885.25,27809.25,27826.5,1476
2026-07-28 19:25:00-04:00,27889.25,27890.5,27864.0,27875.25,697
2026-07-28 19:30:00-04:00,27903.0,27921.5,27884.5,27888.5,1005
2026-07-28 19:35:00-04:00,27895.25,27910.5,27889.75,27901.0,666
2026-07-28 19:40:00-04:00,28014.0,28025.0,27890.0,27895.0,1878
2026-07-28 19:45:00-04:00,28061.25,28072.25,27989.75,28012.25,2388
2026-07-28 19:50:00-04:00,28081.25,28096.5,28046.0,28061.25,2286
2026-07-28 19:55:00-04:00,28102.5,28104.5,28067.75,28079.0,1638
2026-07-28 20:00:00-04:00,28143.75,28178.25,28077.25,28102.75,3014
2026-07-28 20:05:00-04:00,28140.25,28168.5,28130.25,28143.75,1324
2026-07-28 20:10:00-04:00,28141.25,28161.25,28129.5,28140.0,1022
2026-07-28 20:15:00-04:00,28144.0,28152.25,28109.75,28139.75,1008
2026-07-28 20:20:00-04:00,28099.0,28161.5,28091.25,28142.0,1602
2026-07-28 20:25:00-04:00,28077.75,28098.75,28052.0,28098.75,1510
2026-07-28 20:30:00-04:00,28038.75,28080.0,28018.0,28073.75,1284
2026-07-28 20:35:00-04:00,28060.75,28079.0,28032.0,28036.75,1055
2026-07-28 20:40:00-04:00,28068.75,28075.0,28031.75,28059.25,740
2026-07-28 20:45:00-04:00,28046.5,28085.0,28037.25,28068.0,703
2026-07-28 20:50:00-04:00,28058.0,28062.25,28029.5,28042.5,525
2026-07-28 20:55:00-04:00,28013.25,28059.25,28000.25,28059.25,807
2026-07-28 21:00:00-04:00,28022.75,28041.25,28003.25,28011.75,752
2026-07-28 21:05:00-04:00,27976.25,28025.25,27973.25,28020.75,713
2026-07-28 21:10:00-04:00,27922.0,27980.0,27911.5,27976.75,1637
2026-07-28 21:15:00-04:00,27928.5,27942.75,27896.25,27920.25,1478
2026-07-28 21:20:00-04:00,27980.5,27988.5,27929.5,27929.5,1257
2026-07-28 21:25:00-04:00,27971.75,28007.0,27970.5,27981.25,1007
2026-07-28 21:30:00-04:00,27964.5,27982.25,27945.25,27972.0,969
2026-07-28 21:35:00-04:00,27942.75,27969.25,27932.25,27963.5,605
2026-07-28 21:40:00-04:00,27880.0,27943.75,27878.0,27943.75,1285
2026-07-28 21:45:00-04:00,27860.5,27892.0,27851.75,27879.5,1213
2026-07-28 21:50:00-04:00,27816.75,27870.0,27809.0,27860.5,1577
2026-07-28 21:55:00-04:00,27785.25,27824.5,27784.0,27817.5,1395
2026-07-28 22:00:00-04:00,27808.5,27824.5,27770.25,27785.0,1699
2026-07-28 22:05:00-04:00,27843.25,27849.0,27794.5,27809.5,1867
2026-07-28 22:10:00-04:00,27845.25,27868.0,27834.75,27836.25,998
2026-07-28 22:15:00-04:00,27810.5,27847.0,27796.0,27842.75,942
2026-07-28 22:20:00-04:00,27846.0,27869.75,27811.75,27812.0,1113
2026-07-28 22:25:00-04:00,27896.5,27896.5,27837.5,27842.75,721
2026-07-28 22:30:00-04:00,27884.0,27912.75,27870.0,27894.5,963
2026-07-28 22:35:00-04:00,27892.5,27893.0,27858.25,27881.25,805
2026-07-28 22:40:00-04:00,27887.75,27905.75,27878.75,27893.0,498
2026-07-28 22:45:00-04:00,27852.5,27891.0,27850.5,27887.75,475
2026-07-28 22:50:00-04:00,27845.5,27869.25,27832.75,27854.0,849
2026-07-28 22:55:00-04:00,27839.5,27849.75,27823.0,27846.5,473
2026-07-28 23:00:00-04:00,27796.25,27840.0,27788.0,27839.0,1159
2026-07-28 23:05:00-04:00,27867.5,27872.25,27794.0,27796.75,950
2026-07-28 23:10:00-04:00,27828.5,27882.5,27825.0,27868.0,878
2026-07-28 23:15:00-04:00,27814.5,27835.5,27807.0,27831.0,452
2026-07-28 23:20:00-04:00,27801.25,27839.75,27795.0,27814.25,551
2026-07-28 23:25:00-04:00,27777.75,27804.25,27775.5,27801.0,630
2026-07-28 23:30:00-04:00,27782.5,27784.0,27746.0,27776.75,1315
2026-07-28 23:35:00-04:00,27755.5,27792.5,27752.75,27783.0,596
2026-07-28 23:40:00-04:00,27772.75,27773.25,27742.25,27756.75,686
2026-07-28 23:45:00-04:00,27752.0,27786.0,27751.0,27773.5,591
2026-07-28 23:50:00-04:00,27717.25,27756.5,27704.25,27750.25,1330
2026-07-28 23:55:00-04:00,27718.0,27720.0,27702.0,27717.25,548
2026-07-29 00:05:00-04:00,27714.5,27715.25,27699.75,27700.0,1809
2026-07-29 00:10:00-04:00,27691.5,27715.25,27676.75,27712.0,805
2026-07-29 00:15:00-04:00,27674.25,27694.75,27648.0,27691.5,1244
2026-07-29 00:20:00-04:00,27698.5,27705.25,27654.25,27676.75,987
2026-07-29 00:25:00-04:00,27684.75,27715.75,27671.5,27699.0,676
2026-07-29 00:30:00-04:00,27678.5,27697.0,27661.75,27682.25,639
2026-07-29 00:35:00-04:00,27695.25,27720.0,27675.75,27677.0,625
2026-07-29 00:40:00-04:00,27649.75,27697.5,27648.75,27697.5,788
2026-07-29 00:45:00-04:00,27667.0,27681.75,27640.0,27651.25,818
2026-07-29 00:50:00-04:00,27730.5,27732.75,27667.25,27668.5,1040
2026-07-29 00:55:00-04:00,27756.0,27759.0,27725.5,27728.0,902
2026-07-29 01:00:00-04:00,27772.75,27788.75,27735.75,27758.75,944
2026-07-29 01:05:00-04:00,27812.0,27822.0,27748.75,27772.5,1465
2026-07-29 01:10:00-04:00,27832.5,27834.75,27804.75,27813.25,739
2026-07-29 01:15:00-04:00,27784.5,27834.25,27775.0,27833.75,1044
2026-07-29 01:20:00-04:00,27810.0,27810.0,27773.25,27786.0,666
2026-07-29 01:25:00-04:00,27815.25,27828.75,27804.5,27810.25,669
2026-07-29 01:30:00-04:00,27823.5,27826.5,27787.0,27815.25,786
2026-07-29 01:35:00-04:00,27845.75,27847.5,27818.75,27823.0,854
2026-07-29 01:40:00-04:00,27826.75,27852.75,27813.5,27843.0,1037
2026-07-29 01:45:00-04:00,27824.5,27841.75,27815.0,27828.0,554
2026-07-29 01:50:00-04:00,27830.25,27837.5,27804.75,27821.5,595
2026-07-29 01:55:00-04:00,27794.0,27833.5,27790.0,27829.25,570
2026-07-29 02:00:00-04:00,27747.0,27797.25,27745.0,27794.0,955
2026-07-29 02:05:00-04:00,27745.0,27756.25,27738.0,27747.5,551
2026-07-29 02:10:00-04:00,27764.5,27768.25,27736.25,27745.0,661
2026-07-29 02:15:00-04:00,27774.75,27791.75,27756.25,27766.5,760
2026-07-29 02:20:00-04:00,27781.0,27790.5,27755.25,27773.5,518
2026-07-29 02:25:00-04:00,27811.0,27811.25,27778.5,27780.5,986
2026-07-29 02:30:00-04:00,27867.0,27871.5,27811.5,27811.5,1359
2026-07-29 02:35:00-04:00,27887.0,27901.5,27865.0,27868.75,968
2026-07-29 02:40:00-04:00,27910.25,27913.5,27888.25,27889.25,743
2026-07-29 02:45:00-04:00,27918.0,27923.0,27895.0,27907.5,798
2026-07-29 02:50:00-04:00,27928.0,27935.0,27915.25,27916.25,589
2026-07-29 02:55:00-04:00,27928.75,27942.25,27926.75,27928.5,908
2026-07-29 03:00:00-04:00,27907.5,27945.5,27895.75,27928.75,1149
2026-07-29 03:05:00-04:00,27927.75,27928.5,27900.0,27907.75,552
2026-07-29 03:10:00-04:00,27923.0,27943.5,27919.75,27928.25,747
2026-07-29 03:15:00-04:00,27931.25,27953.0,27919.5,27923.0,883
2026-07-29 03:20:00-04:00,27914.75,27944.25,27905.75,27931.0,591
2026-07-29 03:25:00-04:00,27946.25,27949.75,27910.0,27912.5,682
2026-07-29 03:30:00-04:00,27940.75,27962.0,27936.0,27945.75,829
2026-07-29 03:35:00-04:00,27941.0,27962.75,27934.0,27940.75,470
2026-07-29 03:40:00-04:00,27920.25,27948.75,27920.25,27938.0,527
2026-07-29 03:45:00-04:00,27906.75,27923.25,27906.25,27922.0,528
2026-07-29 03:50:00-04:00,27894.75,27910.0,27892.75,27906.0,501
2026-07-29 03:55:00-04:00,27906.0,27922.0,27891.25,27894.0,489
2026-07-29 04:00:00-04:00,27906.75,27924.75,27893.25,27906.25,1030
2026-07-29 04:05:00-04:00,27891.75,27911.25,27881.75,27904.25,686
2026-07-29 04:10:00-04:00,27861.0,27902.5,27857.5,27893.25,752
2026-07-29 04:15:00-04:00,27867.5,27870.5,27864.75,27870.5,639
2026-07-29 04:20:00-04:00,27831.75,27870.0,27828.5,27866.25,637
2026-07-29 04:25:00-04:00,27841.5,27842.5,27820.0,27830.5,769
2026-07-29 04:30:00-04:00,27898.25,27908.25,27830.75,27842.0,1001
2026-07-29 04:35:00-04:00,27886.5,27907.75,27884.75,27897.0,482
2026-07-29 04:40:00-04:00,27923.25,27930.5,27879.75,27887.5,549
2026-07-29 04:45:00-04:00,27931.75,27939.25,27913.0,27924.5,815
2026-07-29 04:50:00-04:00,27905.5,27938.5,27899.0,27930.5,437
2026-07-29 04:55:00-04:00,27904.0,27913.0,27896.0,27908.25,186
2026-07-29 05:00:00-04:00,27936.0,27946.0,27901.0,27904.5,489
2026-07-29 05:05:00-04:00,27960.75,27967.5,27931.5,27937.5,848
2026-07-29 05:10:00-04:00,27978.0,27978.5,27951.0,27959.75,774
2026-07-29 05:15:00-04:00,27962.25,27979.5,27951.5,27977.25,657
2026-07-29 05:20:00-04:00,27972.0,27986.0,27955.75,27964.5,705
2026-07-29 05:25:00-04:00,27977.5,27985.0,27965.25,27971.75,438
2026-07-29 05:30:00-04:00,27972.25,27980.25,27957.75,27976.5,432
2026-07-29 05:35:00-04:00,27978.0,27998.0,27963.5,27971.75,571
2026-07-29 05:40:00-04:00,27999.75,28012.5,27979.0,27979.25,521
2026-07-29 05:45:00-04:00,28036.0,28038.25,27999.0,28002.25,913
2026-07-29 05:50:00-04:00,28034.0,28060.0,28033.5,28035.75,1288
2026-07-29 05:55:00-04:00,28019.75,28032.0,28007.5,28032.0,900
2026-07-29 06:00:00-04:00,28025.0,28031.75,28007.75,28018.25,493
2026-07-29 06:05:00-04:00,28022.75,28046.0,28006.0,28024.25,880
2026-07-29 06:10:00-04:00,28010.25,28030.0,28003.75,28021.5,473
2026-07-29 06:15:00-04:00,28013.5,28024.5,28001.75,28010.75,579
2026-07-29 06:20:00-04:00,28008.75,28020.0,28005.0,28013.5,530
2026-07-29 06:25:00-04:00,28017.25,28018.25,27986.25,28007.0,840
2026-07-29 06:30:00-04:00,27980.75,28023.0,27977.75,28017.5,695
2026-07-29 06:35:00-04:00,27962.5,27981.25,27953.25,27979.25,664
2026-07-29 06:40:00-04:00,27968.25,27983.5,27956.75,27963.25,494
2026-07-29 06:45:00-04:00,27958.5,27968.5,27949.5,27968.0,691
2026-07-29 06:50:00-04:00,27942.5,27970.25,27931.5,27959.25,771
2026-07-29 06:55:00-04:00,27948.0,27958.25,27936.75,27941.25,715
2026-07-29 07:00:00-04:00,27963.75,27982.25,27942.0,27950.25,999
2026-07-29 07:05:00-04:00,27988.5,27991.5,27934.5,27963.5,734
2026-07-29 07:10:00-04:00,27992.25,28003.75,27986.25,27989.25,706
2026-07-29 07:15:00-04:00,28007.5,28018.25,27983.25,27991.25,897
2026-07-29 07:20:00-04:00,28002.5,28023.75,28002.5,28006.25,657
2026-07-29 07:25:00-04:00,28000.75,28022.25,27996.0,28003.25,552
2026-07-29 07:30:00-04:00,27982.5,28008.0,27976.25,27999.25,749
2026-07-29 07:35:00-04:00,27967.0,27983.5,27959.5,27980.5,512
2026-07-29 07:40:00-04:00,27965.75,27979.75,27963.0,27966.0,491
2026-07-29 07:45:00-04:00,27988.0,27995.75,27957.5,27965.25,891
2026-07-29 07:50:00-04:00,27960.5,27987.75,27959.0,27986.75,570
2026-07-29 07:55:00-04:00,28002.75,28004.25,27956.75,27958.5,629
2026-07-29 08:00:00-04:00,27984.0,28004.25,27977.5,28002.0,602
2026-07-29 08:05:00-04:00,27960.0,28007.75,27953.25,27984.0,787
2026-07-29 08:10:00-04:00,27940.0,27978.5,27933.75,27960.5,1044
2026-07-29 08:15:00-04:00,27886.5,27947.5,27868.25,27940.0,2980
2026-07-29 08:20:00-04:00,27868.75,27901.25,27852.75,27888.75,1618
2026-07-29 08:25:00-04:00,27867.25,27903.75,27867.25,27868.75,828
2026-07-29 08:30:00-04:00,27888.25,27888.25,27844.25,27867.0,1276
2026-07-29 08:35:00-04:00,27888.75,27892.25,27870.25,27887.0,836
2026-07-29 08:40:00-04:00,27911.75,27918.5,27880.0,27886.75,885
2026-07-29 08:45:00-04:00,27925.25,27928.0,27905.5,27912.0,893
2026-07-29 08:50:00-04:00,27926.5,27931.0,27910.5,27924.25,1005
2026-07-29 08:55:00-04:00,27907.75,27933.25,27903.5,27926.5,777
2026-07-29 09:00:00-04:00,27881.5,27917.0,27878.5,27909.0,1444
2026-07-29 09:05:00-04:00,27893.75,27895.75,27870.75,27880.5,1164
2026-07-29 09:10:00-04:00,27872.75,27895.0,27869.5,27892.5,991
2026-07-29 09:15:00-04:00,27869.25,27886.5,27861.75,27872.0,1182
2026-07-29 09:20:00-04:00,27894.25,27896.75,27856.0,27868.5,1982
2026-07-29 09:25:00-04:00,27914.0,27942.5,27881.5,27895.25,3329
2026-07-29 09:30:00-04:00,27957.25,27983.75,27836.5,27914.5,16474
2026-07-29 09:35:00-04:00,27886.75,27996.0,27863.0,27956.75,10998
2026-07-29 09:40:00-04:00,27916.5,27919.25,27858.0,27887.0,7990
2026-07-29 09:45:00-04:00,27850.5,27948.0,27816.0,27916.25,9535
2026-07-29 09:50:00-04:00,27753.5,27855.75,27721.75,27849.75,10876
2026-07-29 09:55:00-04:00,27733.75,27752.75,27667.75,27752.75,10691
2026-07-29 10:00:00-04:00,27786.75,27790.0,27733.5,27735.25,11928
2026-07-29 10:05:00-04:00,27726.5,27826.5,27717.25,27787.75,9714
2026-07-29 10:10:00-04:00,27648.0,27747.5,27635.75,27726.5,10663
2026-07-29 10:15:00-04:00,27663.25,27690.0,27643.5,27648.75,9323
2026-07-29 10:20:00-04:00,27620.0,27695.75,27605.5,27663.5,7963
2026-07-29 10:25:00-04:00,27573.25,27623.0,27538.75,27620.0,11028
2026-07-29 10:30:00-04:00,27622.0,27652.25,27567.0,27571.0,8868
2026-07-29 10:35:00-04:00,27564.0,27624.5,27554.5,27622.25,7286
2026-07-29 10:40:00-04:00,27537.75,27572.25,27510.0,27562.75,9022
2026-07-29 10:45:00-04:00,27565.75,27575.25,27518.25,27537.0,7420
2026-07-29 10:50:00-04:00,27599.25,27615.75,27557.25,27566.0,7655
2026-07-29 10:55:00-04:00,27600.0,27614.75,27551.25,27599.0,6586
2026-07-29 11:00:00-04:00,27638.25,27647.25,27581.0,27600.5,8414
2026-07-29 11:05:00-04:00,27644.25,27657.5,27590.5,27638.25,8115
2026-07-29 11:10:00-04:00,27577.75,27650.25,27565.75,27644.25,6610
2026-07-29 11:15:00-04:00,27562.25,27625.0,27558.0,27577.5,6235
2026-07-29 11:20:00-04:00,27602.75,27605.0,27547.0,27563.5,5520
2026-07-29 11:25:00-04:00,27555.75,27617.5,27550.25,27601.5,4732
2026-07-29 11:30:00-04:00,27559.25,27584.5,27540.0,27556.25,4802
2026-07-29 11:35:00-04:00,27535.25,27596.75,27534.0,27559.5,4353
2026-07-29 11:40:00-04:00,27535.25,27558.25,27518.0,27534.5,3912
2026-07-29 11:45:00-04:00,27558.5,27565.75,27519.0,27533.75,3788
2026-07-29 11:50:00-04:00,27492.25,27566.5,27487.5,27557.75,5394
2026-07-29 11:55:00-04:00,27517.0,27521.5,27464.5,27493.5,5886
2026-07-29 12:00:00-04:00,27459.25,27542.0,27454.75,27518.25,6151
2026-07-29 12:05:00-04:00,27462.0,27463.75,27426.0,27459.5,5919
2026-07-29 12:10:00-04:00,27419.75,27466.75,27419.5,27461.75,3230
2026-07-29 12:15:00-04:00,27446.25,27451.5,27409.25,27420.25,4638
2026-07-29 12:20:00-04:00,27515.5,27528.0,27437.25,27446.25,5680
2026-07-29 12:25:00-04:00,27551.0,27556.5,27513.5,27516.25,4617
2026-07-29 12:30:00-04:00,27525.75,27586.0,27525.0,27551.25,5598
2026-07-29 12:35:00-04:00,27527.75,27533.0,27495.5,27525.25,4842
2026-07-29 12:40:00-04:00,27504.0,27539.25,27485.25,27527.25,3704
2026-07-29 12:45:00-04:00,27553.0,27554.5,27489.5,27502.5,4086
2026-07-29 12:50:00-04:00,27563.0,27575.5,27533.5,27552.0,4059
2026-07-29 12:55:00-04:00,27603.25,27603.5,27556.0,27561.5,4342
2026-07-29 13:00:00-04:00,27661.0,27665.0,27595.25,27603.75,5432
2026-07-29 13:05:00-04:00,27652.75,27662.0,27634.25,27659.75,4254
2026-07-29 13:10:00-04:00,27736.5,27737.25,27648.25,27652.25,5825
2026-07-29 13:15:00-04:00,27715.5,27739.75,27709.0,27736.5,4699
2026-07-29 13:20:00-04:00,27694.25,27750.0,27691.75,27714.25,5000
2026-07-29 13:25:00-04:00,27651.0,27702.5,27651.0,27693.75,4071
2026-07-29 13:30:00-04:00,27673.5,27695.0,27629.5,27650.75,4495
2026-07-29 13:35:00-04:00,27658.75,27679.75,27638.5,27673.75,2545
2026-07-29 13:40:00-04:00,27681.0,27690.5,27651.25,27658.25,3595
2026-07-29 13:45:00-04:00,27695.0,27698.0,27656.0,27681.25,2200
2026-07-29 13:50:00-04:00,27711.75,27727.75,27694.5,27696.0,2864
2026-07-29 13:55:00-04:00,27721.75,27726.75,27677.75,27711.5,3422
2026-07-29 14:00:00-04:00,27802.0,27888.5,27714.75,27723.0,14811
2026-07-29 14:05:00-04:00,27855.25,27886.25,27789.0,27801.25,9798
2026-07-29 14:10:00-04:00,27798.5,27872.25,27775.0,27853.5,7234
2026-07-29 14:15:00-04:00,27764.5,27843.5,27748.75,27800.0,6749
2026-07-29 14:20:00-04:00,27749.0,27775.0,27728.5,27764.5,5983
2026-07-29 14:25:00-04:00,27776.5,27777.25,27727.5,27747.75,4304
2026-07-29 14:30:00-04:00,27756.0,27820.0,27709.0,27777.0,8015
2026-07-29 14:35:00-04:00,27867.75,27888.5,27726.0,27755.75,7961
2026-07-29 14:40:00-04:00,27975.5,27987.5,27865.0,27868.75,10603
2026-07-29 14:45:00-04:00,28043.25,28053.25,27961.25,27974.5,9506
2026-07-29 14:50:00-04:00,28086.0,28087.5,28000.5,28044.0,6817
2026-07-29 14:55:00-04:00,28056.75,28096.75,28021.0,28086.0,7795
2026-07-29 15:00:00-04:00,27993.75,28099.5,27967.0,28057.5,9456
2026-07-29 15:05:00-04:00,27879.0,27999.25,27877.0,27992.5,9240
2026-07-29 15:10:00-04:00,27905.0,27928.5,27839.5,27878.0,9378
2026-07-29 15:15:00-04:00,27821.75,27938.0,27805.75,27905.0,8276
2026-07-29 15:20:00-04:00,27712.25,27828.25,27680.0,27821.5,11404
2026-07-29 15:25:00-04:00,27712.25,27724.25,27640.75,27710.5,9854
2026-07-29 15:30:00-04:00,27610.25,27744.0,27572.0,27711.25,10010
2026-07-29 15:35:00-04:00,27509.25,27630.75,27503.5,27610.5,10034
2026-07-29 15:40:00-04:00,27473.5,27542.0,27458.75,27507.75,11302
2026-07-29 15:45:00-04:00,27500.75,27512.25,27421.0,27473.25,11247
2026-07-29 15:50:00-04:00,27435.25,27500.5,27394.0,27499.75,11609
2026-07-29 15:55:00-04:00,27336.75,27434.0,27317.5,27434.0,21867
2026-07-29 16:00:00-04:00,27253.75,27362.25,27201.5,27338.25,16300
2026-07-29 16:05:00-04:00,27255.0,27364.0,27254.0,27254.0,6918
2026-07-29 16:10:00-04:00,27300.5,27331.75,27231.75,27257.5,4890
2026-07-29 16:15:00-04:00,27282.25,27338.75,27270.0,27300.0,3001
2026-07-29 16:20:00-04:00,27265.75,27306.0,27257.0,27278.5,1331
2026-07-29 16:25:00-04:00,27242.25,27283.25,27209.5,27266.0,2280
2026-07-29 16:30:00-04:00,27274.25,27278.75,27207.0,27244.0,1598
2026-07-29 16:35:00-04:00,27327.25,27331.25,27266.25,27271.25,1843
2026-07-29 16:40:00-04:00,27312.0,27330.0,27285.75,27328.5,1421
2026-07-29 16:45:00-04:00,27275.0,27322.25,27273.75,27312.25,991
2026-07-29 16:50:00-04:00,27308.0,27308.75,27267.0,27273.0,976
2026-07-29 16:55:00-04:00,27259.25,27312.0,27256.5,27309.0,860
2026-07-29 18:00:00-04:00,27352.25,27354.75,27202.0,27202.0,0
2026-07-29 18:05:00-04:00,27439.5,27449.0,27349.5,27352.5,2644
2026-07-29 18:10:00-04:00,27434.75,27489.5,27429.75,27440.5,3066
2026-07-29 18:15:00-04:00,27477.0,27484.0,27430.25,27437.25,1693
2026-07-29 18:20:00-04:00,27435.25,27478.5,27433.0,27476.5,980
2026-07-29 18:25:00-04:00,27435.0,27446.0,27395.5,27438.25,1559
2026-07-29 18:30:00-04:00,27432.25,27443.0,27412.0,27435.75,899
2026-07-29 18:35:00-04:00,27446.5,27465.5,27428.75,27433.0,896
2026-07-29 18:40:00-04:00,27459.75,27462.0,27433.25,27445.5,649
2026-07-29 18:45:00-04:00,27443.0,27479.5,27440.0,27460.0,827
2026-07-29 18:50:00-04:00,27436.5,27461.75,27418.75,27441.5,1005
2026-07-29 18:55:00-04:00,27451.5,27453.0,27425.0,27432.75,476
2026-07-29 19:00:00-04:00,27479.0,27485.0,27446.25,27449.5,828
2026-07-29 19:05:00-04:00,27506.25,27524.25,27468.75,27477.75,1439
2026-07-29 19:10:00-04:00,27476.5,27507.75,27456.5,27507.25,1376
2026-07-29 19:15:00-04:00,27511.25,27513.75,27469.25,27482.25,1034
2026-07-29 19:20:00-04:00,27513.0,27526.25,27497.25,27510.5,875
2026-07-29 19:25:00-04:00,27532.75,27541.0,27509.75,27513.0,864
2026-07-29 19:30:00-04:00,27540.5,27559.25,27534.25,27534.25,936
2026-07-29 19:35:00-04:00,27535.75,27556.25,27528.5,27540.75,760
2026-07-29 19:40:00-04:00,27523.75,27535.75,27500.0,27535.5,916
2026-07-29 19:45:00-04:00,27513.5,27555.5,27508.75,27520.0,1555
2026-07-29 19:50:00-04:00,27538.0,27541.0,27495.25,27514.25,1230
2026-07-29 19:55:00-04:00,27520.75,27550.0,27519.25,27538.25,783
2026-07-29 20:00:00-04:00,27504.5,27543.0,27472.25,27521.75,1934
2026-07-29 20:05:00-04:00,27583.5,27591.75,27497.5,27507.0,2245
2026-07-29 20:10:00-04:00,27578.75,27608.0,27569.25,27582.0,1286
2026-07-29 20:15:00-04:00,27572.0,27602.5,27559.0,27579.0,1569
2026-07-29 20:20:00-04:00,27571.0,27591.5,27550.5,27572.5,1077
2026-07-29 20:25:00-04:00,27593.5,27602.75,27566.5,27569.25,1074
2026-07-29 20:30:00-04:00,27560.25,27611.0,27554.75,27594.75,1141
2026-07-29 20:35:00-04:00,27534.0,27559.5,27527.0,27555.75,1162
2026-07-29 20:40:00-04:00,27506.25,27544.75,27489.75,27534.5,1399
2026-07-29 20:45:00-04:00,27526.75,27545.25,27490.25,27505.75,1544
2026-07-29 20:50:00-04:00,27538.5,27548.75,27504.25,27527.25,1054
2026-07-29 20:55:00-04:00,27547.25,27548.5,27510.25,27537.75,843
2026-07-29 21:00:00-04:00,27590.5,27590.5,27535.25,27547.25,1591
2026-07-29 21:05:00-04:00,27600.0,27664.25,27579.25,27590.5,2333
2026-07-29 21:10:00-04:00,27570.75,27615.5,27565.75,27600.0,1252
2026-07-29 21:15:00-04:00,27591.75,27605.75,27565.0,27569.5,891
2026-07-29 21:20:00-04:00,27617.75,27619.25,27582.0,27593.0,739
2026-07-29 21:25:00-04:00,27637.75,27648.0,27613.5,27614.5,798
2026-07-29 21:30:00-04:00,27670.5,27682.25,27635.25,27637.75,1180
2026-07-29 21:35:00-04:00,27681.5,27690.5,27661.75,27669.25,1088
2026-07-29 21:40:00-04:00,27678.0,27694.5,27667.5,27680.75,921
2026-07-29 21:45:00-04:00,27681.5,27696.75,27663.75,27677.5,1102
2026-07-29 21:50:00-04:00,27670.5,27687.75,27652.5,27682.25,708
2026-07-29 21:55:00-04:00,27653.0,27688.0,27648.25,27670.25,750
2026-07-29 22:00:00-04:00,27641.75,27687.5,27639.25,27652.0,1060
2026-07-29 22:05:00-04:00,27647.25,27661.0,27633.0,27640.5,770
2026-07-29 22:10:00-04:00,27636.0,27673.25,27629.25,27650.0,917
2026-07-29 22:15:00-04:00,27623.75,27637.5,27618.0,27636.0,659
2026-07-29 22:20:00-04:00,27635.75,27649.75,27619.5,27623.5,594
2026-07-29 22:25:00-04:00,27610.5,27653.25,27603.25,27635.5,692
2026-07-29 22:30:00-04:00,27587.25,27613.25,27585.25,27613.25,834
2026-07-29 22:35:00-04:00,27569.75,27586.5,27565.5,27586.5,944
2026-07-29 22:40:00-04:00,27610.0,27612.5,27559.5,27568.5,881
2026-07-29 22:45:00-04:00,27596.0,27631.0,27583.75,27610.75,865
2026-07-29 22:50:00-04:00,27591.75,27611.5,27578.5,27596.5,552
2026-07-29 22:55:00-04:00,27541.75,27604.75,27539.0,27590.5,978
2026-07-29 23:00:00-04:00,27559.0,27576.25,27536.25,27542.0,871
2026-07-29 23:05:00-04:00,27519.5,27568.25,27517.25,27560.0,637
2026-07-29 23:10:00-04:00,27497.0,27521.75,27485.0,27518.75,1092
2026-07-29 23:15:00-04:00,27485.25,27506.25,27471.25,27498.75,818
2026-07-29 23:20:00-04:00,27494.0,27494.0,27474.0,27485.5,660
2026-07-29 23:25:00-04:00,27515.5,27523.25,27487.5,27493.0,894
2026-07-29 23:30:00-04:00,27547.0,27549.0,27480.25,27516.5,1149
2026-07-29 23:35:00-04:00,27493.5,27556.75,27491.5,27546.75,834
2026-07-29 23:40:00-04:00,27532.5,27532.5,27486.75,27492.75,628
2026-07-29 23:45:00-04:00,27550.5,27563.5,27517.75,27529.5,591
2026-07-29 23:50:00-04:00,27549.25,27562.75,27531.5,27549.75,430
2026-07-29 23:55:00-04:00,27521.5,27562.5,27518.25,27551.0,402
2026-07-30 00:05:00-04:00,27488.25,27508.5,27488.25,27507.5,1217
2026-07-30 00:10:00-04:00,27485.25,27497.5,27481.75,27488.25,414
2026-07-30 00:15:00-04:00,27468.0,27487.25,27459.5,27485.0,640
2026-07-30 00:20:00-04:00,27490.75,27500.0,27461.75,27472.25,569
2026-07-30 00:25:00-04:00,27535.0,27541.75,27488.75,27490.5,744
2026-07-30 00:30:00-04:00,27529.75,27543.75,27523.0,27534.0,401
2026-07-30 00:35:00-04:00,27492.5,27542.0,27483.5,27528.75,641
2026-07-30 00:40:00-04:00,27471.0,27503.5,27461.75,27492.5,594
2026-07-30 00:45:00-04:00,27481.0,27512.0,27465.25,27469.25,619
2026-07-30 00:50:00-04:00,27458.25,27486.0,27445.0,27483.25,598
2026-07-30 00:55:00-04:00,27447.75,27460.25,27434.75,27459.0,463
2026-07-30 01:00:00-04:00,27441.5,27452.75,27421.25,27446.25,660
2026-07-30 01:05:00-04:00,27432.75,27452.75,27421.5,27441.25,489
2026-07-30 01:10:00-04:00,27456.5,27457.25,27421.0,27433.25,437
2026-07-30 01:15:00-04:00,27491.0,27492.5,27453.25,27458.25,775
2026-07-30 01:20:00-04:00,27481.75,27499.5,27456.75,27492.0,572
2026-07-30 01:25:00-04:00,27478.25,27498.5,27462.0,27485.0,458
2026-07-30 01:30:00-04:00,27491.75,27510.75,27465.0,27476.5,621
2026-07-30 01:35:00-04:00,27486.5,27502.0,27473.0,27493.0,342
2026-07-30 01:40:00-04:00,27521.0,27526.5,27486.0,27492.75,567
2026-07-30 01:45:00-04:00,27497.0,27546.25,27487.0,27521.75,1094
2026-07-30 01:50:00-04:00,27482.25,27500.5,27476.25,27496.0,535
2026-07-30 01:55:00-04:00,27487.75,27493.5,27463.5,27481.25,526
2026-07-30 02:00:00-04:00,27484.0,27493.0,27470.75,27487.0,509
2026-07-30 02:05:00-04:00,27470.5,27507.0,27469.0,27490.0,441
2026-07-30 02:10:00-04:00,27468.5,27487.0,27457.0,27471.75,499
2026-07-30 02:15:00-04:00,27462.0,27467.75,27447.5,27467.75,548
2026-07-30 02:20:00-04:00,27479.75,27481.5,27447.75,27455.5,365
2026-07-30 02:25:00-04:00,27479.5,27498.0,27474.0,27480.0,495
2026-07-30 02:30:00-04:00,27461.5,27484.5,27448.5,27481.5,479
2026-07-30 02:35:00-04:00,27457.25,27473.0,27451.0,27461.0,376
2026-07-30 02:40:00-04:00,27436.75,27458.75,27434.75,27457.75,574
2026-07-30 02:45:00-04:00,27445.25,27463.0,27431.25,27435.25,578
2026-07-30 02:50:00-04:00,27449.0,27451.0,27436.0,27446.25,262
2026-07-30 02:55:00-04:00,27434.25,27458.0,27415.0,27451.5,650
2026-07-30 03:00:00-04:00,27487.25,27521.75,27416.25,27433.75,2624
2026-07-30 03:05:00-04:00,27471.5,27521.0,27450.5,27487.75,1114
2026-07-30 03:10:00-04:00,27475.75,27502.0,27456.75,27472.25,737
2026-07-30 03:15:00-04:00,27427.5,27482.25,27425.75,27478.75,696
2026-07-30 03:20:00-04:00,27429.5,27430.0,27392.75,27428.75,1193
2026-07-30 03:25:00-04:00,27408.0,27438.5,27396.5,27429.75,828
2026-07-30 03:30:00-04:00,27380.5,27413.0,27376.5,27413.0,866
2026-07-30 03:35:00-04:00,27418.75,27420.5,27351.25,27382.75,1318
2026-07-30 03:40:00-04:00,27434.0,27447.5,27413.75,27419.75,706
2026-07-30 03:45:00-04:00,27423.0,27441.75,27417.0,27431.5,680
2026-07-30 03:50:00-04:00,27412.5,27439.75,27408.25,27422.75,652
2026-07-30 03:55:00-04:00,27395.25,27419.0,27389.5,27411.5,619
2026-07-30 04:00:00-04:00,27372.0,27396.25,27337.5,27394.5,1692
2026-07-30 04:05:00-04:00,27444.25,27447.0,27346.75,27372.0,1171
2026-07-30 04:10:00-04:00,27437.75,27456.0,27433.0,27444.25,1120
2026-07-30 04:15:00-04:00,27444.0,27455.75,27425.75,27437.75,852
2026-07-30 04:20:00-04:00,27495.75,27501.25,27443.25,27443.75,1050
2026-07-30 04:25:00-04:00,27506.5,27522.5,27485.25,27497.25,1177
2026-07-30 04:30:00-04:00,27507.5,27524.75,27502.25,27510.5,607
2026-07-30 04:35:00-04:00,27493.5,27527.25,27489.25,27507.5,460
2026-07-30 04:40:00-04:00,27493.75,27502.5,27489.0,27492.25,375
2026-07-30 04:45:00-04:00,27484.25,27508.75,27478.5,27493.25,424
2026-07-30 04:50:00-04:00,27472.75,27487.75,27470.0,27485.0,342
2026-07-30 04:55:00-04:00,27485.25,27485.25,27460.5,27474.25,334
2026-07-30 05:00:00-04:00,27501.75,27512.5,27469.75,27486.0,454
2026-07-30 05:05:00-04:00,27503.75,27511.75,27491.5,27501.5,375
2026-07-30 05:10:00-04:00,27534.5,27555.0,27496.75,27503.25,992
2026-07-30 05:15:00-04:00,27541.5,27550.5,27525.25,27536.75,941
2026-07-30 05:20:00-04:00,27564.25,27574.75,27538.0,27540.25,1009
2026-07-30 05:25:00-04:00,27554.5,27570.5,27548.75,27565.75,595
2026-07-30 05:30:00-04:00,27576.75,27577.0,27538.5,27553.5,617
2026-07-30 05:35:00-04:00,27555.0,27586.0,27552.5,27574.0,625
2026-07-30 05:40:00-04:00,27543.5,27558.0,27538.25,27555.75,407
2026-07-30 05:45:00-04:00,27552.75,27555.5,27538.5,27544.25,309
2026-07-30 05:50:00-04:00,27554.5,27555.75,27540.0,27552.25,396
2026-07-30 05:55:00-04:00,27514.75,27554.5,27508.0,27554.5,727
2026-07-30 06:00:00-04:00,27506.25,27523.75,27488.25,27515.5,1051
2026-07-30 06:05:00-04:00,27554.25,27561.25,27505.5,27506.0,748
2026-07-30 06:10:00-04:00,27541.5,27564.5,27534.75,27556.25,724
2026-07-30 06:15:00-04:00,27596.0,27600.0,27541.25,27543.25,1003
2026-07-30 06:20:00-04:00,27603.25,27616.5,27595.0,27597.25,1012
2026-07-30 06:25:00-04:00,27617.75,27627.25,27602.75,27604.0,654
2026-07-30 06:30:00-04:00,27611.75,27637.5,27606.5,27616.5,860
2026-07-30 06:35:00-04:00,27621.5,27632.5,27610.5,27612.0,779
2026-07-30 06:40:00-04:00,27631.0,27648.0,27616.25,27621.5,960
2026-07-30 06:45:00-04:00,27631.75,27647.75,27626.5,27631.0,577
2026-07-30 06:50:00-04:00,27614.75,27647.25,27614.25,27634.25,764
2026-07-30 06:55:00-04:00,27618.5,27626.0,27611.0,27614.75,558
2026-07-30 07:00:00-04:00,27658.0,27660.0,27613.0,27619.0,1356
2026-07-30 07:05:00-04:00,27679.5,27685.0,27655.25,27658.25,1131
2026-07-30 07:10:00-04:00,27665.75,27686.5,27655.25,27678.5,939
2026-07-30 07:15:00-04:00,27682.25,27702.5,27661.5,27666.0,1145
2026-07-30 07:20:00-04:00,27701.75,27703.5,27671.75,27683.25,718
2026-07-30 07:25:00-04:00,27715.0,27730.0,27697.5,27702.0,1247
2026-07-30 07:30:00-04:00,27675.75,27717.5,27673.0,27715.5,1524
2026-07-30 07:35:00-04:00,27700.0,27727.25,27680.25,27680.25,1253
2026-07-30 07:40:00-04:00,27699.75,27723.25,27688.75,27700.0,805
2026-07-30 07:45:00-04:00,27729.0,27735.0,27700.5,27700.75,849
2026-07-30 07:50:00-04:00,27740.0,27744.0,27720.25,27729.0,928
2026-07-30 07:55:00-04:00,27725.0,27745.25,27720.5,27739.5,790
2026-07-30 08:00:00-04:00,27745.5,27751.5,27695.75,27723.5,1776
2026-07-30 08:05:00-04:00,27755.5,27758.25,27739.5,27746.25,1152
2026-07-30 08:10:00-04:00,27763.0,27765.5,27736.0,27756.25,1080
2026-07-30 08:15:00-04:00,27742.25,27766.25,27738.25,27763.0,1094
2026-07-30 08:20:00-04:00,27746.25,27752.0,27714.0,27742.0,1359
2026-07-30 08:25:00-04:00,27740.25,27758.25,27721.75,27747.75,1102
2026-07-30 08:30:00-04:00,27743.5,27787.75,27715.25,27740.25,3340
2026-07-30 08:35:00-04:00,27783.0,27786.0,27734.25,27743.75,1942
2026-07-30 08:40:00-04:00,27777.0,27808.75,27763.75,27783.5,2389
2026-07-30 08:45:00-04:00,27791.5,27797.5,27763.0,27777.0,1570
2026-07-30 08:50:00-04:00,27799.0,27805.0,27780.5,27793.25,1331
2026-07-30 08:55:00-04:00,27805.5,27821.75,27785.0,27798.75,1717
2026-07-30 09:00:00-04:00,27848.75,27859.0,27793.0,27807.0,6064
2026-07-30 09:05:00-04:00,27841.5,27876.25,27838.75,27849.0,4304
2026-07-30 09:10:00-04:00,27840.0,27864.0,27827.25,27841.0,2313
2026-07-30 09:15:00-04:00,27851.25,27860.0,27831.25,27840.0,1354
2026-07-30 09:20:00-04:00,27842.25,27852.0,27834.75,27851.25,1482
2026-07-30 09:25:00-04:00,27874.25,27883.25,27837.0,27843.5,4972
2026-07-30 09:30:00-04:00,27871.25,27892.0,27813.25,27875.75,18744
2026-07-30 09:35:00-04:00,27889.25,27919.5,27847.5,27871.25,15165
2026-07-30 09:40:00-04:00,27976.25,27996.5,27849.75,27887.5,13083
2026-07-30 09:45:00-04:00,28064.5,28067.5,27973.25,27976.75,12653
2026-07-30 09:50:00-04:00,28102.5,28125.5,28043.25,28064.75,15534
2026-07-30 09:55:00-04:00,28151.75,28162.25,28082.25,28103.0,11387
2026-07-30 10:00:00-04:00,28160.25,28183.75,28127.75,28150.5,13250
2026-07-30 10:05:00-04:00,28086.25,28166.0,28073.25,28159.75,13494
2026-07-30 10:10:00-04:00,28107.5,28116.75,28066.75,28085.75,10408
2026-07-30 10:15:00-04:00,28113.25,28140.0,28080.25,28107.25,9793
2026-07-30 10:20:00-04:00,28163.5,28174.0,28103.0,28113.75,9036
2026-07-30 10:25:00-04:00,28226.0,28240.0,28149.75,28164.0,11144
2026-07-30 10:30:00-04:00,28234.5,28246.5,28188.5,28226.5,9104
2026-07-30 10:35:00-04:00,28219.75,28244.5,28202.5,28234.75,7593
2026-07-30 10:40:00-04:00,28175.5,28241.0,28160.25,28221.0,6990
2026-07-30 10:45:00-04:00,28165.75,28196.0,28130.5,28175.5,8911
2026-07-30 10:50:00-04:00,28068.5,28176.25,28063.0,28166.0,8517
2026-07-30 10:55:00-04:00,28070.75,28094.75,28022.5,28068.75,10203
2026-07-30 11:00:00-04:00,28104.25,28113.5,28012.75,28071.5,11378
2026-07-30 11:05:00-04:00,28134.0,28137.75,28054.75,28105.0,7874
2026-07-30 11:10:00-04:00,28023.75,28136.5,28019.0,28134.0,7126
2026-07-30 11:15:00-04:00,28047.0,28076.25,28006.25,28024.5,7653
2026-07-30 11:20:00-04:00,28050.5,28099.5,28031.5,28047.0,6086
2026-07-30 11:25:00-04:00,28010.5,28078.75,27996.25,28050.5,6448
2026-07-30 11:30:00-04:00,28072.0,28073.5,28001.0,28010.5,6011
2026-07-30 11:35:00-04:00,28071.0,28089.25,28036.5,28074.0,5412
2026-07-30 11:40:00-04:00,28089.5,28108.5,28055.0,28072.0,5733
2026-07-30 11:45:00-04:00,28113.0,28133.75,28090.0,28090.0,5039
2026-07-30 11:50:00-04:00,28107.75,28122.25,28049.25,28113.5,6200
2026-07-30 11:55:00-04:00,28079.5,28131.25,28072.0,28108.5,4442
2026-07-30 12:00:00-04:00,28150.25,28159.0,28059.0,28078.75,8065
2026-07-30 12:05:00-04:00,28145.75,28165.75,28135.75,28150.0,3594
2026-07-30 12:10:00-04:00,28186.0,28190.0,28141.25,28144.5,4449
2026-07-30 12:15:00-04:00,28171.5,28192.75,28168.5,28185.25,4115
2026-07-30 12:20:00-04:00,28156.75,28186.25,28147.5,28171.75,4017
2026-07-30 12:25:00-04:00,28144.25,28163.5,28140.5,28156.25,2928
2026-07-30 12:30:00-04:00,28119.75,28150.5,28111.75,28144.25,3771
2026-07-30 12:35:00-04:00,28117.5,28141.5,28113.75,28120.0,3204
2026-07-30 12:40:00-04:00,28068.75,28118.25,28054.5,28118.0,5417
2026-07-30 12:45:00-04:00,28098.0,28107.75,28066.25,28068.25,4764
2026-07-30 12:50:00-04:00,28113.25,28136.5,28078.25,28099.25,4197
2026-07-30 12:55:00-04:00,28126.75,28135.75,28110.0,28113.5,2801
2026-07-30 13:00:00-04:00,28166.75,28174.0,28126.0,28127.0,5057
2026-07-30 13:05:00-04:00,28168.25,28183.75,28160.0,28167.75,3238
2026-07-30 13:10:00-04:00,28159.25,28182.75,28153.25,28168.75,2890
2026-07-30 13:15:00-04:00,28203.0,28207.25,28156.25,28158.25,3522
2026-07-30 13:20:00-04:00,28189.75,28207.75,28178.5,28202.75,2758
2026-07-30 13:25:00-04:00,28169.0,28191.0,28164.25,28188.75,2476
2026-07-30 13:30:00-04:00,28163.75,28184.0,28153.25,28169.5,2815
2026-07-30 13:35:00-04:00,28147.5,28180.75,28139.5,28163.25,3620
2026-07-30 13:40:00-04:00,28188.25,28197.75,28147.0,28147.5,3563
2026-07-30 13:45:00-04:00,28183.5,28201.5,28183.5,28188.5,2347
2026-07-30 13:50:00-04:00,28175.75,28208.5,28174.0,28183.25,3542
2026-07-30 13:55:00-04:00,28177.5,28188.5,28165.5,28176.0,1961
2026-07-30 14:00:00-04:00,28169.75,28202.25,28168.5,28177.5,2140
2026-07-30 14:05:00-04:00,28192.0,28196.5,28167.0,28169.25,2232
2026-07-30 14:10:00-04:00,28200.5,28205.0,28182.75,28192.25,2336
2026-07-30 14:15:00-04:00,28167.5,28203.75,28162.25,28200.5,2804
2026-07-30 14:20:00-04:00,28184.75,28192.75,28162.25,28167.75,2360
2026-07-30 14:25:00-04:00,28183.0,28191.25,28173.5,28185.0,1624
2026-07-30 14:30:00-04:00,28174.75,28199.0,28170.25,28183.0,2575
2026-07-30 14:35:00-04:00,28158.25,28176.0,28148.5,28174.5,3059
2026-07-30 14:40:00-04:00,28167.5,28171.5,28149.25,28158.25,2233
2026-07-30 14:45:00-04:00,28178.75,28189.5,28165.5,28167.0,2752
2026-07-30 14:50:00-04:00,28164.0,28186.0,28163.75,28178.25,2279
2026-07-30 14:55:00-04:00,28180.5,28186.25,28154.75,28164.25,2455
2026-07-30 15:00:00-04:00,28198.75,28211.5,28179.75,28180.75,5263
2026-07-30 15:05:00-04:00,28253.75,28255.5,28194.75,28199.25,5446
2026-07-30 15:10:00-04:00,28274.75,28296.5,28252.25,28254.0,7708
2026-07-30 15:15:00-04:00,28285.75,28297.75,28262.0,28274.25,4848
2026-07-30 15:20:00-04:00,28264.0,28287.75,28257.25,28286.25,3913
2026-07-30 15:25:00-04:00,28244.5,28271.0,28242.0,28263.5,3560
2026-07-30 15:30:00-04:00,28242.75,28257.25,28235.0,28243.75,4318
2026-07-30 15:35:00-04:00,28238.5,28247.5,28219.75,28243.0,4067
2026-07-30 15:40:00-04:00,28232.25,28241.75,28221.75,28238.75,3531
2026-07-30 15:45:00-04:00,28235.5,28244.75,28217.0,28232.75,4645
2026-07-30 15:50:00-04:00,28224.25,28241.75,28207.0,28236.0,8654
2026-07-30 15:55:00-04:00,28230.75,28262.5,28202.5,28223.75,22612
2026-07-30 16:00:00-04:00,28336.25,28367.0,28205.5,28230.75,11475
2026-07-30 16:05:00-04:00,28300.0,28335.25,28297.25,28335.0,2996
2026-07-30 16:10:00-04:00,28324.75,28332.0,28284.0,28301.0,2743
2026-07-30 16:15:00-04:00,28354.5,28357.25,28322.75,28324.25,2561
2026-07-30 16:20:00-04:00,28360.0,28370.5,28339.0,28354.5,1328
2026-07-30 16:25:00-04:00,28366.25,28372.25,28346.5,28361.5,1392
2026-07-30 16:30:00-04:00,28357.25,28414.5,28311.0,28366.5,4419
2026-07-30 16:35:00-04:00,28344.5,28358.75,28325.0,28357.75,1315
2026-07-30 16:40:00-04:00,28361.25,28364.5,28323.5,28343.5,1472
2026-07-30 16:45:00-04:00,28342.75,28363.0,28337.75,28360.0,607
2026-07-30 16:50:00-04:00,28334.0,28347.0,28325.5,28343.25,974
2026-07-30 16:55:00-04:00,28333.5,28341.75,28322.5,28335.0,874
2026-07-30 18:00:00-04:00,28402.75,28413.75,28300.0,28317.0,0
2026-07-30 18:05:00-04:00,28396.75,28406.5,28374.25,28403.25,818
2026-07-30 18:10:00-04:00,28384.75,28409.75,28377.0,28400.0,727
2026-07-30 18:15:00-04:00,28387.75,28407.0,28381.75,28382.5,547
2026-07-30 18:20:00-04:00,28356.75,28391.75,28356.0,28387.75,806
2026-07-30 18:25:00-04:00,28354.0,28378.25,28350.5,28358.25,839
2026-07-30 18:30:00-04:00,28363.5,28367.75,28331.0,28352.0,834
2026-07-30 18:35:00-04:00,28384.75,28389.0,28356.75,28363.75,643
2026-07-30 18:40:00-04:00,28403.0,28406.0,28379.75,28384.25,572
2026-07-30 18:45:00-04:00,28399.75,28405.5,28393.0,28402.75,373
2026-07-30 18:50:00-04:00,28402.75,28409.75,28390.0,28398.75,627
2026-07-30 18:55:00-04:00,28395.0,28409.0,28393.0,28402.5,336
2026-07-30 19:00:00-04:00,28416.0,28426.5,28391.0,28394.25,799
2026-07-30 19:05:00-04:00,28393.25,28421.75,28393.25,28416.0,462
2026-07-30 19:10:00-04:00,28384.75,28397.75,28377.0,28394.75,575
2026-07-30 19:15:00-04:00,28377.0,28387.0,28373.5,28386.0,395
2026-07-30 19:20:00-04:00,28369.5,28378.0,28364.0,28375.0,376
2026-07-30 19:25:00-04:00,28378.0,28392.5,28369.25,28369.25,461
2026-07-30 19:30:00-04:00,28384.5,28390.5,28362.25,28378.25,439
2026-07-30 19:35:00-04:00,28392.75,28399.0,28376.75,28384.75,280
2026-07-30 19:40:00-04:00,28406.75,28416.5,28393.25,28395.25,660
2026-07-30 19:45:00-04:00,28420.0,28425.0,28397.5,28406.75,496
2026-07-30 19:50:00-04:00,28433.75,28439.5,28391.5,28417.5,970
2026-07-30 19:55:00-04:00,28422.75,28445.0,28422.25,28434.75,777
2026-07-30 20:00:00-04:00,28433.0,28443.0,28397.25,28424.0,1372
2026-07-30 20:05:00-04:00,28442.0,28456.25,28426.0,28434.0,1248
2026-07-30 20:10:00-04:00,28466.75,28476.5,28432.0,28442.5,1322
2026-07-30 20:15:00-04:00,28477.5,28480.0,28447.25,28467.0,1266
2026-07-30 20:20:00-04:00,28470.5,28488.0,28454.0,28477.25,983
2026-07-30 20:25:00-04:00,28483.25,28483.5,28463.25,28472.5,482
2026-07-30 20:30:00-04:00,28505.5,28509.75,28480.5,28481.0,1066
2026-07-30 20:35:00-04:00,28495.25,28509.0,28490.0,28506.5,691
2026-07-30 20:40:00-04:00,28497.25,28498.75,28482.5,28495.0,527
2026-07-30 20:45:00-04:00,28473.0,28501.75,28468.75,28500.0,760
2026-07-30 20:50:00-04:00,28483.75,28493.25,28473.0,28473.0,374
2026-07-30 20:55:00-04:00,28521.75,28524.5,28480.0,28481.0,933
2026-07-30 21:00:00-04:00,28548.5,28552.0,28522.75,28523.0,1353
2026-07-30 21:05:00-04:00,28566.5,28569.5,28545.5,28549.5,900
2026-07-30 21:10:00-04:00,28561.25,28569.0,28555.75,28566.5,635
2026-07-30 21:15:00-04:00,28561.25,28572.0,28557.0,28560.0,693
2026-07-30 21:20:00-04:00,28555.0,28572.0,28547.5,28559.25,571
2026-07-30 21:25:00-04:00,28551.0,28571.5,28543.75,28554.5,731
2026-07-30 21:30:00-04:00,28536.0,28558.25,28522.25,28549.0,1026
2026-07-30 21:35:00-04:00,28509.0,28537.75,28499.5,28536.0,896
2026-07-30 21:40:00-04:00,28497.0,28511.75,28489.0,28510.0,749
2026-07-30 21:45:00-04:00,28466.5,28500.0,28464.25,28496.5,859
2026-07-30 21:50:00-04:00,28465.5,28485.75,28455.5,28467.75,978
2026-07-30 21:55:00-04:00,28478.0,28484.5,28459.25,28467.0,423
2026-07-30 22:00:00-04:00,28445.75,28499.5,28444.5,28478.0,1020
2026-07-30 22:05:00-04:00,28473.25,28475.75,28441.0,28445.5,679
2026-07-30 22:10:00-04:00,28438.0,28471.75,28433.25,28470.5,740
2026-07-30 22:15:00-04:00,28405.0,28438.75,28401.0,28438.25,1419
2026-07-30 22:20:00-04:00,28408.0,28428.5,28402.0,28406.75,672
2026-07-30 22:25:00-04:00,28423.5,28426.25,28404.25,28410.25,376
2026-07-30 22:30:00-04:00,28421.5,28432.0,28408.0,28422.5,433
2026-07-30 22:35:00-04:00,28410.5,28421.5,28389.5,28421.5,615
2026-07-30 22:40:00-04:00,28421.25,28422.25,28401.25,28411.5,437
2026-07-30 22:45:00-04:00,28406.25,28438.0,28402.0,28421.0,851
2026-07-30 22:50:00-04:00,28415.5,28422.5,28397.75,28405.25,437
2026-07-30 22:55:00-04:00,28431.25,28436.5,28412.0,28412.25,544
2026-07-30 23:00:00-04:00,28426.75,28432.5,28410.0,28431.5,536
2026-07-30 23:05:00-04:00,28427.0,28434.25,28422.25,28427.25,319
2026-07-30 23:10:00-04:00,28418.25,28436.0,28398.0,28426.0,658
2026-07-30 23:15:00-04:00,28455.75,28456.0,28417.0,28417.75,672
2026-07-30 23:20:00-04:00,28461.5,28472.0,28451.5,28455.0,756
2026-07-30 23:25:00-04:00,28462.75,28476.5,28458.0,28461.5,474
2026-07-30 23:30:00-04:00,28454.0,28478.25,28454.0,28464.5,660
2026-07-30 23:35:00-04:00,28464.75,28470.0,28452.25,28454.25,292
2026-07-30 23:40:00-04:00,28463.75,28467.0,28453.5,28467.0,184
2026-07-30 23:45:00-04:00,28432.5,28466.5,28428.25,28461.25,519
2026-07-30 23:50:00-04:00,28464.75,28468.75,28428.75,28430.75,495
2026-07-30 23:55:00-04:00,28461.75,28470.5,28460.0,28465.5,265
2026-07-31 00:05:00-04:00,28461.25,28465.0,28457.5,28459.5,867
2026-07-31 00:10:00-04:00,28463.5,28468.0,28452.5,28461.5,334
2026-07-31 00:15:00-04:00,28495.0,28495.5,28451.5,28463.5,555
2026-07-31 00:20:00-04:00,28500.0,28501.0,28485.0,28492.75,381
2026-07-31 00:25:00-04:00,28511.25,28512.0,28493.0,28500.25,448
2026-07-31 00:30:00-04:00,28531.0,28534.5,28507.75,28512.0,544
2026-07-31 00:35:00-04:00,28542.0,28542.5,28520.75,28532.25,544
2026-07-31 00:40:00-04:00,28551.5,28552.5,28536.75,28541.5,391
2026-07-31 00:45:00-04:00,28547.0,28557.0,28545.0,28551.25,449
2026-07-31 00:50:00-04:00,28548.0,28552.25,28534.5,28547.5,440
2026-07-31 00:55:00-04:00,28549.0,28554.25,28546.25,28546.5,228
2026-07-31 01:00:00-04:00,28545.25,28558.0,28543.75,28548.75,387
2026-07-31 01:05:00-04:00,28563.25,28565.0,28538.5,28545.0,604
2026-07-31 01:10:00-04:00,28557.75,28570.0,28545.0,28563.75,517
2026-07-31 01:15:00-04:00,28557.75,28561.5,28552.5,28558.5,225
2026-07-31 01:20:00-04:00,28565.5,28572.0,28556.0,28556.25,405
2026-07-31 01:25:00-04:00,28573.0,28581.0,28560.0,28563.5,595
2026-07-31 01:30:00-04:00,28547.5,28580.0,28544.0,28573.5,580
2026-07-31 01:35:00-04:00,28559.5,28561.5,28541.0,28548.5,529
2026-07-31 01:40:00-04:00,28552.75,28585.75,28552.0,28559.75,625
2026-07-31 01:45:00-04:00,28573.5,28575.75,28548.75,28551.75,489
2026-07-31 01:50:00-04:00,28586.5,28590.75,28570.5,28573.5,528
2026-07-31 01:55:00-04:00,28585.0,28590.5,28565.25,28586.75,651
2026-07-31 02:00:00-04:00,28584.5,28599.0,28577.0,28585.5,751
2026-07-31 02:05:00-04:00,28596.25,28600.0,28584.25,28584.25,596
2026-07-31 02:10:00-04:00,28606.75,28611.75,28594.25,28595.25,736
2026-07-31 02:15:00-04:00,28606.0,28611.0,28601.75,28605.75,373
2026-07-31 02:20:00-04:00,28587.75,28604.5,28584.5,28604.5,484
2026-07-31 02:25:00-04:00,28590.25,28593.5,28580.75,28587.75,524
2026-07-31 02:30:00-04:00,28523.0,28593.0,28520.5,28589.5,1520
2026-07-31 02:35:00-04:00,28509.0,28525.0,28485.5,28524.0,1716
2026-07-31 02:40:00-04:00,28484.0,28506.75,28457.5,28506.75,969
2026-07-31 02:45:00-04:00,28473.5,28484.75,28450.0,28484.75,1075
2026-07-31 02:50:00-04:00,28502.25,28502.25,28454.0,28476.0,939
2026-07-31 02:55:00-04:00,28488.25,28509.75,28481.0,28503.0,886
2026-07-31 03:00:00-04:00,28479.25,28485.75,28455.0,28484.25,1929
2026-07-31 03:05:00-04:00,28510.5,28512.0,28480.0,28480.75,801
2026-07-31 03:10:00-04:00,28535.75,28543.25,28509.75,28512.0,866
2026-07-31 03:15:00-04:00,28548.5,28550.0,28507.0,28535.0,727
2026-07-31 03:20:00-04:00,28536.5,28551.5,28518.0,28550.0,632
2026-07-31 03:25:00-04:00,28546.0,28574.5,28536.0,28536.75,1021
2026-07-31 03:30:00-04:00,28540.25,28555.0,28534.5,28547.25,609
2026-07-31 03:35:00-04:00,28556.0,28570.25,28541.0,28541.0,827
2026-07-31 03:40:00-04:00,28566.5,28574.0,28553.0,28557.75,407
2026-07-31 03:45:00-04:00,28554.5,28584.25,28554.5,28566.25,610
2026-07-31 03:50:00-04:00,28580.0,28581.75,28542.5,28556.0,656
2026-07-31 03:55:00-04:00,28575.0,28579.5,28563.25,28578.25,523
2026-07-31 04:00:00-04:00,28539.25,28590.75,28533.5,28572.75,1295
2026-07-31 04:05:00-04:00,28533.5,28573.5,28529.5,28538.0,924
2026-07-31 04:10:00-04:00,28576.75,28579.0,28524.75,28534.5,698
2026-07-31 04:15:00-04:00,28593.5,28597.0,28569.5,28576.75,584
2026-07-31 04:20:00-04:00,28576.75,28596.5,28564.25,28592.25,741
2026-07-31 04:25:00-04:00,28600.0,28610.0,28573.75,28578.25,854
2026-07-31 04:30:00-04:00,28597.25,28611.0,28588.0,28595.25,437
2026-07-31 04:35:00-04:00,28577.5,28598.5,28576.0,28598.5,415
2026-07-31 04:40:00-04:00,28567.25,28580.25,28561.5,28576.0,640
2026-07-31 04:45:00-04:00,28593.25,28601.25,28564.25,28568.75,567
2026-07-31 04:50:00-04:00,28583.5,28602.5,28582.0,28595.75,290
2026-07-31 04:55:00-04:00,28602.75,28607.25,28582.0,28582.75,484
2026-07-31 05:00:00-04:00,28618.0,28620.0,28598.25,28603.25,952
2026-07-31 05:05:00-04:00,28625.25,28627.0,28598.75,28617.0,779
2026-07-31 05:10:00-04:00,28629.25,28640.75,28623.25,28625.25,830
2026-07-31 05:15:00-04:00,28610.25,28631.25,28609.75,28627.5,393
2026-07-31 05:20:00-04:00,28608.25,28624.0,28601.0,28611.25,696
2026-07-31 05:25:00-04:00,28589.25,28615.75,28584.75,28611.0,530
2026-07-31 05:30:00-04:00,28564.5,28591.5,28562.75,28588.75,770
2026-07-31 05:35:00-04:00,28545.5,28568.0,28530.0,28565.25,1466
2026-07-31 05:40:00-04:00,28552.5,28559.5,28542.25,28545.5,527
2026-07-31 05:45:00-04:00,28565.0,28567.0,28551.25,28552.25,458
2026-07-31 05:50:00-04:00,28551.0,28569.75,28545.25,28561.5,355
2026-07-31 05:55:00-04:00,28533.0,28556.0,28528.5,28548.25,445
2026-07-31 06:00:00-04:00,28531.0,28546.25,28519.5,28531.75,776
2026-07-31 06:05:00-04:00,28540.0,28545.0,28520.0,28530.5,609
2026-07-31 06:10:00-04:00,28555.75,28564.75,28532.5,28539.5,657
2026-07-31 06:15:00-04:00,28567.0,28567.0,28546.5,28555.0,328
2026-07-31 06:20:00-04:00,28556.75,28575.5,28554.5,28566.0,455
2026-07-31 06:25:00-04:00,28572.0,28579.25,28556.25,28557.5,405
2026-07-31 06:30:00-04:00,28567.5,28577.5,28564.25,28572.25,414
2026-07-31 06:35:00-04:00,28576.0,28576.75,28561.75,28570.5,346
2026-07-31 06:40:00-04:00,28578.25,28583.0,28570.25,28576.75,374
2026-07-31 06:45:00-04:00,28556.75,28591.25,28552.0,28579.25,506
2026-07-31 06:50:00-04:00,28580.25,28580.5,28553.25,28555.5,541
2026-07-31 06:55:00-04:00,28565.5,28585.0,28557.25,28581.5,388
2026-07-31 07:00:00-04:00,28614.5,28618.0,28563.0,28565.5,920
2026-07-31 07:05:00-04:00,28611.5,28626.0,28605.75,28614.25,595
2026-07-31 07:10:00-04:00,28594.75,28613.25,28589.75,28612.75,481
2026-07-31 07:15:00-04:00,28561.25,28599.5,28555.0,28596.25,1157
2026-07-31 07:20:00-04:00,28567.5,28570.5,28554.0,28562.25,538
2026-07-31 07:25:00-04:00,28553.25,28584.0,28548.5,28567.25,607
2026-07-31 07:30:00-04:00,28535.25,28555.75,28525.0,28555.75,925
2026-07-31 07:35:00-04:00,28532.0,28560.75,28526.5,28535.75,664
2026-07-31 07:40:00-04:00,28538.25,28544.0,28523.0,28530.25,561
2026-07-31 07:45:00-04:00,28545.25,28549.25,28532.0,28540.0,599
2026-07-31 07:50:00-04:00,28553.25,28560.75,28544.5,28544.75,534
2026-07-31 07:55:00-04:00,28553.5,28560.25,28545.75,28553.5,388
2026-07-31 08:00:00-04:00,28512.75,28555.25,28506.0,28554.75,1041
2026-07-31 08:05:00-04:00,28500.75,28515.75,28496.0,28512.75,946
2026-07-31 08:10:00-04:00,28481.0,28501.0,28477.0,28499.5,1174
2026-07-31 08:15:00-04:00,28455.5,28483.0,28449.5,28480.25,1629
2026-07-31 08:20:00-04:00,28484.75,28484.75,28448.0,28455.75,1281
2026-07-31 08:25:00-04:00,28496.5,28506.0,28478.25,28484.0,1255
2026-07-31 08:30:00-04:00,28462.25,28502.75,28452.0,28496.75,2037
2026-07-31 08:35:00-04:00,28452.25,28474.5,28445.5,28462.5,1269
2026-07-31 08:40:00-04:00,28453.0,28469.0,28432.25,28452.75,1324
2026-07-31 08:45:00-04:00,28451.0,28460.75,28437.75,28452.75,1079
2026-07-31 08:50:00-04:00,28486.0,28489.25,28442.75,28452.25,1299
2026-07-31 08:55:00-04:00,28468.25,28490.5,28463.25,28487.25,1163
2026-07-31 09:00:00-04:00,28490.0,28497.0,28457.75,28468.5,1938
2026-07-31 09:05:00-04:00,28508.5,28514.0,28486.25,28490.0,1305
2026-07-31 09:10:00-04:00,28530.0,28531.0,28508.75,28509.0,1741
2026-07-31 09:15:00-04:00,28539.0,28546.0,28529.25,28529.25,1795
2026-07-31 09:20:00-04:00,28549.0,28554.0,28529.0,28539.25,1867
2026-07-31 09:25:00-04:00,28577.5,28584.0,28546.5,28549.75,3625
2026-07-31 09:30:00-04:00,28681.5,28709.5,28542.5,28576.5,19513
2026-07-31 09:35:00-04:00,28561.0,28725.75,28556.0,28682.25,16897
2026-07-31 09:40:00-04:00,28419.0,28578.25,28415.75,28562.5,15897
2026-07-31 09:45:00-04:00,28360.5,28472.75,28319.75,28420.0,18165
2026-07-31 09:50:00-04:00,28333.0,28407.5,28295.5,28361.0,15624
2026-07-31 09:55:00-04:00,28360.5,28414.5,28311.25,28333.0,12855
2026-07-31 10:00:00-04:00,28241.75,28393.0,28239.75,28356.75,12786
2026-07-31 10:05:00-04:00,28152.75,28272.0,28122.75,28242.75,16241
2026-07-31 10:10:00-04:00,28137.5,28192.0,28100.5,28154.0,15340
2026-07-31 10:15:00-04:00,28177.5,28214.5,28079.75,28137.0,15426
2026-07-31 10:20:00-04:00,28196.0,28248.0,28157.0,28177.0,12626
2026-07-31 10:25:00-04:00,28249.75,28258.75,28162.5,28194.0,9548
2026-07-31 10:30:00-04:00,28237.0,28281.75,28211.75,28249.5,9331
2026-07-31 10:35:00-04:00,28270.25,28292.75,28234.75,28236.75,6442
2026-07-31 10:40:00-04:00,28268.75,28296.0,28211.75,28270.0,7197
2026-07-31 10:45:00-04:00,28332.5,28338.75,28237.0,28268.25,9824
2026-07-31 10:50:00-04:00,28298.25,28345.5,28289.75,28333.5,6856
2026-07-31 10:55:00-04:00,28307.5,28333.75,28255.25,28298.75,7967
2026-07-31 11:00:00-04:00,28321.75,28328.0,28273.75,28308.75,5997
2026-07-31 11:05:00-04:00,28277.0,28342.25,28256.75,28322.0,6227
2026-07-31 11:10:00-04:00,28269.0,28299.75,28214.75,28277.0,7514
2026-07-31 11:15:00-04:00,28261.25,28339.25,28236.25,28269.25,6493
2026-07-31 11:20:00-04:00,28195.25,28270.5,28193.25,28260.5,5892
2026-07-31 11:25:00-04:00,28151.0,28207.25,28122.25,28196.25,8830
2026-07-31 11:30:00-04:00,28175.0,28179.25,28115.5,28151.25,8190
2026-07-31 11:35:00-04:00,28234.75,28261.0,28171.75,28175.0,7441
2026-07-31 11:40:00-04:00,28215.0,28249.0,28164.0,28235.25,6446
2026-07-31 11:45:00-04:00,28194.5,28225.75,28164.0,28215.25,5322
2026-07-31 11:50:00-04:00,28280.5,28288.0,28189.0,28194.5,6277
2026-07-31 11:55:00-04:00,28274.0,28295.0,28251.25,28280.25,5574
2026-07-31 12:00:00-04:00,28290.5,28308.5,28257.0,28274.0,5702
2026-07-31 12:05:00-04:00,28274.75,28298.0,28243.75,28291.0,4254
2026-07-31 12:10:00-04:00,28300.5,28308.25,28269.0,28273.75,4135
2026-07-31 12:15:00-04:00,28292.25,28310.25,28256.0,28301.5,3890
2026-07-31 12:20:00-04:00,28332.0,28342.5,28286.75,28292.5,4345
2026-07-31 12:25:00-04:00,28363.75,28364.25,28305.25,28332.75,4544
2026-07-31 12:30:00-04:00,28376.75,28388.0,28352.5,28363.75,4527
2026-07-31 12:35:00-04:00,28362.75,28388.75,28355.75,28375.75,3709
2026-07-31 12:40:00-04:00,28321.5,28371.5,28313.75,28363.5,4297
2026-07-31 12:45:00-04:00,28348.0,28349.75,28308.5,28321.5,3655
2026-07-31 12:50:00-04:00,28354.25,28383.75,28344.5,28348.5,3507
2026-07-31 12:55:00-04:00,28367.5,28390.0,28352.0,28353.0,3454
2026-07-31 13:00:00-04:00,28394.75,28409.5,28360.0,28366.75,3764
2026-07-31 13:05:00-04:00,28379.0,28405.0,28364.75,28394.5,3111
2026-07-31 13:10:00-04:00,28402.0,28411.25,28367.75,28379.5,2666
2026-07-31 13:15:00-04:00,28417.75,28422.0,28396.0,28403.0,2706
2026-07-31 13:20:00-04:00,28453.75,28456.0,28397.0,28417.5,3565
2026-07-31 13:25:00-04:00,28461.5,28477.5,28449.75,28454.0,4938
2026-07-31 13:30:00-04:00,28482.0,28485.5,28449.0,28462.5,4025
2026-07-31 13:35:00-04:00,28455.75,28503.0,28454.75,28481.0,4880
2026-07-31 13:40:00-04:00,28457.5,28471.75,28443.25,28454.75,3541
2026-07-31 13:45:00-04:00,28421.0,28475.75,28417.75,28456.25,4164
2026-07-31 13:50:00-04:00,28443.25,28466.25,28415.75,28421.0,3857
2026-07-31 13:55:00-04:00,28429.0,28458.75,28424.5,28444.0,2538
2026-07-31 14:00:00-04:00,28426.0,28459.75,28418.25,28429.0,3127
2026-07-31 14:05:00-04:00,28429.0,28452.25,28414.75,28426.25,2920
2026-07-31 14:10:00-04:00,28403.75,28437.25,28395.25,28428.75,4059
2026-07-31 14:15:00-04:00,28427.25,28446.0,28398.5,28402.75,3056
2026-07-31 14:20:00-04:00,28437.25,28445.5,28420.5,28428.0,2485
2026-07-31 14:25:00-04:00,28422.0,28439.25,28413.0,28437.75,2132
2026-07-31 14:30:00-04:00,28434.75,28448.0,28422.0,28422.0,1930
2026-07-31 14:35:00-04:00,28426.25,28436.75,28415.75,28434.75,2020
2026-07-31 14:40:00-04:00,28432.5,28442.5,28415.5,28426.25,2041
2026-07-31 14:45:00-04:00,28448.0,28449.25,28422.0,28432.5,2009
2026-07-31 14:50:00-04:00,28446.25,28462.0,28443.25,28448.0,2375
2026-07-31 14:55:00-04:00,28433.75,28453.0,28416.5,28446.25,2667
2026-07-31 15:00:00-04:00,28420.5,28458.75,28418.25,28433.5,2932
2026-07-31 15:05:00-04:00,28427.75,28432.5,28405.5,28421.5,2756
2026-07-31 15:10:00-04:00,28433.0,28442.25,28419.0,28427.25,2293
2026-07-31 15:15:00-04:00,28485.5,28487.5,28426.25,28433.5,3803
2026-07-31 15:20:00-04:00,28470.0,28498.0,28467.75,28485.5,4413
2026-07-31 15:25:00-04:00,28475.25,28480.5,28461.0,28469.75,2461
2026-07-31 15:30:00-04:00,28459.75,28480.5,28441.75,28474.5,3876
2026-07-31 15:35:00-04:00,28458.5,28473.5,28451.75,28460.0,3192
2026-07-31 15:40:00-04:00,28476.75,28483.5,28434.5,28458.75,3732
2026-07-31 15:45:00-04:00,28509.25,28510.0,28477.0,28477.0,5468
2026-07-31 15:50:00-04:00,28507.5,28524.0,28473.75,28508.5,8807
2026-07-31 15:55:00-04:00,28402.75,28517.5,28380.0,28507.0,19753
2026-07-31 16:00:00-04:00,28362.5,28434.25,28340.5,28402.75,10016
2026-07-31 16:05:00-04:00,28391.25,28400.25,28347.5,28363.25,3067
2026-07-31 16:10:00-04:00,28393.75,28404.0,28387.75,28391.0,1933
2026-07-31 16:15:00-04:00,28382.0,28395.25,28364.5,28394.0,1766
2026-07-31 16:20:00-04:00,28375.25,28390.25,28375.0,28381.0,712
2026-07-31 16:25:00-04:00,28372.5,28380.0,28362.25,28374.25,816
2026-07-31 16:30:00-04:00,28394.5,28395.0,28356.0,28369.75,1263
2026-07-31 16:35:00-04:00,28392.25,28395.5,28384.5,28394.5,547
2026-07-31 16:40:00-04:00,28382.0,28394.5,28378.25,28391.5,765
2026-07-31 16:45:00-04:00,28381.75,28386.25,28378.25,28381.0,648
2026-07-31 16:50:00-04:00,28342.0,28386.0,28313.75,28382.5,2151
2026-07-31 16:55:00-04:00,28404.25,28404.25,28258.25,28344.25,2140
2026-08-02 18:10:00-04:00,28623.0,28641.25,28599.25,28601.0,920
2026-08-02 18:15:00-04:00,28595.75,28631.5,28582.0,28624.0,938
2026-08-02 18:20:00-04:00,28612.5,28632.5,28596.75,28596.75,1101
2026-08-02 18:25:00-04:00,28613.5,28629.25,28600.25,28612.25,654
2026-08-02 18:30:00-04:00,28613.5,28623.75,28607.5,28615.25,365
2026-08-02 18:35:00-04:00,28614.5,28622.5,28609.75,28612.75,341
2026-08-02 18:40:00-04:00,28600.25,28622.0,28594.25,28613.0,619
2026-08-02 18:45:00-04:00,28587.25,28605.0,28587.25,28599.5,376
2026-08-02 18:50:00-04:00,28585.0,28592.75,28581.5,28589.25,331
2026-08-02 18:55:00-04:00,28570.25,28592.0,28560.25,28585.75,571
2026-08-02 19:00:00-04:00,28576.25,28591.0,28567.5,28568.75,617
2026-08-02 19:05:00-04:00,28553.5,28589.0,28552.75,28578.0,663
2026-08-02 19:10:00-04:00,28556.75,28565.75,28545.0,28553.5,579
2026-08-02 19:15:00-04:00,28561.0,28565.75,28553.0,28556.25,285
2026-08-02 19:20:00-04:00,28589.5,28596.0,28555.0,28562.75,1023
2026-08-02 19:25:00-04:00,28585.25,28594.25,28577.75,28591.0,356
2026-08-02 19:30:00-04:00,28590.0,28605.75,28579.25,28585.5,729
2026-08-02 19:35:00-04:00,28580.75,28591.0,28579.0,28588.25,219
2026-08-02 19:40:00-04:00,28606.0,28610.0,28574.5,28580.0,703
2026-08-02 19:45:00-04:00,28602.5,28612.5,28571.25,28603.5,871
2026-08-02 19:50:00-04:00,28588.75,28637.5,28580.0,28604.0,1495
2026-08-02 19:55:00-04:00,28614.0,28622.0,28576.75,28587.75,978
2026-08-02 20:00:00-04:00,28571.25,28611.0,28562.5,28611.0,1488
2026-08-02 20:05:00-04:00,28595.5,28596.5,28554.5,28571.5,1042
2026-08-02 20:10:00-04:00,28610.5,28615.25,28573.25,28597.75,902
2026-08-02 20:15:00-04:00,28600.0,28630.5,28595.25,28610.75,1095
2026-08-02 20:20:00-04:00,28581.25,28613.5,28579.0,28600.0,691
2026-08-02 20:25:00-04:00,28556.75,28586.5,28537.5,28579.5,1458
2026-08-02 20:30:00-04:00,28583.5,28587.0,28542.5,28554.25,1412
2026-08-02 20:35:00-04:00,28597.25,28611.0,28576.75,28583.75,1011
2026-08-02 20:40:00-04:00,28583.75,28610.25,28575.0,28598.75,941
2026-08-02 20:45:00-04:00,28616.25,28618.25,28572.5,28582.25,977
2026-08-02 20:50:00-04:00,28614.5,28623.5,28582.25,28616.0,856
2026-08-02 20:55:00-04:00,28622.0,28626.0,28605.0,28614.25,561
2026-08-02 21:00:00-04:00,28624.25,28629.0,28601.75,28622.25,931
2026-08-02 21:05:00-04:00,28617.0,28635.0,28604.0,28625.0,1266
2026-08-02 21:10:00-04:00,28592.0,28628.5,28584.75,28616.75,617
2026-08-02 21:15:00-04:00,28569.75,28593.75,28564.25,28590.75,900
2026-08-02 21:20:00-04:00,28589.5,28594.75,28566.25,28569.0,628
2026-08-02 21:25:00-04:00,28609.0,28614.75,28591.0,28591.5,600
2026-08-02 21:30:00-04:00,28598.75,28616.75,28596.0,28607.5,457
2026-08-02 21:35:00-04:00,28599.25,28601.75,28578.0,28596.0,779
2026-08-02 21:40:00-04:00,28630.0,28630.0,28598.0,28602.25,613
2026-08-02 21:45:00-04:00,28622.25,28632.0,28618.5,28630.0,575
2026-08-02 21:50:00-04:00,28632.25,28640.75,28619.25,28621.25,584
2026-08-02 21:55:00-04:00,28644.0,28650.0,28625.5,28631.25,825
2026-08-02 22:00:00-04:00,28654.0,28664.0,28631.0,28644.75,827
2026-08-02 22:05:00-04:00,28639.25,28660.0,28634.25,28655.25,510
2026-08-02 22:10:00-04:00,28662.75,28668.75,28639.0,28640.75,469
2026-08-02 22:15:00-04:00,28674.5,28676.0,28654.75,28661.5,397
2026-08-02 22:20:00-04:00,28662.0,28681.5,28659.5,28676.0,719
2026-08-02 22:25:00-04:00,28640.25,28663.0,28634.5,28662.0,808
2026-08-02 22:30:00-04:00,28661.5,28662.75,28633.75,28640.5,743
2026-08-02 22:35:00-04:00,28657.25,28669.75,28653.5,28663.0,408
2026-08-02 22:40:00-04:00,28644.5,28664.25,28644.5,28656.0,323
2026-08-02 22:45:00-04:00,28646.0,28650.25,28639.25,28646.5,208
2026-08-02 22:50:00-04:00,28657.5,28660.75,28644.5,28646.0,299
2026-08-02 22:55:00-04:00,28660.5,28666.5,28652.5,28657.5,278
2026-08-02 23:00:00-04:00,28661.5,28675.75,28658.75,28662.5,407
2026-08-02 23:05:00-04:00,28667.25,28675.5,28657.5,28662.0,379
2026-08-02 23:10:00-04:00,28664.0,28670.0,28661.75,28667.5,244
2026-08-02 23:15:00-04:00,28671.5,28671.5,28657.5,28665.0,263
2026-08-02 23:20:00-04:00,28645.0,28676.5,28641.25,28672.0,472
2026-08-02 23:25:00-04:00,28645.75,28659.0,28641.5,28644.75,267
2026-08-02 23:30:00-04:00,28653.5,28658.5,28640.0,28647.0,315
2026-08-02 23:35:00-04:00,28664.0,28667.75,28650.0,28654.0,238
2026-08-02 23:40:00-04:00,28671.75,28674.0,28662.5,28665.0,296
2026-08-02 23:45:00-04:00,28675.5,28675.75,28665.25,28672.75,207
2026-08-02 23:50:00-04:00,28692.75,28698.25,28674.0,28675.5,725
2026-08-02 23:55:00-04:00,28674.5,28692.75,28672.25,28692.25,291
2026-08-03 00:00:00-04:00,28661.75,28672.0,28660.0,28669.0,312
2026-08-03 00:05:00-04:00,28659.5,28667.25,28655.0,28661.25,258
2026-08-03 00:10:00-04:00,28661.75,28662.5,28652.5,28658.5,212
2026-08-03 00:15:00-04:00,28671.0,28672.75,28662.75,28662.75,220
2026-08-03 00:20:00-04:00,28682.75,28685.25,28667.75,28670.5,265
2026-08-03 00:25:00-04:00,28683.25,28688.5,28677.5,28683.25,257
2026-08-03 00:30:00-04:00,28675.0,28686.0,28673.5,28682.75,250
2026-08-03 00:35:00-04:00,28673.5,28681.5,28673.5,28675.0,138
2026-08-03 00:40:00-04:00,28674.25,28675.25,28666.5,28672.5,242
2026-08-03 00:45:00-04:00,28680.75,28688.25,28668.25,28673.75,278
2026-08-03 00:50:00-04:00,28660.25,28682.0,28658.0,28681.0,266
2026-08-03 00:55:00-04:00,28651.0,28663.25,28648.5,28662.25,281
2026-08-03 01:00:00-04:00,28651.0,28666.25,28645.75,28650.75,367
2026-08-03 01:05:00-04:00,28641.75,28650.0,28634.0,28650.0,480
2026-08-03 01:10:00-04:00,28638.5,28659.0,28636.5,28641.0,380
2026-08-03 01:15:00-04:00,28625.25,28638.75,28622.5,28638.75,498
2026-08-03 01:20:00-04:00,28636.25,28637.5,28625.75,28625.75,229
2026-08-03 01:25:00-04:00,28638.25,28648.75,28632.5,28635.25,410
2026-08-03 01:30:00-04:00,28635.0,28648.0,28634.0,28636.75,211
2026-08-03 01:35:00-04:00,28642.5,28646.75,28628.25,28634.75,206
2026-08-03 01:40:00-04:00,28634.5,28649.75,28632.5,28641.5,304
2026-08-03 01:45:00-04:00,28639.75,28645.25,28633.25,28634.5,212
2026-08-03 01:50:00-04:00,28621.75,28639.75,28617.0,28639.75,383
2026-08-03 01:55:00-04:00,28641.25,28641.75,28621.75,28622.0,328
2026-08-03 02:00:00-04:00,28649.5,28655.5,28631.5,28642.0,680
2026-08-03 02:05:00-04:00,28640.25,28656.5,28632.25,28651.25,550
2026-08-03 02:10:00-04:00,28642.25,28661.0,28640.0,28641.75,445
2026-08-03 02:15:00-04:00,28640.75,28645.75,28633.5,28641.0,299
2026-08-03 02:20:00-04:00,28631.5,28652.0,28631.5,28639.25,434
2026-08-03 02:25:00-04:00,28625.75,28632.5,28618.5,28632.5,522
2026-08-03 02:30:00-04:00,28638.0,28645.0,28624.25,28627.0,403
2026-08-03 02:35:00-04:00,28620.0,28641.75,28610.0,28635.75,389
2026-08-03 02:40:00-04:00,28609.0,28622.75,28609.0,28620.75,444
2026-08-03 02:45:00-04:00,28597.5,28618.75,28595.75,28609.75,670
2026-08-03 02:50:00-04:00,28596.5,28601.0,28585.25,28598.0,571
2026-08-03 02:55:00-04:00,28593.25,28596.5,28575.75,28596.0,560
2026-08-03 03:00:00-04:00,28599.0,28605.75,28563.75,28594.25,1062
2026-08-03 03:05:00-04:00,28612.0,28628.75,28599.0,28599.0,758
2026-08-03 03:10:00-04:00,28617.5,28634.5,28609.5,28613.0,620
2026-08-03 03:15:00-04:00,28583.5,28631.0,28569.25,28618.75,1497
2026-08-03 03:20:00-04:00,28601.25,28609.5,28576.75,28583.0,639
2026-08-03 03:25:00-04:00,28604.0,28609.25,28584.0,28601.25,457
2026-08-03 03:30:00-04:00,28605.5,28609.75,28595.75,28604.5,322
2026-08-03 03:35:00-04:00,28582.25,28615.5,28580.0,28605.0,482
2026-08-03 03:40:00-04:00,28564.25,28582.75,28560.25,28581.75,532
2026-08-03 03:45:00-04:00,28576.0,28587.5,28561.0,28563.0,342
2026-08-03 03:50:00-04:00,28570.25,28577.5,28558.5,28576.75,329
2026-08-03 03:55:00-04:00,28588.25,28589.5,28567.0,28572.5,435
2026-08-03 04:00:00-04:00,28533.5,28591.0,28526.5,28588.0,1202
2026-08-03 04:05:00-04:00,28540.0,28548.75,28518.5,28535.25,860
2026-08-03 04:10:00-04:00,28561.25,28564.0,28537.75,28541.25,580
2026-08-03 04:15:00-04:00,28512.5,28564.25,28511.75,28560.0,825
2026-08-03 04:20:00-04:00,28495.0,28521.25,28488.75,28514.0,852
2026-08-03 04:25:00-04:00,28488.0,28497.0,28473.25,28492.5,754
2026-08-03 04:30:00-04:00,28483.25,28495.5,28471.75,28487.25,560
2026-08-03 04:35:00-04:00,28537.5,28539.75,28483.75,28484.0,828
2026-08-03 04:40:00-04:00,28537.25,28555.0,28527.25,28537.0,675
2026-08-03 04:45:00-04:00,28546.0,28553.5,28527.0,28536.25,591
2026-08-03 04:50:00-04:00,28559.5,28566.0,28541.5,28544.25,611
2026-08-03 04:55:00-04:00,28594.0,28595.0,28561.25,28561.25,1208
2026-08-03 05:00:00-04:00,28570.25,28601.0,28568.25,28594.75,950
2026-08-03 05:05:00-04:00,28573.25,28595.25,28568.0,28570.75,372
2026-08-03 05:10:00-04:00,28558.75,28575.25,28543.0,28571.75,607
2026-08-03 05:15:00-04:00,28573.5,28582.25,28556.0,28559.0,441
2026-08-03 05:20:00-04:00,28552.25,28575.75,28552.25,28573.75,330
2026-08-03 05:25:00-04:00,28556.75,28560.0,28547.25,28553.0,393
2026-08-03 05:30:00-04:00,28555.75,28566.0,28547.25,28556.75,338
2026-08-03 05:35:00-04:00,28552.0,28576.5,28547.0,28557.0,473
2026-08-03 05:40:00-04:00,28545.75,28562.5,28543.5,28552.5,412
2026-08-03 05:45:00-04:00,28545.25,28560.25,28538.5,28546.25,362
2026-08-03 05:50:00-04:00,28542.5,28547.25,28521.0,28545.25,634
2026-08-03 05:55:00-04:00,28559.0,28563.25,28536.0,28542.75,465
2026-08-03 06:00:00-04:00,28549.25,28565.25,28536.5,28559.25,525
2026-08-03 06:05:00-04:00,28541.25,28550.5,28536.5,28548.0,326
2026-08-03 06:10:00-04:00,28527.25,28544.5,28526.0,28543.0,444
2026-08-03 06:15:00-04:00,28525.25,28540.0,28520.0,28525.5,509
2026-08-03 06:20:00-04:00,28493.5,28527.75,28491.25,28526.75,825
2026-08-03 06:25:00-04:00,28508.0,28511.5,28488.5,28494.0,626
2026-08-03 06:30:00-04:00,28522.5,28523.25,28490.0,28508.0,442
2026-08-03 06:35:00-04:00,28526.5,28531.5,28511.75,28523.25,508
2026-08-03 06:40:00-04:00,28527.75,28528.75,28514.0,28526.0,232
2026-08-03 06:45:00-04:00,28520.25,28536.25,28519.5,28526.75,378
2026-08-03 06:50:00-04:00,28528.75,28532.5,28514.25,28521.0,377
2026-08-03 06:55:00-04:00,28541.0,28546.5,28527.75,28528.25,455
2026-08-03 07:00:00-04:00,28500.0,28547.0,28481.25,28541.25,1362
2026-08-03 07:05:00-04:00,28479.0,28503.25,28465.25,28497.75,778
2026-08-03 07:10:00-04:00,28487.25,28489.5,28474.0,28477.75,460
2026-08-03 07:15:00-04:00,28503.5,28513.0,28481.0,28487.5,627
2026-08-03 07:20:00-04:00,28489.5,28510.5,28486.75,28503.25,436
2026-08-03 07:25:00-04:00,28468.75,28493.25,28468.75,28489.25,621
2026-08-03 07:30:00-04:00,28506.25,28511.25,28466.0,28468.75,652
2026-08-03 07:35:00-04:00,28460.75,28512.5,28457.25,28505.75,908
2026-08-03 07:40:00-04:00,28474.5,28476.5,28450.5,28459.25,888
2026-08-03 07:45:00-04:00,28458.25,28477.0,28442.5,28475.25,1055
2026-08-03 07:50:00-04:00,28412.0,28457.0,28409.5,28457.0,1419
2026-08-03 07:55:00-04:00,28420.25,28422.0,28403.5,28411.5,961
2026-08-03 08:00:00-04:00,28395.5,28420.25,28389.5,28420.25,1555
2026-08-03 08:05:00-04:00,28416.75,28419.5,28383.5,28395.25,1306
2026-08-03 08:10:00-04:00,28434.75,28435.75,28406.75,28416.0,1182
2026-08-03 08:15:00-04:00,28441.25,28447.0,28424.25,28435.5,1374
2026-08-03 08:20:00-04:00,28436.0,28458.75,28432.75,28440.5,1225
2026-08-03 08:25:00-04:00,28449.0,28461.75,28421.75,28434.5,1063
2026-08-03 08:30:00-04:00,28454.5,28462.25,28440.0,28450.0,1024
2026-08-03 08:35:00-04:00,28447.0,28456.5,28440.0,28453.5,1009
2026-08-03 08:40:00-04:00,28487.25,28487.75,28437.75,28446.75,1490
2026-08-03 08:45:00-04:00,28458.25,28491.5,28455.0,28487.5,1014
2026-08-03 08:50:00-04:00,28471.0,28475.0,28442.0,28458.25,843
2026-08-03 08:55:00-04:00,28459.25,28479.25,28453.5,28469.0,689
2026-08-03 09:00:00-04:00,28465.75,28472.0,28440.0,28459.25,1113
2026-08-03 09:05:00-04:00,28459.5,28477.5,28456.5,28466.0,1070
2026-08-03 09:10:00-04:00,28460.0,28468.0,28444.0,28459.25,1267
2026-08-03 09:15:00-04:00,28486.75,28494.25,28459.5,28460.25,1666
2026-08-03 09:20:00-04:00,28472.0,28489.5,28461.75,28487.5,1270
2026-08-03 09:25:00-04:00,28418.5,28470.5,28396.5,28470.5,4452
2026-08-03 09:30:00-04:00,28380.75,28435.25,28313.5,28418.5,19776
2026-08-03 09:35:00-04:00,28502.25,28540.0,28374.0,28380.5,16115
2026-08-03 09:40:00-04:00,28494.0,28522.5,28416.75,28502.5,11440
2026-08-03 09:45:00-04:00,28474.25,28539.0,28443.25,28495.0,11790
2026-08-03 09:50:00-04:00,28523.5,28525.5,28456.5,28474.5,7691
2026-08-03 09:55:00-04:00,28626.25,28628.0,28513.25,28524.5,10156
2026-08-03 10:00:00-04:00,28552.75,28626.5,28534.5,28623.75,11190
2026-08-03 10:05:00-04:00,28572.0,28597.5,28529.5,28553.5,7234
2026-08-03 10:10:00-04:00,28572.25,28616.25,28557.5,28571.75,8598
2026-08-03 10:15:00-04:00,28613.5,28638.5,28558.75,28571.25,7505
2026-08-03 10:20:00-04:00,28661.5,28666.0,28605.75,28614.25,6975
2026-08-03 10:25:00-04:00,28678.5,28684.0,28638.75,28662.0,7323
2026-08-03 10:30:00-04:00,28684.75,28692.0,28661.5,28677.5,6046
2026-08-03 10:35:00-04:00,28716.0,28733.0,28683.0,28685.25,7363
2026-08-03 10:40:00-04:00,28708.0,28735.0,28702.5,28717.0,5078
2026-08-03 10:45:00-04:00,28738.75,28744.5,28699.75,28708.0,5861
2026-08-03 10:50:00-04:00,28779.5,28798.25,28731.5,28738.25,9768
2026-08-03 10:55:00-04:00,28801.75,28803.75,28779.5,28779.5,6729
2026-08-03 11:00:00-04:00,28791.25,28802.25,28781.0,28801.0,4342
2026-08-03 11:05:00-04:00,28766.75,28796.0,28760.0,28791.25,4821
2026-08-03 11:10:00-04:00,28758.25,28781.0,28747.5,28766.5,5029
2026-08-03 11:15:00-04:00,28780.5,28787.25,28755.0,28757.0,3925
2026-08-03 11:20:00-04:00,28780.75,28798.75,28769.5,28781.25,3897
2026-08-03 11:25:00-04:00,28734.25,28793.0,28722.0,28780.0,6661
2026-08-03 11:30:00-04:00,28764.5,28780.0,28731.75,28734.25,5760
2026-08-03 11:35:00-04:00,28767.0,28778.25,28746.25,28764.75,3399
2026-08-03 11:40:00-04:00,28782.5,28788.5,28764.75,28766.25,3520
2026-08-03 11:45:00-04:00,28785.0,28796.0,28776.75,28781.75,3389
2026-08-03 11:50:00-04:00,28805.0,28814.5,28775.0,28785.25,3682
2026-08-03 11:55:00-04:00,28792.5,28805.75,28779.5,28804.25,3342
2026-08-03 12:00:00-04:00,28806.5,28815.75,28790.0,28792.5,4236
2026-08-03 12:05:00-04:00,28812.75,28821.25,28799.5,28806.75,3785
2026-08-03 12:10:00-04:00,28815.5,28818.5,28800.75,28812.75,2534
2026-08-03 12:15:00-04:00,28844.75,28847.25,28812.5,28814.25,3595
2026-08-03 12:20:00-04:00,28833.5,28846.5,28827.0,28845.25,3370
2026-08-03 12:25:00-04:00,28837.0,28839.75,28825.25,28833.5,3233
2026-08-03 12:30:00-04:00,28835.0,28844.75,28823.5,28837.0,2653
2026-08-03 12:35:00-04:00,28822.5,28838.25,28816.0,28835.25,2577
2026-08-03 12:40:00-04:00,28833.75,28835.5,28811.75,28822.0,2896
2026-08-03 12:45:00-04:00,28832.75,28843.0,28830.5,28834.25,2216
2026-08-03 12:50:00-04:00,28823.0,28843.75,28819.0,28832.75,2318
2026-08-03 12:55:00-04:00,28822.5,28833.75,28820.0,28823.25,1706
2026-08-03 13:00:00-04:00,28827.75,28832.25,28813.0,28822.75,2441
2026-08-03 13:05:00-04:00,28837.25,28841.75,28823.75,28827.0,2001
2026-08-03 13:10:00-04:00,28857.5,28863.75,28836.25,28836.25,3439
2026-08-03 13:15:00-04:00,28870.5,28870.75,28855.75,28857.75,2952
2026-08-03 13:20:00-04:00,28878.75,28881.75,28860.25,28870.0,3341
2026-08-03 13:25:00-04:00,28885.75,28890.5,28872.5,28879.25,2638
2026-08-03 13:30:00-04:00,28891.5,28894.0,28875.0,28885.5,3029
2026-08-03 13:35:00-04:00,28878.75,28894.0,28877.75,28891.5,2312
2026-08-03 13:40:00-04:00,28885.5,28888.0,28874.5,28879.0,2159
2026-08-03 13:45:00-04:00,28892.0,28897.25,28884.75,28885.75,2705
2026-08-03 13:50:00-04:00,28899.25,28899.75,28890.25,28892.25,2179
2026-08-03 13:55:00-04:00,28917.5,28921.75,28898.5,28899.0,4599
2026-08-03 14:00:00-04:00,28945.5,28946.75,28917.5,28917.5,5381
2026-08-03 14:05:00-04:00,28954.25,28958.0,28941.0,28946.25,4191
2026-08-03 14:10:00-04:00,28940.0,28964.25,28934.5,28954.75,4230
2026-08-03 14:15:00-04:00,28928.75,28958.75,28925.5,28940.5,3371
2026-08-03 14:20:00-04:00,28921.5,28934.75,28919.0,28928.75,3334
2026-08-03 14:25:00-04:00,28892.75,28926.75,28890.25,28920.25,3970
2026-08-03 14:30:00-04:00,28893.0,28907.0,28884.75,28892.0,3845
2026-08-03 14:35:00-04:00,28889.75,28902.25,28882.75,28893.0,2687
2026-08-03 14:40:00-04:00,28913.0,28914.25,28886.0,28890.5,2422
2026-08-03 14:45:00-04:00,28921.5,28923.25,28892.25,28913.25,3340
2026-08-03 14:50:00-04:00,28915.25,28926.0,28909.75,28921.5,2559
2026-08-03 14:55:00-04:00,28907.0,28918.5,28904.25,28915.25,2170
2026-08-03 15:00:00-04:00,28934.0,28943.75,28906.25,28907.5,4169
2026-08-03 15:05:00-04:00,28909.0,28936.75,28903.5,28934.0,3144
2026-08-03 15:10:00-04:00,28900.0,28920.0,28895.0,28908.75,2684
2026-08-03 15:15:00-04:00,28923.25,28924.75,28898.5,28899.5,3442
2026-08-03 15:20:00-04:00,28916.5,28926.5,28910.75,28923.25,2511
2026-08-03 15:25:00-04:00,28912.75,28924.0,28908.0,28916.0,2781
2026-08-03 15:30:00-04:00,28911.75,28926.0,28904.0,28912.75,3223
2026-08-03 15:35:00-04:00,28905.25,28923.5,28901.75,28912.0,3007
2026-08-03 15:40:00-04:00,28914.75,28919.5,28899.5,28905.25,3276
2026-08-03 15:45:00-04:00,28916.0,28921.5,28902.0,28915.25,3289
2026-08-03 15:50:00-04:00,28899.5,28935.5,28888.75,28915.25,8196
2026-08-03 15:55:00-04:00,28900.25,28904.75,28865.25,28899.25,16823
2026-08-03 16:00:00-04:00,28884.75,28902.25,28878.25,28900.75,4680
2026-08-03 16:05:00-04:00,28908.5,28912.75,28883.5,28883.75,2357
2026-08-03 16:10:00-04:00,28911.0,28917.25,28904.75,28908.5,1149
2026-08-03 16:15:00-04:00,28928.25,28930.0,28910.5,28910.75,1039
2026-08-03 16:20:00-04:00,28921.0,28945.0,28920.75,28929.75,1014
2026-08-03 16:25:00-04:00,28913.75,28926.25,28912.0,28921.75,705
2026-08-03 16:30:00-04:00,28914.5,28921.5,28909.75,28913.25,783
2026-08-03 16:35:00-04:00,28923.75,28928.5,28914.25,28914.25,506
2026-08-03 16:40:00-04:00,28929.5,28931.75,28922.25,28923.25,482
2026-08-03 16:45:00-04:00,28921.0,28931.5,28918.5,28929.75,479
2026-08-03 16:50:00-04:00,28919.75,28922.25,28914.5,28921.25,415
2026-08-03 16:55:00-04:00,28929.25,28929.5,28919.0,28919.5,376
2026-08-03 18:00:00-04:00,28929.0,28943.5,28919.0,28930.0,0
2026-08-03 18:05:00-04:00,28941.0,28945.0,28927.0,28929.0,380
2026-08-03 18:10:00-04:00,28927.75,28950.75,28922.25,28940.25,685
2026-08-03 18:15:00-04:00,28945.0,28948.5,28927.75,28927.75,418
2026-08-03 18:20:00-04:00,28945.5,28947.5,28937.25,28945.0,151
2026-08-03 18:25:00-04:00,28944.0,28946.5,28938.0,28944.5,123
2026-08-03 18:30:00-04:00,28951.5,28958.75,28932.25,28941.5,429
2026-08-03 18:35:00-04:00,28950.0,28955.25,28938.0,28949.75,412
2026-08-03 18:40:00-04:00,28957.75,28962.25,28951.75,28952.5,518
2026-08-03 18:45:00-04:00,28946.25,28956.75,28941.25,28956.5,503
2026-08-03 18:50:00-04:00,28951.25,28952.75,28941.25,28946.25,316
2026-08-03 18:55:00-04:00,28945.75,28952.5,28944.5,28950.75,142
2026-08-03 19:00:00-04:00,28940.75,28947.75,28935.75,28944.0,446
2026-08-03 19:05:00-04:00,28936.75,28942.75,28930.25,28939.5,296
2026-08-03 19:10:00-04:00,28938.5,28941.5,28934.75,28938.0,205
2026-08-03 19:15:00-04:00,28952.0,28956.75,28938.25,28938.25,377
2026-08-03 19:20:00-04:00,28947.25,28958.75,28947.25,28952.0,283
2026-08-03 19:25:00-04:00,28948.75,28951.25,28941.5,28947.25,235
2026-08-03 19:30:00-04:00,28955.25,28959.75,28941.25,28947.75,242
2026-08-03 19:35:00-04:00,28936.5,28957.0,28934.0,28956.5,382
2026-08-03 19:40:00-04:00,28941.75,28946.5,28937.0,28937.25,245
2026-08-03 19:45:00-04:00,28955.25,28964.0,28939.5,28941.75,592
2026-08-03 19:50:00-04:00,28951.5,28963.0,28947.0,28957.5,475
2026-08-03 19:55:00-04:00,28971.0,28972.25,28949.0,28952.5,487
2026-08-03 20:00:00-04:00,28968.75,28976.25,28940.75,28971.25,1288
2026-08-03 20:05:00-04:00,28961.25,28973.75,28948.25,28967.25,839
2026-08-03 20:10:00-04:00,28930.75,28961.75,28927.25,28961.5,924
2026-08-03 20:15:00-04:00,28914.25,28932.75,28903.25,28932.25,1028
2026-08-03 20:20:00-04:00,28913.0,28926.5,28900.5,28912.25,718
2026-08-03 20:25:00-04:00,28905.75,28922.75,28902.5,28912.75,736
2026-08-03 20:30:00-04:00,28884.5,28907.75,28881.25,28905.5,1036
2026-08-03 20:35:00-04:00,28882.25,28889.75,28871.75,28882.75,1183
2026-08-03 20:40:00-04:00,28891.25,28896.0,28864.25,28881.75,1050
2026-08-03 20:45:00-04:00,28891.0,28900.0,28870.25,28892.25,829
2026-08-03 20:50:00-04:00,28893.0,28908.25,28883.25,28892.0,787
2026-08-03 20:55:00-04:00,28876.75,28899.0,28868.0,28894.0,1044
2026-08-03 21:00:00-04:00,28849.75,28877.25,28831.75,28876.0,1971
2026-08-03 21:05:00-04:00,28852.0,28863.5,28838.5,28847.25,865
2026-08-03 21:10:00-04:00,28858.5,28872.0,28851.25,28856.75,648
2026-08-03 21:15:00-04:00,28877.0,28880.0,28851.5,28859.75,755
2026-08-03 21:20:00-04:00,28884.5,28893.75,28875.25,28876.75,893
2026-08-03 21:25:00-04:00,28901.5,28902.5,28873.5,28884.5,721
2026-08-03 21:30:00-04:00,28923.5,28925.0,28899.25,28901.0,897
2026-08-03 21:35:00-04:00,28906.75,28933.5,28904.5,28924.75,1012
2026-08-03 21:40:00-04:00,28942.75,28943.5,28905.5,28907.25,710
2026-08-03 21:45:00-04:00,28965.5,28971.0,28941.75,28943.0,1093
2026-08-03 21:50:00-04:00,29039.0,29048.0,28964.75,28964.75,2855
2026-08-03 21:55:00-04:00,29041.25,29045.0,29025.5,29038.75,854
2026-08-03 22:00:00-04:00,29012.5,29044.75,29011.5,29041.75,1026
2026-08-03 22:05:00-04:00,28995.5,29013.75,28980.75,29012.25,1243
2026-08-03 22:10:00-04:00,28971.0,29000.25,28967.5,29000.0,1192
2026-08-03 22:15:00-04:00,28970.25,28976.75,28959.0,28970.0,908
2026-08-03 22:20:00-04:00,28965.5,28978.0,28942.5,28970.0,979
2026-08-03 22:25:00-04:00,28949.5,28969.75,28947.0,28963.25,395
2026-08-03 22:30:00-04:00,28970.5,28982.0,28948.5,28948.5,751
2026-08-03 22:35:00-04:00,28985.0,28994.5,28968.0,28973.5,880
2026-08-03 22:40:00-04:00,28985.75,28993.5,28975.25,28984.25,564
2026-08-03 22:45:00-04:00,28971.5,28987.5,28960.0,28985.75,687
2026-08-03 22:50:00-04:00,28987.5,28992.0,28965.25,28971.0,453
2026-08-03 22:55:00-04:00,28972.75,28988.0,28970.25,28986.75,314
2026-08-03 23:00:00-04:00,28966.25,28992.0,28963.75,28972.5,563
2026-08-03 23:05:00-04:00,28959.25,28971.75,28950.0,28969.5,559
2026-08-03 23:10:00-04:00,28941.25,28960.0,28932.75,28958.5,671
2026-08-03 23:15:00-04:00,28944.0,28952.25,28931.75,28942.75,699
2026-08-03 23:20:00-04:00,28971.75,28976.0,28939.25,28943.25,734
2026-08-03 23:25:00-04:00,28976.75,28986.0,28967.5,28971.75,448
2026-08-03 23:30:00-04:00,28996.5,29004.5,28977.0,28977.25,729
2026-08-03 23:35:00-04:00,28988.5,28999.25,28984.5,28995.25,314
2026-08-03 23:40:00-04:00,28968.75,28989.5,28958.25,28989.5,534
2026-08-03 23:45:00-04:00,28983.0,28985.75,28957.75,28967.0,531
2026-08-03 23:50:00-04:00,28984.0,28990.75,28979.75,28982.5,277
2026-08-03 23:55:00-04:00,29003.5,29005.5,28982.5,28989.0,340
2026-08-04 00:05:00-04:00,28990.25,28995.25,28987.75,28990.75,726
2026-08-04 00:10:00-04:00,28974.5,28989.25,28968.5,28989.25,378
2026-08-04 00:15:00-04:00,29006.0,29009.75,28976.25,28977.25,423
2026-08-04 00:20:00-04:00,29007.5,29008.75,28998.75,29006.5,211
2026-08-04 00:25:00-04:00,29007.5,29015.25,29004.5,29007.5,251
2026-08-04 00:30:00-04:00,29008.25,29014.5,29005.5,29009.25,126
2026-08-04 00:35:00-04:00,28998.25,29008.25,28997.5,29004.25,222
2026-08-04 00:40:00-04:00,28999.5,29004.25,28995.75,28998.0,208
2026-08-04 00:45:00-04:00,29009.75,29010.5,28994.75,28997.5,167
2026-08-04 00:50:00-04:00,29018.75,29023.0,29004.75,29010.5,243
2026-08-04 00:55:00-04:00,29015.5,29023.25,29002.75,29018.0,189
2026-08-04 01:00:00-04:00,29002.0,29022.25,28993.25,29016.25,420
2026-08-04 01:05:00-04:00,29005.5,29008.75,28994.75,29003.5,162
2026-08-04 01:10:00-04:00,28987.75,29005.5,28978.25,29005.25,652
2026-08-04 01:15:00-04:00,29004.25,29004.25,28983.0,28987.75,412
2026-08-04 01:20:00-04:00,29019.25,29019.25,29001.0,29004.25,382
2026-08-04 01:25:00-04:00,29026.5,29032.25,29006.0,29019.75,507
2026-08-04 01:30:00-04:00,29041.0,29044.75,29025.0,29025.25,554
2026-08-04 01:35:00-04:00,29049.75,29074.75,29040.75,29041.0,1089
2026-08-04 01:40:00-04:00,29058.5,29062.75,29046.0,29048.75,325
2026-08-04 01:45:00-04:00,29050.25,29058.0,29043.5,29056.25,300
2026-08-04 01:50:00-04:00,29058.5,29065.0,29042.5,29049.25,358
2026-08-04 01:55:00-04:00,29072.25,29074.25,29054.25,29058.5,279
2026-08-04 02:00:00-04:00,29076.75,29081.75,29067.25,29073.5,726
2026-08-04 02:05:00-04:00,29082.25,29089.25,29068.5,29075.5,531
2026-08-04 02:10:00-04:00,29089.0,29092.5,29079.75,29080.75,499
2026-08-04 02:15:00-04:00,29082.25,29093.5,29076.5,29089.0,575
2026-08-04 02:20:00-04:00,29086.25,29095.25,29079.0,29082.25,441
2026-08-04 02:25:00-04:00,29081.5,29098.75,29079.75,29085.5,488
2026-08-04 02:30:00-04:00,29071.0,29090.0,29070.0,29081.25,596
2026-08-04 02:35:00-04:00,29058.25,29071.5,29049.25,29071.5,547
2026-08-04 02:40:00-04:00,29054.75,29060.0,29042.5,29055.75,303
2026-08-04 02:45:00-04:00,29057.75,29063.5,29051.75,29055.0,324
2026-08-04 02:50:00-04:00,29062.5,29064.25,29054.0,29057.25,234
2026-08-04 02:55:00-04:00,29073.75,29074.0,29053.0,29062.5,316
2026-08-04 03:00:00-04:00,29094.75,29100.25,29070.25,29072.0,1401
2026-08-04 03:05:00-04:00,29055.0,29096.5,29053.75,29094.75,899
2026-08-04 03:10:00-04:00,29069.0,29070.5,29036.5,29053.75,1324
2026-08-04 03:15:00-04:00,29069.0,29087.0,29062.25,29069.75,949
2026-08-04 03:20:00-04:00,29091.75,29091.75,29066.25,29073.0,519
2026-08-04 03:25:00-04:00,29099.0,29109.0,29089.5,29091.5,724
2026-08-04 03:30:00-04:00,29104.25,29119.25,29097.5,29099.75,955
2026-08-04 03:35:00-04:00,29087.5,29104.25,29080.0,29104.25,415
2026-08-04 03:40:00-04:00,29081.5,29093.0,29074.25,29087.5,515
2026-08-04 03:45:00-04:00,29105.0,29109.75,29079.25,29080.25,431
2026-08-04 03:50:00-04:00,29077.0,29105.75,29074.5,29104.0,579
2026-08-04 03:55:00-04:00,29071.25,29079.25,29065.25,29077.0,384
2026-08-04 04:00:00-04:00,29108.5,29117.5,29068.0,29072.0,946
2026-08-04 04:05:00-04:00,29119.75,29124.0,29105.5,29109.75,747
2026-08-04 04:10:00-04:00,29108.0,29118.0,29099.5,29116.75,522
2026-08-04 04:15:00-04:00,29118.0,29125.0,29106.0,29106.0,570
2026-08-04 04:20:00-04:00,29103.25,29131.5,29100.0,29120.0,631
2026-08-04 04:25:00-04:00,29112.0,29112.0,29096.75,29104.5,432
2026-08-04 04:30:00-04:00,29076.25,29111.5,29064.0,29111.5,762
2026-08-04 04:35:00-04:00,29075.75,29081.0,29060.5,29077.0,601
2026-08-04 04:40:00-04:00,29069.5,29077.0,29060.0,29074.5,378
2026-08-04 04:45:00-04:00,29060.0,29067.5,29039.0,29067.5,1178
2026-08-04 04:50:00-04:00,29064.25,29067.0,29056.75,29061.0,379
2026-08-04 04:55:00-04:00,29068.75,29077.5,29061.0,29065.25,661
2026-08-04 05:00:00-04:00,29047.0,29069.0,29039.75,29069.0,468
2026-08-04 05:05:00-04:00,29022.5,29049.5,29016.75,29045.5,726
2026-08-04 05:10:00-04:00,29032.75,29037.25,29011.75,29022.5,645
2026-08-04 05:15:00-04:00,29022.75,29035.5,29007.5,29033.0,530
2026-08-04 05:20:00-04:00,29027.75,29030.5,29014.75,29022.5,502
2026-08-04 05:25:00-04:00,29044.0,29045.25,29020.75,29027.5,606
2026-08-04 05:30:00-04:00,29053.5,29056.75,29042.0,29046.0,422
2026-08-04 05:35:00-04:00,29066.25,29066.25,29050.25,29053.5,552
2026-08-04 05:40:00-04:00,29076.75,29080.75,29066.0,29066.0,461
2026-08-04 05:45:00-04:00,29081.5,29089.25,29061.0,29076.75,936
2026-08-04 05:50:00-04:00,29062.75,29081.0,29057.5,29080.75,300
2026-08-04 05:55:00-04:00,29077.75,29077.75,29059.25,29062.5,202
2026-08-04 06:00:00-04:00,29075.75,29087.0,29067.25,29078.5,328
2026-08-04 06:05:00-04:00,29094.75,29096.75,29072.5,29075.5,372
2026-08-04 06:10:00-04:00,29106.75,29111.75,29090.5,29095.5,584
2026-08-04 06:15:00-04:00,29097.0,29106.5,29085.75,29106.5,832
2026-08-04 06:20:00-04:00,29110.25,29115.25,29090.5,29096.25,490
2026-08-04 06:25:00-04:00,29096.75,29114.25,29094.0,29111.0,350
2026-08-04 06:30:00-04:00,29094.5,29110.25,29093.25,29096.25,1014
2026-08-04 06:35:00-04:00,29086.25,29095.5,29074.0,29092.75,586
2026-08-04 06:40:00-04:00,29120.75,29130.75,29083.5,29086.25,932
2026-08-04 06:45:00-04:00,29132.25,29145.0,29113.5,29120.25,1830
2026-08-04 06:50:00-04:00,29120.25,29133.75,29111.0,29132.5,731
2026-08-04 06:55:00-04:00,29115.5,29124.0,29103.25,29118.75,455
2026-08-04 07:00:00-04:00,29142.25,29147.0,29114.25,29116.75,1026
2026-08-04 07:05:00-04:00,29129.0,29146.25,29125.75,29142.25,533
2026-08-04 07:10:00-04:00,29144.5,29149.75,29119.75,29128.5,690
2026-08-04 07:15:00-04:00,29150.75,29154.0,29139.5,29144.5,797
2026-08-04 07:20:00-04:00,29149.5,29166.75,29149.0,29150.75,841
2026-08-04 07:25:00-04:00,29170.5,29171.5,29148.25,29150.0,698
2026-08-04 07:30:00-04:00,29169.0,29174.5,29160.25,29170.75,586
2026-08-04 07:35:00-04:00,29167.25,29174.75,29159.5,29169.25,757
2026-08-04 07:40:00-04:00,29204.75,29212.5,29150.25,29166.25,2237
2026-08-04 07:45:00-04:00,29216.0,29217.5,29189.75,29203.0,1468
2026-08-04 07:50:00-04:00,29239.5,29245.75,29214.75,29215.25,2436
2026-08-04 07:55:00-04:00,29237.5,29243.25,29222.0,29239.5,1103
2026-08-04 08:00:00-04:00,29224.0,29238.0,29214.0,29238.0,989
2026-08-04 08:05:00-04:00,29217.0,29225.5,29203.25,29222.5,1078
2026-08-04 08:10:00-04:00,29206.25,29218.0,29202.5,29216.5,691
2026-08-04 08:15:00-04:00,29225.25,29227.5,29204.0,29205.5,794
2026-08-04 08:20:00-04:00,29220.0,29234.25,29218.0,29225.75,1107
2026-08-04 08:25:00-04:00,29221.5,29226.0,29216.0,29219.75,534
2026-08-04 08:30:00-04:00,29213.25,29225.75,29199.0,29223.0,1335
2026-08-04 08:35:00-04:00,29215.25,29222.0,29206.0,29212.5,675
2026-08-04 08:40:00-04:00,29219.5,29222.75,29211.25,29215.0,474
2026-08-04 08:45:00-04:00,29199.25,29221.5,29195.5,29219.0,906
2026-08-04 08:50:00-04:00,29194.75,29205.75,29191.0,29198.5,932
2026-08-04 08:55:00-04:00,29202.75,29212.75,29188.0,29194.25,811
2026-08-04 09:00:00-04:00,29218.0,29226.75,29191.25,29203.25,1459
2026-08-04 09:05:00-04:00,29227.75,29231.5,29218.0,29219.0,949
2026-08-04 09:10:00-04:00,29231.0,29235.25,29225.0,29228.25,870
2026-08-04 09:15:00-04:00,29225.25,29236.5,29223.0,29232.0,857
2026-08-04 09:20:00-04:00,29240.75,29282.25,29221.5,29224.5,4390
2026-08-04 09:25:00-04:00,29234.75,29254.25,29218.5,29240.0,3263
2026-08-04 09:30:00-04:00,29382.75,29384.25,29208.25,29234.25,19429
2026-08-04 09:35:00-04:00,29392.5,29413.0,29353.5,29382.0,15446
2026-08-04 09:40:00-04:00,29411.5,29452.75,29383.75,29392.75,13239
2026-08-04 09:45:00-04:00,29459.75,29461.25,29409.75,29410.75,11672
2026-08-04 09:50:00-04:00,29501.5,29503.75,29455.5,29460.0,10388
2026-08-04 09:55:00-04:00,29466.0,29502.5,29425.0,29501.5,9605
2026-08-04 10:00:00-04:00,29486.75,29497.75,29432.0,29465.25,10316
2026-08-04 10:05:00-04:00,29518.5,29533.0,29485.0,29486.5,9239
2026-08-04 10:10:00-04:00,29541.0,29544.25,29506.75,29518.5,6838
2026-08-04 10:15:00-04:00,29523.5,29548.25,29501.75,29540.25,8542
2026-08-04 10:20:00-04:00,29508.5,29524.5,29484.0,29523.25,8071
2026-08-04 10:25:00-04:00,29559.0,29568.5,29505.5,29507.75,8244
2026-08-04 10:30:00-04:00,29543.75,29567.25,29524.75,29558.5,8445
2026-08-04 10:35:00-04:00,29527.25,29572.75,29517.25,29543.75,8559
2026-08-04 10:40:00-04:00,29556.75,29559.0,29521.75,29526.75,5179
2026-08-04 10:45:00-04:00,29545.75,29561.5,29542.25,29557.0,4403
2026-08-04 10:50:00-04:00,29545.25,29556.0,29528.25,29545.75,4037
2026-08-04 10:55:00-04:00,29549.75,29552.0,29523.5,29544.5,5386
2026-08-04 11:00:00-04:00,29585.0,29589.5,29544.0,29549.75,6450
2026-08-04 11:05:00-04:00,29594.25,29595.75,29566.5,29585.0,5039
2026-08-04 11:10:00-04:00,29618.75,29624.75,29587.5,29594.5,6661
2026-08-04 11:15:00-04:00,29632.25,29635.25,29613.25,29619.0,5619
2026-08-04 11:20:00-04:00,29659.0,29661.75,29630.5,29633.0,6539
2026-08-04 11:25:00-04:00,29639.5,29663.5,29634.25,29658.25,5113
2026-08-04 11:30:00-04:00,29629.25,29645.5,29622.0,29639.0,3800
2026-08-04 11:35:00-04:00,29668.25,29682.5,29628.0,29629.25,7150
2026-08-04 11:40:00-04:00,29677.0,29679.0,29655.75,29667.0,4090
2026-08-04 11:45:00-04:00,29682.75,29690.5,29676.25,29677.75,4409
2026-08-04 11:50:00-04:00,29676.25,29696.75,29673.25,29682.75,4859
2026-08-04 11:55:00-04:00,29671.0,29685.5,29667.5,29676.75,2896
2026-08-04 12:00:00-04:00,29687.5,29700.0,29669.5,29671.0,4124
2026-08-04 12:05:00-04:00,29676.0,29697.5,29675.25,29688.0,2960
2026-08-04 12:10:00-04:00,29674.5,29685.0,29661.25,29676.25,3242
2026-08-04 12:15:00-04:00,29705.25,29708.25,29673.75,29674.5,3585
2026-08-04 12:20:00-04:00,29715.5,29719.75,29702.75,29705.5,3784
2026-08-04 12:25:00-04:00,29706.5,29716.25,29703.75,29715.25,2585
2026-08-04 12:30:00-04:00,29721.25,29726.0,29695.0,29706.5,3687
2026-08-04 12:35:00-04:00,29715.25,29731.75,29708.25,29721.25,3564
2026-08-04 12:40:00-04:00,29726.25,29730.25,29705.25,29714.5,3860
2026-08-04 12:45:00-04:00,29743.0,29743.0,29726.25,29726.75,4231
2026-08-04 12:50:00-04:00,29736.5,29744.5,29734.25,29742.75,2892
2026-08-04 12:55:00-04:00,29742.75,29744.5,29732.0,29736.5,2373
2026-08-04 13:00:00-04:00,29781.0,29782.75,29739.25,29742.75,6420
2026-08-04 13:05:00-04:00,29785.5,29794.75,29770.0,29781.5,4495
2026-08-04 13:10:00-04:00,29797.25,29799.75,29782.25,29786.25,3164
2026-08-04 13:15:00-04:00,29790.25,29805.25,29784.75,29797.0,3864
2026-08-04 13:20:00-04:00,29803.0,29806.0,29780.5,29790.5,3446
2026-08-04 13:25:00-04:00,29819.0,29825.75,29801.25,29803.0,4214
2026-08-04 13:30:00-04:00,29820.0,29823.0,29803.5,29819.25,3306
2026-08-04 13:35:00-04:00,29846.75,29848.0,29815.25,29819.0,4257
2026-08-04 13:40:00-04:00,29865.0,29865.5,29845.0,29846.75,4068
2026-08-04 13:45:00-04:00,29880.5,29898.75,29865.25,29865.25,5820
2026-08-04 13:50:00-04:00,29845.75,29880.25,29840.75,29880.25,5279
2026-08-04 13:55:00-04:00,29834.75,29865.0,29833.5,29846.75,4038
2026-08-04 14:00:00-04:00,29818.25,29854.75,29808.0,29835.25,6344
2026-08-04 14:05:00-04:00,29839.0,29847.5,29810.0,29817.75,3693
2026-08-04 14:10:00-04:00,29859.0,29860.25,29823.75,29838.25,3523
2026-08-04 14:15:00-04:00,29868.75,29874.0,29855.0,29859.5,2914
2026-08-04 14:20:00-04:00,29869.75,29884.25,29858.75,29868.25,3996
2026-08-04 14:25:00-04:00,29879.75,29880.0,29860.0,29868.25,1877
2026-08-04 14:30:00-04:00,29872.75,29893.0,29869.0,29880.0,2863
2026-08-04 14:35:00-04:00,29859.5,29877.75,29853.0,29872.75,2697
2026-08-04 14:40:00-04:00,29854.5,29863.5,29839.75,29859.25,3383
2026-08-04 14:45:00-04:00,29882.5,29895.5,29855.0,29855.0,3742
2026-08-04 14:50:00-04:00,29880.75,29895.5,29875.0,29881.75,2631
2026-08-04 14:55:00-04:00,29881.5,29886.75,29874.75,29880.5,2406
2026-08-04 15:00:00-04:00,29913.5,29925.75,29878.25,29881.75,5770
2026-08-04 15:05:00-04:00,29929.25,29931.75,29903.5,29914.5,4058
2026-08-04 15:10:00-04:00,29926.5,29939.25,29921.5,29929.75,3896
2026-08-04 15:15:00-04:00,29940.5,29945.25,29922.5,29926.25,3567
2026-08-04 15:20:00-04:00,29922.75,29943.25,29916.75,29940.0,3413
2026-08-04 15:25:00-04:00,29900.5,29927.25,29888.75,29922.25,4605
2026-08-04 15:30:00-04:00,29913.0,29916.5,29889.0,29901.0,4240
2026-08-04 15:35:00-04:00,29921.75,29931.5,29902.5,29912.5,3585
2026-08-04 15:40:00-04:00,29949.75,29951.0,29919.75,29921.0,4224
2026-08-04 15:45:00-04:00,29921.25,29956.5,29918.75,29949.5,5439
2026-08-04 15:50:00-04:00,29871.0,29932.5,29870.75,29921.5,11452
2026-08-04 15:55:00-04:00,29876.75,29894.5,29847.5,29871.5,23571
2026-08-04 16:00:00-04:00,29877.5,29902.25,29851.5,29875.25,8670
2026-08-04 16:05:00-04:00,29914.5,29949.75,29879.25,29879.25,3711
2026-08-04 16:10:00-04:00,29915.75,29923.5,29893.0,29913.25,2592
2026-08-04 16:15:00-04:00,29780.25,29913.75,29761.25,29913.75,6668
2026-08-04 16:20:00-04:00,29801.5,29836.0,29776.25,29780.75,2832
2026-08-04 16:25:00-04:00,29791.75,29829.0,29785.5,29800.25,1551
2026-08-04 16:30:00-04:00,29778.0,29813.0,29773.75,29790.5,1352
2026-08-04 16:35:00-04:00,29786.75,29789.25,29764.5,29779.75,1408
2026-08-04 16:40:00-04:00,29797.5,29817.25,29781.25,29787.0,1520
2026-08-04 16:45:00-04:00,29819.75,29823.25,29791.5,29797.0,1069
2026-08-04 16:50:00-04:00,29793.75,29820.0,29786.0,29819.25,743
2026-08-04 16:55:00-04:00,29818.25,29826.0,29792.0,29793.25,792
2026-08-04 18:00:00-04:00,29796.0,29813.75,29776.5,29777.25,0
2026-08-04 18:05:00-04:00,29827.0,29838.5,29797.75,29797.75,1049
2026-08-04 18:10:00-04:00,29834.75,29838.0,29824.25,29825.5,380
2026-08-04 18:15:00-04:00,29834.75,29839.75,29826.75,29834.75,416
2026-08-04 18:20:00-04:00,29822.0,29844.25,29819.25,29836.25,508
2026-08-04 18:25:00-04:00,29833.0,29840.0,29810.25,29821.0,531
2026-08-04 18:30:00-04:00,29835.0,29841.0,29824.0,29835.0,457
2026-08-04 18:35:00-04:00,29826.0,29841.75,29822.0,29836.25,750
2026-08-04 18:40:00-04:00,29799.5,29826.25,29794.75,29825.75,781
2026-08-04 18:45:00-04:00,29803.0,29811.5,29792.25,29800.75,426
2026-08-04 18:50:00-04:00,29805.75,29811.25,29800.0,29802.75,233
2026-08-04 18:55:00-04:00,29827.5,29828.0,29803.75,29805.5,460
2026-08-04 19:00:00-04:00,29838.25,29846.75,29809.75,29825.75,772
2026-08-04 19:05:00-04:00,29839.5,29846.75,29834.0,29838.5,373
2026-08-04 19:10:00-04:00,29838.5,29844.75,29833.25,29837.5,280
2026-08-04 19:15:00-04:00,29844.25,29845.5,29838.75,29838.75,161
2026-08-04 19:20:00-04:00,29829.5,29844.0,29826.25,29844.0,272
2026-08-04 19:25:00-04:00,29825.0,29831.0,29817.75,29828.75,456
2026-08-04 19:30:00-04:00,29805.0,29834.75,29802.0,29824.0,566
2026-08-04 19:35:00-04:00,29815.25,29819.0,29803.0,29803.75,273
2026-08-04 19:40:00-04:00,29843.0,29844.25,29811.25,29815.25,902
2026-08-04 19:45:00-04:00,29838.25,29857.25,29826.0,29843.25,1075
2026-08-04 19:50:00-04:00,29839.5,29849.5,29830.0,29840.25,461
2026-08-04 19:55:00-04:00,29834.75,29856.5,29834.75,29838.25,463
2026-08-04 20:00:00-04:00,29845.75,29853.75,29818.75,29835.5,1157
2026-08-04 20:05:00-04:00,29837.0,29865.0,29830.0,29846.5,964
2026-08-04 20:10:00-04:00,29858.5,29858.5,29830.0,29835.0,554
2026-08-04 20:15:00-04:00,29852.0,29858.75,29836.5,29858.0,628
2026-08-04 20:20:00-04:00,29852.0,29857.75,29833.5,29852.5,688
2026-08-04 20:25:00-04:00,29863.0,29864.5,29847.5,29853.25,570
2026-08-04 20:30:00-04:00,29871.25,29877.0,29861.75,29862.75,867
2026-08-04 20:35:00-04:00,29852.25,29874.0,29835.5,29871.25,759
2026-08-04 20:40:00-04:00,29838.75,29857.25,29838.0,29853.75,634
2026-08-04 20:45:00-04:00,29832.25,29845.25,29810.0,29838.0,923
2026-08-04 20:50:00-04:00,29841.0,29862.5,29820.5,29832.5,1188
2026-08-04 20:55:00-04:00,29848.75,29850.0,29831.75,29841.0,488
2026-08-04 21:00:00-04:00,29831.0,29850.0,29817.0,29849.25,733
2026-08-04 21:05:00-04:00,29846.25,29849.5,29830.5,29831.75,449
2026-08-04 21:10:00-04:00,29840.0,29861.5,29837.25,29846.5,769
2026-08-04 21:15:00-04:00,29818.0,29842.75,29803.25,29840.75,909
2026-08-04 21:20:00-04:00,29812.0,29833.0,29809.75,29817.0,494
2026-08-04 21:25:00-04:00,29817.75,29820.5,29797.0,29811.5,715
2026-08-04 21:30:00-04:00,29818.75,29839.75,29813.0,29819.0,780
2026-08-04 21:35:00-04:00,29839.25,29843.75,29814.25,29818.25,579
2026-08-04 21:40:00-04:00,29834.0,29844.75,29818.0,29842.0,580
2026-08-04 21:45:00-04:00,29869.5,29875.5,29833.75,29834.5,1491
2026-08-04 21:50:00-04:00,29868.75,29873.0,29862.0,29870.0,428
2026-08-04 21:55:00-04:00,29869.0,29887.5,29863.5,29870.25,795
2026-08-04 22:00:00-04:00,29871.5,29889.25,29869.75,29870.0,1002
2026-08-04 22:05:00-04:00,29872.0,29882.5,29864.0,29872.5,427
2026-08-04 22:10:00-04:00,29871.0,29877.75,29865.75,29872.25,289
2026-08-04 22:15:00-04:00,29874.25,29874.25,29862.25,29871.75,276
2026-08-04 22:20:00-04:00,29866.0,29876.25,29865.0,29873.25,295
2026-08-04 22:25:00-04:00,29853.0,29868.75,29850.25,29865.0,477
2026-08-04 22:30:00-04:00,29859.5,29861.25,29842.25,29854.5,600
2026-08-04 22:35:00-04:00,29845.75,29863.0,29845.0,29859.5,388
2026-08-04 22:40:00-04:00,29858.75,29860.25,29843.0,29846.5,266
2026-08-04 22:45:00-04:00,29856.25,29874.25,29855.25,29857.75,447
2026-08-04 22:50:00-04:00,29870.25,29875.0,29855.5,29855.75,327
2026-08-04 22:55:00-04:00,29860.75,29870.75,29859.0,29870.25,190
2026-08-04 23:00:00-04:00,29875.5,29876.25,29855.75,29859.0,408
2026-08-04 23:05:00-04:00,29875.75,29881.75,29873.0,29875.5,277
2026-08-04 23:10:00-04:00,29884.25,29890.0,29874.0,29876.75,375
2026-08-04 23:15:00-04:00,29882.0,29892.0,29881.0,29883.5,388
2026-08-04 23:20:00-04:00,29874.75,29890.75,29874.5,29881.25,405
2026-08-04 23:25:00-04:00,29863.25,29877.0,29863.25,29875.25,337
2026-08-04 23:30:00-04:00,29868.75,29869.75,29858.25,29864.75,295
2026-08-04 23:35:00-04:00,29878.25,29878.25,29864.5,29867.5,265
2026-08-04 23:40:00-04:00,29885.5,29892.0,29875.5,29876.5,476
2026-08-04 23:45:00-04:00,29877.5,29891.5,29867.5,29886.5,401
2026-08-04 23:50:00-04:00,29886.75,29892.0,29875.25,29878.0,467
2026-08-04 23:55:00-04:00,29890.0,29893.75,29885.25,29888.0,232
2026-08-05 00:05:00-04:00,29894.0,29897.0,29892.5,29896.75,581
2026-08-05 00:10:00-04:00,29884.25,29898.25,29883.25,29894.0,430
2026-08-05 00:15:00-04:00,29872.0,29883.75,29869.75,29883.5,308
2026-08-05 00:20:00-04:00,29866.0,29873.5,29859.75,29873.0,331
2026-08-05 00:25:00-04:00,29871.25,29872.25,29863.0,29866.75,204
2026-08-05 00:30:00-04:00,29888.0,29890.75,29869.25,29872.0,380
2026-08-05 00:35:00-04:00,29895.75,29897.0,29887.75,29888.75,335
2026-08-05 00:40:00-04:00,29905.75,29909.25,29895.0,29895.5,693
2026-08-05 00:45:00-04:00,29904.25,29907.5,29899.0,29904.5,230
2026-08-05 00:50:00-04:00,29896.75,29904.0,29883.5,29901.75,413
2026-08-05 00:55:00-04:00,29902.75,29917.0,29896.75,29896.75,590
2026-08-05 01:00:00-04:00,29917.75,29924.0,29895.0,29902.5,632
2026-08-05 01:05:00-04:00,29926.25,29935.5,29914.0,29916.5,585
2026-08-05 01:10:00-04:00,29937.25,29939.75,29926.75,29926.75,304
2026-08-05 01:15:00-04:00,29941.5,29944.0,29934.0,29937.5,318
2026-08-05 01:20:00-04:00,29942.75,29946.75,29938.0,29941.0,296
2026-08-05 01:25:00-04:00,29937.0,29949.0,29935.75,29943.25,395
2026-08-05 01:30:00-04:00,29925.0,29944.5,29922.75,29936.75,859
2026-08-05 01:35:00-04:00,29928.5,29932.25,29919.75,29925.5,344
2026-08-05 01:40:00-04:00,29941.5,29942.0,29927.0,29929.5,472
2026-08-05 01:45:00-04:00,29951.0,29952.5,29940.75,29942.0,661
2026-08-05 01:50:00-04:00,29977.0,29977.25,29950.0,29950.25,1312
2026-08-05 01:55:00-04:00,29980.5,29985.25,29974.75,29976.75,759
2026-08-05 02:00:00-04:00,29965.0,29983.25,29964.0,29980.0,717
2026-08-05 02:05:00-04:00,29979.5,29980.5,29961.0,29965.5,528
2026-08-05 02:10:00-04:00,29981.0,29990.0,29978.75,29979.25,385
2026-08-05 02:15:00-04:00,29971.5,29982.75,29963.0,29980.25,449
2026-08-05 02:20:00-04:00,29937.5,29974.75,29931.5,29973.75,978
2026-08-05 02:25:00-04:00,29929.25,29941.5,29925.5,29938.0,592
2026-08-05 02:30:00-04:00,29956.75,29965.0,29925.75,29929.5,891
2026-08-05 02:35:00-04:00,29945.75,29963.0,29944.0,29955.5,332
2026-08-05 02:40:00-04:00,29938.25,29949.25,29934.5,29946.25,260
2026-08-05 02:45:00-04:00,29957.25,29961.0,29936.75,29941.0,310
2026-08-05 02:50:00-04:00,29952.25,29959.75,29949.25,29956.75,303
2026-08-05 02:55:00-04:00,29969.75,29970.75,29952.0,29952.5,350
2026-08-05 03:00:00-04:00,29967.75,29987.0,29962.5,29969.0,979
2026-08-05 03:05:00-04:00,29961.75,29983.5,29954.5,29968.25,758
2026-08-05 03:10:00-04:00,29950.75,29962.25,29936.25,29961.5,540
2026-08-05 03:15:00-04:00,29940.75,29953.25,29932.75,29950.25,642
2026-08-05 03:20:00-04:00,29928.75,29944.5,29926.25,29938.25,388
2026-08-05 03:25:00-04:00,29907.5,29931.5,29900.25,29929.75,1075
2026-08-05 03:30:00-04:00,29900.5,29919.5,29894.75,29908.25,658
2026-08-05 03:35:00-04:00,29906.0,29911.25,29885.5,29900.25,665
2026-08-05 03:40:00-04:00,29886.25,29911.75,29885.25,29907.5,390
2026-08-05 03:45:00-04:00,29896.75,29909.25,29885.0,29887.75,477
2026-08-05 03:50:00-04:00,29894.5,29903.5,29886.25,29896.25,215
2026-08-05 03:55:00-04:00,29903.25,29913.5,29891.25,29894.75,409
2026-08-05 04:00:00-04:00,29923.25,29926.0,29897.75,29905.0,818
2026-08-05 04:05:00-04:00,29916.5,29925.25,29914.5,29922.5,261
2026-08-05 04:10:00-04:00,29863.75,29882.25,29853.75,29878.75,1977
2026-08-05 04:15:00-04:00,29854.25,29873.75,29851.0,29865.0,757
2026-08-05 04:20:00-04:00,29826.25,29858.75,29825.0,29857.5,986
2026-08-05 04:25:00-04:00,29833.75,29842.0,29819.5,29826.75,772
2026-08-05 04:30:00-04:00,29818.75,29836.5,29807.0,29836.5,903
2026-08-05 04:35:00-04:00,29807.25,29844.25,29804.75,29821.25,828
2026-08-05 04:40:00-04:00,29811.75,29819.5,29798.5,29806.75,1071
2026-08-05 04:45:00-04:00,29830.0,29831.75,29797.75,29812.25,637
2026-08-05 04:50:00-04:00,29824.75,29840.75,29822.0,29831.25,774
2026-08-05 04:55:00-04:00,29836.5,29843.0,29824.75,29825.25,462
2026-08-05 05:00:00-04:00,29844.0,29848.75,29822.0,29837.75,592
2026-08-05 05:05:00-04:00,29846.5,29853.75,29839.25,29844.5,669
2026-08-05 05:10:00-04:00,29833.75,29849.0,29831.75,29846.5,355
2026-08-05 05:15:00-04:00,29830.25,29835.5,29814.25,29833.5,782
2026-08-05 05:20:00-04:00,29851.25,29854.0,29829.0,29830.75,830
2026-08-05 05:25:00-04:00,29861.25,29864.25,29844.75,29850.0,904
2026-08-05 05:30:00-04:00,29872.5,29873.75,29860.0,29862.25,512
2026-08-05 05:35:00-04:00,29881.0,29888.75,29871.25,29872.0,1108
2026-08-05 05:40:00-04:00,29883.25,29885.25,29872.0,29882.0,515
2026-08-05 05:45:00-04:00,29856.75,29893.5,29856.0,29883.0,818
2026-08-05 05:50:00-04:00,29862.75,29867.25,29853.25,29858.0,462
2026-08-05 05:55:00-04:00,29857.5,29872.5,29857.5,29864.25,266
2026-08-05 06:00:00-04:00,29866.25,29871.75,29851.75,29857.25,503
2026-08-05 06:05:00-04:00,29854.25,29867.5,29851.0,29866.75,299
2026-08-05 06:10:00-04:00,29840.5,29853.5,29833.75,29853.5,878
2026-08-05 06:15:00-04:00,29850.25,29857.5,29836.25,29839.5,468
2026-08-05 06:20:00-04:00,29859.0,29859.25,29845.0,29850.25,210
2026-08-05 06:25:00-04:00,29858.75,29866.0,29853.75,29857.5,298
2026-08-05 06:30:00-04:00,29867.75,29871.0,29850.0,29857.5,374
2026-08-05 06:35:00-04:00,29861.0,29871.25,29858.0,29866.75,180
2026-08-05 06:40:00-04:00,29857.25,29864.25,29850.75,29858.25,306
2026-08-05 06:45:00-04:00,29845.75,29871.0,29834.5,29857.75,728
2026-08-05 06:50:00-04:00,29857.75,29868.75,29839.25,29845.25,504
2026-08-05 06:55:00-04:00,29862.25,29869.75,29857.75,29861.75,411
2026-08-05 07:00:00-04:00,29897.75,29905.5,29865.5,29865.5,1692
2026-08-05 07:05:00-04:00,29919.0,29919.0,29883.0,29898.75,1045
2026-08-05 07:10:00-04:00,29904.5,29921.0,29897.5,29915.5,720
2026-08-05 07:15:00-04:00,29907.5,29911.25,29897.5,29904.5,360
2026-08-05 07:20:00-04:00,29915.75,29915.75,29899.75,29908.5,504
2026-08-05 07:25:00-04:00,29900.5,29923.0,29900.5,29916.0,580
2026-08-05 07:30:00-04:00,29926.0,29930.0,29890.5,29900.5,1046
2026-08-05 07:35:00-04:00,29925.0,29931.25,29917.0,29925.5,510
2026-08-05 07:40:00-04:00,29916.0,29931.0,29916.0,29925.25,644
2026-08-05 07:45:00-04:00,29939.75,29943.5,29903.5,29914.5,981
2026-08-05 07:50:00-04:00,29914.25,29943.5,29907.75,29939.25,955
2026-08-05 07:55:00-04:00,29919.5,29923.25,29907.75,29914.75,656
2026-08-05 08:00:00-04:00,29902.25,29925.75,29902.25,29919.5,960
2026-08-05 08:05:00-04:00,29905.5,29907.75,29891.25,29902.25,1000
2026-08-05 08:10:00-04:00,29920.0,29923.0,29900.5,29905.0,826
2026-08-05 08:15:00-04:00,29916.0,29928.75,29897.5,29920.0,956
2026-08-05 08:20:00-04:00,29924.25,29934.5,29908.75,29915.75,967
2026-08-05 08:25:00-04:00,29935.25,29939.75,29910.25,29925.5,1107
2026-08-05 08:30:00-04:00,29919.0,29942.0,29892.75,29935.5,1680
2026-08-05 08:35:00-04:00,29935.25,29950.0,29918.5,29920.0,1338
2026-08-05 08:40:00-04:00,29941.0,29943.5,29930.25,29936.0,612
2026-08-05 08:45:00-04:00,29939.0,29946.5,29930.0,29941.5,615
2026-08-05 08:50:00-04:00,29918.75,29942.0,29914.25,29939.5,769
2026-08-05 08:55:00-04:00,29915.0,29928.0,29908.25,29919.5,792
2026-08-05 09:00:00-04:00,29937.5,29944.0,29916.75,29917.25,925
2026-08-05 09:05:00-04:00,29937.75,29949.5,29936.5,29938.25,965
2026-08-05 09:10:00-04:00,29929.5,29946.25,29923.75,29938.5,804
2026-08-05 09:15:00-04:00,29917.25,29929.0,29910.25,29928.75,1117
2026-08-05 09:20:00-04:00,29910.25,29921.5,29894.75,29917.25,1662
2026-08-05 09:25:00-04:00,29974.0,29978.5,29908.75,29908.75,4018
2026-08-05 09:30:00-04:00,30013.0,30013.25,29935.5,29975.25,19565
2026-08-05 09:35:00-04:00,30005.25,30032.5,29910.25,30011.5,15865
2026-08-05 09:40:00-04:00,30052.0,30059.0,29981.25,30006.25,10643
2026-08-05 09:45:00-04:00,30055.5,30074.0,30017.25,30053.5,10631
2026-08-05 09:50:00-04:00,30026.0,30065.0,29967.75,30055.75,11817
2026-08-05 09:55:00-04:00,30048.75,30058.5,29978.5,30025.75,7784
2026-08-05 10:00:00-04:00,29965.75,30048.5,29918.5,30048.5,12213
2026-08-05 10:05:00-04:00,30003.5,30029.5,29959.25,29964.75,8952
2026-08-05 10:10:00-04:00,29998.5,30020.25,29969.0,30003.5,5849
2026-08-05 10:15:00-04:00,29973.75,30026.0,29971.5,29997.5,5218
2026-08-05 10:20:00-04:00,29960.0,29977.75,29901.25,29973.5,9482
2026-08-05 10:25:00-04:00,29915.0,29989.25,29910.75,29959.75,8450
2026-08-05 10:30:00-04:00,29885.25,29918.75,29853.25,29915.0,11319
2026-08-05 10:35:00-04:00,29840.75,29914.0,29840.5,29884.5,8756
2026-08-05 10:40:00-04:00,29862.25,29873.0,29824.75,29841.5,9945
2026-08-05 10:45:00-04:00,29892.0,29905.25,29838.25,29862.25,7747
2026-08-05 10:50:00-04:00,29822.0,29905.5,29788.0,29890.5,11763
2026-08-05 10:55:00-04:00,29848.25,29863.25,29801.75,29823.0,7220
2026-08-05 11:00:00-04:00,29846.25,29881.25,29826.0,29849.0,6419
2026-08-05 11:05:00-04:00,29872.75,29886.25,29827.75,29846.25,6079
2026-08-05 11:10:00-04:00,29839.5,29890.75,29833.0,29871.0,5536
2026-08-05 11:15:00-04:00,29833.0,29849.5,29763.5,29839.0,10698
2026-08-05 11:20:00-04:00,29817.5,29847.5,29814.0,29832.25,5425
2026-08-05 11:25:00-04:00,29809.5,29832.5,29794.25,29818.0,5742
2026-08-05 11:30:00-04:00,29819.5,29860.75,29805.5,29808.5,4525
2026-08-05 11:35:00-04:00,29843.25,29855.75,29818.0,29820.0,3438
2026-08-05 11:40:00-04:00,29819.25,29853.0,29811.75,29843.0,3175
2026-08-05 11:45:00-04:00,29792.0,29820.75,29788.0,29820.0,4435
2026-08-05 11:50:00-04:00,29778.0,29807.0,29771.75,29792.5,4662
2026-08-05 11:55:00-04:00,29739.0,29777.25,29713.25,29777.25,7732
2026-08-05 12:00:00-04:00,29757.0,29766.0,29711.0,29738.25,6111
2026-08-05 12:05:00-04:00,29721.0,29763.0,29703.25,29757.5,4487
2026-08-05 12:10:00-04:00,29731.25,29734.25,29702.0,29721.0,3994
2026-08-05 12:15:00-04:00,29739.25,29761.5,29720.0,29730.75,3738
2026-08-05 12:20:00-04:00,29768.75,29795.25,29735.75,29739.25,6706
2026-08-05 12:25:00-04:00,29829.25,29835.25,29769.0,29769.25,4889
2026-08-05 12:30:00-04:00,29795.25,29839.75,29770.0,29829.75,5508
2026-08-05 12:35:00-04:00,29796.75,29811.25,29773.5,29796.5,2731
2026-08-05 12:40:00-04:00,29788.5,29821.0,29785.0,29798.5,2911
2026-08-05 12:45:00-04:00,29791.5,29801.75,29778.5,29789.25,2461
2026-08-05 12:50:00-04:00,29815.25,29826.25,29786.0,29790.5,3105
2026-08-05 12:55:00-04:00,29808.25,29822.5,29802.25,29815.25,1974
2026-08-05 13:00:00-04:00,29776.5,29819.75,29770.75,29809.75,2968
2026-08-05 13:05:00-04:00,29760.0,29786.25,29753.75,29776.0,2995
2026-08-05 13:10:00-04:00,29767.25,29784.25,29744.25,29760.75,3036
2026-08-05 13:15:00-04:00,29760.0,29781.5,29748.25,29766.75,2520
2026-08-05 13:20:00-04:00,29765.25,29766.0,29740.5,29759.75,2455
2026-08-05 13:25:00-04:00,29754.5,29782.0,29751.5,29764.25,2475
2026-08-05 13:30:00-04:00,29757.25,29770.25,29738.75,29754.25,2560
2026-08-05 13:35:00-04:00,29760.25,29769.0,29749.75,29757.25,1715
2026-08-05 13:40:00-04:00,29757.5,29779.25,29752.5,29760.0,2154
2026-08-05 13:45:00-04:00,29765.75,29773.75,29734.25,29756.5,2864
2026-08-05 13:50:00-04:00,29752.25,29774.75,29748.75,29766.75,1713
2026-08-05 13:55:00-04:00,29757.0,29769.5,29745.0,29752.75,1770
2026-08-05 14:00:00-04:00,29782.25,29788.5,29752.25,29756.75,2562
2026-08-05 14:05:00-04:00,29768.5,29783.5,29754.5,29781.0,3046
2026-08-05 14:10:00-04:00,29762.5,29784.5,29761.5,29769.5,1918
2026-08-05 14:15:00-04:00,29772.25,29781.75,29755.25,29763.0,2102
2026-08-05 14:20:00-04:00,29765.5,29777.5,29758.75,29772.25,1445
2026-08-05 14:25:00-04:00,29776.0,29780.5,29764.25,29765.5,1788
2026-08-05 14:30:00-04:00,29739.75,29776.5,29727.25,29776.25,3698
2026-08-05 14:35:00-04:00,29741.75,29758.25,29736.5,29739.75,2076
2026-08-05 14:40:00-04:00,29741.75,29750.75,29733.75,29742.25,1887
2026-08-05 14:45:00-04:00,29753.5,29765.0,29737.5,29742.0,2280
2026-08-05 14:50:00-04:00,29744.25,29762.25,29742.5,29752.25,1542
2026-08-05 14:55:00-04:00,29725.75,29746.75,29722.75,29745.5,2538
2026-08-05 15:00:00-04:00,29760.0,29762.0,29718.5,29726.75,3200
2026-08-05 15:05:00-04:00,29768.0,29778.25,29754.25,29760.25,2885
2026-08-05 15:10:00-04:00,29774.25,29776.5,29760.75,29768.0,2401
2026-08-05 15:15:00-04:00,29766.5,29779.25,29764.0,29774.25,2189
2026-08-05 15:20:00-04:00,29765.5,29776.25,29753.75,29766.75,2219
2026-08-05 15:25:00-04:00,29756.5,29776.5,29755.5,29765.75,2179
2026-08-05 15:30:00-04:00,29730.75,29763.25,29725.0,29757.0,3598
2026-08-05 15:35:00-04:00,29715.5,29737.0,29711.75,29729.5,3121
2026-08-05 15:40:00-04:00,29711.0,29734.25,29706.0,29714.75,2770
2026-08-05 15:45:00-04:00,29714.25,29719.25,29689.75,29711.5,4692
2026-08-05 15:50:00-04:00,29711.0,29735.0,29700.5,29714.75,5240
2026-08-05 15:55:00-04:00,29607.5,29716.25,29592.75,29710.5,17879
2026-08-05 16:00:00-04:00,29601.75,29615.5,29547.75,29607.0,10988
2026-08-05 16:05:00-04:00,29563.75,29605.25,29530.75,29602.25,6241
2026-08-05 16:10:00-04:00,29604.75,29618.25,29561.75,29564.25,3678
2026-08-05 16:15:00-04:00,29571.75,29618.0,29571.0,29605.5,2355
2026-08-05 16:20:00-04:00,29573.75,29585.25,29561.75,29571.0,1544
2026-08-05 16:25:00-04:00,29569.75,29576.75,29562.0,29573.75,745
2026-08-05 16:30:00-04:00,29590.5,29595.0,29566.25,29571.25,837
2026-08-05 16:35:00-04:00,29584.0,29594.5,29573.25,29590.5,725
2026-08-05 16:40:00-04:00,29598.5,29603.0,29582.0,29585.25,816
2026-08-05 16:45:00-04:00,29589.25,29602.5,29579.5,29598.0,566
2026-08-05 16:50:00-04:00,29597.0,29599.25,29576.0,29589.5,566
2026-08-05 16:55:00-04:00,29600.25,29607.75,29587.5,29596.75,807
2026-08-05 18:00:00-04:00,29575.0,29596.5,29563.5,29569.5,0
2026-08-05 18:05:00-04:00,29578.25,29595.0,29568.25,29574.25,577
2026-08-05 18:10:00-04:00,29573.5,29579.5,29566.5,29577.25,341
2026-08-05 18:15:00-04:00,29595.0,29597.25,29571.75,29573.0,336
2026-08-05 18:20:00-04:00,29637.0,29638.0,29594.0,29595.5,902
2026-08-05 18:25:00-04:00,29627.75,29637.5,29621.5,29636.25,508
2026-08-05 18:30:00-04:00,29668.25,29670.25,29623.5,29628.0,1390
2026-08-05 18:35:00-04:00,29662.5,29670.5,29659.0,29666.25,375
2026-08-05 18:40:00-04:00,29654.75,29666.5,29651.0,29663.25,334
2026-08-05 18:45:00-04:00,29643.5,29679.5,29643.25,29655.0,1109
2026-08-05 18:50:00-04:00,29629.0,29647.25,29615.75,29642.5,1065
2026-08-05 18:55:00-04:00,29623.25,29632.25,29619.5,29627.75,290
2026-08-05 19:00:00-04:00,29617.0,29624.0,29612.25,29622.75,309
2026-08-05 19:05:00-04:00,29621.5,29624.25,29615.0,29616.25,178
2026-08-05 19:10:00-04:00,29631.0,29636.0,29619.5,29619.5,379
2026-08-05 19:15:00-04:00,29625.0,29631.0,29618.5,29631.0,264
2026-08-05 19:20:00-04:00,29638.5,29640.0,29625.5,29627.75,430
2026-08-05 19:25:00-04:00,29629.25,29649.5,29626.5,29637.5,405
2026-08-05 19:30:00-04:00,29593.5,29636.75,29592.25,29629.25,885
2026-08-05 19:35:00-04:00,29593.75,29610.0,29575.25,29592.0,1242
2026-08-05 19:40:00-04:00,29589.5,29608.25,29581.5,29592.75,354
2026-08-05 19:45:00-04:00,29573.0,29589.0,29566.0,29586.0,904
2026-08-05 19:50:00-04:00,29579.25,29586.75,29572.75,29573.5,360
2026-08-05 19:55:00-04:00,29583.5,29584.0,29569.5,29577.75,424
2026-08-05 20:00:00-04:00,29570.5,29588.5,29546.75,29584.25,1197
2026-08-05 20:05:00-04:00,29595.75,29601.75,29570.0,29570.25,1089
2026-08-05 20:10:00-04:00,29581.0,29596.5,29554.0,29596.5,899
2026-08-05 20:15:00-04:00,29588.0,29589.5,29556.0,29580.5,667
2026-08-05 20:20:00-04:00,29604.25,29607.75,29578.0,29588.5,735
2026-08-05 20:25:00-04:00,29560.5,29608.0,29553.0,29604.0,958
2026-08-05 20:30:00-04:00,29555.75,29567.25,29548.75,29561.5,737
2026-08-05 20:35:00-04:00,29559.25,29573.75,29547.75,29556.25,660
2026-08-05 20:40:00-04:00,29560.5,29588.0,29554.75,29558.5,725
2026-08-05 20:45:00-04:00,29565.0,29579.25,29551.0,29560.25,588
2026-08-05 20:50:00-04:00,29541.0,29564.0,29536.5,29564.0,770
2026-08-05 20:55:00-04:00,29537.5,29547.5,29535.25,29541.25,449
2026-08-05 21:00:00-04:00,29511.5,29540.75,29507.25,29539.25,1246
2026-08-05 21:05:00-04:00,29518.25,29529.75,29503.0,29511.75,825
2026-08-05 21:10:00-04:00,29521.5,29531.25,29501.25,29516.5,663
2026-08-05 21:15:00-04:00,29496.75,29523.25,29492.5,29523.25,835
2026-08-05 21:20:00-04:00,29487.0,29497.25,29472.5,29497.25,1056
2026-08-05 21:25:00-04:00,29473.25,29489.75,29454.25,29486.5,1364
2026-08-05 21:30:00-04:00,29486.75,29508.75,29469.5,29472.75,1187
2026-08-05 21:35:00-04:00,29500.25,29501.5,29473.0,29486.25,590
2026-08-05 21:40:00-04:00,29475.0,29505.25,29475.0,29500.0,917
2026-08-05 21:45:00-04:00,29515.5,29519.0,29473.25,29475.5,875
2026-08-05 21:50:00-04:00,29512.5,29517.0,29496.75,29514.5,622
2026-08-05 21:55:00-04:00,29498.0,29514.75,29492.0,29512.0,329
2026-08-05 22:00:00-04:00,29506.25,29518.5,29490.75,29497.75,750
2026-08-05 22:05:00-04:00,29528.0,29530.0,29506.0,29506.75,616
2026-08-05 22:10:00-04:00,29541.75,29557.25,29521.25,29528.0,1261
2026-08-05 22:15:00-04:00,29551.0,29555.5,29537.25,29543.0,451
2026-08-05 22:20:00-04:00,29568.0,29578.75,29547.75,29550.25,837
2026-08-05 22:25:00-04:00,29548.75,29569.25,29546.75,29567.0,519
2026-08-05 22:30:00-04:00,29579.5,29586.75,29529.25,29546.5,916
2026-08-05 22:35:00-04:00,29577.0,29582.75,29565.75,29578.0,411
2026-08-05 22:40:00-04:00,29617.25,29618.5,29572.75,29573.5,1138
2026-08-05 22:45:00-04:00,29604.5,29621.0,29592.5,29616.25,923
2026-08-05 22:50:00-04:00,29600.0,29611.0,29594.75,29605.5,400
2026-08-05 22:55:00-04:00,29593.0,29599.0,29585.75,29599.0,486
2026-08-05 23:00:00-04:00,29605.75,29608.5,29584.75,29593.75,469
2026-08-05 23:05:00-04:00,29580.75,29607.75,29577.0,29606.0,654
2026-08-05 23:10:00-04:00,29579.25,29587.0,29574.5,29581.0,335
2026-08-05 23:15:00-04:00,29555.25,29585.75,29554.25,29579.0,578
2026-08-05 23:20:00-04:00,29542.25,29561.25,29541.5,29555.0,559
2026-08-05 23:25:00-04:00,29543.0,29546.25,29535.0,29542.5,465
2026-08-05 23:30:00-04:00,29540.0,29554.75,29525.0,29543.5,593
2026-08-05 23:35:00-04:00,29557.25,29563.25,29536.0,29540.25,577
2026-08-05 23:40:00-04:00,29552.75,29563.25,29546.25,29558.25,400
2026-08-05 23:45:00-04:00,29568.75,29570.5,29546.5,29553.0,481
2026-08-05 23:50:00-04:00,29553.25,29576.0,29541.25,29569.25,534
2026-08-05 23:55:00-04:00,29564.0,29566.0,29547.0,29551.25,312
2026-08-06 00:05:00-04:00,29568.75,29572.75,29566.5,29571.5,1280
2026-08-06 00:10:00-04:00,29560.25,29575.5,29554.25,29566.5,227
2026-08-06 00:15:00-04:00,29569.75,29581.25,29556.5,29556.75,393
2026-08-06 00:20:00-04:00,29590.0,29590.75,29569.5,29569.75,237
2026-08-06 00:25:00-04:00,29585.0,29599.75,29581.5,29589.5,442
2026-08-06 00:30:00-04:00,29571.5,29600.0,29563.5,29585.75,399
2026-08-06 00:35:00-04:00,29550.75,29580.0,29541.75,29570.25,456
2026-08-06 00:40:00-04:00,29555.0,29561.25,29547.5,29550.0,323
2026-08-06 00:45:00-04:00,29552.25,29563.5,29545.0,29555.25,239
2026-08-06 00:50:00-04:00,29571.75,29574.5,29550.25,29550.5,340
2026-08-06 00:55:00-04:00,29574.75,29575.5,29560.0,29573.75,222
2026-08-06 01:00:00-04:00,29582.0,29594.0,29558.0,29575.25,560
2026-08-06 01:05:00-04:00,29582.25,29596.25,29576.25,29581.75,236
2026-08-06 01:10:00-04:00,29580.5,29582.5,29567.5,29580.25,341
2026-08-06 01:15:00-04:00,29577.5,29593.75,29565.5,29582.5,330
2026-08-06 01:20:00-04:00,29585.0,29589.5,29574.0,29579.0,201
2026-08-06 01:25:00-04:00,29580.0,29588.5,29574.75,29583.75,172
2026-08-06 01:30:00-04:00,29563.25,29583.0,29554.5,29579.75,350
2026-08-06 01:35:00-04:00,29558.5,29574.75,29550.0,29563.5,414
2026-08-06 01:40:00-04:00,29581.75,29582.75,29557.25,29558.75,349
2026-08-06 01:45:00-04:00,29548.0,29583.75,29545.25,29583.25,467
2026-08-06 01:50:00-04:00,29564.25,29570.75,29544.25,29548.75,440
2026-08-06 01:55:00-04:00,29580.75,29581.5,29556.0,29565.25,314
2026-08-06 02:00:00-04:00,29550.0,29581.75,29539.75,29580.0,681
2026-08-06 02:05:00-04:00,29531.75,29551.75,29528.75,29549.75,496
2026-08-06 02:10:00-04:00,29506.75,29536.5,29499.0,29532.25,984
2026-08-06 02:15:00-04:00,29494.75,29509.75,29485.0,29505.75,988
2026-08-06 02:20:00-04:00,29525.0,29531.25,29486.75,29492.75,908
2026-08-06 02:25:00-04:00,29547.25,29548.75,29526.0,29527.0,619
2026-08-06 02:30:00-04:00,29527.25,29548.75,29515.25,29546.5,597
2026-08-06 02:35:00-04:00,29508.5,29532.0,29508.5,29529.25,387
2026-08-06 02:40:00-04:00,29504.5,29509.0,29495.75,29509.0,572
2026-08-06 02:45:00-04:00,29493.0,29507.75,29486.25,29505.5,396
2026-08-06 02:50:00-04:00,29511.75,29511.75,29489.75,29492.0,416
2026-08-06 02:55:00-04:00,29523.0,29527.75,29508.25,29510.75,442
2026-08-06 03:00:00-04:00,29518.0,29527.75,29506.75,29520.25,747
2026-08-06 03:05:00-04:00,29537.5,29550.5,29511.75,29517.0,531
2026-08-06 03:10:00-04:00,29552.0,29563.0,29536.0,29536.5,636
2026-08-06 03:15:00-04:00,29557.75,29562.5,29544.75,29551.0,370
2026-08-06 03:20:00-04:00,29540.75,29561.0,29540.0,29557.25,450
2026-08-06 03:25:00-04:00,29536.5,29552.5,29523.5,29539.75,564
2026-08-06 03:35:00-04:00,29510.75,29525.75,29501.25,29520.5,767
2026-08-06 03:40:00-04:00,29517.75,29519.25,29507.0,29510.75,370
2026-08-06 03:45:00-04:00,29532.25,29538.25,29511.25,29516.75,496
2026-08-06 03:50:00-04:00,29506.25,29532.25,29500.75,29532.25,481
2026-08-06 03:55:00-04:00,29507.25,29515.0,29502.5,29507.0,253
2026-08-06 04:00:00-04:00,29481.0,29485.75,29478.75,29479.5,1089
2026-08-06 04:05:00-04:00,29463.0,29511.25,29457.0,29480.25,921
2026-08-06 04:10:00-04:00,29460.0,29467.5,29443.75,29462.75,1048
2026-08-06 04:15:00-04:00,29469.0,29480.0,29447.75,29460.75,766
2026-08-06 04:20:00-04:00,29485.25,29491.0,29467.0,29471.25,598
2026-08-06 04:25:00-04:00,29508.25,29511.5,29484.25,29485.75,609
2026-08-06 04:30:00-04:00,29524.0,29532.5,29505.25,29509.5,629
2026-08-06 04:35:00-04:00,29512.25,29531.25,29502.25,29523.5,626
2026-08-06 04:40:00-04:00,29502.75,29519.0,29500.5,29513.5,324
2026-08-06 04:45:00-04:00,29500.0,29511.75,29490.25,29504.75,540
2026-08-06 04:50:00-04:00,29522.5,29524.5,29493.75,29500.0,464
2026-08-06 04:55:00-04:00,29517.25,29523.75,29509.0,29522.75,391
2026-08-06 05:00:00-04:00,29474.5,29517.25,29470.25,29517.25,573
2026-08-06 05:05:00-04:00,29453.75,29479.75,29450.0,29474.75,584
2026-08-06 05:10:00-04:00,29447.75,29455.25,29437.5,29454.5,643
2026-08-06 05:15:00-04:00,29473.75,29482.5,29446.5,29448.25,673
2026-08-06 05:20:00-04:00,29479.25,29487.5,29472.0,29473.25,245
2026-08-06 05:25:00-04:00,29482.5,29493.75,29474.75,29479.0,305
2026-08-06 05:30:00-04:00,29481.25,29491.0,29475.75,29482.0,244
2026-08-06 05:35:00-04:00,29485.0,29488.5,29475.75,29483.75,254
2026-08-06 05:40:00-04:00,29489.25,29498.75,29482.25,29483.25,218
2026-08-06 05:45:00-04:00,29509.0,29509.25,29489.5,29489.75,346
2026-08-06 05:50:00-04:00,29511.75,29511.75,29495.5,29509.0,250
2026-08-06 05:55:00-04:00,29526.75,29531.0,29508.25,29511.5,667
2026-08-06 06:00:00-04:00,29518.0,29533.75,29513.0,29526.75,537
2026-08-06 06:05:00-04:00,29508.0,29519.5,29506.5,29517.25,286
2026-08-06 06:10:00-04:00,29503.25,29508.5,29496.25,29508.5,236
2026-08-06 06:15:00-04:00,29509.0,29514.25,29494.25,29503.25,334
2026-08-06 06:20:00-04:00,29515.75,29518.0,29500.0,29510.5,319
2026-08-06 06:25:00-04:00,29517.0,29525.75,29514.25,29515.25,308
2026-08-06 06:30:00-04:00,29507.5,29519.5,29503.5,29517.5,309
2026-08-06 06:35:00-04:00,29490.5,29512.0,29488.75,29508.25,377
2026-08-06 06:40:00-04:00,29480.25,29493.75,29473.5,29491.0,532
2026-08-06 06:45:00-04:00,29489.25,29492.75,29468.5,29479.75,591
2026-08-06 06:50:00-04:00,29472.5,29491.75,29472.0,29488.0,524
2026-08-06 06:55:00-04:00,29484.5,29485.0,29468.0,29475.0,379
2026-08-06 07:00:00-04:00,29397.5,29488.5,29378.0,29484.5,2990
2026-08-06 07:05:00-04:00,29411.5,29414.0,29364.75,29395.75,2059
2026-08-06 07:10:00-04:00,29417.25,29422.75,29404.25,29412.5,750
2026-08-06 07:15:00-04:00,29457.0,29459.75,29417.25,29419.75,1088
2026-08-06 07:20:00-04:00,29453.25,29461.5,29444.0,29457.75,640
2026-08-06 07:25:00-04:00,29469.25,29474.75,29447.75,29453.25,879
2026-08-06 07:30:00-04:00,29492.75,29503.75,29469.25,29469.5,1808
2026-08-06 07:35:00-04:00,29499.25,29509.25,29488.25,29492.75,778
2026-08-06 07:40:00-04:00,29495.5,29516.5,29491.0,29500.25,936
2026-08-06 07:45:00-04:00,29457.5,29512.0,29449.0,29494.25,1807
2026-08-06 07:50:00-04:00,29452.0,29459.5,29438.0,29455.25,973
2026-08-06 07:55:00-04:00,29467.25,29476.5,29449.25,29452.0,974
2026-08-06 08:00:00-04:00,29438.75,29476.5,29423.25,29466.0,1545
2026-08-06 08:05:00-04:00,29423.5,29446.5,29416.75,29438.0,996
2026-08-06 08:10:00-04:00,29411.25,29430.0,29406.25,29424.5,993
2026-08-06 08:15:00-04:00,29394.5,29419.25,29387.5,29413.5,1604
2026-08-06 08:20:00-04:00,29433.25,29443.5,29393.75,29394.75,1414
2026-08-06 08:25:00-04:00,29432.5,29450.75,29430.0,29433.25,942
2026-08-06 08:30:00-04:00,29437.25,29448.0,29413.75,29430.0,1176
2026-08-06 08:35:00-04:00,29452.75,29463.5,29434.5,29437.5,1111
2026-08-06 08:40:00-04:00,29432.25,29452.5,29423.5,29451.5,849
2026-08-06 08:45:00-04:00,29432.25,29439.5,29418.75,29432.0,744
2026-08-06 08:50:00-04:00,29418.25,29439.25,29416.0,29432.5,757
2026-08-06 08:55:00-04:00,29399.5,29422.0,29389.5,29419.25,1630
2026-08-06 09:00:00-04:00,29380.25,29404.5,29374.0,29400.25,1733
2026-08-06 09:05:00-04:00,29362.0,29381.5,29351.0,29380.25,1766
2026-08-06 09:10:00-04:00,29351.5,29369.0,29350.25,29361.75,1312
2026-08-06 09:15:00-04:00,29349.0,29362.0,29336.75,29351.0,2464
2026-08-06 09:20:00-04:00,29357.0,29367.0,29343.25,29349.0,1974
2026-08-06 09:25:00-04:00,29334.5,29363.25,29326.25,29357.75,3865
2026-08-06 09:30:00-04:00,29340.0,29373.75,29241.25,29335.0,19497
2026-08-06 09:35:00-04:00,29385.5,29448.5,29323.25,29341.25,17015
2026-08-06 09:40:00-04:00,29458.75,29474.25,29376.0,29386.0,12580
2026-08-06 09:45:00-04:00,29525.75,29534.5,29447.5,29458.0,11637
2026-08-06 09:50:00-04:00,29500.25,29551.0,29491.0,29526.75,9565
2026-08-06 09:55:00-04:00,29527.25,29538.75,29486.5,29501.5,9743
2026-08-06 10:00:00-04:00,29517.75,29558.5,29488.0,29528.25,10222
2026-08-06 10:05:00-04:00,29579.25,29584.25,29506.25,29518.25,8378
2026-08-06 10:10:00-04:00,29608.5,29619.0,29578.25,29580.0,7724
2026-08-06 10:15:00-04:00,29640.75,29652.5,29586.75,29608.75,8207
2026-08-06 10:20:00-04:00,29634.25,29667.0,29629.75,29641.25,6070
2026-08-06 10:25:00-04:00,29587.0,29640.25,29564.75,29634.5,9803
2026-08-06 10:30:00-04:00,29632.5,29638.75,29576.0,29589.0,7728
2026-08-06 10:35:00-04:00,29553.0,29650.75,29550.5,29632.5,7905
2026-08-06 10:40:00-04:00,29583.5,29622.25,29545.25,29552.5,7164
2026-08-06 10:45:00-04:00,29558.25,29585.5,29533.75,29582.5,6493
2026-08-06 10:50:00-04:00,29614.75,29615.0,29548.5,29557.5,5874
2026-08-06 10:55:00-04:00,29656.75,29659.25,29599.75,29614.5,5864
2026-08-06 11:00:00-04:00,29612.0,29677.5,29598.75,29656.5,6662
2026-08-06 11:05:00-04:00,29671.75,29674.75,29612.5,29612.75,5954
2026-08-06 11:10:00-04:00,29646.5,29686.25,29640.75,29671.25,5707
2026-08-06 11:15:00-04:00,29579.75,29663.25,29579.5,29646.25,6300
2026-08-06 11:20:00-04:00,29577.75,29605.75,29564.25,29580.5,5686
2026-08-06 11:25:00-04:00,29608.5,29611.25,29565.0,29577.25,4453
2026-08-06 11:30:00-04:00,29553.0,29628.0,29552.5,29608.25,5669
2026-08-06 11:35:00-04:00,29565.25,29580.5,29540.25,29553.25,5307
2026-08-06 11:40:00-04:00,29534.0,29585.0,29533.0,29566.5,4015
2026-08-06 11:45:00-04:00,29589.25,29613.25,29530.75,29535.0,5624
2026-08-06 11:50:00-04:00,29526.5,29624.5,29522.0,29589.75,7676
2026-08-06 11:55:00-04:00,29516.25,29556.0,29506.0,29525.75,6613
2026-08-06 12:00:00-04:00,29502.0,29523.5,29478.25,29516.25,7048
2026-08-06 12:05:00-04:00,29525.5,29542.75,29494.25,29502.25,4833
2026-08-06 12:10:00-04:00,29488.25,29542.0,29483.5,29524.75,4121
2026-08-06 12:15:00-04:00,29494.0,29504.5,29452.75,29488.5,5609
2026-08-06 12:20:00-04:00,29487.5,29499.0,29448.5,29494.0,4907
2026-08-06 12:25:00-04:00,29471.5,29493.5,29463.5,29488.0,3737
2026-08-06 12:30:00-04:00,29478.75,29507.0,29462.25,29472.25,4091
2026-08-06 12:35:00-04:00,29522.25,29523.0,29467.25,29480.0,3459
2026-08-06 12:40:00-04:00,29478.25,29527.25,29476.5,29523.0,3747
2026-08-06 12:45:00-04:00,29513.25,29514.25,29468.5,29478.5,3027
2026-08-06 12:50:00-04:00,29510.0,29533.5,29504.25,29514.0,3646
2026-08-06 12:55:00-04:00,29556.5,29558.5,29509.0,29510.5,3169
2026-08-06 13:00:00-04:00,29547.0,29574.25,29541.5,29557.25,4008
2026-08-06 13:05:00-04:00,29538.25,29574.25,29531.5,29546.0,2958
2026-08-06 13:10:00-04:00,29523.75,29549.75,29518.0,29538.25,2603
2026-08-06 13:15:00-04:00,29542.5,29551.5,29512.25,29524.0,2900
2026-08-06 13:20:00-04:00,29523.5,29550.75,29518.75,29542.75,2400
2026-08-06 13:25:00-04:00,29527.75,29550.25,29523.0,29523.0,2040
2026-08-06 13:30:00-04:00,29531.25,29543.0,29521.25,29526.75,1893
2026-08-06 13:35:00-04:00,29513.0,29542.5,29510.0,29532.25,2115
2026-08-06 13:40:00-04:00,29510.0,29520.75,29493.75,29513.5,2732
2026-08-06 13:45:00-04:00,29497.0,29521.75,29497.0,29510.25,2102
2026-08-06 13:50:00-04:00,29522.0,29529.0,29494.25,29497.75,2622
2026-08-06 13:55:00-04:00,29529.0,29533.5,29509.0,29521.5,2275
2026-08-06 14:00:00-04:00,29531.25,29538.0,29507.25,29529.0,2410
2026-08-06 14:05:00-04:00,29533.75,29539.5,29518.0,29531.0,2234
2026-08-06 14:10:00-04:00,29542.75,29546.75,29519.0,29534.75,1958
2026-08-06 14:15:00-04:00,29552.75,29572.0,29498.5,29542.75,5905
2026-08-06 14:20:00-04:00,29568.0,29575.5,29549.75,29553.5,2339
2026-08-06 14:25:00-04:00,29556.5,29572.5,29547.25,29568.5,2024
2026-08-06 14:30:00-04:00,29534.0,29561.0,29531.25,29556.5,2153
2026-08-06 14:35:00-04:00,29518.75,29547.0,29514.25,29534.0,2360
2026-08-06 14:40:00-04:00,29520.0,29524.5,29500.5,29518.75,2088
2026-08-06 14:45:00-04:00,29511.75,29537.0,29509.75,29521.25,2368
2026-08-06 14:50:00-04:00,29513.5,29522.0,29506.0,29512.75,1812
2026-08-06 14:55:00-04:00,29515.5,29530.25,29508.25,29513.0,2142
2026-08-06 15:00:00-04:00,29562.5,29565.25,29510.25,29515.75,3112
2026-08-06 15:05:00-04:00,29565.0,29568.75,29535.0,29562.5,2886
2026-08-06 15:10:00-04:00,29536.25,29570.25,29532.75,29566.0,2517
2026-08-06 15:15:00-04:00,29527.5,29539.25,29524.25,29535.5,1939
2026-08-06 15:20:00-04:00,29509.25,29551.25,29506.75,29529.0,2682
2026-08-06 15:25:00-04:00,29509.0,29526.0,29496.5,29509.0,3572
2026-08-06 15:30:00-04:00,29538.5,29545.5,29489.25,29508.0,3639
2026-08-06 15:35:00-04:00,29509.5,29538.5,29509.0,29538.0,1839
2026-08-06 15:40:00-04:00,29504.0,29514.25,29492.5,29509.75,2559
2026-08-06 15:45:00-04:00,29507.75,29511.5,29487.0,29504.0,3296
2026-08-06 15:50:00-04:00,29530.75,29536.25,29475.0,29508.0,6392
2026-08-06 15:55:00-04:00,29497.25,29531.25,29478.0,29531.25,13189
2026-08-06 16:00:00-04:00,29538.75,29550.0,29496.0,29497.25,5790
2026-08-06 16:05:00-04:00,29548.0,29552.0,29534.5,29539.75,1391
2026-08-06 16:10:00-04:00,29537.0,29550.75,29532.25,29547.25,1292
2026-08-06 16:15:00-04:00,29523.5,29548.75,29514.5,29536.75,1582
2026-08-06 16:20:00-04:00,29497.0,29532.25,29494.25,29523.5,1490
2026-08-06 16:25:00-04:00,29492.5,29508.0,29482.75,29495.75,946
2026-08-06 16:30:00-04:00,29501.75,29504.75,29480.75,29492.5,757
2026-08-06 16:35:00-04:00,29490.75,29503.5,29480.25,29502.0,536
2026-08-06 16:40:00-04:00,29494.0,29499.25,29489.5,29490.5,381
2026-08-06 16:45:00-04:00,29496.0,29498.25,29489.0,29494.75,344
2026-08-06 16:50:00-04:00,29495.5,29499.75,29492.75,29496.0,427
2026-08-06 16:55:00-04:00,29504.25,29506.25,29494.25,29496.5,457
2026-08-06 18:00:00-04:00,29520.0,29528.25,29494.5,29514.25,0
2026-08-06 18:05:00-04:00,29547.0,29550.0,29520.25,29521.25,528
2026-08-06 18:10:00-04:00,29573.25,29579.0,29541.0,29549.75,653
2026-08-06 18:15:00-04:00,29567.25,29581.75,29566.0,29571.75,397
2026-08-06 18:20:00-04:00,29554.0,29571.25,29547.5,29567.0,414
2026-08-06 18:25:00-04:00,29550.0,29570.0,29543.25,29556.0,585
2026-08-06 18:30:00-04:00,29548.25,29551.0,29543.25,29549.0,46
2026-08-06 18:35:00-04:00,29539.25,29542.25,29537.25,29538.0,489
2026-08-06 18:40:00-04:00,29553.75,29562.0,29539.0,29540.75,431
2026-08-06 18:45:00-04:00,29549.5,29559.0,29547.25,29554.25,207
2026-08-06 18:50:00-04:00,29555.5,29560.0,29549.0,29549.5,111
2026-08-06 18:55:00-04:00,29566.0,29566.5,29564.25,29566.25,242
2026-08-06 19:00:00-04:00,29565.75,29572.25,29561.5,29564.75,310
2026-08-06 19:05:00-04:00,29559.75,29566.0,29554.25,29564.75,238
2026-08-06 19:10:00-04:00,29558.0,29562.0,29556.25,29561.0,105
2026-08-06 19:15:00-04:00,29573.25,29596.5,29559.25,29559.25,473
2026-08-06 19:20:00-04:00,29590.75,29590.75,29572.0,29573.5,365
2026-08-06 19:25:00-04:00,29573.0,29597.0,29570.5,29590.5,486
2026-08-06 19:30:00-04:00,29586.0,29586.0,29570.5,29572.5,296
2026-08-06 19:35:00-04:00,29579.0,29589.25,29570.75,29588.0,289
2026-08-06 19:40:00-04:00,29583.0,29584.0,29563.25,29579.5,309
2026-08-06 19:45:00-04:00,29596.25,29597.75,29575.0,29583.0,378
2026-08-06 19:50:00-04:00,29592.25,29603.5,29587.5,29595.25,549
2026-08-06 19:55:00-04:00,29593.25,29596.0,29586.5,29592.0,216
2026-08-06 20:00:00-04:00,29610.0,29615.5,29578.75,29595.25,993
2026-08-06 20:05:00-04:00,29580.0,29618.75,29578.5,29611.75,686
2026-08-06 20:10:00-04:00,29575.5,29586.75,29562.0,29581.0,602
2026-08-06 20:15:00-04:00,29528.75,29575.25,29518.0,29575.25,1564
2026-08-06 20:20:00-04:00,29510.0,29528.5,29497.25,29528.0,1195
2026-08-06 20:25:00-04:00,29513.5,29527.0,29503.0,29509.75,708
2026-08-06 20:30:00-04:00,29570.25,29574.0,29500.75,29513.0,1380
2026-08-06 20:35:00-04:00,29544.75,29575.0,29518.0,29572.25,1064
2026-08-06 20:40:00-04:00,29539.75,29551.5,29505.0,29543.5,861
2026-08-06 20:45:00-04:00,29513.75,29557.25,29503.75,29541.75,805
2026-08-06 20:50:00-04:00,29550.0,29562.0,29506.25,29512.0,889
2026-08-06 20:55:00-04:00,29561.25,29573.0,29529.75,29549.25,948
2026-08-06 21:00:00-04:00,29570.0,29582.0,29557.0,29561.75,757
2026-08-06 21:05:00-04:00,29557.75,29577.75,29553.25,29568.0,731
2026-08-06 21:10:00-04:00,29524.0,29564.5,29515.0,29562.0,891
2026-08-06 21:15:00-04:00,29507.25,29532.0,29503.0,29526.0,789
2026-08-06 21:20:00-04:00,29496.25,29510.25,29482.5,29508.25,831
2026-08-06 21:25:00-04:00,29531.25,29536.0,29486.25,29495.5,1013
2026-08-06 21:30:00-04:00,29551.25,29581.25,29527.0,29529.5,1275
2026-08-06 21:35:00-04:00,29500.75,29553.75,29498.75,29551.25,1113
2026-08-06 21:40:00-04:00,29521.75,29522.0,29493.75,29499.75,743
2026-08-06 21:45:00-04:00,29533.25,29540.0,29502.25,29522.0,817
2026-08-06 21:50:00-04:00,29521.5,29534.5,29505.25,29532.5,391
2026-08-06 21:55:00-04:00,29526.25,29536.75,29515.5,29524.5,439
2026-08-06 22:00:00-04:00,29543.75,29547.0,29519.75,29527.0,1153
2026-08-06 22:05:00-04:00,29510.75,29548.0,29508.0,29544.0,750
2026-08-06 22:10:00-04:00,29530.75,29539.0,29489.5,29511.25,807
2026-08-06 22:15:00-04:00,29537.25,29539.5,29528.5,29530.0,249
2026-08-06 22:20:00-04:00,29538.5,29542.0,29514.5,29537.25,359
2026-08-06 22:25:00-04:00,29525.5,29538.75,29519.5,29538.75,236
2026-08-06 22:30:00-04:00,29503.25,29527.25,29503.25,29526.5,418
2026-08-06 22:35:00-04:00,29486.75,29517.75,29476.75,29506.5,708
2026-08-06 22:40:00-04:00,29500.25,29504.75,29475.5,29486.0,839
2026-08-06 22:45:00-04:00,29534.25,29534.25,29494.0,29498.75,548
2026-08-06 22:50:00-04:00,29530.75,29535.5,29526.5,29534.5,231
2026-08-06 22:55:00-04:00,29527.0,29533.0,29523.25,29529.75,186
2026-08-06 23:00:00-04:00,29538.0,29548.0,29526.0,29526.0,389
2026-08-06 23:05:00-04:00,29542.0,29547.25,29533.5,29539.5,456
2026-08-06 23:10:00-04:00,29529.5,29543.5,29529.25,29543.0,196
2026-08-06 23:15:00-04:00,29498.75,29535.0,29497.5,29531.5,564
2026-08-06 23:20:00-04:00,29507.0,29507.75,29491.25,29498.75,427
2026-08-06 23:25:00-04:00,29505.0,29513.5,29493.75,29508.0,337
2026-08-06 23:30:00-04:00,29502.0,29522.25,29498.5,29503.0,355
2026-08-06 23:35:00-04:00,29504.0,29520.0,29499.25,29500.5,168
2026-08-06 23:40:00-04:00,29505.25,29509.25,29496.25,29502.0,207
2026-08-06 23:45:00-04:00,29506.5,29510.25,29491.75,29507.0,210
2026-08-06 23:50:00-04:00,29494.25,29512.75,29490.5,29507.0,203
2026-08-06 23:55:00-04:00,29489.25,29494.0,29486.25,29494.0,184
2026-08-07 00:05:00-04:00,29490.75,29497.75,29490.75,29496.25,625
2026-08-07 00:10:00-04:00,29479.0,29500.75,29475.0,29495.0,576
2026-08-07 00:15:00-04:00,29484.0,29485.0,29453.5,29478.5,980
2026-08-07 00:20:00-04:00,29510.5,29516.75,29483.5,29485.0,1120
2026-08-07 00:25:00-04:00,29508.25,29512.5,29492.25,29511.5,522
2026-08-07 00:30:00-04:00,29513.0,29526.0,29501.25,29508.25,570
2026-08-07 00:35:00-04:00,29500.25,29516.25,29494.25,29514.25,372
2026-08-07 00:40:00-04:00,29495.5,29502.0,29492.0,29501.25,292
2026-08-07 00:45:00-04:00,29501.5,29504.75,29490.75,29494.5,225
2026-08-07 00:50:00-04:00,29507.75,29508.25,29489.25,29501.75,363
2026-08-07 00:55:00-04:00,29511.5,29513.5,29502.75,29507.0,241
2026-08-07 01:00:00-04:00,29527.5,29531.5,29507.5,29510.75,444
2026-08-07 01:05:00-04:00,29541.75,29556.75,29526.75,29529.5,1552
2026-08-07 01:10:00-04:00,29539.5,29548.75,29533.75,29541.5,314
2026-08-07 01:15:00-04:00,29543.0,29549.5,29538.0,29539.5,174
2026-08-07 01:20:00-04:00,29543.75,29554.25,29538.0,29543.5,291
2026-08-07 01:25:00-04:00,29549.25,29554.75,29542.0,29544.25,146
2026-08-07 01:30:00-04:00,29535.25,29550.0,29534.5,29547.75,236
2026-08-07 01:35:00-04:00,29528.75,29538.5,29528.0,29534.25,213
2026-08-07 01:40:00-04:00,29534.0,29539.25,29519.75,29527.0,318
2026-08-07 01:45:00-04:00,29532.25,29534.75,29525.0,29534.0,142
2026-08-07 01:50:00-04:00,29536.0,29538.75,29527.0,29532.5,221
2026-08-07 01:55:00-04:00,29523.5,29537.25,29522.75,29536.25,150
2026-08-07 02:00:00-04:00,29541.5,29547.25,29520.0,29523.5,461
2026-08-07 02:05:00-04:00,29552.5,29560.5,29538.75,29540.75,575
2026-08-07 02:10:00-04:00,29559.75,29564.5,29553.0,29554.0,515
2026-08-07 02:15:00-04:00,29552.75,29562.5,29547.5,29557.5,558
2026-08-07 02:20:00-04:00,29569.5,29569.5,29543.25,29553.0,801
2026-08-07 02:25:00-04:00,29580.5,29583.5,29560.0,29569.75,960
2026-08-07 02:30:00-04:00,29570.75,29583.5,29565.5,29580.25,473
2026-08-07 02:35:00-04:00,29565.5,29575.5,29563.25,29573.5,192
2026-08-07 02:40:00-04:00,29546.5,29566.0,29539.0,29565.5,558
2026-08-07 02:45:00-04:00,29542.75,29548.25,29537.75,29544.25,414
2026-08-07 02:50:00-04:00,29542.75,29545.0,29538.5,29542.5,276
2026-08-07 02:55:00-04:00,29553.0,29555.0,29540.0,29542.5,385
2026-08-07 03:00:00-04:00,29536.0,29558.0,29533.0,29552.0,840
2026-08-07 03:05:00-04:00,29577.0,29578.25,29536.25,29536.75,500
2026-08-07 03:10:00-04:00,29591.5,29591.75,29573.25,29576.0,869
2026-08-07 03:15:00-04:00,29587.75,29592.5,29580.0,29591.5,292
2026-08-07 03:20:00-04:00,29580.5,29586.25,29574.0,29586.25,400
2026-08-07 03:25:00-04:00,29587.75,29591.0,29576.0,29580.0,332
2026-08-07 03:30:00-04:00,29576.0,29588.75,29570.25,29588.75,301
2026-08-07 03:35:00-04:00,29575.25,29583.75,29572.75,29575.75,231
2026-08-07 03:40:00-04:00,29583.0,29591.0,29574.75,29575.0,343
2026-08-07 03:45:00-04:00,29580.0,29586.75,29571.0,29582.5,333
2026-08-07 03:50:00-04:00,29580.25,29580.25,29561.25,29580.0,350
2026-08-07 03:55:00-04:00,29583.75,29589.25,29579.75,29581.75,298
2026-08-07 04:00:00-04:00,29599.0,29613.0,29584.0,29584.25,1037
2026-08-07 04:05:00-04:00,29608.5,29614.25,29596.75,29599.5,694
2026-08-07 04:10:00-04:00,29624.0,29626.5,29607.5,29608.5,613
2026-08-07 04:15:00-04:00,29602.25,29628.25,29601.5,29625.0,530
2026-08-07 04:20:00-04:00,29613.75,29621.0,29599.25,29602.75,455
2026-08-07 04:25:00-04:00,29623.75,29629.75,29615.5,29615.5,383
2026-08-07 04:30:00-04:00,29635.75,29647.25,29620.25,29623.5,823
2026-08-07 04:35:00-04:00,29619.25,29639.75,29609.25,29637.0,565
2026-08-07 04:40:00-04:00,29625.75,29632.5,29611.5,29619.25,485
2026-08-07 04:45:00-04:00,29623.75,29635.75,29616.0,29625.75,1057
2026-08-07 04:50:00-04:00,29618.25,29624.0,29615.0,29622.75,409
2026-08-07 04:55:00-04:00,29632.5,29637.75,29616.75,29617.25,473
2026-08-07 05:00:00-04:00,29637.25,29649.0,29627.25,29633.5,521
2026-08-07 05:05:00-04:00,29634.75,29642.25,29625.25,29638.25,301
2026-08-07 05:10:00-04:00,29641.75,29644.25,29628.75,29633.5,325
2026-08-07 05:15:00-04:00,29626.0,29646.75,29625.5,29642.0,333
2026-08-07 05:20:00-04:00,29644.0,29646.0,29624.75,29627.5,351
2026-08-07 05:25:00-04:00,29634.5,29649.0,29630.75,29644.0,220
2026-08-07 05:30:00-04:00,29635.25,29647.0,29630.0,29634.5,252
2026-08-07 05:35:00-04:00,29636.75,29644.5,29633.5,29633.5,147
2026-08-07 05:40:00-04:00,29629.0,29635.5,29621.25,29635.5,321
2026-08-07 05:45:00-04:00,29627.0,29636.0,29622.5,29629.5,203
2026-08-07 05:50:00-04:00,29627.5,29632.25,29623.0,29627.0,232
2026-08-07 05:55:00-04:00,29616.5,29627.75,29616.0,29627.75,280
2026-08-07 06:00:00-04:00,29623.75,29628.0,29614.5,29618.25,331
2026-08-07 06:05:00-04:00,29616.0,29626.75,29613.0,29623.75,309
2026-08-07 06:10:00-04:00,29609.75,29622.25,29609.25,29615.0,235
2026-08-07 06:15:00-04:00,29607.0,29613.5,29600.25,29609.25,326
2026-08-07 06:20:00-04:00,29604.25,29608.0,29591.25,29605.75,385
2026-08-07 06:25:00-04:00,29621.25,29621.5,29602.75,29604.5,370
2026-08-07 06:30:00-04:00,29615.5,29622.0,29609.25,29621.5,223
2026-08-07 06:35:00-04:00,29620.0,29621.5,29611.25,29615.25,189
2026-08-07 06:40:00-04:00,29623.5,29625.25,29617.0,29620.75,201
2026-08-07 06:45:00-04:00,29615.75,29624.0,29608.25,29621.25,246
2026-08-07 06:50:00-04:00,29605.0,29622.0,29603.75,29617.25,359
2026-08-07 06:55:00-04:00,29607.25,29608.0,29602.25,29605.25,194
2026-08-07 07:00:00-04:00,29634.75,29641.25,29606.25,29606.5,729
2026-08-07 07:05:00-04:00,29639.75,29647.0,29630.0,29634.5,383
2026-08-07 07:10:00-04:00,29637.0,29648.25,29635.5,29639.5,472
2026-08-07 07:15:00-04:00,29640.0,29647.0,29636.75,29637.25,351
2026-08-07 07:20:00-04:00,29645.25,29652.5,29638.25,29640.25,436
2026-08-07 07:25:00-04:00,29654.0,29666.25,29645.0,29645.0,684
2026-08-07 07:30:00-04:00,29656.25,29656.5,29647.25,29652.25,337
2026-08-07 07:35:00-04:00,29661.25,29673.25,29649.25,29655.5,536
2026-08-07 07:40:00-04:00,29666.0,29672.0,29659.0,29659.75,359
2026-08-07 07:45:00-04:00,29662.25,29666.25,29659.0,29664.5,278
2026-08-07 07:50:00-04:00,29638.75,29663.5,29636.75,29663.25,1141
2026-08-07 07:55:00-04:00,29614.0,29643.75,29604.25,29638.5,1620
2026-08-07 08:00:00-04:00,29649.75,29675.75,29604.75,29614.5,1450
2026-08-07 08:05:00-04:00,29644.25,29652.75,29633.5,29649.5,592
2026-08-07 08:10:00-04:00,29658.5,29664.75,29640.5,29645.25,680
2026-08-07 08:15:00-04:00,29654.75,29671.25,29654.75,29658.75,826
2026-08-07 08:20:00-04:00,29655.0,29660.0,29639.25,29656.25,630
2026-08-07 08:25:00-04:00,29683.5,29686.0,29618.5,29655.0,1709
2026-08-07 08:30:00-04:00,29753.5,29772.25,29643.75,29676.25,5369
2026-08-07 08:35:00-04:00,29797.5,29799.75,29738.75,29752.75,3608
2026-08-07 08:40:00-04:00,29801.75,29814.0,29785.0,29797.5,3861
2026-08-07 08:45:00-04:00,29846.5,29855.25,29801.5,29801.5,3941
2026-08-07 08:50:00-04:00,29848.25,29867.75,29844.25,29847.0,2802
2026-08-07 08:55:00-04:00,29843.25,29849.75,29833.25,29849.25,2576
2026-08-07 09:00:00-04:00,29786.25,29850.5,29784.75,29843.75,3709
2026-08-07 09:05:00-04:00,29780.0,29805.0,29763.25,29785.25,2883
2026-08-07 09:10:00-04:00,29741.0,29783.25,29734.25,29779.75,3094
2026-08-07 09:15:00-04:00,29731.5,29745.25,29714.5,29741.25,2709
2026-08-07 09:20:00-04:00,29729.0,29736.5,29720.0,29731.5,1644
2026-08-07 09:25:00-04:00,29714.75,29740.5,29685.0,29729.75,4682
2026-08-07 09:30:00-04:00,29806.0,29813.25,29681.0,29714.25,18763
2026-08-07 09:35:00-04:00,29731.25,29809.25,29696.5,29804.75,13792
2026-08-07 09:40:00-04:00,29788.5,29796.0,29704.25,29733.0,11303
2026-08-07 09:45:00-04:00,29773.0,29820.0,29709.0,29786.75,11293
2026-08-07 09:50:00-04:00,29753.5,29800.0,29745.75,29773.75,7446
2026-08-07 09:55:00-04:00,29677.25,29761.75,29643.75,29754.5,11677
2026-08-07 10:00:00-04:00,29619.25,29713.25,29616.75,29679.5,12135
2026-08-07 10:05:00-04:00,29632.0,29684.75,29613.5,29619.25,8690
2026-08-07 10:10:00-04:00,29585.0,29649.0,29564.5,29630.75,11712
2026-08-07 10:15:00-04:00,29718.0,29720.0,29568.5,29585.0,12821
2026-08-07 10:20:00-04:00,29702.75,29744.75,29687.0,29718.5,8739
2026-08-07 10:25:00-04:00,29761.25,29779.5,29701.25,29703.0,7101
2026-08-07 10:30:00-04:00,29731.0,29775.0,29714.25,29761.0,7468
2026-08-07 10:35:00-04:00,29677.5,29743.75,29669.5,29731.0,9237
2026-08-07 10:40:00-04:00,29676.0,29720.5,29660.0,29678.75,7108
2026-08-07 10:45:00-04:00,29708.0,29732.0,29667.75,29676.75,7068
2026-08-07 10:50:00-04:00,29682.25,29726.75,29667.75,29708.25,5823
2026-08-07 10:55:00-04:00,29721.0,29734.0,29675.0,29682.0,5094
2026-08-07 11:00:00-04:00,29744.75,29748.0,29709.0,29720.25,5101
2026-08-07 11:05:00-04:00,29756.0,29769.0,29740.5,29745.0,3936
2026-08-07 11:10:00-04:00,29759.75,29782.5,29738.25,29756.5,5206
2026-08-07 11:15:00-04:00,29758.25,29767.5,29746.5,29760.25,3615
2026-08-07 11:20:00-04:00,29795.5,29798.25,29752.75,29757.75,4960
2026-08-07 11:25:00-04:00,29826.75,29828.75,29794.0,29795.5,5680
2026-08-07 11:30:00-04:00,29839.5,29855.25,29826.0,29826.0,6089
2026-08-07 11:35:00-04:00,29824.25,29843.0,29818.75,29840.5,4219
2026-08-07 11:40:00-04:00,29811.75,29837.5,29794.25,29825.0,4570
2026-08-07 11:45:00-04:00,29829.5,29834.0,29802.25,29812.0,2755
2026-08-07 11:50:00-04:00,29815.5,29843.25,29796.5,29829.75,4047
2026-08-07 11:55:00-04:00,29814.0,29822.0,29796.5,29816.25,2939
2026-08-07 12:00:00-04:00,29812.0,29820.5,29795.0,29814.75,2937
2026-08-07 12:05:00-04:00,29824.5,29830.0,29809.0,29812.0,2774
2026-08-07 12:10:00-04:00,29800.75,29829.25,29798.25,29825.25,2126
2026-08-07 12:15:00-04:00,29794.25,29818.5,29787.0,29800.5,2862
2026-08-07 12:20:00-04:00,29747.25,29819.0,29746.25,29794.25,5482
2026-08-07 12:25:00-04:00,29714.0,29753.5,29688.75,29748.0,6744
2026-08-07 12:30:00-04:00,29736.0,29738.75,29668.75,29714.0,7626
2026-08-07 12:35:00-04:00,29752.5,29757.0,29719.25,29735.75,4199
2026-08-07 12:40:00-04:00,29754.25,29761.25,29735.0,29752.0,3188
2026-08-07 12:45:00-04:00,29767.5,29772.75,29754.5,29754.5,3504
2026-08-07 12:50:00-04:00,29745.75,29780.75,29740.0,29768.25,3524
2026-08-07 12:55:00-04:00,29739.5,29765.0,29738.75,29746.0,2672
2026-08-07 13:00:00-04:00,29745.0,29757.25,29726.75,29739.75,3282
2026-08-07 13:05:00-04:00,29765.0,29768.0,29742.0,29745.0,2248
2026-08-07 13:10:00-04:00,29736.0,29767.0,29734.0,29764.0,1933
2026-08-07 13:15:00-04:00,29756.0,29759.5,29731.75,29735.25,2202
2026-08-07 13:20:00-04:00,29732.5,29764.5,29731.5,29756.5,2091
2026-08-07 13:25:00-04:00,29747.5,29756.75,29726.25,29732.0,1956
2026-08-07 13:30:00-04:00,29735.75,29754.5,29727.0,29747.5,2320
2026-08-07 13:35:00-04:00,29761.5,29764.25,29734.5,29736.25,1759
2026-08-07 13:40:00-04:00,29745.25,29763.0,29739.25,29762.5,1717
2026-08-07 13:45:00-04:00,29746.75,29755.25,29740.75,29746.0,1242
2026-08-07 13:50:00-04:00,29751.0,29759.25,29735.5,29746.0,1683
2026-08-07 13:55:00-04:00,29743.25,29757.5,29743.25,29751.5,1354
2026-08-07 14:00:00-04:00,29746.5,29754.75,29741.0,29743.5,1439
2026-08-07 14:05:00-04:00,29743.25,29753.25,29734.5,29746.75,1786
2026-08-07 14:10:00-04:00,29721.5,29747.25,29712.5,29743.5,2304
2026-08-07 14:15:00-04:00,29727.5,29734.25,29716.0,29722.0,2062
2026-08-07 14:20:00-04:00,29718.25,29731.5,29711.75,29727.0,1433
2026-08-07 14:25:00-04:00,29705.75,29722.5,29702.75,29717.75,1898
2026-08-07 14:30:00-04:00,29704.0,29724.25,29700.0,29705.5,2541
2026-08-07 14:35:00-04:00,29699.0,29710.75,29691.0,29704.5,1967
2026-08-07 14:40:00-04:00,29681.25,29701.5,29678.75,29698.25,1656
2026-08-07 14:45:00-04:00,29699.25,29701.5,29676.5,29681.5,2140
2026-08-07 14:50:00-04:00,29697.5,29711.5,29695.0,29699.0,1794
2026-08-07 14:55:00-04:00,29725.0,29729.0,29690.0,29698.25,2416
2026-08-07 15:00:00-04:00,29746.0,29771.75,29723.0,29725.25,4752
2026-08-07 15:05:00-04:00,29792.5,29793.75,29744.5,29745.5,3576
2026-08-07 15:10:00-04:00,29800.0,29810.75,29792.75,29793.0,3585
2026-08-07 15:15:00-04:00,29793.25,29823.0,29791.75,29800.25,4026
2026-08-07 15:20:00-04:00,29798.5,29815.0,29793.0,29793.25,2625
2026-08-07 15:25:00-04:00,29811.0,29811.75,29794.5,29799.0,1987
2026-08-07 15:30:00-04:00,29779.25,29812.0,29776.5,29811.25,3176
2026-08-07 15:35:00-04:00,29795.0,29801.5,29773.0,29778.75,2629
2026-08-07 15:40:00-04:00,29779.25,29797.25,29772.25,29795.0,2674
2026-08-07 15:45:00-04:00,29789.25,29797.25,29778.0,29778.75,3223
2026-08-07 15:50:00-04:00,29827.75,29834.25,29786.0,29789.75,5506
2026-08-07 15:55:00-04:00,29834.25,29860.25,29817.75,29827.5,16315
2026-08-07 16:00:00-04:00,29815.0,29850.75,29813.75,29833.75,5775
2026-08-07 16:05:00-04:00,29808.75,29822.25,29807.25,29815.25,1929
2026-08-07 16:10:00-04:00,29820.25,29822.75,29805.25,29809.0,1238
2026-08-07 16:15:00-04:00,29817.25,29829.0,29816.5,29820.5,555
2026-08-07 16:20:00-04:00,29811.0,29818.5,29805.25,29818.0,510
2026-08-07 16:25:00-04:00,29805.0,29813.5,29803.75,29811.0,425
2026-08-07 16:30:00-04:00,29816.75,29818.0,29802.5,29805.5,450
2026-08-07 16:35:00-04:00,29820.0,29823.25,29815.75,29817.0,469
2026-08-07 16:40:00-04:00,29814.25,29823.75,29813.25,29820.25,765
2026-08-07 16:45:00-04:00,29816.0,29818.75,29813.0,29814.25,585
2026-08-07 16:50:00-04:00,29821.5,29825.25,29814.75,29815.0,486
2026-08-07 16:55:00-04:00,29834.75,29845.0,29819.0,29821.5,720
2026-08-09 18:10:00-04:00,29826.25,29860.25,29820.0,29851.75,1016
2026-08-09 18:15:00-04:00,29820.75,29829.0,29805.25,29828.5,794
2026-08-09 18:20:00-04:00,29834.5,29839.75,29819.5,29820.0,546
2026-08-09 18:25:00-04:00,29838.0,29854.5,29824.25,29834.5,752
2026-08-09 18:30:00-04:00,29820.0,29853.5,29815.25,29838.5,553
2026-08-09 18:35:00-04:00,29828.25,29834.75,29814.5,29820.25,341
2026-08-09 18:40:00-04:00,29837.5,29844.75,29829.25,29829.25,380
2026-08-09 18:45:00-04:00,29836.5,29846.0,29831.5,29837.5,349
2026-08-09 18:50:00-04:00,29850.25,29851.0,29838.25,29838.25,297
2026-08-09 18:55:00-04:00,29844.25,29849.25,29842.5,29848.5,98
2026-08-09 19:00:00-04:00,29851.25,29853.5,29833.5,29845.25,349
2026-08-09 19:05:00-04:00,29863.25,29877.0,29847.0,29848.5,618
2026-08-09 19:10:00-04:00,29862.75,29868.0,29858.5,29861.25,225
2026-08-09 19:15:00-04:00,29862.0,29865.0,29856.25,29860.5,210
2026-08-09 19:20:00-04:00,29870.0,29882.25,29860.0,29862.25,535
2026-08-09 19:25:00-04:00,29864.25,29875.0,29859.0,29870.25,331
2026-08-09 19:30:00-04:00,29841.0,29865.75,29834.75,29865.25,767
2026-08-09 19:35:00-04:00,29854.25,29858.0,29837.25,29842.25,311
2026-08-09 19:40:00-04:00,29862.25,29865.25,29850.5,29855.75,234
2026-08-09 19:45:00-04:00,29870.25,29872.0,29861.25,29862.0,267
2026-08-09 19:50:00-04:00,29861.25,29869.0,29855.0,29868.25,252
2026-08-09 19:55:00-04:00,29829.5,29860.25,29828.25,29859.5,581
2026-08-09 20:00:00-04:00,29825.25,29839.75,29796.25,29830.25,1436
2026-08-09 20:05:00-04:00,29872.0,29883.25,29822.5,29822.5,1082
2026-08-09 20:10:00-04:00,29893.0,29906.5,29869.0,29872.0,1050
2026-08-09 20:15:00-04:00,29874.25,29899.5,29873.75,29891.5,681
2026-08-09 20:20:00-04:00,29849.25,29888.0,29843.5,29875.0,782
2026-08-09 20:25:00-04:00,29845.75,29861.5,29840.0,29850.75,585
2026-08-09 20:30:00-04:00,29856.0,29865.25,29843.0,29847.0,414
2026-08-09 20:35:00-04:00,29810.75,29859.25,29810.75,29856.0,991
2026-08-09 20:40:00-04:00,29804.5,29823.0,29799.75,29811.25,680
2026-08-09 20:45:00-04:00,29826.25,29826.25,29805.25,29806.25,551
2026-08-09 20:50:00-04:00,29812.75,29830.5,29808.25,29825.75,510
2026-08-09 20:55:00-04:00,29802.0,29818.25,29788.5,29812.0,857
2026-08-09 21:00:00-04:00,29826.0,29835.0,29791.0,29803.25,897
2026-08-09 21:05:00-04:00,29830.0,29837.0,29808.25,29824.25,533
2026-08-09 21:10:00-04:00,29853.0,29855.0,29823.25,29829.0,542
2026-08-09 21:15:00-04:00,29865.0,29866.0,29845.75,29851.75,642
2026-08-09 21:20:00-04:00,29879.5,29881.25,29858.5,29864.5,772
2026-08-09 21:25:00-04:00,29865.25,29882.5,29864.25,29879.75,378
2026-08-09 21:30:00-04:00,29850.0,29869.0,29840.75,29864.0,551
2026-08-09 21:35:00-04:00,29877.25,29881.5,29846.0,29852.0,644
2026-08-09 21:40:00-04:00,29875.5,29878.75,29861.75,29877.0,309
2026-08-09 21:45:00-04:00,29889.25,29890.25,29871.75,29876.5,447
2026-08-09 21:50:00-04:00,29888.0,29895.0,29886.5,29889.5,270
2026-08-09 21:55:00-04:00,29885.0,29889.25,29882.5,29888.25,166
2026-08-09 22:00:00-04:00,29887.25,29889.25,29874.5,29886.0,383
2026-08-09 22:05:00-04:00,29876.75,29892.25,29875.5,29885.25,244
2026-08-09 22:10:00-04:00,29871.25,29885.5,29869.25,29876.75,288
2026-08-09 22:15:00-04:00,29862.75,29874.5,29852.75,29873.25,697
2026-08-09 22:20:00-04:00,29858.75,29869.0,29858.5,29864.0,203
2026-08-09 22:25:00-04:00,29870.0,29872.0,29859.0,29859.5,196
2026-08-09 22:30:00-04:00,29856.0,29873.25,29854.5,29870.0,210
2026-08-09 22:35:00-04:00,29882.75,29883.0,29848.25,29854.75,375
2026-08-09 22:40:00-04:00,29890.25,29890.75,29880.75,29883.25,270
2026-08-09 22:45:00-04:00,29887.5,29893.0,29886.5,29889.0,208
2026-08-09 22:50:00-04:00,29892.0,29899.5,29887.0,29887.0,260
2026-08-09 22:55:00-04:00,29880.25,29899.25,29880.25,29893.0,279
2026-08-09 23:00:00-04:00,29879.0,29892.0,29878.0,29881.25,250
2026-08-09 23:05:00-04:00,29876.0,29881.25,29872.0,29879.25,149
2026-08-09 23:10:00-04:00,29876.25,29880.0,29869.25,29875.75,197
2026-08-09 23:15:00-04:00,29889.0,29891.25,29871.75,29876.0,217
2026-08-09 23:20:00-04:00,29881.5,29891.25,29879.5,29888.25,171
2026-08-09 23:25:00-04:00,29882.5,29884.75,29871.25,29879.5,241
2026-08-09 23:30:00-04:00,29888.5,29888.5,29872.75,29880.0,233
2026-08-09 23:35:00-04:00,29894.0,29898.0,29883.0,29888.75,224
2026-08-09 23:40:00-04:00,29896.5,29897.25,29889.0,29894.0,248
2026-08-09 23:45:00-04:00,29892.75,29898.5,29889.0,29896.5,206
2026-08-09 23:50:00-04:00,29883.0,29899.0,29881.25,29893.25,235
2026-08-09 23:55:00-04:00,29880.0,29883.0,29871.25,29883.0,232
2026-08-10 00:00:00-04:00,29880.5,29887.75,29873.0,29878.25,266
2026-08-10 00:05:00-04:00,29895.75,29896.0,29873.25,29881.0,201
2026-08-10 00:10:00-04:00,29895.5,29897.75,29885.25,29897.0,186
2026-08-10 00:15:00-04:00,29897.0,29901.5,29892.5,29894.25,237
2026-08-10 00:20:00-04:00,29897.5,29899.5,29894.5,29897.0,103
2026-08-10 00:25:00-04:00,29899.25,29904.0,29891.0,29896.75,239
2026-08-10 00:30:00-04:00,29889.0,29899.75,29886.75,29898.25,189
2026-08-10 00:35:00-04:00,29883.75,29892.5,29882.5,29889.0,186
2026-08-10 00:40:00-04:00,29887.25,29889.5,29863.0,29883.5,514
2026-08-10 00:45:00-04:00,29889.75,29897.75,29882.25,29887.25,219
2026-08-10 00:50:00-04:00,29886.25,29902.25,29885.75,29889.75,220
2026-08-10 00:55:00-04:00,29882.75,29884.75,29873.75,29884.5,303
2026-08-10 01:00:00-04:00,29898.75,29900.0,29881.0,29882.25,336
2026-08-10 01:05:00-04:00,29909.0,29913.75,29897.5,29898.75,490
2026-08-10 01:10:00-04:00,29916.25,29918.25,29906.5,29909.25,353
2026-08-10 01:15:00-04:00,29914.25,29920.5,29910.75,29916.75,365
2026-08-10 01:20:00-04:00,29923.0,29923.5,29913.0,29916.0,265
2026-08-10 01:25:00-04:00,29910.75,29924.5,29909.0,29922.25,217
2026-08-10 01:30:00-04:00,29914.0,29916.75,29907.5,29912.0,242
2026-08-10 01:35:00-04:00,29908.0,29919.0,29906.0,29914.0,361
2026-08-10 01:40:00-04:00,29905.5,29910.0,29903.5,29907.25,158
2026-08-10 01:45:00-04:00,29904.5,29910.0,29899.5,29905.25,259
2026-08-10 01:50:00-04:00,29924.5,29926.5,29902.75,29904.25,348
2026-08-10 01:55:00-04:00,29930.5,29930.5,29924.75,29925.25,321
2026-08-10 02:00:00-04:00,29938.0,29942.0,29927.5,29930.0,843
2026-08-10 02:05:00-04:00,29943.75,29946.0,29934.5,29937.5,434
2026-08-10 02:10:00-04:00,29956.25,29962.0,29943.0,29943.25,606
2026-08-10 02:15:00-04:00,29959.25,29962.75,29947.25,29956.0,490
2026-08-10 02:20:00-04:00,29928.25,29960.0,29923.0,29959.0,931
2026-08-10 02:25:00-04:00,29914.25,29928.0,29907.5,29928.0,486
2026-08-10 02:30:00-04:00,29918.25,29925.25,29907.0,29914.25,502
2026-08-10 02:35:00-04:00,29915.75,29919.0,29907.75,29917.75,235
2026-08-10 02:40:00-04:00,29917.25,29921.5,29912.75,29915.75,229
2026-08-10 02:45:00-04:00,29913.5,29920.0,29911.25,29917.5,216
2026-08-10 02:50:00-04:00,29914.5,29923.5,29911.0,29914.5,189
2026-08-10 02:55:00-04:00,29908.5,29916.75,29906.0,29913.0,382
2026-08-10 03:00:00-04:00,29917.0,29923.0,29902.5,29909.25,589
2026-08-10 03:05:00-04:00,29911.25,29921.75,29905.0,29916.75,284
2026-08-10 03:10:00-04:00,29914.0,29914.5,29886.25,29908.75,595
2026-08-10 03:15:00-04:00,29931.0,29931.0,29911.25,29914.0,517
2026-08-10 03:20:00-04:00,29947.0,29952.0,29931.0,29932.25,833
2026-08-10 03:25:00-04:00,29952.25,29952.5,29937.25,29948.0,301
2026-08-10 03:30:00-04:00,29953.5,29957.5,29948.0,29950.75,361
2026-08-10 03:35:00-04:00,29964.25,29967.5,29952.75,29953.75,427
2026-08-10 03:40:00-04:00,29965.5,29970.0,29958.75,29964.0,380
2026-08-10 03:45:00-04:00,29938.75,29984.0,29935.75,29965.75,878
2026-08-10 03:50:00-04:00,29944.25,29949.25,29937.5,29939.5,202
2026-08-10 03:55:00-04:00,29951.5,29959.75,29944.75,29944.75,225
2026-08-10 04:00:00-04:00,29976.5,29981.0,29948.5,29952.5,638
2026-08-10 04:05:00-04:00,29962.5,29980.75,29953.75,29978.0,462
2026-08-10 04:10:00-04:00,29963.0,29964.25,29947.0,29958.5,321
2026-08-10 04:15:00-04:00,29967.5,29973.0,29958.0,29961.75,314
2026-08-10 04:20:00-04:00,29953.25,29966.5,29939.5,29966.5,356
2026-08-10 04:25:00-04:00,29953.5,29959.0,29946.5,29956.0,255
2026-08-10 04:30:00-04:00,29958.0,29959.0,29944.0,29952.0,244
2026-08-10 04:35:00-04:00,29969.5,29972.0,29956.75,29957.25,293
2026-08-10 04:40:00-04:00,29955.5,29971.75,29952.75,29969.25,198
2026-08-10 04:45:00-04:00,29954.25,29956.0,29949.0,29954.75,149
2026-08-10 04:50:00-04:00,29962.75,29963.25,29949.75,29952.25,204
2026-08-10 04:55:00-04:00,29971.5,29975.0,29960.25,29962.25,365
2026-08-10 05:00:00-04:00,29976.25,29976.25,29966.0,29971.5,292
2026-08-10 05:05:00-04:00,29977.0,29979.0,29970.0,29976.5,293
2026-08-10 05:10:00-04:00,29976.0,29983.75,29972.5,29977.0,288
2026-08-10 05:15:00-04:00,29966.0,29981.75,29963.5,29974.75,231
2026-08-10 05:20:00-04:00,29976.5,29976.5,29965.0,29965.0,153
2026-08-10 05:25:00-04:00,29967.75,29978.0,29965.0,29977.0,200
2026-08-10 05:30:00-04:00,29970.25,29972.0,29958.0,29968.5,306
2026-08-10 05:35:00-04:00,29946.0,29969.75,29942.0,29969.75,391
2026-08-10 05:40:00-04:00,29945.0,29948.75,29936.5,29946.5,281
2026-08-10 05:45:00-04:00,29944.5,29946.5,29936.0,29943.75,154
2026-08-10 05:50:00-04:00,29945.5,29952.0,29943.75,29943.75,214
2026-08-10 05:55:00-04:00,29938.75,29949.0,29937.5,29946.0,143
2026-08-10 06:00:00-04:00,29957.5,29958.5,29932.75,29939.25,438
2026-08-10 06:05:00-04:00,29940.5,29959.0,29940.5,29958.5,302
2026-08-10 06:10:00-04:00,29917.25,29944.25,29916.0,29942.0,368
2026-08-10 06:15:00-04:00,29927.5,29928.75,29916.5,29917.75,238
2026-08-10 06:20:00-04:00,29951.75,29952.25,29928.0,29928.0,498
2026-08-10 06:25:00-04:00,29946.75,29950.75,29939.25,29950.75,217
2026-08-10 06:30:00-04:00,29937.25,29945.5,29929.25,29943.5,256
2026-08-10 06:35:00-04:00,29918.75,29937.5,29917.0,29937.5,360
2026-08-10 06:40:00-04:00,29919.5,29920.25,29910.0,29916.75,325
2026-08-10 06:45:00-04:00,29918.75,29924.5,29917.5,29918.75,137
2026-08-10 06:50:00-04:00,29926.25,29938.25,29919.5,29919.5,350
2026-08-10 06:55:00-04:00,29912.25,29932.5,29909.25,29929.0,530
2026-08-10 07:00:00-04:00,29889.25,29926.0,29883.25,29912.75,961
2026-08-10 07:05:00-04:00,29876.0,29889.0,29874.0,29888.5,494
2026-08-10 07:10:00-04:00,29876.5,29882.75,29851.5,29876.5,899
2026-08-10 07:15:00-04:00,29870.25,29882.5,29864.25,29877.25,551
2026-08-10 07:20:00-04:00,29881.5,29892.0,29868.75,29869.0,600
2026-08-10 07:25:00-04:00,29909.0,29913.0,29874.0,29879.75,654
2026-08-10 07:30:00-04:00,29910.75,29919.75,29904.75,29909.25,708
2026-08-10 07:35:00-04:00,29895.0,29912.0,29890.25,29910.75,553
2026-08-10 07:40:00-04:00,29874.75,29908.5,29872.0,29893.0,699
2026-08-10 07:45:00-04:00,29848.25,29884.25,29846.0,29874.25,1009
2026-08-10 07:50:00-04:00,29864.0,29874.0,29846.0,29847.25,947
2026-08-10 07:55:00-04:00,29871.0,29876.25,29859.25,29862.75,357
2026-08-10 08:00:00-04:00,29877.25,29880.75,29854.0,29870.25,521
2026-08-10 08:05:00-04:00,29879.5,29882.25,29864.25,29877.5,393
2026-08-10 08:10:00-04:00,29845.0,29883.75,29843.75,29880.0,531
2026-08-10 08:15:00-04:00,29830.25,29846.5,29826.5,29845.75,729
2026-08-10 08:20:00-04:00,29820.5,29834.75,29810.25,29829.25,685
2026-08-10 08:25:00-04:00,29821.0,29827.5,29816.25,29819.0,539
2026-08-10 08:30:00-04:00,29794.5,29827.5,29794.5,29823.25,1121
2026-08-10 08:35:00-04:00,29792.0,29812.25,29782.25,29794.25,1628
2026-08-10 08:40:00-04:00,29804.0,29808.75,29790.0,29793.25,649
2026-08-10 08:45:00-04:00,29798.0,29810.0,29791.25,29803.75,649
2026-08-10 08:50:00-04:00,29778.0,29796.75,29773.0,29796.75,1035
2026-08-10 08:55:00-04:00,29777.0,29782.5,29771.75,29777.75,698
2026-08-10 09:00:00-04:00,29795.5,29797.0,29772.25,29778.5,1458
2026-08-10 09:05:00-04:00,29808.75,29808.75,29791.0,29795.0,892
2026-08-10 09:10:00-04:00,29805.0,29816.0,29797.0,29807.25,1051
2026-08-10 09:15:00-04:00,29815.25,29818.5,29793.0,29804.5,912
2026-08-10 09:20:00-04:00,29813.25,29819.5,29794.25,29815.25,1234
2026-08-10 09:25:00-04:00,29805.5,29823.75,29789.5,29812.75,2442
2026-08-10 09:30:00-04:00,29740.75,29841.75,29737.0,29805.5,13766
2026-08-10 09:35:00-04:00,29764.25,29811.25,29727.75,29741.25,13353
2026-08-10 09:40:00-04:00,29776.0,29788.0,29718.75,29763.0,10243
2026-08-10 09:45:00-04:00,29817.75,29828.0,29767.5,29775.75,7939
2026-08-10 09:50:00-04:00,29776.5,29832.75,29754.5,29817.25,9501
2026-08-10 09:55:00-04:00,29806.75,29819.0,29756.25,29777.5,6546
2026-08-10 10:00:00-04:00,29819.0,29831.5,29788.25,29807.0,6670
2026-08-10 10:05:00-04:00,29874.25,29875.75,29817.0,29819.25,7348
2026-08-10 10:10:00-04:00,29881.5,29892.0,29870.0,29874.75,5193
2026-08-10 10:15:00-04:00,29862.25,29900.0,29855.25,29882.0,6004
2026-08-10 10:20:00-04:00,29837.75,29884.5,29827.0,29863.0,5637
2026-08-10 10:25:00-04:00,29857.75,29869.5,29814.75,29838.75,6391
2026-08-10 10:30:00-04:00,29861.5,29882.0,29850.0,29858.25,4603
2026-08-10 10:35:00-04:00,29860.0,29892.25,29846.75,29861.25,5126
2026-08-10 10:40:00-04:00,29866.75,29883.0,29855.0,29859.75,3371
2026-08-10 10:45:00-04:00,29870.25,29886.0,29862.5,29866.5,3079
2026-08-10 10:50:00-04:00,29795.75,29877.25,29794.75,29870.25,5634
2026-08-10 10:55:00-04:00,29779.25,29816.0,29777.75,29795.0,5843
2026-08-10 11:00:00-04:00,29800.0,29815.5,29771.25,29779.75,6158
2026-08-10 11:05:00-04:00,29782.75,29822.5,29782.75,29800.0,4078
2026-08-10 11:10:00-04:00,29793.25,29807.0,29766.0,29782.5,4335
2026-08-10 11:15:00-04:00,29799.75,29817.25,29790.0,29793.25,3708
2026-08-10 11:20:00-04:00,29783.75,29809.0,29773.5,29799.75,3192
2026-08-10 11:25:00-04:00,29777.75,29788.0,29753.5,29783.75,3902
2026-08-10 11:30:00-04:00,29750.75,29787.75,29747.75,29777.0,3309
2026-08-10 11:35:00-04:00,29761.75,29770.0,29740.75,29751.25,2966
2026-08-10 11:40:00-04:00,29808.25,29809.0,29753.0,29762.0,3898
2026-08-10 11:45:00-04:00,29796.0,29818.0,29786.25,29808.25,3513
2026-08-10 11:50:00-04:00,29846.5,29848.5,29793.5,29795.5,3932
2026-08-10 11:55:00-04:00,29844.0,29854.5,29837.5,29846.25,2607
2026-08-10 12:00:00-04:00,29848.0,29858.75,29841.25,29844.5,2447
2026-08-10 12:05:00-04:00,29826.25,29850.0,29816.5,29848.5,2840
2026-08-10 12:10:00-04:00,29822.0,29833.0,29811.75,29826.0,2121
2026-08-10 12:15:00-04:00,29821.25,29835.0,29804.75,29822.0,2736
2026-08-10 12:20:00-04:00,29839.25,29841.0,29816.0,29821.5,1957
2026-08-10 12:25:00-04:00,29809.75,29843.5,29807.5,29839.75,2529
2026-08-10 12:30:00-04:00,29778.25,29817.0,29744.0,29809.5,5326
2026-08-10 12:35:00-04:00,29769.5,29796.0,29760.75,29778.75,3301
2026-08-10 12:40:00-04:00,29742.25,29774.25,29729.5,29769.25,4262
2026-08-10 12:45:00-04:00,29767.0,29768.5,29733.0,29742.75,3525
2026-08-10 12:50:00-04:00,29755.25,29768.0,29741.75,29766.5,2430
2026-08-10 12:55:00-04:00,29780.0,29781.0,29756.0,29756.0,2524
2026-08-10 13:00:00-04:00,29774.0,29783.75,29760.75,29780.25,2507
2026-08-10 13:05:00-04:00,29800.5,29802.0,29769.75,29773.75,2848
2026-08-10 13:10:00-04:00,29800.75,29809.0,29793.0,29800.75,2252
2026-08-10 13:15:00-04:00,29796.0,29811.25,29789.5,29800.75,1869
2026-08-10 13:20:00-04:00,29796.75,29804.5,29792.0,29796.5,1322
2026-08-10 13:25:00-04:00,29787.5,29799.75,29776.25,29797.0,2066
2026-08-10 13:30:00-04:00,29787.75,29796.5,29784.75,29786.75,1444
2026-08-10 13:35:00-04:00,29769.5,29790.75,29763.75,29788.0,2198
2026-08-10 13:40:00-04:00,29759.5,29778.5,29756.0,29770.0,1660
2026-08-10 13:45:00-04:00,29753.0,29763.5,29752.75,29760.0,1708
2026-08-10 13:50:00-04:00,29752.25,29761.75,29744.25,29754.0,2088
2026-08-10 13:55:00-04:00,29759.75,29765.25,29745.75,29753.0,1644
2026-08-10 14:00:00-04:00,29754.5,29768.25,29750.0,29759.0,1567
2026-08-10 14:05:00-04:00,29766.25,29770.0,29748.5,29754.5,1323
2026-08-10 14:10:00-04:00,29751.25,29772.75,29750.0,29765.0,1452
2026-08-10 14:15:00-04:00,29747.25,29756.5,29742.75,29751.75,1724
2026-08-10 14:20:00-04:00,29750.0,29755.75,29742.5,29747.0,1324
2026-08-10 14:25:00-04:00,29747.75,29756.0,29743.5,29750.75,1036
2026-08-10 14:30:00-04:00,29763.0,29765.0,29741.5,29747.5,2132
2026-08-10 14:35:00-04:00,29755.25,29771.0,29746.25,29763.25,1772
2026-08-10 14:40:00-04:00,29771.75,29773.5,29753.75,29755.5,1779
2026-08-10 14:45:00-04:00,29765.5,29774.0,29759.75,29772.0,1345
2026-08-10 14:50:00-04:00,29775.0,29780.0,29765.25,29765.25,1438
2026-08-10 14:55:00-04:00,29782.0,29784.5,29767.5,29775.25,1726
2026-08-10 15:00:00-04:00,29782.25,29793.25,29778.75,29782.75,2236
2026-08-10 15:05:00-04:00,29787.5,29789.25,29775.5,29783.0,1575
2026-08-10 15:10:00-04:00,29789.5,29795.0,29782.5,29787.25,1357
2026-08-10 15:15:00-04:00,29785.5,29796.0,29781.75,29789.75,1652
2026-08-10 15:20:00-04:00,29793.5,29794.0,29780.75,29785.0,1508
2026-08-10 15:25:00-04:00,29781.75,29796.0,29779.75,29793.75,1711
2026-08-10 15:30:00-04:00,29777.0,29788.25,29775.0,29782.25,2000
2026-08-10 15:35:00-04:00,29788.0,29793.0,29773.0,29777.25,1684
2026-08-10 15:40:00-04:00,29776.25,29789.25,29770.25,29788.25,2112
2026-08-10 15:45:00-04:00,29781.75,29784.25,29766.25,29776.0,2696
2026-08-10 15:50:00-04:00,29734.0,29782.25,29732.5,29782.25,6350
2026-08-10 15:55:00-04:00,29744.25,29756.25,29722.5,29736.75,14347
2026-08-10 16:00:00-04:00,29745.75,29754.75,29740.0,29744.5,4307
2026-08-10 16:05:00-04:00,29753.5,29754.75,29741.5,29745.25,1241
2026-08-10 16:10:00-04:00,29745.0,29753.75,29740.25,29753.25,906
2026-08-10 16:15:00-04:00,29743.5,29753.0,29742.25,29745.0,660
2026-08-10 16:20:00-04:00,29744.0,29750.5,29737.0,29743.25,499
2026-08-10 16:25:00-04:00,29751.75,29754.5,29742.5,29743.0,467
2026-08-10 16:30:00-04:00,29747.25,29754.0,29743.5,29751.75,397
2026-08-10 16:35:00-04:00,29750.0,29753.5,29743.25,29747.25,330
2026-08-10 16:40:00-04:00,29757.5,29760.0,29748.0,29750.25,510
2026-08-10 16:45:00-04:00,29760.75,29765.25,29757.5,29758.0,609
2026-08-10 16:50:00-04:00,29769.0,29770.0,29755.75,29761.0,299
2026-08-10 16:55:00-04:00,29764.25,29769.75,29762.0,29768.5,336
2026-08-10 18:00:00-04:00,29773.25,29788.5,29755.75,29764.5,0
2026-08-10 18:05:00-04:00,29761.25,29774.5,29757.75,29773.5,405
2026-08-10 18:10:00-04:00,29761.5,29764.0,29752.0,29760.75,388
2026-08-10 18:15:00-04:00,29746.75,29762.75,29746.75,29761.75,309
2026-08-10 18:20:00-04:00,29739.25,29751.0,29733.0,29746.0,445
2026-08-10 18:25:00-04:00,29746.25,29750.0,29738.5,29738.5,302
2026-08-10 18:30:00-04:00,29727.75,29746.25,29724.25,29746.0,600
2026-08-10 18:35:00-04:00,29727.0,29732.25,29723.5,29727.75,225
2026-08-10 18:40:00-04:00,29725.25,29731.75,29722.25,29726.75,214
2026-08-10 18:45:00-04:00,29728.0,29732.0,29724.5,29724.5,117
2026-08-10 18:50:00-04:00,29729.75,29735.5,29724.75,29728.75,196
2026-08-10 18:55:00-04:00,29732.5,29736.75,29729.0,29729.25,70
2026-08-10 19:00:00-04:00,29730.5,29735.5,29720.75,29732.5,309
2026-08-10 19:05:00-04:00,29729.25,29732.5,29727.25,29730.25,110
2026-08-10 19:10:00-04:00,29731.25,29733.0,29728.75,29729.0,100
2026-08-10 19:15:00-04:00,29723.5,29732.0,29723.0,29731.5,130
2026-08-10 19:20:00-04:00,29710.25,29725.0,29701.25,29724.0,893
2026-08-10 19:25:00-04:00,29708.5,29717.0,29704.25,29710.25,283
2026-08-10 19:30:00-04:00,29708.25,29710.5,29702.5,29708.5,185
2026-08-10 19:35:00-04:00,29709.0,29715.0,29706.75,29707.5,235
2026-08-10 19:40:00-04:00,29714.25,29715.5,29707.0,29709.5,150
2026-08-10 19:45:00-04:00,29718.0,29726.75,29705.5,29713.75,488
2026-08-10 19:50:00-04:00,29698.0,29719.0,29692.25,29717.75,544
2026-08-10 19:55:00-04:00,29704.5,29707.25,29677.5,29695.25,980
2026-08-10 20:00:00-04:00,29688.25,29703.75,29666.0,29703.75,1276
2026-08-10 20:05:00-04:00,29704.5,29718.5,29681.0,29686.75,1043
2026-08-10 20:10:00-04:00,29748.75,29753.5,29700.5,29702.75,1703
2026-08-10 20:15:00-04:00,29736.75,29750.25,29728.25,29746.75,909
2026-08-10 20:20:00-04:00,29742.5,29755.25,29725.0,29737.0,793
2026-08-10 20:25:00-04:00,29762.75,29765.0,29741.0,29743.75,774
2026-08-10 20:30:00-04:00,29758.0,29770.0,29756.0,29764.0,567
2026-08-10 20:35:00-04:00,29760.25,29771.25,29756.0,29759.0,540
2026-08-10 20:40:00-04:00,29778.25,29784.0,29761.0,29762.0,550
2026-08-10 20:45:00-04:00,29778.25,29791.75,29777.0,29779.25,604
2026-08-10 20:50:00-04:00,29791.5,29793.75,29778.0,29778.0,447
2026-08-10 20:55:00-04:00,29785.0,29792.5,29783.0,29790.75,265
2026-08-10 21:00:00-04:00,29773.25,29797.0,29765.0,29784.75,1267
2026-08-10 21:05:00-04:00,29788.0,29789.75,29764.5,29771.5,547
2026-08-10 21:10:00-04:00,29826.0,29826.0,29787.75,29789.25,1291
2026-08-10 21:15:00-04:00,29813.75,29827.75,29808.75,29825.25,586
2026-08-10 21:20:00-04:00,29833.5,29839.5,29812.25,29815.0,660
2026-08-10 21:25:00-04:00,29821.75,29832.75,29812.5,29832.25,503
2026-08-10 21:30:00-04:00,29815.75,29827.5,29813.0,29819.25,437
2026-08-10 21:35:00-04:00,29814.0,29820.0,29810.0,29816.0,247
2026-08-10 21:40:00-04:00,29822.5,29826.25,29811.75,29813.75,286
2026-08-10 21:45:00-04:00,29841.5,29842.5,29817.0,29820.75,681
2026-08-10 21:50:00-04:00,29836.5,29842.0,29831.75,29842.0,305
2026-08-10 21:55:00-04:00,29818.25,29837.25,29818.25,29836.25,366
2026-08-10 22:00:00-04:00,29828.75,29829.0,29813.75,29818.0,291
2026-08-10 22:05:00-04:00,29815.0,29830.5,29812.0,29827.75,368
2026-08-10 22:10:00-04:00,29819.5,29823.75,29813.75,29816.0,210
2026-08-10 22:15:00-04:00,29823.0,29827.25,29814.5,29821.25,221
2026-08-10 22:20:00-04:00,29819.75,29824.0,29813.0,29823.25,196
2026-08-10 22:25:00-04:00,29825.0,29826.75,29814.5,29819.0,182
2026-08-10 22:30:00-04:00,29834.0,29838.25,29824.0,29824.0,530
2026-08-10 22:35:00-04:00,29827.25,29833.25,29825.25,29833.25,166
2026-08-10 22:40:00-04:00,29838.75,29839.0,29826.75,29826.75,200
2026-08-10 22:45:00-04:00,29833.75,29844.5,29832.75,29839.5,316
2026-08-10 22:50:00-04:00,29826.25,29834.25,29820.25,29833.25,346
2026-08-10 22:55:00-04:00,29818.25,29827.0,29815.0,29827.0,242
2026-08-10 23:00:00-04:00,29829.0,29832.75,29815.0,29817.75,325
2026-08-10 23:05:00-04:00,29824.75,29830.25,29815.75,29830.25,233
2026-08-10 23:10:00-04:00,29821.5,29828.75,29818.5,29826.75,133
2026-08-10 23:15:00-04:00,29822.75,29825.75,29817.5,29822.5,135
2026-08-10 23:20:00-04:00,29841.25,29842.0,29819.75,29822.5,482
2026-08-10 23:25:00-04:00,29840.75,29847.5,29835.75,29841.0,326
2026-08-10 23:30:00-04:00,29828.75,29843.0,29826.0,29842.25,256
2026-08-10 23:35:00-04:00,29838.75,29842.0,29827.75,29829.25,233
2026-08-10 23:40:00-04:00,29831.75,29842.5,29831.75,29838.5,149
2026-08-10 23:45:00-04:00,29834.75,29836.0,29828.25,29833.5,177
2026-08-10 23:50:00-04:00,29841.25,29842.75,29833.0,29835.0,149
2026-08-10 23:55:00-04:00,29834.0,29840.75,29829.75,29840.5,105
2026-08-11 00:05:00-04:00,29836.25,29841.0,29836.0,29838.25,299
2026-08-11 00:10:00-04:00,29847.75,29851.25,29837.25,29837.5,415
2026-08-11 00:15:00-04:00,29845.5,29849.25,29843.5,29848.5,149
2026-08-11 00:20:00-04:00,29840.75,29846.0,29838.25,29844.25,244
2026-08-11 00:25:00-04:00,29852.75,29854.5,29839.25,29841.0,365
2026-08-11 00:30:00-04:00,29847.25,29861.75,29847.25,29852.5,461
2026-08-11 00:35:00-04:00,29849.75,29851.5,29843.0,29847.5,170
2026-08-11 00:40:00-04:00,29838.25,29849.0,29835.5,29849.0,194
2026-08-11 00:45:00-04:00,29841.0,29846.0,29838.0,29839.25,125
2026-08-11 00:50:00-04:00,29837.75,29842.75,29834.5,29841.75,134
2026-08-11 00:55:00-04:00,29838.75,29840.0,29835.5,29835.75,109
2026-08-11 01:00:00-04:00,29836.0,29844.5,29834.5,29838.75,176
2026-08-11 01:05:00-04:00,29844.75,29848.0,29830.25,29834.5,208
2026-08-11 01:10:00-04:00,29852.0,29854.25,29842.75,29845.75,154
2026-08-11 01:15:00-04:00,29827.75,29853.5,29826.75,29852.25,230
2026-08-11 01:20:00-04:00,29815.75,29828.5,29815.0,29828.0,377
2026-08-11 01:25:00-04:00,29813.75,29820.75,29813.25,29815.25,281
2026-08-11 01:30:00-04:00,29817.0,29818.0,29798.25,29813.25,818
2026-08-11 01:35:00-04:00,29820.5,29829.5,29815.5,29817.25,456
2026-08-11 01:40:00-04:00,29815.5,29824.75,29810.5,29821.5,244
2026-08-11 01:45:00-04:00,29798.25,29817.0,29797.0,29814.5,314
2026-08-11 01:50:00-04:00,29793.25,29801.0,29786.75,29799.5,463
2026-08-11 01:55:00-04:00,29793.25,29802.0,29789.0,29791.5,309
2026-08-11 02:00:00-04:00,29812.25,29817.25,29787.25,29792.5,613
2026-08-11 02:05:00-04:00,29816.0,29818.0,29805.5,29812.25,258
2026-08-11 02:10:00-04:00,29819.5,29827.75,29814.25,29814.25,246
2026-08-11 02:15:00-04:00,29792.25,29822.0,29792.0,29820.0,376
2026-08-11 02:20:00-04:00,29778.5,29794.25,29778.0,29791.75,788
2026-08-11 02:25:00-04:00,29771.25,29780.0,29766.25,29778.0,722
2026-08-11 02:30:00-04:00,29745.5,29780.0,29732.5,29770.5,1217
2026-08-11 02:35:00-04:00,29775.25,29776.5,29738.0,29745.0,862
2026-08-11 02:40:00-04:00,29782.0,29789.25,29775.0,29775.75,757
2026-08-11 02:45:00-04:00,29766.0,29786.75,29762.5,29785.25,371
2026-08-11 02:50:00-04:00,29741.0,29770.0,29740.0,29765.75,740
2026-08-11 02:55:00-04:00,29754.25,29755.75,29738.5,29741.5,335
2026-08-11 03:00:00-04:00,29760.25,29769.75,29745.0,29755.75,520
2026-08-11 03:05:00-04:00,29748.25,29762.75,29733.25,29761.75,523
2026-08-11 03:10:00-04:00,29759.75,29766.5,29744.75,29749.5,357
2026-08-11 03:15:00-04:00,29743.0,29765.0,29739.25,29758.25,392
2026-08-11 03:20:00-04:00,29735.0,29746.25,29728.0,29743.25,508
2026-08-11 03:25:00-04:00,29743.25,29759.75,29735.0,29735.25,471
2026-08-11 03:30:00-04:00,29771.0,29775.0,29743.25,29744.25,505
2026-08-11 03:35:00-04:00,29770.5,29780.25,29770.0,29772.5,260
2026-08-11 03:40:00-04:00,29769.0,29776.5,29761.0,29771.5,293
2026-08-11 03:45:00-04:00,29761.75,29774.25,29758.0,29767.5,223
2026-08-11 03:50:00-04:00,29759.5,29775.25,29756.0,29764.5,342
2026-08-11 03:55:00-04:00,29774.75,29779.5,29756.75,29759.25,299
2026-08-11 04:00:00-04:00,29779.25,29804.25,29768.0,29776.0,1093
2026-08-11 04:05:00-04:00,29748.25,29782.0,29747.75,29779.25,671
2026-08-11 04:10:00-04:00,29731.25,29759.75,29730.5,29750.25,554
2026-08-11 04:15:00-04:00,29726.75,29738.0,29724.0,29730.75,453
2026-08-11 04:20:00-04:00,29734.25,29736.25,29718.0,29727.25,414
2026-08-11 04:25:00-04:00,29733.0,29747.25,29732.75,29735.0,442
2026-08-11 04:30:00-04:00,29722.25,29745.25,29719.0,29733.5,410
2026-08-11 04:35:00-04:00,29734.25,29735.25,29717.75,29723.0,324
2026-08-11 04:40:00-04:00,29753.75,29754.75,29731.5,29733.5,468
2026-08-11 04:45:00-04:00,29757.0,29763.5,29749.5,29752.5,277
2026-08-11 04:50:00-04:00,29758.25,29762.5,29750.75,29757.0,191
2026-08-11 04:55:00-04:00,29749.5,29758.0,29741.75,29757.75,326
2026-08-11 05:00:00-04:00,29738.25,29753.25,29723.75,29748.0,537
2026-08-11 05:05:00-04:00,29720.5,29756.25,29719.5,29738.75,467
2026-08-11 05:10:00-04:00,29733.0,29734.5,29718.75,29720.75,377
2026-08-11 05:15:00-04:00,29758.25,29759.5,29731.25,29732.25,473
2026-08-11 05:20:00-04:00,29753.5,29765.75,29747.5,29757.25,354
2026-08-11 05:25:00-04:00,29759.0,29762.0,29743.25,29753.25,306
2026-08-11 05:30:00-04:00,29768.25,29774.25,29754.5,29759.25,525
2026-08-11 05:35:00-04:00,29773.0,29776.0,29763.5,29768.75,297
2026-08-11 05:40:00-04:00,29767.5,29784.0,29767.5,29773.0,327
2026-08-11 05:45:00-04:00,29776.25,29781.5,29768.25,29768.25,166
2026-08-11 05:50:00-04:00,29766.75,29772.0,29764.5,29772.0,135
2026-08-11 05:55:00-04:00,29768.75,29773.25,29764.25,29769.0,160
2026-08-11 06:00:00-04:00,29761.25,29773.0,29760.75,29770.25,181
2026-08-11 06:05:00-04:00,29764.0,29766.0,29754.75,29759.25,253
2026-08-11 06:10:00-04:00,29756.25,29764.75,29755.0,29764.75,225
2026-08-11 06:15:00-04:00,29773.25,29774.25,29750.25,29756.25,244
2026-08-11 06:20:00-04:00,29798.5,29807.75,29771.5,29773.25,852
2026-08-11 06:25:00-04:00,29821.25,29832.75,29796.25,29800.0,955
2026-08-11 06:30:00-04:00,29810.0,29823.75,29805.25,29821.75,508
2026-08-11 06:35:00-04:00,29804.0,29814.5,29803.25,29811.5,241
2026-08-11 06:40:00-04:00,29815.0,29817.5,29801.75,29803.0,271
2026-08-11 06:45:00-04:00,29826.5,29827.5,29812.25,29814.25,214
2026-08-11 06:50:00-04:00,29817.0,29826.25,29816.0,29826.0,176
2026-08-11 06:55:00-04:00,29818.0,29818.25,29813.0,29817.0,180
2026-08-11 07:00:00-04:00,29877.75,29886.75,29818.25,29818.75,3366
2026-08-11 07:05:00-04:00,29877.5,29886.0,29869.0,29879.0,1228
2026-08-11 07:10:00-04:00,29872.0,29883.0,29867.75,29877.75,606
2026-08-11 07:15:00-04:00,29837.25,29873.0,29837.0,29871.0,843
2026-08-11 07:20:00-04:00,29831.25,29845.75,29830.75,29839.0,525
2026-08-11 07:25:00-04:00,29834.25,29840.75,29828.5,29831.75,444
2026-08-11 07:30:00-04:00,29820.0,29837.0,29817.0,29833.75,536
2026-08-11 07:35:00-04:00,29817.75,29828.5,29811.0,29820.0,388
2026-08-11 07:40:00-04:00,29824.5,29836.25,29812.75,29817.75,633
2026-08-11 07:45:00-04:00,29823.5,29827.5,29812.75,29825.25,416
2026-08-11 07:50:00-04:00,29834.5,29835.25,29823.5,29823.5,262
2026-08-11 07:55:00-04:00,29832.0,29834.25,29825.5,29833.25,255
2026-08-11 08:00:00-04:00,29830.0,29834.75,29819.5,29832.75,414
2026-08-11 08:05:00-04:00,29853.5,29854.0,29830.0,29830.0,732
2026-08-11 08:10:00-04:00,29862.25,29864.25,29853.25,29853.5,679
2026-08-11 08:15:00-04:00,29862.5,29871.5,29855.25,29861.25,842
2026-08-11 08:20:00-04:00,29823.5,29871.25,29821.5,29863.5,1815
2026-08-11 08:25:00-04:00,29828.5,29835.0,29822.75,29823.25,483
2026-08-11 08:30:00-04:00,29831.5,29837.0,29819.0,29829.75,696
2026-08-11 08:35:00-04:00,29853.0,29857.25,29831.5,29832.0,551
2026-08-11 08:40:00-04:00,29846.0,29856.75,29842.0,29853.25,421
2026-08-11 08:45:00-04:00,29841.5,29854.0,29839.25,29847.0,426
2026-08-11 08:50:00-04:00,29839.0,29842.5,29827.0,29841.0,506
2026-08-11 08:55:00-04:00,29833.75,29846.5,29832.25,29839.5,602
2026-08-11 09:00:00-04:00,29836.0,29851.25,29830.25,29832.5,1040
2026-08-11 09:05:00-04:00,29846.0,29848.75,29836.0,29836.0,435
2026-08-11 09:10:00-04:00,29827.5,29847.75,29820.25,29845.5,849
2026-08-11 09:15:00-04:00,29829.5,29839.25,29813.0,29827.75,1470
2026-08-11 09:20:00-04:00,29830.5,29837.75,29822.5,29828.5,1003
2026-08-11 09:25:00-04:00,29839.0,29845.75,29816.0,29831.25,2801
2026-08-11 09:30:00-04:00,29737.5,29842.5,29726.5,29839.25,16230
2026-08-11 09:35:00-04:00,29702.25,29743.0,29679.0,29736.75,12250
2026-08-11 09:40:00-04:00,29723.25,29756.25,29700.25,29701.75,10524
2026-08-11 09:45:00-04:00,29660.75,29725.0,29631.75,29723.75,13433
2026-08-11 09:50:00-04:00,29663.75,29696.0,29643.5,29659.75,8606
2026-08-11 09:55:00-04:00,29732.75,29735.0,29657.0,29664.0,8148
2026-08-11 10:00:00-04:00,29756.75,29770.75,29718.25,29732.5,8117
2026-08-11 10:05:00-04:00,29778.0,29792.5,29752.0,29756.5,6944
2026-08-11 10:10:00-04:00,29763.0,29790.5,29757.0,29778.5,5053
2026-08-11 10:15:00-04:00,29749.0,29791.75,29740.0,29762.0,8146
2026-08-11 10:20:00-04:00,29748.0,29773.5,29737.5,29749.25,5987
2026-08-11 10:25:00-04:00,29777.25,29782.0,29742.25,29748.25,4515
2026-08-11 10:30:00-04:00,29772.75,29785.25,29732.5,29777.75,5979
2026-08-11 10:35:00-04:00,29744.0,29778.25,29741.75,29772.5,4535
2026-08-11 10:40:00-04:00,29742.75,29758.75,29728.25,29744.75,4809
2026-08-11 10:45:00-04:00,29780.0,29783.25,29740.5,29741.75,4672
2026-08-11 10:50:00-04:00,29794.5,29804.75,29765.25,29780.0,5625
2026-08-11 10:55:00-04:00,29777.0,29804.0,29772.5,29793.75,3489
2026-08-11 11:00:00-04:00,29776.75,29792.25,29771.5,29776.5,3884
2026-08-11 11:05:00-04:00,29713.5,29777.25,29712.5,29776.75,6759
2026-08-11 11:10:00-04:00,29712.25,29728.0,29703.25,29713.75,4895
2026-08-11 11:15:00-04:00,29708.75,29718.75,29697.5,29711.0,4446
2026-08-11 11:20:00-04:00,29707.25,29735.25,29702.0,29709.0,4156
2026-08-11 11:25:00-04:00,29702.75,29722.25,29701.75,29706.25,3159
2026-08-11 11:30:00-04:00,29674.25,29719.5,29666.25,29702.5,5276
2026-08-11 11:35:00-04:00,29670.75,29693.0,29666.75,29673.75,4128
2026-08-11 11:40:00-04:00,29693.0,29695.5,29663.75,29670.0,3473
2026-08-11 11:45:00-04:00,29667.5,29693.75,29667.5,29693.25,3124
2026-08-11 11:50:00-04:00,29666.5,29685.75,29661.25,29667.5,3637
2026-08-11 11:55:00-04:00,29663.25,29676.0,29658.75,29666.5,3174
2026-08-11 12:00:00-04:00,29652.25,29674.5,29647.75,29663.75,3340
2026-08-11 12:05:00-04:00,29679.0,29681.0,29651.25,29652.25,3178
2026-08-11 12:10:00-04:00,29652.5,29681.75,29649.5,29679.0,2805
2026-08-11 12:15:00-04:00,29648.75,29669.75,29643.0,29652.5,2376
2026-08-11 12:20:00-04:00,29643.0,29661.25,29640.0,29648.5,3413
2026-08-11 12:25:00-04:00,29645.75,29647.25,29622.0,29642.75,4475
2026-08-11 12:30:00-04:00,29633.25,29650.5,29630.75,29645.75,2216
2026-08-11 12:35:00-04:00,29661.5,29666.75,29632.25,29634.0,2928
2026-08-11 12:40:00-04:00,29637.0,29662.0,29634.0,29662.0,2640
2026-08-11 12:45:00-04:00,29632.5,29638.5,29614.75,29637.0,3412
2026-08-11 12:50:00-04:00,29641.5,29643.0,29630.0,29632.75,3060
2026-08-11 12:55:00-04:00,29626.0,29642.5,29622.25,29642.0,3189
2026-08-11 13:00:00-04:00,29605.5,29634.75,29604.75,29626.75,3424
2026-08-11 13:05:00-04:00,29613.25,29623.5,29602.75,29605.5,2259
2026-08-11 13:10:00-04:00,29578.25,29612.25,29577.0,29612.0,3484
2026-08-11 13:15:00-04:00,29601.25,29608.0,29573.0,29578.25,3738
2026-08-11 13:20:00-04:00,29607.75,29617.5,29592.25,29600.75,3323
2026-08-11 13:25:00-04:00,29606.0,29618.0,29598.25,29607.25,3057
2026-08-11 13:30:00-04:00,29614.0,29615.0,29598.75,29606.5,2119
2026-08-11 13:35:00-04:00,29611.0,29629.0,29604.75,29614.5,2904
2026-08-11 13:40:00-04:00,29634.25,29638.0,29609.25,29611.75,2449
2026-08-11 13:45:00-04:00,29629.75,29640.75,29624.5,29634.5,2223
2026-08-11 13:50:00-04:00,29638.75,29639.5,29630.0,29630.0,1398
2026-08-11 13:55:00-04:00,29628.75,29639.75,29622.25,29638.75,2036
2026-08-11 14:00:00-04:00,29630.0,29635.75,29618.0,29629.25,2770
2026-08-11 14:05:00-04:00,29605.0,29634.25,29602.0,29630.25,3040
2026-08-11 14:10:00-04:00,29607.75,29614.75,29602.5,29604.75,1852
2026-08-11 14:15:00-04:00,29604.25,29614.0,29601.25,29608.0,1763
2026-08-11 14:20:00-04:00,29583.5,29604.25,29574.0,29604.25,3411
2026-08-11 14:25:00-04:00,29544.25,29587.25,29533.5,29583.75,5214
2026-08-11 14:30:00-04:00,29568.75,29570.25,29540.0,29545.0,4169
2026-08-11 14:35:00-04:00,29563.25,29576.75,29556.0,29568.75,2048
2026-08-11 14:40:00-04:00,29548.75,29563.25,29543.5,29562.75,2394
2026-08-11 14:45:00-04:00,29585.0,29588.75,29548.25,29548.75,2297
2026-08-11 14:50:00-04:00,29595.0,29599.5,29580.5,29585.75,2620
2026-08-11 14:55:00-04:00,29582.75,29597.0,29582.75,29595.25,2236
2026-08-11 15:00:00-04:00,29593.5,29595.25,29575.25,29582.25,2594
2026-08-11 15:05:00-04:00,29582.75,29594.0,29571.5,29593.25,2058
2026-08-11 15:10:00-04:00,29607.75,29614.5,29580.25,29582.75,3376
2026-08-11 15:15:00-04:00,29605.75,29615.75,29602.0,29608.0,2093
2026-08-11 15:20:00-04:00,29613.25,29617.0,29602.25,29605.25,1829
2026-08-11 15:25:00-04:00,29624.0,29627.0,29606.25,29613.25,2330
2026-08-11 15:30:00-04:00,29636.75,29639.0,29620.0,29624.5,3328
2026-08-11 15:35:00-04:00,29659.5,29660.0,29631.75,29637.0,3342
2026-08-11 15:40:00-04:00,29640.25,29660.25,29637.25,29659.5,3645
2026-08-11 15:45:00-04:00,29628.5,29643.0,29620.0,29639.75,3979
2026-08-11 15:50:00-04:00,29645.75,29648.75,29607.0,29628.75,6501
2026-08-11 15:55:00-04:00,29635.25,29650.0,29612.5,29645.25,11576
2026-08-11 16:00:00-04:00,29621.25,29651.75,29617.75,29635.75,4781
2026-08-11 16:05:00-04:00,29632.0,29635.75,29619.75,29621.5,2361
2026-08-11 16:10:00-04:00,29640.25,29641.5,29614.75,29632.0,1573
2026-08-11 16:15:00-04:00,29649.5,29652.5,29639.0,29640.5,1059
2026-08-11 16:20:00-04:00,29665.0,29669.5,29649.5,29649.5,930
2026-08-11 16:25:00-04:00,29674.75,29676.5,29663.5,29666.25,626
2026-08-11 16:30:00-04:00,29669.5,29676.0,29668.25,29674.5,588
2026-08-11 16:35:00-04:00,29669.0,29673.0,29666.0,29670.25,403
2026-08-11 16:40:00-04:00,29670.0,29671.25,29664.5,29669.25,290
2026-08-11 16:45:00-04:00,29661.5,29671.25,29660.75,29670.75,444
2026-08-11 16:50:00-04:00,29656.5,29662.75,29650.75,29662.25,436
2026-08-11 16:55:00-04:00,29646.75,29659.75,29643.5,29656.25,605
2026-08-11 18:00:00-04:00,29643.5,29661.0,29626.75,29657.75,0
2026-08-11 18:05:00-04:00,29640.25,29647.0,29632.25,29642.25,321
2026-08-11 18:10:00-04:00,29658.25,29660.0,29631.5,29639.5,325
2026-08-11 18:15:00-04:00,29654.0,29662.0,29652.25,29658.75,214
2026-08-11 18:20:00-04:00,29655.25,29657.0,29653.75,29654.75,115
2026-08-11 18:25:00-04:00,29655.0,29656.0,29650.5,29655.75,91
2026-08-11 18:30:00-04:00,29651.0,29666.0,29642.25,29653.25,444
2026-08-11 18:35:00-04:00,29649.25,29655.25,29649.0,29652.25,111
2026-08-11 18:40:00-04:00,29639.25,29653.75,29637.0,29650.75,241
2026-08-11 18:45:00-04:00,29644.25,29647.75,29634.0,29639.75,249
2026-08-11 18:50:00-04:00,29647.0,29649.25,29639.75,29644.0,126
2026-08-11 18:55:00-04:00,29650.25,29653.75,29647.0,29648.0,228
2026-08-11 19:00:00-04:00,29648.0,29654.25,29645.75,29649.5,128
2026-08-11 19:05:00-04:00,29649.75,29652.25,29639.5,29648.0,140
2026-08-11 19:10:00-04:00,29641.75,29650.5,29640.25,29649.75,163
2026-08-11 19:15:00-04:00,29642.75,29646.0,29640.75,29641.5,68
2026-08-11 19:20:00-04:00,29644.5,29646.5,29641.5,29642.75,87
2026-08-11 19:25:00-04:00,29652.5,29654.25,29644.0,29644.5,192
2026-08-11 19:30:00-04:00,29641.0,29653.25,29637.5,29652.75,256
2026-08-11 19:35:00-04:00,29638.0,29644.0,29635.75,29640.5,100
2026-08-11 19:40:00-04:00,29640.75,29642.0,29637.5,29638.75,69
2026-08-11 19:45:00-04:00,29635.0,29641.5,29634.25,29640.75,187
2026-08-11 19:50:00-04:00,29656.25,29661.5,29636.0,29636.0,460
2026-08-11 19:55:00-04:00,29662.25,29663.0,29654.25,29655.5,203
2026-08-11 20:00:00-04:00,29637.75,29669.75,29626.0,29661.75,1275
2026-08-11 20:05:00-04:00,29633.75,29647.25,29624.5,29638.5,438
2026-08-11 20:10:00-04:00,29650.5,29651.5,29626.5,29633.75,309
2026-08-11 20:15:00-04:00,29667.75,29668.75,29638.5,29649.25,697
2026-08-11 20:20:00-04:00,29673.25,29676.0,29658.75,29667.75,550
2026-08-11 20:25:00-04:00,29665.5,29675.75,29660.25,29673.75,443
2026-08-11 20:30:00-04:00,29667.5,29673.5,29657.0,29666.0,375
2026-08-11 20:35:00-04:00,29655.75,29680.0,29653.75,29669.0,455
2026-08-11 20:40:00-04:00,29662.0,29665.75,29652.0,29656.5,336
2026-08-11 20:45:00-04:00,29664.0,29672.0,29655.5,29662.0,334
2026-08-11 20:50:00-04:00,29660.25,29666.75,29657.0,29665.25,165
2026-08-11 20:55:00-04:00,29665.75,29670.75,29660.5,29660.5,111
2026-08-11 21:00:00-04:00,29675.25,29675.75,29660.0,29662.75,275
2026-08-11 21:05:00-04:00,29680.0,29681.0,29662.5,29675.25,494
2026-08-11 21:10:00-04:00,29674.75,29680.75,29671.75,29678.5,251
2026-08-11 21:15:00-04:00,29662.5,29675.75,29653.5,29675.0,458
2026-08-11 21:20:00-04:00,29646.75,29663.75,29639.5,29663.0,421
2026-08-11 21:25:00-04:00,29661.75,29666.5,29642.25,29646.25,382
2026-08-11 21:30:00-04:00,29647.5,29662.5,29647.5,29660.0,267
2026-08-11 21:35:00-04:00,29648.0,29659.25,29646.75,29647.75,280
2026-08-11 21:40:00-04:00,29678.0,29678.0,29648.0,29648.0,403
2026-08-11 21:45:00-04:00,29678.25,29680.5,29667.25,29678.25,326
2026-08-11 21:50:00-04:00,29671.0,29683.5,29664.5,29678.0,387
2026-08-11 21:55:00-04:00,29658.25,29671.25,29646.75,29671.25,444
2026-08-11 22:00:00-04:00,29661.5,29670.75,29656.5,29659.0,379
2026-08-11 22:05:00-04:00,29658.5,29663.25,29650.0,29660.75,246
2026-08-11 22:10:00-04:00,29658.0,29661.5,29651.0,29658.5,262
2026-08-11 22:15:00-04:00,29664.0,29664.25,29654.25,29658.5,216
2026-08-11 22:20:00-04:00,29658.0,29665.5,29657.75,29664.5,136
2026-08-11 22:25:00-04:00,29678.0,29678.0,29658.0,29658.0,283
2026-08-11 22:30:00-04:00,29687.75,29693.25,29675.25,29677.25,429
2026-08-11 22:35:00-04:00,29687.75,29693.0,29687.75,29689.25,202
2026-08-11 22:40:00-04:00,29688.25,29694.5,29686.25,29688.0,162
2026-08-11 22:45:00-04:00,29698.5,29698.75,29688.0,29688.0,289
2026-08-11 22:50:00-04:00,29700.0,29701.25,29694.5,29698.25,234
2026-08-11 22:55:00-04:00,29702.5,29703.0,29696.5,29699.75,237
2026-08-11 23:00:00-04:00,29703.25,29710.0,29701.5,29702.75,454
2026-08-11 23:05:00-04:00,29699.25,29708.5,29695.25,29705.0,270
2026-08-11 23:10:00-04:00,29705.25,29707.5,29698.25,29699.75,189
2026-08-11 23:15:00-04:00,29700.0,29708.75,29696.5,29705.25,309
2026-08-11 23:20:00-04:00,29695.25,29704.0,29695.25,29700.0,208
2026-08-11 23:25:00-04:00,29702.5,29704.75,29696.0,29696.5,123
2026-08-11 23:30:00-04:00,29698.75,29704.75,29698.0,29701.75,162
2026-08-11 23:35:00-04:00,29695.75,29704.0,29693.0,29699.0,166
2026-08-11 23:40:00-04:00,29691.25,29697.75,29688.75,29696.5,174
2026-08-11 23:45:00-04:00,29701.25,29701.25,29692.0,29692.75,108
2026-08-11 23:50:00-04:00,29687.75,29700.5,29684.5,29700.25,220
2026-08-11 23:55:00-04:00,29695.0,29696.25,29686.75,29687.25,112
2026-08-12 00:05:00-04:00,29694.5,29695.0,29691.75,29694.0,458
2026-08-12 00:10:00-04:00,29697.5,29697.5,29692.0,29693.5,62
2026-08-12 00:15:00-04:00,29692.25,29698.5,29691.5,29697.0,112
2026-08-12 00:20:00-04:00,29701.0,29702.0,29691.75,29691.75,92
2026-08-12 00:25:00-04:00,29698.25,29703.0,29695.75,29701.0,131
2026-08-12 00:30:00-04:00,29687.0,29699.75,29683.5,29697.0,296
2026-08-12 00:35:00-04:00,29696.25,29699.0,29688.25,29688.25,133
2026-08-12 00:40:00-04:00,29696.5,29698.0,29692.25,29696.0,128
2026-08-12 00:45:00-04:00,29712.25,29712.5,29692.25,29696.5,330
2026-08-12 00:50:00-04:00,29711.75,29714.5,29709.25,29712.25,270
2026-08-12 00:55:00-04:00,29713.0,29715.5,29710.75,29711.5,178
2026-08-12 01:00:00-04:00,29701.0,29714.5,29700.5,29714.0,258
2026-08-12 01:05:00-04:00,29696.25,29704.75,29688.5,29701.5,233
2026-08-12 01:10:00-04:00,29685.0,29696.5,29685.0,29696.5,154
2026-08-12 01:15:00-04:00,29685.0,29690.0,29680.25,29684.25,230
2026-08-12 01:20:00-04:00,29681.0,29686.25,29668.25,29684.25,446
2026-08-12 01:25:00-04:00,29688.0,29689.5,29680.75,29681.25,193
2026-08-12 01:30:00-04:00,29704.0,29705.25,29687.25,29688.75,291
2026-08-12 01:35:00-04:00,29705.0,29707.0,29701.0,29704.75,146
2026-08-12 01:40:00-04:00,29699.75,29708.5,29699.0,29705.5,137
2026-08-12 01:45:00-04:00,29702.5,29704.0,29697.0,29699.75,130
2026-08-12 01:50:00-04:00,29713.5,29713.5,29700.5,29702.75,185
2026-08-12 01:55:00-04:00,29715.5,29718.0,29710.5,29713.75,376
2026-08-12 02:00:00-04:00,29723.0,29724.25,29713.75,29715.0,431
2026-08-12 02:05:00-04:00,29721.25,29724.0,29718.0,29723.0,193
2026-08-12 02:10:00-04:00,29713.75,29723.25,29707.25,29721.25,358
2026-08-12 02:15:00-04:00,29717.5,29721.25,29704.75,29713.75,316
2026-08-12 02:20:00-04:00,29703.25,29720.0,29698.25,29718.5,282
2026-08-12 02:25:00-04:00,29711.75,29713.0,29698.25,29703.0,235
2026-08-12 02:30:00-04:00,29715.25,29718.25,29706.0,29709.5,192
2026-08-12 02:35:00-04:00,29724.0,29730.25,29712.25,29714.0,269
2026-08-12 02:40:00-04:00,29718.0,29725.75,29709.5,29725.5,231
2026-08-12 02:45:00-04:00,29727.25,29730.25,29718.25,29719.0,270
2026-08-12 02:50:00-04:00,29725.25,29730.75,29724.0,29727.25,188
2026-08-12 02:55:00-04:00,29736.75,29737.25,29723.75,29724.5,512
2026-08-12 03:00:00-04:00,29746.5,29750.0,29735.5,29737.25,1602
2026-08-12 03:05:00-04:00,29743.5,29753.75,29742.0,29746.25,410
2026-08-12 03:10:00-04:00,29741.25,29748.5,29738.25,29743.25,344
2026-08-12 03:15:00-04:00,29738.0,29748.75,29737.75,29741.5,149
2026-08-12 03:20:00-04:00,29734.0,29738.75,29732.0,29737.25,222
2026-08-12 03:25:00-04:00,29739.25,29741.5,29727.5,29734.25,305
2026-08-12 03:30:00-04:00,29732.25,29739.25,29729.75,29738.0,153
2026-08-12 03:35:00-04:00,29739.5,29744.0,29732.5,29733.25,265
2026-08-12 03:40:00-04:00,29742.75,29742.75,29733.25,29739.25,116
2026-08-12 03:45:00-04:00,29731.25,29741.25,29730.5,29741.25,133
2026-08-12 03:50:00-04:00,29736.75,29738.25,29730.5,29731.5,105
2026-08-12 03:55:00-04:00,29751.5,29751.5,29733.5,29734.25,205
2026-08-12 04:00:00-04:00,29773.0,29781.25,29748.25,29752.25,1175
2026-08-12 04:05:00-04:00,29767.75,29776.0,29762.75,29773.5,356
2026-08-12 04:10:00-04:00,29771.0,29773.5,29765.5,29768.0,239
2026-08-12 04:15:00-04:00,29779.25,29781.25,29764.25,29772.0,317
2026-08-12 04:20:00-04:00,29792.25,29792.25,29778.75,29780.5,551
2026-08-12 04:25:00-04:00,29786.0,29792.25,29783.0,29791.25,241
2026-08-12 04:30:00-04:00,29765.25,29787.25,29762.75,29785.75,409
2026-08-12 04:35:00-04:00,29775.75,29775.75,29764.0,29764.75,249
2026-08-12 04:40:00-04:00,29773.25,29778.75,29770.0,29775.0,160
2026-08-12 04:45:00-04:00,29791.5,29791.5,29771.75,29773.0,286
2026-08-12 04:50:00-04:00,29797.5,29797.75,29791.0,29791.0,345
2026-08-12 04:55:00-04:00,29793.75,29799.5,29793.25,29797.5,267
2026-08-12 05:00:00-04:00,29804.25,29808.5,29793.5,29794.5,554
2026-08-12 05:05:00-04:00,29809.5,29812.0,29798.0,29805.0,269
2026-08-12 05:10:00-04:00,29808.25,29812.0,29806.25,29809.75,160
2026-08-12 05:15:00-04:00,29808.5,29815.0,29804.5,29808.0,277
2026-08-12 05:20:00-04:00,29846.25,29847.25,29803.75,29808.25,980
2026-08-12 05:25:00-04:00,29824.0,29848.25,29817.0,29844.75,708
2026-08-12 05:30:00-04:00,29831.75,29838.5,29822.5,29823.5,462
2026-08-12 05:35:00-04:00,29834.0,29838.75,29828.75,29831.75,253
2026-08-12 05:40:00-04:00,29829.75,29837.25,29828.25,29835.25,253
2026-08-12 05:45:00-04:00,29819.25,29830.5,29815.25,29830.0,474
2026-08-12 05:50:00-04:00,29804.25,29834.5,29804.0,29820.0,609
2026-08-12 05:55:00-04:00,29815.25,29816.25,29802.75,29805.0,427
2026-08-12 06:00:00-04:00,29824.5,29828.5,29814.75,29815.5,404
2026-08-12 06:05:00-04:00,29825.0,29828.5,29818.75,29824.25,357
2026-08-12 06:10:00-04:00,29839.0,29842.75,29824.25,29825.5,477
2026-08-12 06:15:00-04:00,29838.0,29840.0,29833.75,29839.5,212
2026-08-12 06:20:00-04:00,29842.75,29845.25,29837.75,29838.5,312
2026-08-12 06:25:00-04:00,29839.5,29844.0,29834.25,29843.5,236
2026-08-12 06:30:00-04:00,29839.5,29841.0,29834.25,29839.75,214
2026-08-12 06:35:00-04:00,29836.75,29839.75,29832.25,29839.0,214
2026-08-12 06:40:00-04:00,29841.5,29844.25,29834.75,29836.0,239
2026-08-12 06:45:00-04:00,29815.5,29841.5,29785.0,29840.75,1491
2026-08-12 06:50:00-04:00,29817.0,29822.5,29802.75,29815.5,862
2026-08-12 06:55:00-04:00,29814.5,29818.5,29803.25,29818.0,341
2026-08-12 07:00:00-04:00,29822.5,29832.0,29814.0,29816.0,687
2026-08-12 07:05:00-04:00,29836.0,29838.0,29818.25,29822.25,385
2026-08-12 07:10:00-04:00,29823.5,29836.75,29822.5,29836.0,338
2026-08-12 07:15:00-04:00,29808.0,29821.75,29807.25,29821.25,374
2026-08-12 07:20:00-04:00,29805.75,29818.0,29805.5,29808.75,294
2026-08-12 07:25:00-04:00,29810.25,29819.0,29805.5,29805.75,381
2026-08-12 07:30:00-04:00,29820.5,29824.75,29806.0,29810.0,435
2026-08-12 07:35:00-04:00,29827.25,29827.75,29806.5,29820.5,355
2026-08-12 07:40:00-04:00,29825.5,29831.75,29823.75,29827.5,339
2026-08-12 07:45:00-04:00,29823.5,29827.75,29819.5,29825.75,249
2026-08-12 07:50:00-04:00,29832.25,29836.75,29819.5,29822.25,377
2026-08-12 07:55:00-04:00,29845.5,29846.5,29832.75,29832.75,464
2026-08-12 08:00:00-04:00,29850.0,29858.25,29837.25,29846.0,972
2026-08-12 08:05:00-04:00,29832.5,29849.75,29831.75,29849.75,406
2026-08-12 08:10:00-04:00,29830.0,29838.75,29829.25,29832.0,366
2026-08-12 08:15:00-04:00,29829.0,29842.25,29820.75,29830.5,850
2026-08-12 08:20:00-04:00,29842.75,29846.75,29825.25,29830.25,861
2026-08-12 08:25:00-04:00,29905.5,29932.25,29836.75,29842.5,2485
2026-08-12 08:30:00-04:00,29898.0,29960.0,29750.25,29905.25,6921
2026-08-12 08:35:00-04:00,29923.0,29924.25,29873.75,29898.25,2697
2026-08-12 08:40:00-04:00,29917.25,29935.0,29914.0,29923.25,2435
2026-08-12 08:45:00-04:00,29908.5,29922.0,29901.0,29918.25,1729
2026-08-12 08:50:00-04:00,29917.25,29922.5,29899.75,29908.5,924
2026-08-12 08:55:00-04:00,29919.25,29921.75,29907.25,29918.0,701
2026-08-12 09:00:00-04:00,29925.5,29933.25,29916.0,29920.0,1490
2026-08-12 09:05:00-04:00,29928.25,29941.5,29923.0,29925.5,1310
2026-08-12 09:10:00-04:00,29939.0,29940.0,29926.25,29929.0,853
2026-08-12 09:15:00-04:00,29961.5,29963.0,29935.75,29939.75,1863
2026-08-12 09:20:00-04:00,29970.0,29981.75,29960.75,29961.5,2263
2026-08-12 09:25:00-04:00,29991.0,29992.75,29959.75,29969.75,4456
2026-08-12 09:30:00-04:00,29878.25,30001.75,29877.75,29991.25,18685
2026-08-12 09:35:00-04:00,29889.25,29946.25,29867.25,29878.5,12486
2026-08-12 09:40:00-04:00,29899.5,29904.5,29853.25,29889.75,7929
2026-08-12 09:45:00-04:00,29962.0,29970.75,29871.0,29899.5,10034
2026-08-12 09:50:00-04:00,29896.0,29962.75,29885.75,29961.25,9456
2026-08-12 09:55:00-04:00,29907.5,29921.5,29860.75,29896.0,8359
2026-08-12 10:00:00-04:00,29857.25,29913.75,29856.5,29907.25,7817
2026-08-12 10:05:00-04:00,29920.25,29922.75,29847.75,29857.25,7588
2026-08-12 10:10:00-04:00,29892.5,29936.0,29884.25,29921.25,8232
2026-08-12 10:15:00-04:00,29877.75,29918.5,29876.25,29893.25,4822
2026-08-12 10:20:00-04:00,29921.75,29924.5,29864.0,29878.25,5872
2026-08-12 10:25:00-04:00,29916.25,29945.75,29904.75,29921.75,6062
2026-08-12 10:30:00-04:00,29878.25,29924.75,29828.25,29916.0,9163
2026-08-12 10:35:00-04:00,29921.25,29929.0,29862.0,29878.25,5397
2026-08-12 10:40:00-04:00,29925.0,29927.75,29894.25,29921.0,4347
2026-08-12 10:45:00-04:00,29903.75,29931.5,29891.0,29924.75,3971
2026-08-12 10:50:00-04:00,29861.75,29904.5,29856.0,29904.0,5749
2026-08-12 10:55:00-04:00,29868.0,29879.25,29848.5,29861.5,4543
2026-08-12 11:00:00-04:00,29851.5,29879.0,29839.0,29868.0,4449
2026-08-12 11:05:00-04:00,29871.25,29878.5,29841.25,29851.25,3958
2026-08-12 11:10:00-04:00,29879.75,29892.0,29848.75,29871.25,3934
2026-08-12 11:15:00-04:00,29871.5,29887.0,29862.5,29879.75,2817
2026-08-12 11:20:00-04:00,29849.5,29877.75,29845.0,29871.25,3067
2026-08-12 11:25:00-04:00,29874.5,29874.75,29843.5,29849.75,2860
2026-08-12 11:30:00-04:00,29832.25,29879.0,29819.0,29874.25,4583
2026-08-12 11:35:00-04:00,29832.75,29858.25,29830.0,29831.75,3118
2026-08-12 11:40:00-04:00,29828.25,29842.5,29818.5,29832.25,2881
2026-08-12 11:45:00-04:00,29847.5,29847.5,29819.0,29829.0,2514
2026-08-12 11:50:00-04:00,29837.25,29854.0,29834.25,29847.25,2273
2026-08-12 11:55:00-04:00,29831.75,29843.25,29829.75,29836.75,2025
2026-08-12 12:00:00-04:00,29851.0,29861.25,29829.0,29832.75,3056
2026-08-12 12:05:00-04:00,29871.5,29871.75,29844.75,29851.0,1905
2026-08-12 12:10:00-04:00,29873.25,29877.75,29860.0,29871.75,2758
2026-08-12 12:15:00-04:00,29861.5,29876.75,29857.75,29873.5,3028
2026-08-12 12:20:00-04:00,29881.5,29883.75,29857.5,29862.0,2344
2026-08-12 12:25:00-04:00,29873.5,29887.75,29869.5,29881.25,1880
2026-08-12 12:30:00-04:00,29852.0,29880.5,29851.25,29874.0,3020
2026-08-12 12:35:00-04:00,29885.0,29886.0,29851.0,29852.25,2746
2026-08-12 12:40:00-04:00,29885.0,29894.75,29881.25,29885.25,3069
2026-08-12 12:45:00-04:00,29896.75,29899.0,29879.0,29885.5,1947
2026-08-12 12:50:00-04:00,29911.25,29918.0,29896.25,29896.5,3507
2026-08-12 12:55:00-04:00,29905.5,29914.0,29903.0,29911.5,2076
2026-08-12 13:00:00-04:00,29919.5,29924.25,29902.5,29906.25,2265
2026-08-12 13:05:00-04:00,29909.25,29924.5,29908.0,29919.0,2015
2026-08-12 13:10:00-04:00,29911.25,29913.25,29898.0,29909.0,2518
2026-08-12 13:15:00-04:00,29899.5,29911.75,29889.25,29911.5,2700
2026-08-12 13:20:00-04:00,29904.5,29909.5,29898.25,29899.5,2098
2026-08-12 13:25:00-04:00,29909.25,29920.0,29903.75,29904.75,2037
2026-08-12 13:30:00-04:00,29909.5,29919.5,29901.25,29910.0,2074
2026-08-12 13:35:00-04:00,29913.75,29917.75,29906.75,29909.0,1328
2026-08-12 13:40:00-04:00,29915.0,29922.25,29908.0,29914.25,2198
2026-08-12 13:45:00-04:00,29912.5,29920.5,29910.25,29915.75,1357
2026-08-12 13:50:00-04:00,29907.75,29924.0,29904.5,29912.5,2095
2026-08-12 13:55:00-04:00,29910.25,29913.0,29901.5,29907.0,1252
2026-08-12 14:00:00-04:00,29901.25,29915.0,29899.25,29910.0,1455
2026-08-12 14:05:00-04:00,29899.25,29904.25,29890.25,29900.5,1570
2026-08-12 14:10:00-04:00,29907.25,29918.5,29899.0,29899.25,1714
2026-08-12 14:15:00-04:00,29901.0,29909.25,29893.0,29907.0,1832
2026-08-12 14:20:00-04:00,29908.75,29909.75,29890.5,29901.25,1882
2026-08-12 14:25:00-04:00,29894.0,29913.75,29892.25,29909.0,1543
2026-08-12 14:30:00-04:00,29903.5,29912.5,29893.75,29893.75,1654
2026-08-12 14:35:00-04:00,29910.75,29913.0,29901.75,29903.0,1088
2026-08-12 14:40:00-04:00,29919.5,29932.0,29910.25,29910.75,2710
2026-08-12 14:45:00-04:00,29918.0,29920.25,29909.0,29919.5,1539
2026-08-12 14:50:00-04:00,29909.25,29923.25,29908.75,29918.5,1207
2026-08-12 14:55:00-04:00,29889.75,29909.25,29885.0,29909.0,2789
2026-08-12 15:00:00-04:00,29891.0,29902.75,29889.5,29890.25,1783
2026-08-12 15:05:00-04:00,29891.75,29905.0,29890.0,29891.25,1278
2026-08-12 15:10:00-04:00,29884.25,29893.75,29879.0,29891.5,1925
2026-08-12 15:15:00-04:00,29889.5,29898.5,29881.75,29884.0,1657
2026-08-12 15:20:00-04:00,29865.5,29890.25,29863.5,29889.25,2742
2026-08-12 15:25:00-04:00,29868.25,29873.5,29856.0,29864.75,2204
2026-08-12 15:30:00-04:00,29858.75,29868.0,29852.5,29867.0,2584
2026-08-12 15:35:00-04:00,29853.75,29864.0,29850.5,29858.25,2031
2026-08-12 15:40:00-04:00,29849.25,29855.0,29831.75,29854.0,4142
2026-08-12 15:45:00-04:00,29865.5,29868.75,29840.75,29849.25,3856
2026-08-12 15:50:00-04:00,29856.5,29870.0,29839.5,29865.75,5370
2026-08-12 15:55:00-04:00,29852.75,29862.0,29825.75,29856.5,13153
2026-08-12 16:00:00-04:00,29869.5,29880.75,29846.5,29853.0,4373
2026-08-12 16:05:00-04:00,29863.5,29906.0,29854.75,29868.5,3441
2026-08-12 16:10:00-04:00,29846.75,29865.25,29831.5,29864.0,1726
2026-08-12 16:15:00-04:00,29830.25,29851.25,29828.25,29846.5,1112
2026-08-12 16:20:00-04:00,29826.75,29835.75,29824.0,29831.0,775
2026-08-12 16:25:00-04:00,29820.0,29827.0,29814.75,29826.5,927
2026-08-12 16:30:00-04:00,29817.75,29822.0,29809.5,29820.0,1193
2026-08-12 16:35:00-04:00,29819.75,29823.25,29813.5,29817.75,594
2026-08-12 16:40:00-04:00,29820.25,29822.5,29817.25,29820.0,391
2026-08-12 16:45:00-04:00,29814.25,29821.5,29812.75,29821.25,440
2026-08-12 16:50:00-04:00,29813.75,29823.0,29813.0,29814.25,290
2026-08-12 16:55:00-04:00,29805.75,29815.0,29804.5,29814.25,294
2026-08-12 18:00:00-04:00,29810.25,29831.75,29807.25,29825.0,0
2026-08-12 18:05:00-04:00,29819.25,29825.0,29806.0,29810.25,511
2026-08-12 18:10:00-04:00,29804.75,29822.5,29800.25,29820.5,403
2026-08-12 18:15:00-04:00,29794.0,29809.75,29792.5,29805.0,327
2026-08-12 18:20:00-04:00,29798.75,29802.5,29789.0,29794.25,331
2026-08-12 18:25:00-04:00,29794.0,29800.0,29784.0,29798.25,324
2026-08-12 18:30:00-04:00,29786.0,29792.75,29780.5,29792.25,545
2026-08-12 18:35:00-04:00,29788.0,29788.5,29781.5,29786.25,269
2026-08-12 18:40:00-04:00,29793.0,29795.5,29786.0,29788.0,286
2026-08-12 18:45:00-04:00,29797.0,29803.5,29788.5,29792.25,341
2026-08-12 18:50:00-04:00,29800.5,29800.75,29795.25,29797.75,92
2026-08-12 18:55:00-04:00,29797.75,29801.25,29795.0,29800.75,107
2026-08-12 19:00:00-04:00,29803.0,29808.5,29797.0,29797.25,269
2026-08-12 19:05:00-04:00,29806.25,29807.5,29801.75,29803.0,194
2026-08-12 19:10:00-04:00,29808.75,29812.0,29806.0,29806.25,329
2026-08-12 19:15:00-04:00,29808.25,29809.75,29804.25,29808.5,115
2026-08-12 19:20:00-04:00,29808.25,29812.5,29807.25,29810.0,146
2026-08-12 19:25:00-04:00,29807.25,29809.0,29802.0,29808.25,253
2026-08-12 19:30:00-04:00,29799.25,29805.25,29793.5,29805.25,237
2026-08-12 19:35:00-04:00,29812.5,29813.5,29798.0,29798.75,225
2026-08-12 19:40:00-04:00,29810.25,29815.0,29804.0,29812.5,259
2026-08-12 19:45:00-04:00,29795.5,29812.25,29792.0,29811.75,429
2026-08-12 19:50:00-04:00,29806.5,29809.25,29794.5,29795.0,289
2026-08-12 19:55:00-04:00,29804.5,29808.0,29797.75,29807.25,259
2026-08-12 20:00:00-04:00,29840.75,29857.0,29796.75,29805.25,1437
2026-08-12 20:05:00-04:00,29855.0,29863.5,29838.75,29840.75,899
2026-08-12 20:10:00-04:00,29847.75,29861.5,29847.0,29855.25,508
2026-08-12 20:15:00-04:00,29861.0,29862.25,29838.0,29848.25,710
2026-08-12 20:20:00-04:00,29860.75,29866.75,29850.25,29860.0,490
2026-08-12 20:25:00-04:00,29840.25,29865.0,29838.75,29861.0,542
2026-08-12 20:30:00-04:00,29840.25,29853.75,29828.5,29839.75,837
2026-08-12 20:35:00-04:00,29839.0,29842.25,29829.5,29836.5,288
2026-08-12 20:40:00-04:00,29840.75,29844.5,29831.75,29840.0,312
2026-08-12 20:45:00-04:00,29848.0,29849.5,29831.25,29840.5,379
2026-08-12 20:50:00-04:00,29834.25,29850.0,29829.75,29849.0,309
2026-08-12 20:55:00-04:00,29846.0,29849.75,29829.0,29834.0,377
2026-08-12 21:00:00-04:00,29830.0,29849.25,29821.5,29845.75,655
2026-08-12 21:05:00-04:00,29841.25,29843.75,29830.75,29831.5,359
2026-08-12 21:10:00-04:00,29829.25,29853.0,29826.5,29842.5,527
2026-08-12 21:15:00-04:00,29833.25,29838.5,29823.5,29831.5,393
2026-08-12 21:20:00-04:00,29827.5,29835.5,29821.75,29833.25,285
2026-08-12 21:25:00-04:00,29818.25,29828.0,29808.25,29828.0,727
2026-08-12 21:30:00-04:00,29835.25,29836.0,29814.5,29816.75,548
2026-08-12 21:35:00-04:00,29840.0,29844.0,29835.0,29836.25,326
2026-08-12 21:40:00-04:00,29837.75,29843.75,29828.5,29840.0,389
2026-08-12 21:45:00-04:00,29829.75,29841.0,29828.0,29836.75,246
2026-08-12 21:50:00-04:00,29856.25,29856.25,29830.25,29831.0,597
2026-08-12 21:55:00-04:00,29857.25,29866.0,29853.25,29855.0,619
2026-08-12 22:00:00-04:00,29860.75,29869.25,29853.75,29858.0,440
2026-08-12 22:05:00-04:00,29860.0,29871.25,29857.5,29861.0,360
2026-08-12 22:10:00-04:00,29862.25,29865.75,29859.5,29862.0,155
2026-08-12 22:15:00-04:00,29861.75,29867.0,29859.0,29861.75,227
2026-08-12 22:20:00-04:00,29864.25,29869.5,29856.75,29861.5,342
2026-08-12 22:25:00-04:00,29863.0,29869.25,29859.0,29863.75,301
2026-08-12 22:30:00-04:00,29833.5,29863.0,29833.5,29861.75,786
2026-08-12 22:35:00-04:00,29854.25,29857.0,29834.0,29834.25,531
2026-08-12 22:40:00-04:00,29873.75,29877.75,29854.5,29855.0,724
2026-08-12 22:45:00-04:00,29869.25,29874.0,29866.0,29873.75,234
2026-08-12 22:50:00-04:00,29869.5,29872.0,29866.25,29870.75,127
2026-08-12 22:55:00-04:00,29868.5,29874.5,29866.25,29870.25,146
2026-08-12 23:00:00-04:00,29869.5,29873.5,29865.5,29868.5,184
2026-08-12 23:05:00-04:00,29870.25,29875.75,29867.75,29868.75,183
2026-08-12 23:10:00-04:00,29874.5,29875.25,29868.5,29871.25,116
2026-08-12 23:15:00-04:00,29877.25,29879.5,29871.25,29873.75,231
2026-08-12 23:20:00-04:00,29874.0,29877.75,29871.25,29876.75,138
2026-08-12 23:25:00-04:00,29874.0,29877.25,29872.0,29873.75,95
2026-08-12 23:30:00-04:00,29870.75,29877.0,29867.25,29876.25,159
2026-08-12 23:35:00-04:00,29876.0,29880.0,29868.75,29869.0,230
2026-08-12 23:40:00-04:00,29876.0,29876.5,29873.0,29875.5,94
2026-08-12 23:45:00-04:00,29876.75,29880.0,29875.75,29876.0,140
2026-08-12 23:50:00-04:00,29878.25,29880.0,29876.5,29877.25,262
2026-08-12 23:55:00-04:00,29878.0,29879.75,29874.0,29878.0,125
2026-08-13 00:05:00-04:00,29888.75,29888.75,29886.0,29886.75,561
2026-08-13 00:10:00-04:00,29869.25,29891.75,29869.25,29889.5,454
2026-08-13 00:15:00-04:00,29871.75,29873.5,29867.75,29869.25,215
2026-08-13 00:20:00-04:00,29868.25,29870.75,29853.75,29870.75,644
2026-08-13 00:25:00-04:00,29877.0,29884.5,29867.0,29867.5,424
2026-08-13 00:30:00-04:00,29887.25,29888.75,29876.5,29876.5,149
2026-08-13 00:35:00-04:00,29881.25,29896.0,29881.0,29886.25,321
2026-08-13 00:40:00-04:00,29879.0,29886.0,29877.0,29881.25,199
2026-08-13 00:45:00-04:00,29890.0,29891.75,29873.5,29878.75,299
2026-08-13 00:50:00-04:00,29890.5,29895.0,29888.25,29889.25,163
2026-08-13 00:55:00-04:00,29879.25,29891.75,29878.0,29890.5,185
2026-08-13 01:00:00-04:00,29894.25,29897.25,29874.0,29878.5,279
2026-08-13 01:05:00-04:00,29901.25,29902.0,29892.5,29893.75,354
2026-08-13 01:10:00-04:00,29915.0,29916.5,29899.5,29901.5,681
2026-08-13 01:15:00-04:00,29910.0,29921.25,29909.25,29915.0,458
2026-08-13 01:20:00-04:00,29910.0,29920.0,29907.75,29910.75,288
2026-08-13 01:25:00-04:00,29920.5,29922.75,29910.75,29911.0,304
2026-08-13 01:30:00-04:00,29911.75,29924.0,29902.0,29921.5,512
2026-08-13 01:35:00-04:00,29907.5,29915.75,29897.0,29912.5,450
2026-08-13 01:40:00-04:00,29902.75,29912.5,29898.75,29907.5,388
2026-08-13 01:45:00-04:00,29904.75,29908.5,29899.25,29901.75,196
2026-08-13 01:50:00-04:00,29897.75,29908.25,29895.75,29904.5,193
2026-08-13 01:55:00-04:00,29884.5,29903.0,29882.0,29897.75,386
2026-08-13 02:00:00-04:00,29881.5,29887.5,29869.25,29884.5,827
2026-08-13 02:05:00-04:00,29887.0,29888.0,29877.75,29880.5,274
2026-08-13 02:10:00-04:00,29892.75,29897.0,29880.75,29888.0,402
2026-08-13 02:15:00-04:00,29894.0,29897.5,29885.0,29894.0,228
2026-08-13 02:20:00-04:00,29905.25,29905.25,29892.0,29893.25,218
2026-08-13 02:25:00-04:00,29898.0,29905.5,29892.25,29905.5,255
2026-08-13 02:30:00-04:00,29890.25,29905.25,29885.75,29896.75,485
2026-08-13 02:35:00-04:00,29875.0,29891.75,29875.0,29888.5,320
2026-08-13 02:40:00-04:00,29862.25,29877.25,29859.75,29876.75,449
2026-08-13 02:45:00-04:00,29861.75,29867.25,29858.25,29862.0,334
2026-08-13 02:50:00-04:00,29868.0,29873.0,29861.0,29863.0,266
2026-08-13 02:55:00-04:00,29888.5,29890.25,29867.75,29868.75,355
2026-08-13 03:00:00-04:00,29856.25,29893.25,29852.0,29888.0,864
2026-08-13 03:05:00-04:00,29851.5,29858.25,29847.0,29857.0,631
2026-08-13 03:10:00-04:00,29854.0,29854.75,29845.0,29852.0,434
2026-08-13 03:15:00-04:00,29853.5,29863.25,29848.0,29853.75,391
2026-08-13 03:20:00-04:00,29870.5,29872.75,29851.25,29855.5,318
2026-08-13 03:25:00-04:00,29872.5,29872.5,29866.0,29870.5,274
2026-08-13 03:30:00-04:00,29863.25,29871.75,29863.25,29869.75,225
2026-08-13 03:35:00-04:00,29874.75,29876.0,29861.25,29863.25,330
2026-08-13 03:40:00-04:00,29880.5,29882.25,29869.5,29875.25,411
2026-08-13 03:45:00-04:00,29872.75,29881.5,29866.75,29880.5,497
2026-08-13 03:50:00-04:00,29864.5,29875.25,29863.25,29875.0,293
2026-08-13 03:55:00-04:00,29860.0,29868.0,29859.25,29865.25,146
2026-08-13 04:00:00-04:00,29834.25,29872.5,29829.0,29859.75,1026
2026-08-13 04:05:00-04:00,29847.5,29866.25,29832.5,29833.5,662
2026-08-13 04:10:00-04:00,29838.5,29848.0,29829.5,29848.0,477
2026-08-13 04:15:00-04:00,29846.25,29846.25,29827.0,29838.25,448
2026-08-13 04:20:00-04:00,29853.25,29853.75,29839.25,29847.5,491
2026-08-13 04:25:00-04:00,29858.75,29865.0,29852.75,29853.5,319
2026-08-13 04:30:00-04:00,29859.0,29861.25,29851.25,29859.5,259
2026-08-13 04:35:00-04:00,29858.5,29859.5,29845.5,29858.5,312
2026-08-13 04:40:00-04:00,29862.5,29866.0,29850.75,29857.75,269
2026-08-13 04:45:00-04:00,29857.0,29865.5,29854.25,29861.75,277
2026-08-13 04:50:00-04:00,29862.0,29875.75,29855.75,29855.75,412
2026-08-13 04:55:00-04:00,29860.75,29872.0,29860.25,29863.5,159
2026-08-13 05:00:00-04:00,29856.0,29868.75,29851.75,29861.5,338
2026-08-13 05:05:00-04:00,29847.0,29857.75,29845.75,29857.0,315
2026-08-13 05:10:00-04:00,29833.0,29853.5,29833.0,29847.0,436
2026-08-13 05:15:00-04:00,29839.5,29839.5,29821.0,29832.25,412
2026-08-13 05:20:00-04:00,29847.0,29848.75,29837.5,29839.75,223
2026-08-13 05:25:00-04:00,29838.75,29848.5,29835.75,29848.25,151
2026-08-13 05:30:00-04:00,29854.25,29855.75,29836.5,29837.5,231
2026-08-13 05:35:00-04:00,29851.75,29857.0,29849.0,29854.75,139
2026-08-13 05:40:00-04:00,29860.75,29861.25,29850.75,29852.0,134
2026-08-13 05:45:00-04:00,29862.5,29865.5,29857.5,29860.5,181
2026-08-13 05:50:00-04:00,29871.25,29874.5,29863.0,29863.5,322
2026-08-13 05:55:00-04:00,29876.5,29879.25,29871.0,29871.75,214
2026-08-13 06:00:00-04:00,29866.25,29877.25,29864.25,29876.25,371
2026-08-13 06:05:00-04:00,29870.75,29877.0,29863.25,29866.75,278
2026-08-13 06:10:00-04:00,29874.25,29878.25,29868.5,29873.0,148
2026-08-13 06:15:00-04:00,29878.25,29881.0,29873.5,29875.5,213
2026-08-13 06:20:00-04:00,29873.0,29884.5,29872.0,29878.5,301
2026-08-13 06:25:00-04:00,29873.0,29878.5,29864.5,29872.25,274
2026-08-13 06:30:00-04:00,29870.5,29880.75,29869.5,29874.0,245
2026-08-13 06:35:00-04:00,29874.0,29878.0,29868.5,29870.0,208
2026-08-13 06:40:00-04:00,29877.75,29877.75,29872.0,29874.75,121
2026-08-13 06:45:00-04:00,29882.75,29885.25,29875.0,29877.75,155
2026-08-13 06:50:00-04:00,29884.5,29886.5,29876.0,29883.75,182
2026-08-13 06:55:00-04:00,29881.25,29885.0,29880.25,29884.5,159
2026-08-13 07:00:00-04:00,29879.5,29892.25,29877.75,29881.5,509
2026-08-13 07:05:00-04:00,29878.0,29887.25,29875.25,29880.0,196
2026-08-13 07:10:00-04:00,29871.75,29879.25,29870.75,29877.75,159
2026-08-13 07:15:00-04:00,29861.25,29875.5,29857.5,29872.25,520
2026-08-13 07:20:00-04:00,29863.25,29866.0,29859.0,29862.5,224
2026-08-13 07:25:00-04:00,29863.0,29864.75,29855.5,29863.25,273
2026-08-13 07:30:00-04:00,29871.75,29872.25,29857.5,29860.25,356
2026-08-13 07:35:00-04:00,29883.75,29885.75,29868.5,29871.75,392
2026-08-13 07:40:00-04:00,29887.75,29888.75,29875.5,29882.75,401
2026-08-13 07:45:00-04:00,29888.0,29895.0,29885.25,29888.25,438
2026-08-13 07:50:00-04:00,29883.0,29888.25,29867.5,29888.25,317
2026-08-13 07:55:00-04:00,29869.0,29886.5,29868.0,29883.0,253
2026-08-13 08:00:00-04:00,29840.5,29872.0,29840.0,29869.5,974
2026-08-13 08:05:00-04:00,29848.75,29853.25,29837.0,29840.0,546
2026-08-13 08:10:00-04:00,29842.25,29850.25,29832.75,29847.0,572
2026-08-13 08:15:00-04:00,29816.75,29840.25,29812.25,29840.25,651
2026-08-13 08:20:00-04:00,29825.75,29830.5,29818.0,29818.75,377
2026-08-13 08:25:00-04:00,29844.5,29860.0,29819.25,29825.0,851
2026-08-13 08:30:00-04:00,29847.0,29890.5,29820.0,29849.75,2886
2026-08-13 08:35:00-04:00,29854.5,29856.0,29839.75,29847.0,1171
2026-08-13 08:40:00-04:00,29846.75,29870.25,29837.0,29851.0,2172
2026-08-13 08:45:00-04:00,29858.25,29864.25,29841.0,29845.75,1030
2026-08-13 08:50:00-04:00,29872.25,29876.5,29854.5,29858.25,918
2026-08-13 08:55:00-04:00,29880.25,29881.25,29869.25,29873.25,539
2026-08-13 09:00:00-04:00,29908.75,29910.75,29878.75,29880.75,2580
2026-08-13 09:05:00-04:00,29917.5,29921.0,29905.75,29909.0,1323
2026-08-13 09:10:00-04:00,29908.25,29917.75,29903.0,29917.5,745
2026-08-13 09:15:00-04:00,29906.5,29912.0,29900.25,29908.5,942
2026-08-13 09:20:00-04:00,29907.0,29915.25,29903.75,29906.5,1139
2026-08-13 09:25:00-04:00,29910.75,29920.0,29903.0,29906.75,2674
2026-08-13 09:30:00-04:00,29945.5,29947.25,29863.5,29911.0,14525
2026-08-13 09:35:00-04:00,30038.25,30039.75,29940.0,29945.25,13265
2026-08-13 09:40:00-04:00,30012.25,30053.5,29995.5,30038.0,9886
2026-08-13 09:45:00-04:00,30135.0,30146.0,30005.25,30013.5,12534
2026-08-13 09:50:00-04:00,30146.0,30155.0,30119.25,30135.25,10979
2026-08-13 09:55:00-04:00,30176.0,30182.25,30122.75,30146.25,8866
2026-08-13 10:00:00-04:00,30177.0,30188.0,30155.75,30175.75,9239
2026-08-13 10:05:00-04:00,30178.75,30189.75,30160.75,30177.0,6646
2026-08-13 10:10:00-04:00,30204.75,30214.75,30178.75,30178.75,7117
2026-08-13 10:15:00-04:00,30198.0,30217.5,30193.75,30206.25,6194
2026-08-13 10:20:00-04:00,30206.0,30216.75,30185.25,30197.75,6224
2026-08-13 10:25:00-04:00,30234.25,30239.5,30198.0,30206.0,6054
2026-08-13 10:30:00-04:00,30262.75,30266.25,30227.5,30233.25,7624
2026-08-13 10:35:00-04:00,30251.75,30267.5,30240.25,30263.0,5389
2026-08-13 10:40:00-04:00,30236.5,30260.25,30232.5,30252.0,5051
2026-08-13 10:45:00-04:00,30219.0,30241.5,30212.25,30236.0,6889
2026-08-13 10:50:00-04:00,30226.75,30228.5,30208.0,30218.75,5234
2026-08-13 10:55:00-04:00,30199.5,30227.5,30198.25,30226.25,5979
2026-08-13 11:00:00-04:00,30199.0,30231.5,30193.75,30199.25,6497
2026-08-13 11:05:00-04:00,30215.0,30224.25,30197.0,30199.25,5055
2026-08-13 11:10:00-04:00,30217.5,30228.25,30206.25,30214.75,3837
2026-08-13 11:15:00-04:00,30226.0,30226.75,30202.0,30217.5,4064
2026-08-13 11:20:00-04:00,30231.0,30238.75,30220.75,30226.5,3675
2026-08-13 11:25:00-04:00,30188.25,30236.0,30179.5,30231.0,7374
2026-08-13 11:30:00-04:00,30145.75,30198.5,30143.25,30188.75,6508
2026-08-13 11:35:00-04:00,30151.75,30165.5,30128.25,30146.25,6956
2026-08-13 11:40:00-04:00,30157.0,30176.75,30131.5,30151.0,4817
2026-08-13 11:45:00-04:00,30139.75,30156.75,30126.0,30156.25,3967
2026-08-13 11:50:00-04:00,30120.0,30142.0,30104.5,30140.0,5119
2026-08-13 11:55:00-04:00,30115.5,30137.0,30104.0,30119.25,4218
2026-08-13 12:00:00-04:00,30149.5,30165.0,30114.25,30117.25,4633
2026-08-13 12:05:00-04:00,30164.5,30172.5,30150.5,30150.5,2893
2026-08-13 12:10:00-04:00,30140.75,30172.25,30138.5,30164.5,2727
2026-08-13 12:15:00-04:00,30144.25,30151.5,30133.75,30140.75,2476
2026-08-13 12:20:00-04:00,30165.25,30168.5,30137.0,30144.0,2582
2026-08-13 12:25:00-04:00,30186.5,30189.0,30164.0,30166.0,3247
2026-08-13 12:30:00-04:00,30187.75,30200.0,30184.25,30186.75,3009
2026-08-13 12:35:00-04:00,30176.25,30194.75,30168.0,30187.0,2681
2026-08-13 12:40:00-04:00,30183.0,30187.75,30170.0,30176.75,2016
2026-08-13 12:45:00-04:00,30193.0,30196.0,30182.5,30183.25,1584
2026-08-13 12:50:00-04:00,30181.5,30203.25,30181.5,30192.25,2370
2026-08-13 12:55:00-04:00,30193.75,30193.75,30176.5,30181.75,2399
2026-08-13 13:00:00-04:00,30217.75,30220.0,30193.25,30193.75,3780
2026-08-13 13:05:00-04:00,30226.75,30231.75,30216.25,30217.75,2838
2026-08-13 13:10:00-04:00,30226.25,30232.75,30224.25,30227.25,2071
2026-08-13 13:15:00-04:00,30244.0,30244.0,30224.75,30226.25,2983
2026-08-13 13:20:00-04:00,30241.25,30250.0,30235.25,30243.5,3047
2026-08-13 13:25:00-04:00,30237.5,30245.75,30235.75,30241.5,2023
2026-08-13 13:30:00-04:00,30233.75,30244.75,30230.25,30237.75,2323
2026-08-13 13:35:00-04:00,30225.25,30236.5,30221.5,30233.75,2315
2026-08-13 13:40:00-04:00,30214.5,30231.25,30214.25,30225.0,2053
2026-08-13 13:45:00-04:00,30217.25,30228.0,30214.0,30214.5,1803
2026-08-13 13:50:00-04:00,30207.0,30222.25,30205.25,30217.5,2015
2026-08-13 13:55:00-04:00,30204.5,30219.5,30203.75,30207.25,2095
2026-08-13 14:00:00-04:00,30207.25,30211.75,30201.5,30205.0,2100
2026-08-13 14:05:00-04:00,30197.75,30215.5,30194.5,30208.0,2657
2026-08-13 14:10:00-04:00,30201.5,30204.5,30189.5,30197.5,2133
2026-08-13 14:15:00-04:00,30195.25,30207.75,30193.75,30201.5,2013
2026-08-13 14:20:00-04:00,30184.0,30200.75,30181.0,30194.75,2856
2026-08-13 14:25:00-04:00,30192.0,30196.0,30183.0,30184.0,2443
2026-08-13 14:30:00-04:00,30215.75,30220.0,30191.5,30192.0,3532
2026-08-13 14:35:00-04:00,30221.0,30222.75,30212.25,30215.75,1982
2026-08-13 14:40:00-04:00,30229.0,30237.25,30216.25,30220.75,3059
2026-08-13 14:45:00-04:00,30240.0,30242.75,30228.25,30228.5,2378
2026-08-13 14:50:00-04:00,30239.0,30244.0,30232.25,30240.5,2115
2026-08-13 14:55:00-04:00,30244.25,30246.0,30236.25,30239.25,1859
2026-08-13 15:00:00-04:00,30246.25,30255.0,30242.0,30244.25,2819
2026-08-13 15:05:00-04:00,30266.5,30272.75,30240.0,30246.5,4523
2026-08-13 15:10:00-04:00,30238.75,30267.5,30232.0,30266.75,3783
2026-08-13 15:15:00-04:00,30240.5,30241.5,30221.75,30238.25,3645
2026-08-13 15:20:00-04:00,30233.25,30246.0,30232.5,30240.75,2102
2026-08-13 15:25:00-04:00,30223.25,30235.25,30215.25,30233.0,3271
2026-08-13 15:30:00-04:00,30216.25,30227.75,30211.0,30222.75,3163
2026-08-13 15:35:00-04:00,30220.0,30223.75,30212.75,30216.25,2109
2026-08-13 15:40:00-04:00,30204.5,30223.5,30202.75,30220.25,2727
2026-08-13 15:45:00-04:00,30202.25,30207.0,30195.25,30204.5,3403
2026-08-13 15:50:00-04:00,30192.75,30206.0,30183.25,30201.25,6574
2026-08-13 15:55:00-04:00,30194.0,30197.75,30173.0,30192.75,14178
2026-08-13 16:00:00-04:00,30204.0,30217.75,30144.5,30194.25,8724
2026-08-13 16:05:00-04:00,30200.0,30220.0,30193.75,30204.25,1921
2026-08-13 16:10:00-04:00,30208.0,30212.75,30195.75,30200.5,1017
2026-08-13 16:15:00-04:00,30204.5,30214.25,30202.0,30208.25,853
2026-08-13 16:20:00-04:00,30197.0,30204.75,30192.5,30204.75,665
2026-08-13 16:25:00-04:00,30197.75,30206.5,30194.25,30197.25,644
2026-08-13 16:30:00-04:00,30202.5,30207.5,30195.5,30198.25,596
2026-08-13 16:35:00-04:00,30211.75,30212.75,30200.25,30202.75,504
2026-08-13 16:40:00-04:00,30209.5,30213.25,30208.25,30212.0,346
2026-08-13 16:45:00-04:00,30210.25,30213.5,30208.75,30209.25,374
2026-08-13 16:50:00-04:00,30212.75,30214.0,30208.75,30209.75,270
2026-08-13 16:55:00-04:00,30214.25,30219.75,30208.75,30212.5,536
2026-08-13 18:00:00-04:00,30200.5,30214.5,30186.0,30210.75,0
2026-08-13 18:05:00-04:00,30200.75,30216.75,30195.0,30199.75,467
2026-08-13 18:10:00-04:00,30197.25,30203.5,30191.5,30198.5,240
2026-08-13 18:15:00-04:00,30203.0,30205.5,30190.0,30196.25,291
2026-08-13 18:20:00-04:00,30198.0,30204.25,30190.75,30203.75,260
2026-08-13 18:25:00-04:00,30197.0,30200.0,30196.0,30196.5,102
2026-08-13 18:30:00-04:00,30205.5,30207.0,30198.25,30198.5,239
2026-08-13 18:35:00-04:00,30202.0,30209.25,30201.5,30206.0,180
2026-08-13 18:40:00-04:00,30206.75,30210.25,30201.75,30203.0,131
2026-08-13 18:45:00-04:00,30201.0,30207.5,30200.0,30206.25,131
2026-08-13 18:50:00-04:00,30203.75,30207.75,30200.0,30202.0,182
2026-08-13 18:55:00-04:00,30203.25,30204.75,30200.25,30202.25,86
2026-08-13 19:00:00-04:00,30204.0,30205.25,30199.0,30204.0,96
2026-08-13 19:05:00-04:00,30213.0,30215.0,30204.0,30205.25,266
2026-08-13 19:10:00-04:00,30224.75,30224.75,30212.75,30213.25,301
2026-08-13 19:15:00-04:00,30214.0,30226.0,30207.25,30225.0,390
2026-08-13 19:20:00-04:00,30198.75,30213.5,30192.25,30212.25,455
2026-08-13 19:25:00-04:00,30199.5,30203.0,30197.25,30198.5,151
2026-08-13 19:30:00-04:00,30201.0,30203.5,30195.5,30198.5,176
2026-08-13 19:35:00-04:00,30196.25,30203.5,30195.25,30201.75,109
2026-08-13 19:40:00-04:00,30196.25,30201.75,30193.5,30197.0,269
2026-08-13 19:45:00-04:00,30196.5,30203.25,30189.5,30196.75,671
2026-08-13 19:50:00-04:00,30197.0,30199.5,30193.5,30196.25,125
2026-08-13 19:55:00-04:00,30203.25,30204.0,30195.0,30198.0,223
2026-08-13 20:00:00-04:00,30228.0,30232.0,30200.0,30203.75,1274
2026-08-13 20:05:00-04:00,30211.25,30232.0,30195.75,30229.0,874
2026-08-13 20:10:00-04:00,30201.0,30212.5,30198.25,30212.25,353
2026-08-13 20:15:00-04:00,30183.75,30204.0,30178.25,30201.25,1042
2026-08-13 20:20:00-04:00,30181.5,30190.0,30179.75,30184.25,353
2026-08-13 20:25:00-04:00,30185.5,30190.75,30176.75,30182.0,401
2026-08-13 20:30:00-04:00,30182.75,30191.75,30174.5,30184.5,521
2026-08-13 20:35:00-04:00,30186.25,30188.5,30180.25,30183.5,235
2026-08-13 20:40:00-04:00,30178.5,30190.0,30176.25,30186.0,528
2026-08-13 20:45:00-04:00,30173.0,30186.75,30172.0,30180.0,578
2026-08-13 20:50:00-04:00,30171.5,30180.5,30169.0,30173.5,647
2026-08-13 20:55:00-04:00,30170.0,30174.75,30166.25,30172.0,355
2026-08-13 21:00:00-04:00,30135.75,30169.75,30128.75,30169.25,1526
2026-08-13 21:05:00-04:00,30144.5,30152.75,30135.75,30136.5,744
2026-08-13 21:10:00-04:00,30129.0,30145.75,30124.25,30144.75,821
2026-08-13 21:15:00-04:00,30134.0,30138.25,30124.5,30128.75,674
2026-08-13 21:20:00-04:00,30143.75,30155.5,30128.75,30131.75,729
2026-08-13 21:25:00-04:00,30152.5,30154.5,30133.25,30144.0,601
2026-08-13 21:30:00-04:00,30148.75,30155.25,30140.25,30153.25,341
2026-08-13 21:35:00-04:00,30157.0,30160.25,30146.25,30148.5,446
2026-08-13 21:40:00-04:00,30160.0,30163.0,30153.0,30157.75,409
2026-08-13 21:45:00-04:00,30166.25,30168.0,30159.5,30160.5,285
2026-08-13 21:50:00-04:00,30153.5,30167.0,30152.75,30166.0,470
2026-08-13 21:55:00-04:00,30151.5,30157.75,30149.25,30155.5,242
2026-08-13 22:00:00-04:00,30167.5,30170.5,30149.75,30151.5,462
2026-08-13 22:05:00-04:00,30165.0,30170.0,30160.5,30168.25,408
2026-08-13 22:10:00-04:00,30166.5,30171.75,30162.25,30164.25,300
2026-08-13 22:15:00-04:00,30158.0,30170.25,30155.75,30167.0,342
2026-08-13 22:20:00-04:00,30164.0,30168.75,30157.0,30157.75,191
2026-08-13 22:25:00-04:00,30167.25,30168.5,30160.0,30164.5,229
2026-08-13 22:30:00-04:00,30175.5,30176.0,30167.25,30168.0,257
2026-08-13 22:35:00-04:00,30174.75,30181.5,30173.75,30175.0,314
2026-08-13 22:40:00-04:00,30173.5,30178.75,30168.75,30173.5,220
2026-08-13 22:45:00-04:00,30162.75,30178.5,30159.75,30174.5,354
2026-08-13 22:50:00-04:00,30160.0,30165.5,30158.5,30162.25,130
2026-08-13 22:55:00-04:00,30154.75,30160.25,30150.0,30159.25,364
2026-08-13 23:00:00-04:00,30151.25,30157.0,30150.5,30153.75,256
2026-08-13 23:05:00-04:00,30158.75,30160.75,30150.0,30151.5,318
2026-08-13 23:10:00-04:00,30162.75,30165.0,30156.75,30159.0,195
2026-08-13 23:15:00-04:00,30167.25,30169.5,30161.5,30162.75,187
2026-08-13 23:20:00-04:00,30175.25,30175.25,30166.0,30167.25,271
2026-08-13 23:25:00-04:00,30180.0,30180.0,30173.75,30176.0,183
2026-08-13 23:30:00-04:00,30167.0,30182.5,30165.75,30180.75,401
2026-08-13 23:35:00-04:00,30162.25,30167.25,30160.5,30167.25,238
2026-08-13 23:40:00-04:00,30157.75,30163.25,30155.25,30162.75,241
2026-08-13 23:45:00-04:00,30156.0,30163.0,30154.25,30157.5,225
2026-08-13 23:50:00-04:00,30156.75,30161.5,30154.75,30159.0,175
2026-08-13 23:55:00-04:00,30153.75,30160.0,30152.75,30156.25,137
2026-08-14 00:05:00-04:00,30154.75,30161.0,30152.5,30158.25,897
2026-08-14 00:10:00-04:00,30156.75,30161.5,30148.0,30154.0,227
2026-08-14 00:15:00-04:00,30159.0,30164.0,30154.5,30155.0,242
2026-08-14 00:20:00-04:00,30156.75,30160.5,30150.5,30159.0,228
2026-08-14 00:25:00-04:00,30157.5,30165.0,30155.5,30156.25,285
2026-08-14 00:30:00-04:00,30148.25,30159.25,30146.5,30158.75,290
2026-08-14 00:35:00-04:00,30153.5,30155.0,30137.5,30148.0,517
2026-08-14 00:40:00-04:00,30154.75,30163.75,30148.5,30153.5,379
2026-08-14 00:45:00-04:00,30150.25,30154.25,30147.0,30154.0,237
2026-08-14 00:50:00-04:00,30147.0,30149.75,30145.25,30149.75,148
2026-08-14 00:55:00-04:00,30147.0,30150.5,30145.5,30147.75,123
2026-08-14 01:00:00-04:00,30136.5,30152.5,30136.25,30148.25,385
2026-08-14 01:05:00-04:00,30133.5,30139.75,30129.0,30136.0,366
2026-08-14 01:10:00-04:00,30143.0,30145.25,30127.75,30133.5,341
2026-08-14 01:15:00-04:00,30144.25,30151.25,30138.25,30144.0,297
2026-08-14 01:20:00-04:00,30150.25,30151.5,30141.5,30142.5,191
2026-08-14 01:25:00-04:00,30150.5,30152.0,30142.75,30150.25,193
2026-08-14 01:30:00-04:00,30153.0,30154.5,30140.75,30149.25,163
2026-08-14 01:35:00-04:00,30161.75,30164.5,30152.25,30152.25,250
2026-08-14 01:40:00-04:00,30166.5,30167.0,30152.5,30161.25,272
2026-08-14 01:45:00-04:00,30172.75,30175.0,30164.5,30167.0,291
2026-08-14 01:50:00-04:00,30178.0,30178.0,30170.5,30173.0,224
2026-08-14 01:55:00-04:00,30174.0,30182.0,30173.0,30177.5,350
2026-08-14 02:00:00-04:00,30152.75,30177.75,30149.5,30174.75,485
2026-08-14 02:05:00-04:00,30157.0,30163.0,30151.75,30151.75,269
2026-08-14 02:10:00-04:00,30152.5,30159.75,30151.5,30157.75,163
2026-08-14 02:15:00-04:00,30160.0,30161.25,30147.5,30153.0,238
2026-08-14 02:20:00-04:00,30157.0,30160.25,30150.25,30159.0,198
2026-08-14 02:25:00-04:00,30163.25,30164.0,30153.75,30159.25,117
2026-08-14 02:30:00-04:00,30154.75,30165.5,30154.5,30162.25,221
2026-08-14 02:35:00-04:00,30154.5,30160.0,30149.5,30154.5,266
2026-08-14 02:40:00-04:00,30159.75,30159.75,30152.5,30155.5,121
2026-08-14 02:45:00-04:00,30167.5,30168.75,30160.0,30160.25,189
2026-08-14 02:50:00-04:00,30171.75,30176.0,30167.5,30167.75,254
2026-08-14 02:55:00-04:00,30172.5,30178.0,30169.0,30171.25,151
2026-08-14 03:00:00-04:00,30190.25,30193.5,30171.5,30173.5,724
2026-08-14 03:05:00-04:00,30190.75,30194.25,30179.25,30190.75,442
2026-08-14 03:10:00-04:00,30175.25,30191.5,30171.5,30190.75,355
2026-08-14 03:15:00-04:00,30180.25,30181.0,30175.25,30175.5,138
2026-08-14 03:20:00-04:00,30177.75,30181.25,30172.25,30179.5,183
2026-08-14 03:25:00-04:00,30177.0,30180.0,30172.5,30177.0,162
2026-08-14 03:30:00-04:00,30185.5,30187.75,30173.0,30177.75,177
2026-08-14 03:35:00-04:00,30190.25,30191.25,30183.75,30185.0,158
2026-08-14 03:40:00-04:00,30202.75,30203.75,30188.75,30191.0,350
2026-08-14 03:45:00-04:00,30197.25,30202.75,30192.5,30202.75,235
2026-08-14 03:50:00-04:00,30197.5,30201.5,30194.25,30196.75,177
2026-08-14 03:55:00-04:00,30194.75,30201.75,30190.75,30197.5,398
2026-08-14 04:00:00-04:00,30206.25,30214.5,30187.75,30194.5,806
2026-08-14 04:05:00-04:00,30227.0,30235.75,30204.25,30205.75,893
2026-08-14 04:10:00-04:00,30213.25,30232.0,30208.0,30227.75,537
2026-08-14 04:15:00-04:00,30210.75,30231.5,30207.0,30215.0,463
2026-08-14 04:20:00-04:00,30211.5,30215.5,30206.0,30210.75,184
2026-08-14 04:25:00-04:00,30225.5,30225.5,30206.75,30211.25,241
2026-08-14 04:30:00-04:00,30231.75,30236.0,30222.0,30224.5,372
2026-08-14 04:35:00-04:00,30237.75,30239.0,30231.0,30231.25,370
2026-08-14 04:40:00-04:00,30227.75,30240.25,30227.25,30236.75,298
2026-08-14 04:45:00-04:00,30235.5,30240.0,30228.25,30228.25,195
2026-08-14 04:50:00-04:00,30228.0,30236.75,30227.75,30235.0,201
2026-08-14 04:55:00-04:00,30220.75,30228.5,30220.5,30227.75,144
2026-08-14 05:00:00-04:00,30216.5,30222.25,30210.25,30220.0,337
2026-08-14 05:05:00-04:00,30214.75,30221.5,30212.0,30217.0,182
2026-08-14 05:10:00-04:00,30218.5,30220.0,30211.0,30215.0,258
2026-08-14 05:15:00-04:00,30223.0,30224.25,30214.75,30218.5,248
2026-08-14 05:20:00-04:00,30231.25,30232.0,30216.75,30222.75,212
2026-08-14 05:25:00-04:00,30226.75,30232.0,30224.0,30231.75,147
2026-08-14 05:30:00-04:00,30214.5,30226.25,30211.5,30225.5,289
2026-08-14 05:35:00-04:00,30217.25,30220.5,30207.5,30214.5,320
2026-08-14 05:40:00-04:00,30209.75,30216.25,30207.0,30216.25,254
2026-08-14 05:45:00-04:00,30222.5,30225.75,30207.25,30210.5,315
2026-08-14 05:50:00-04:00,30226.5,30231.0,30220.5,30223.0,280
2026-08-14 05:55:00-04:00,30235.0,30236.0,30224.0,30226.75,266
2026-08-14 06:00:00-04:00,30244.5,30245.25,30233.5,30234.25,451
2026-08-14 06:05:00-04:00,30242.25,30249.0,30240.5,30245.5,297
2026-08-14 06:10:00-04:00,30241.5,30249.75,30239.5,30243.75,313
2026-08-14 06:15:00-04:00,30234.5,30240.75,30233.5,30239.75,311
2026-08-14 06:20:00-04:00,30238.25,30238.75,30228.5,30234.75,288
2026-08-14 06:25:00-04:00,30228.75,30238.0,30223.0,30238.0,204
2026-08-14 06:30:00-04:00,30234.5,30237.5,30225.75,30230.0,206
2026-08-14 06:35:00-04:00,30232.0,30235.25,30225.75,30234.75,277
2026-08-14 06:40:00-04:00,30237.0,30237.75,30223.5,30230.75,243
2026-08-14 06:45:00-04:00,30233.0,30241.0,30232.75,30236.25,310
2026-08-14 06:50:00-04:00,30246.75,30248.5,30233.75,30234.0,383
2026-08-14 06:55:00-04:00,30252.0,30252.5,30238.75,30246.5,534
2026-08-14 07:00:00-04:00,30248.0,30260.75,30247.0,30251.75,682
2026-08-14 07:05:00-04:00,30256.25,30262.0,30248.5,30248.5,307
2026-08-14 07:10:00-04:00,30253.75,30259.0,30251.0,30255.75,287
2026-08-14 07:15:00-04:00,30248.0,30254.25,30245.0,30254.0,359
2026-08-14 07:20:00-04:00,30249.75,30254.5,30242.0,30248.75,283
2026-08-14 07:25:00-04:00,30247.25,30254.75,30245.25,30249.0,282
2026-08-14 07:30:00-04:00,30252.0,30255.0,30239.5,30247.0,437
2026-08-14 07:35:00-04:00,30249.25,30258.5,30247.75,30251.25,430
2026-08-14 07:40:00-04:00,30251.5,30252.75,30237.25,30248.0,451
2026-08-14 07:45:00-04:00,30263.25,30264.75,30250.0,30252.0,571
2026-08-14 07:50:00-04:00,30259.25,30268.0,30258.75,30262.75,363
2026-08-14 07:55:00-04:00,30263.75,30267.75,30256.25,30259.25,341
2026-08-14 08:00:00-04:00,30262.75,30280.25,30260.75,30265.25,1055
2026-08-14 08:05:00-04:00,30265.0,30267.75,30256.5,30262.75,596
2026-08-14 08:10:00-04:00,30237.5,30265.75,30208.5,30265.25,1732
2026-08-14 08:15:00-04:00,30235.0,30238.75,30226.5,30237.0,891
2026-08-14 08:20:00-04:00,30232.75,30243.75,30230.75,30235.5,541
2026-08-14 08:25:00-04:00,30251.5,30256.25,30230.0,30232.75,664
2026-08-14 08:30:00-04:00,30272.25,30279.75,30247.0,30252.75,1597
2026-08-14 08:35:00-04:00,30264.0,30278.25,30257.5,30272.0,1119
2026-08-14 08:40:00-04:00,30266.0,30266.75,30258.5,30263.5,560
2026-08-14 08:45:00-04:00,30270.5,30274.0,30254.0,30265.75,1060
2026-08-14 08:50:00-04:00,30275.5,30278.0,30265.0,30271.0,540
2026-08-14 08:55:00-04:00,30268.25,30279.75,30266.25,30276.75,665
2026-08-14 09:00:00-04:00,30270.25,30276.5,30262.25,30268.5,639
2026-08-14 09:05:00-04:00,30265.25,30283.0,30264.75,30271.0,1025
2026-08-14 09:10:00-04:00,30253.0,30266.5,30252.5,30265.25,691
2026-08-14 09:15:00-04:00,30246.75,30260.0,30245.25,30253.25,1064
2026-08-14 09:20:00-04:00,30253.25,30257.5,30245.25,30248.0,851
2026-08-14 09:25:00-04:00,30241.5,30261.5,30236.25,30252.75,2240
2026-08-14 09:30:00-04:00,30206.25,30269.5,30206.25,30241.5,14627
2026-08-14 09:35:00-04:00,30220.5,30222.0,30169.75,30206.5,11678
2026-08-14 09:40:00-04:00,30261.0,30262.25,30195.0,30221.0,11372
2026-08-14 09:45:00-04:00,30238.0,30280.5,30226.0,30260.75,11385
2026-08-14 09:50:00-04:00,30238.75,30265.5,30218.5,30239.0,8711
2026-08-14 09:55:00-04:00,30228.25,30250.75,30208.75,30239.75,6114
2026-08-14 10:00:00-04:00,30254.25,30257.5,30204.75,30226.0,6764
2026-08-14 10:05:00-04:00,30233.75,30272.25,30226.0,30255.0,6546
2026-08-14 10:10:00-04:00,30221.25,30245.25,30215.75,30233.0,5104
2026-08-14 10:15:00-04:00,30172.5,30228.5,30167.75,30221.75,7512
2026-08-14 10:20:00-04:00,30160.0,30193.5,30148.75,30173.0,6682
2026-08-14 10:25:00-04:00,30160.25,30169.5,30134.25,30160.25,7038
2026-08-14 10:30:00-04:00,30138.75,30163.25,30129.0,30159.75,7887
2026-08-14 10:35:00-04:00,30169.0,30176.5,30135.5,30138.75,5232
2026-08-14 10:40:00-04:00,30155.5,30168.25,30142.0,30168.25,4293
2026-08-14 10:45:00-04:00,30150.25,30165.75,30143.0,30155.5,3170
2026-08-14 10:50:00-04:00,30144.25,30166.0,30142.5,30150.25,3074
2026-08-14 10:55:00-04:00,30123.0,30150.25,30123.0,30144.0,3477
2026-08-14 11:00:00-04:00,30123.25,30143.0,30109.5,30124.0,5345
2026-08-14 11:05:00-04:00,30106.5,30131.0,30101.75,30122.75,4444
2026-08-14 11:10:00-04:00,30090.5,30116.5,30088.0,30106.75,4435
2026-08-14 11:15:00-04:00,30104.25,30110.75,30089.75,30090.75,3995
2026-08-14 11:20:00-04:00,30047.25,30110.0,30044.5,30103.75,6489
2026-08-14 11:25:00-04:00,30072.5,30074.5,30033.5,30047.5,6661
2026-08-14 11:30:00-04:00,30048.25,30075.0,30042.0,30073.25,5127
2026-08-14 11:35:00-04:00,30042.25,30065.5,30039.25,30049.25,4459
2026-08-14 11:40:00-04:00,30049.0,30049.75,30029.5,30041.5,3588
2026-08-14 11:45:00-04:00,30037.75,30066.25,30031.0,30049.25,4502
2026-08-14 11:50:00-04:00,30056.75,30063.5,30028.5,30038.0,3489
2026-08-14 11:55:00-04:00,30065.75,30072.75,30052.0,30056.5,3415
2026-08-14 12:00:00-04:00,30074.5,30084.25,30066.25,30066.5,4026
2026-08-14 12:05:00-04:00,30059.75,30077.25,30050.5,30073.75,3247
2026-08-14 12:10:00-04:00,30080.25,30082.5,30057.25,30060.0,3069
2026-08-14 12:15:00-04:00,30081.75,30088.0,30077.5,30080.25,2674
2026-08-14 12:20:00-04:00,30093.25,30094.75,30075.5,30081.5,2907
2026-08-14 12:25:00-04:00,30101.0,30107.75,30091.5,30093.25,2637
2026-08-14 12:30:00-04:00,30071.5,30102.0,30065.75,30100.5,4393
2026-08-14 12:35:00-04:00,30081.75,30097.5,30071.0,30072.75,3287
2026-08-14 12:40:00-04:00,30067.25,30082.5,30064.5,30080.75,2256
2026-08-14 12:45:00-04:00,30074.5,30076.75,30061.5,30067.0,2237
2026-08-14 12:50:00-04:00,30061.75,30073.75,30055.75,30073.75,2348
2026-08-14 12:55:00-04:00,30059.0,30069.75,30052.75,30062.25,1995
2026-08-14 13:00:00-04:00,30060.5,30066.5,30053.0,30059.25,2130
2026-08-14 13:05:00-04:00,30067.0,30074.0,30058.0,30060.75,1973
2026-08-14 13:10:00-04:00,30069.25,30079.75,30063.75,30066.75,2625
2026-08-14 13:15:00-04:00,30068.75,30073.5,30057.5,30069.25,1962
2026-08-14 13:20:00-04:00,30054.0,30076.5,30050.5,30068.0,2044
2026-08-14 13:25:00-04:00,30059.25,30066.25,30046.5,30053.75,2489
2026-08-14 13:30:00-04:00,30068.5,30072.0,30056.75,30059.5,1802
2026-08-14 13:35:00-04:00,30057.25,30072.25,30050.25,30068.75,2125
2026-08-14 13:40:00-04:00,30058.0,30065.75,30052.0,30057.0,1569
2026-08-14 13:45:00-04:00,30058.0,30064.5,30054.5,30058.25,1586
2026-08-14 13:50:00-04:00,30073.75,30077.25,30049.75,30057.75,2126
2026-08-14 13:55:00-04:00,30081.5,30084.5,30065.75,30073.5,2377
2026-08-14 14:00:00-04:00,30089.25,30091.25,30073.5,30081.25,2120
2026-08-14 14:05:00-04:00,30088.5,30091.0,30079.0,30088.75,1539
2026-08-14 14:10:00-04:00,30078.75,30090.75,30076.75,30088.5,1626
2026-08-14 14:15:00-04:00,30084.75,30090.5,30078.5,30078.75,1906
2026-08-14 14:20:00-04:00,30081.0,30092.5,30078.25,30084.75,1570
2026-08-14 14:25:00-04:00,30068.0,30087.25,30064.75,30080.5,2251
2026-08-14 14:30:00-04:00,30072.0,30075.75,30062.5,30067.5,2083
2026-08-14 14:35:00-04:00,30076.25,30078.25,30066.25,30072.25,1448
2026-08-14 14:40:00-04:00,30087.25,30090.25,30073.5,30075.5,2005
2026-08-14 14:45:00-04:00,30087.0,30088.75,30078.0,30087.0,1529
2026-08-14 14:50:00-04:00,30096.75,30104.0,30087.5,30087.5,2539
2026-08-14 14:55:00-04:00,30088.5,30097.5,30086.5,30096.75,1421
2026-08-14 15:00:00-04:00,30082.75,30091.25,30077.25,30088.5,2281
2026-08-14 15:05:00-04:00,30092.25,30094.5,30077.0,30082.75,1951
2026-08-14 15:10:00-04:00,30083.0,30093.0,30081.25,30092.25,1686
2026-08-14 15:15:00-04:00,30088.25,30092.25,30076.0,30083.25,2438
2026-08-14 15:20:00-04:00,30087.0,30089.75,30080.5,30088.25,1585
2026-08-14 15:25:00-04:00,30096.75,30104.0,30085.25,30087.25,2240
2026-08-14 15:30:00-04:00,30101.25,30103.75,30091.25,30096.25,2325
2026-08-14 15:35:00-04:00,30105.75,30109.0,30096.0,30101.75,3048
2026-08-14 15:40:00-04:00,30108.5,30115.25,30103.0,30105.25,2744
2026-08-14 15:45:00-04:00,30119.5,30120.5,30101.5,30108.5,3862
2026-08-14 15:50:00-04:00,30126.25,30130.0,30114.75,30119.25,6920
2026-08-14 15:55:00-04:00,30145.0,30148.0,30112.25,30126.0,11576
2026-08-14 16:00:00-04:00,30145.75,30153.25,30136.0,30144.25,5748
2026-08-14 16:05:00-04:00,30133.25,30146.25,30131.25,30146.25,1414
2026-08-14 16:10:00-04:00,30132.75,30141.75,30131.0,30133.75,1445
2026-08-14 16:15:00-04:00,30131.5,30135.5,30128.5,30133.25,504
2026-08-14 16:20:00-04:00,30129.5,30133.5,30127.25,30131.5,294
2026-08-14 16:25:00-04:00,30131.0,30132.0,30128.0,30129.25,396
2026-08-14 16:30:00-04:00,30140.5,30145.75,30128.25,30131.0,867
2026-08-14 16:35:00-04:00,30137.0,30143.0,30136.75,30140.5,402
2026-08-14 16:40:00-04:00,30142.0,30143.5,30138.0,30138.0,325
2026-08-14 16:45:00-04:00,30141.5,30143.0,30138.0,30142.25,440
2026-08-14 16:50:00-04:00,30144.0,30147.5,30142.75,30142.75,356
2026-08-14 16:55:00-04:00,30141.75,30154.75,30141.75,30145.0,477
2026-08-16 18:10:00-04:00,30196.5,30202.5,30188.75,30192.25,299
2026-08-16 18:15:00-04:00,30193.5,30200.75,30191.5,30197.75,174
2026-08-16 18:20:00-04:00,30192.0,30199.25,30190.5,30193.5,175
2026-08-16 18:25:00-04:00,30192.75,30196.0,30192.5,30192.5,98
2026-08-16 18:30:00-04:00,30193.75,30196.5,30188.5,30193.0,222
2026-08-16 18:35:00-04:00,30193.5,30195.25,30189.25,30194.25,90
2026-08-16 18:40:00-04:00,30192.25,30195.0,30191.0,30194.0,65
2026-08-16 18:45:00-04:00,30203.75,30205.75,30187.25,30192.75,502
2026-08-16 18:50:00-04:00,30208.75,30211.75,30202.5,30204.0,352
2026-08-16 18:55:00-04:00,30205.0,30209.0,30199.25,30208.75,282
2026-08-16 19:00:00-04:00,30202.75,30207.25,30199.25,30205.25,158
2026-08-16 19:05:00-04:00,30205.0,30206.75,30203.0,30203.75,98
2026-08-16 19:10:00-04:00,30197.0,30205.75,30195.25,30204.25,276
2026-08-16 19:15:00-04:00,30194.5,30198.5,30194.0,30197.25,177
2026-08-16 19:20:00-04:00,30200.25,30204.25,30191.5,30194.75,341
2026-08-16 19:25:00-04:00,30197.0,30201.0,30194.0,30200.75,111
2026-08-16 19:30:00-04:00,30193.0,30199.0,30192.75,30197.75,162
2026-08-16 19:35:00-04:00,30199.5,30202.0,30193.0,30193.0,135
2026-08-16 19:40:00-04:00,30206.25,30206.25,30198.75,30199.75,172
2026-08-16 19:45:00-04:00,30218.5,30221.75,30204.5,30204.75,552
2026-08-16 19:50:00-04:00,30218.25,30228.0,30217.5,30219.25,551
2026-08-16 19:55:00-04:00,30214.25,30219.25,30212.5,30218.0,209
2026-08-16 20:00:00-04:00,30215.25,30227.25,30209.0,30215.0,850
2026-08-16 20:05:00-04:00,30211.75,30225.0,30211.5,30214.75,454
2026-08-16 20:10:00-04:00,30219.5,30223.0,30211.5,30212.25,278
2026-08-16 20:15:00-04:00,30192.5,30218.75,30189.0,30218.5,694
2026-08-16 20:20:00-04:00,30198.5,30200.0,30192.0,30192.0,362
2026-08-16 20:25:00-04:00,30195.5,30204.25,30195.0,30198.5,401
2026-08-16 20:30:00-04:00,30190.75,30198.25,30186.5,30195.5,376
2026-08-16 20:35:00-04:00,30187.25,30193.75,30185.5,30191.25,272
2026-08-16 20:40:00-04:00,30188.75,30196.0,30186.5,30187.25,402
2026-08-16 20:45:00-04:00,30193.75,30198.0,30185.5,30189.25,284
2026-08-16 20:50:00-04:00,30196.0,30198.0,30190.0,30195.25,160
2026-08-16 20:55:00-04:00,30201.75,30202.0,30191.5,30195.5,258
2026-08-16 21:00:00-04:00,30227.0,30227.5,30199.75,30201.0,915
2026-08-16 21:05:00-04:00,30226.5,30233.25,30223.5,30227.25,634
2026-08-16 21:10:00-04:00,30214.25,30226.75,30213.75,30225.25,428
2026-08-16 21:15:00-04:00,30220.0,30221.75,30203.75,30214.5,793
2026-08-16 21:20:00-04:00,30230.0,30239.0,30219.25,30220.5,603
2026-08-16 21:25:00-04:00,30229.75,30234.75,30227.75,30229.0,166
2026-08-16 21:30:00-04:00,30204.25,30232.5,30199.0,30230.25,587
2026-08-16 21:35:00-04:00,30211.25,30211.5,30196.75,30204.5,489
2026-08-16 21:40:00-04:00,30199.0,30213.75,30191.0,30211.75,704
2026-08-16 21:45:00-04:00,30199.5,30203.25,30192.75,30198.5,262
2026-08-16 21:50:00-04:00,30192.5,30199.5,30187.0,30198.75,350
2026-08-16 21:55:00-04:00,30192.0,30195.25,30189.0,30192.75,176
2026-08-16 22:00:00-04:00,30189.5,30194.5,30187.25,30192.0,203
2026-08-16 22:05:00-04:00,30196.0,30198.5,30185.25,30189.25,482
2026-08-16 22:10:00-04:00,30200.25,30200.5,30192.25,30196.75,215
2026-08-16 22:15:00-04:00,30201.75,30204.5,30197.75,30200.75,182
2026-08-16 22:20:00-04:00,30214.25,30222.25,30200.75,30201.25,1114
2026-08-16 22:25:00-04:00,30217.25,30218.0,30211.75,30215.25,176
2026-08-16 22:30:00-04:00,30218.0,30223.5,30211.75,30216.75,308
2026-08-16 22:35:00-04:00,30217.75,30219.5,30212.25,30218.25,170
2026-08-16 22:40:00-04:00,30222.25,30225.0,30216.5,30217.0,148
2026-08-16 22:45:00-04:00,30225.25,30227.25,30220.25,30220.5,252
2026-08-16 22:50:00-04:00,30224.5,30231.25,30222.25,30225.0,317
2026-08-16 22:55:00-04:00,30222.25,30224.0,30220.0,30224.0,199
2026-08-16 23:00:00-04:00,30229.0,30229.0,30220.75,30223.0,298
2026-08-16 23:05:00-04:00,30232.5,30233.5,30223.25,30228.5,262
2026-08-16 23:10:00-04:00,30226.0,30235.0,30222.5,30232.25,302
2026-08-16 23:15:00-04:00,30231.5,30235.5,30226.75,30227.5,178
2026-08-16 23:20:00-04:00,30233.0,30234.75,30230.5,30231.5,103
2026-08-16 23:25:00-04:00,30234.25,30234.25,30229.25,30232.75,109
2026-08-16 23:30:00-04:00,30235.5,30236.25,30226.0,30234.75,164
2026-08-16 23:35:00-04:00,30239.5,30240.0,30233.75,30235.0,234
2026-08-16 23:40:00-04:00,30241.5,30247.25,30238.0,30239.25,385
2026-08-16 23:45:00-04:00,30243.0,30245.25,30238.75,30241.25,180
2026-08-16 23:50:00-04:00,30244.5,30245.0,30239.75,30244.25,114
2026-08-16 23:55:00-04:00,30245.75,30246.25,30243.5,30243.5,107
2026-08-17 00:00:00-04:00,30246.75,30249.25,30243.5,30246.75,320
2026-08-17 00:05:00-04:00,30246.75,30251.0,30245.75,30247.5,235
2026-08-17 00:10:00-04:00,30251.25,30255.0,30246.25,30247.25,329
2026-08-17 00:15:00-04:00,30250.5,30251.0,30246.0,30250.5,165
2026-08-17 00:20:00-04:00,30243.75,30252.25,30243.5,30250.25,222
2026-08-17 00:25:00-04:00,30241.0,30246.25,30240.5,30244.25,170
2026-08-17 00:30:00-04:00,30236.5,30241.0,30233.25,30241.0,292
2026-08-17 00:35:00-04:00,30238.75,30239.75,30235.0,30236.75,105
2026-08-17 00:40:00-04:00,30243.5,30244.75,30239.0,30239.5,189
2026-08-17 00:45:00-04:00,30240.0,30248.5,30239.75,30244.0,178
2026-08-17 00:50:00-04:00,30235.25,30242.25,30233.0,30240.75,264
2026-08-17 00:55:00-04:00,30234.75,30238.25,30234.0,30235.5,110
2026-08-17 01:00:00-04:00,30241.5,30245.5,30234.5,30234.5,257
2026-08-17 01:05:00-04:00,30247.0,30247.0,30237.25,30241.5,144
2026-08-17 01:10:00-04:00,30241.25,30246.5,30238.5,30246.0,146
2026-08-17 01:15:00-04:00,30244.0,30246.75,30241.5,30243.0,111
2026-08-17 01:20:00-04:00,30236.25,30245.5,30236.0,30243.75,145
2026-08-17 01:25:00-04:00,30243.75,30244.5,30230.5,30235.25,191
2026-08-17 01:30:00-04:00,30257.25,30258.5,30237.25,30244.5,656
2026-08-17 01:35:00-04:00,30258.5,30258.5,30249.75,30256.0,180
2026-08-17 01:40:00-04:00,30263.0,30263.0,30257.75,30258.75,240
2026-08-17 01:45:00-04:00,30272.25,30274.0,30261.25,30263.0,257
2026-08-17 01:50:00-04:00,30270.25,30273.5,30266.0,30271.25,286
2026-08-17 01:55:00-04:00,30272.0,30274.0,30268.0,30269.5,169
2026-08-17 02:00:00-04:00,30290.5,30292.0,30266.75,30273.25,1112
2026-08-17 02:05:00-04:00,30290.25,30295.0,30289.25,30291.0,542
2026-08-17 02:10:00-04:00,30287.5,30291.75,30285.5,30290.5,249
2026-08-17 02:15:00-04:00,30276.75,30287.75,30272.0,30287.75,414
2026-08-17 02:20:00-04:00,30286.5,30287.75,30272.75,30277.0,372
2026-08-17 02:25:00-04:00,30296.75,30299.0,30285.0,30286.0,583
2026-08-17 02:30:00-04:00,30306.5,30310.25,30294.0,30297.25,1399
2026-08-17 02:35:00-04:00,30322.0,30323.25,30307.25,30307.25,742
2026-08-17 02:40:00-04:00,30314.5,30327.0,30311.5,30322.25,666
2026-08-17 02:45:00-04:00,30324.25,30325.5,30311.0,30315.0,310
2026-08-17 02:50:00-04:00,30316.25,30326.0,30316.25,30325.25,104
2026-08-17 02:55:00-04:00,30324.5,30325.0,30314.5,30317.0,175
2026-08-17 03:00:00-04:00,30311.25,30331.5,30306.0,30324.75,895
2026-08-17 03:05:00-04:00,30301.0,30313.0,30298.5,30311.25,522
2026-08-17 03:10:00-04:00,30275.0,30301.5,30273.25,30301.25,664
2026-08-17 03:15:00-04:00,30267.0,30276.75,30261.0,30276.0,792
2026-08-17 03:20:00-04:00,30271.0,30274.5,30264.5,30270.0,366
2026-08-17 03:25:00-04:00,30279.75,30280.5,30263.0,30269.25,464
2026-08-17 03:30:00-04:00,30297.0,30300.0,30276.75,30279.75,593
2026-08-17 03:35:00-04:00,30318.25,30322.0,30296.5,30297.0,675
2026-08-17 03:40:00-04:00,30318.25,30324.25,30316.0,30318.25,351
2026-08-17 03:45:00-04:00,30313.75,30322.5,30312.75,30317.75,301
2026-08-17 03:50:00-04:00,30310.0,30318.75,30307.5,30314.0,388
2026-08-17 03:55:00-04:00,30313.0,30314.0,30306.75,30309.25,421
2026-08-17 04:00:00-04:00,30313.75,30318.0,30297.0,30312.0,670
2026-08-17 04:05:00-04:00,30319.0,30320.0,30300.5,30314.25,574
2026-08-17 04:10:00-04:00,30307.25,30328.0,30304.5,30320.0,512
2026-08-17 04:15:00-04:00,30303.75,30319.5,30303.0,30307.25,243
2026-08-17 04:20:00-04:00,30314.75,30317.5,30303.5,30304.75,226
2026-08-17 04:25:00-04:00,30315.25,30319.25,30310.5,30315.0,219
2026-08-17 04:30:00-04:00,30308.5,30319.0,30308.5,30314.0,258
2026-08-17 04:35:00-04:00,30306.0,30318.0,30305.0,30309.0,248
2026-08-17 04:40:00-04:00,30288.25,30306.25,30287.5,30306.25,399
2026-08-17 04:45:00-04:00,30295.0,30297.25,30287.5,30288.25,177
2026-08-17 04:50:00-04:00,30293.75,30296.5,30283.75,30294.0,283
2026-08-17 04:55:00-04:00,30298.25,30305.25,30290.25,30293.0,319
2026-08-17 05:00:00-04:00,30292.0,30301.5,30288.0,30298.25,318
2026-08-17 05:05:00-04:00,30295.0,30295.0,30288.5,30291.0,173
2026-08-17 05:10:00-04:00,30297.0,30298.75,30289.75,30295.75,130
2026-08-17 05:15:00-04:00,30283.0,30297.25,30278.0,30297.25,294
2026-08-17 05:20:00-04:00,30273.75,30285.25,30271.5,30284.25,296
2026-08-17 05:25:00-04:00,30274.5,30276.75,30267.75,30273.5,259
2026-08-17 05:30:00-04:00,30273.75,30280.0,30269.5,30274.25,183
2026-08-17 05:35:00-04:00,30270.25,30283.0,30267.75,30274.75,261
2026-08-17 05:40:00-04:00,30282.75,30283.25,30269.0,30269.75,214
2026-08-17 05:45:00-04:00,30286.0,30291.5,30279.25,30281.75,241
2026-08-17 05:50:00-04:00,30286.25,30288.25,30276.25,30285.25,255
2026-08-17 05:55:00-04:00,30282.0,30289.5,30280.75,30286.0,141
2026-08-17 06:00:00-04:00,30285.25,30285.25,30279.0,30282.0,176
2026-08-17 06:05:00-04:00,30279.75,30293.0,30276.0,30282.75,479
2026-08-17 06:10:00-04:00,30295.5,30296.5,30278.5,30280.25,251
2026-08-17 06:15:00-04:00,30293.0,30303.25,30285.0,30295.5,364
2026-08-17 06:20:00-04:00,30287.0,30294.5,30285.0,30294.0,169
2026-08-17 06:25:00-04:00,30338.0,30343.0,30279.0,30286.75,1280
2026-08-17 06:30:00-04:00,30297.75,30338.5,30294.0,30334.25,931
2026-08-17 06:35:00-04:00,30302.75,30305.0,30292.75,30296.75,429
2026-08-17 06:40:00-04:00,30310.5,30311.25,30298.75,30303.25,226
2026-08-17 06:45:00-04:00,30306.5,30311.5,30305.0,30310.25,183
2026-08-17 06:50:00-04:00,30309.5,30313.25,30306.25,30306.75,241
2026-08-17 06:55:00-04:00,30315.0,30316.5,30308.0,30309.75,238
2026-08-17 07:00:00-04:00,30311.25,30322.0,30296.25,30313.75,863
2026-08-17 07:05:00-04:00,30320.5,30325.0,30310.0,30311.5,690
2026-08-17 07:10:00-04:00,30300.25,30320.25,30298.0,30320.25,420
2026-08-17 07:15:00-04:00,30288.25,30301.0,30286.75,30300.25,530
2026-08-17 07:20:00-04:00,30301.25,30301.75,30287.75,30289.0,414
2026-08-17 07:25:00-04:00,30299.5,30306.75,30294.5,30301.5,327
2026-08-17 07:30:00-04:00,30302.25,30306.0,30295.0,30300.25,269
2026-08-17 07:35:00-04:00,30299.25,30302.25,30292.5,30302.25,313
2026-08-17 07:40:00-04:00,30304.5,30305.75,30295.5,30297.75,240
2026-08-17 07:45:00-04:00,30309.0,30310.0,30304.0,30304.25,267
2026-08-17 07:50:00-04:00,30295.5,30308.25,30291.25,30308.25,410
2026-08-17 07:55:00-04:00,30286.75,30298.75,30286.0,30294.25,418
2026-08-17 08:00:00-04:00,30249.5,30288.75,30249.5,30286.75,1118
2026-08-17 08:05:00-04:00,30271.25,30272.0,30246.75,30249.75,913
2026-08-17 08:10:00-04:00,30278.25,30283.0,30266.25,30271.25,687
2026-08-17 08:15:00-04:00,30275.75,30280.75,30269.25,30278.5,442
2026-08-17 08:20:00-04:00,30272.0,30281.0,30270.5,30276.25,388
2026-08-17 08:25:00-04:00,30236.0,30277.75,30220.75,30272.25,2403
2026-08-17 08:30:00-04:00,30229.5,30250.5,30221.25,30238.25,1149
2026-08-17 08:35:00-04:00,30195.75,30232.25,30194.0,30230.0,1375
2026-08-17 08:40:00-04:00,30189.5,30212.75,30182.75,30196.25,1592
2026-08-17 08:45:00-04:00,30193.5,30198.0,30180.0,30189.25,1184
2026-08-17 08:50:00-04:00,30198.0,30210.5,30185.25,30194.25,1125
2026-08-17 08:55:00-04:00,30202.5,30213.0,30192.25,30198.5,955
2026-08-17 09:00:00-04:00,30205.75,30214.5,30199.25,30202.5,975
2026-08-17 09:05:00-04:00,30221.25,30223.0,30206.25,30206.5,1119
2026-08-17 09:10:00-04:00,30218.5,30225.75,30215.25,30220.25,758
2026-08-17 09:15:00-04:00,30211.0,30219.75,30210.75,30219.5,909
2026-08-17 09:20:00-04:00,30209.75,30213.5,30205.25,30211.25,1723
2026-08-17 09:25:00-04:00,30219.5,30238.0,30208.0,30210.0,3506
2026-08-17 09:30:00-04:00,30196.5,30266.0,30191.0,30218.5,16723
2026-08-17 09:35:00-04:00,30178.5,30239.25,30165.5,30197.25,10959
2026-08-17 09:40:00-04:00,30196.5,30230.5,30167.5,30179.0,8438
2026-08-17 09:45:00-04:00,30226.25,30229.0,30174.25,30196.5,7238
2026-08-17 09:50:00-04:00,30249.0,30254.25,30210.75,30226.75,7074
2026-08-17 09:55:00-04:00,30235.0,30251.25,30215.0,30249.5,5583
2026-08-17 10:00:00-04:00,30206.75,30243.25,30186.25,30234.75,8269
2026-08-17 10:05:00-04:00,30196.5,30214.0,30161.0,30207.5,7166
2026-08-17 10:10:00-04:00,30224.25,30226.25,30192.0,30196.75,6049
2026-08-17 10:15:00-04:00,30181.0,30226.0,30174.75,30224.75,5520
2026-08-17 10:20:00-04:00,30176.75,30185.0,30155.25,30181.25,5144
2026-08-17 10:25:00-04:00,30197.75,30198.75,30165.75,30176.25,4762
2026-08-17 10:30:00-04:00,30203.75,30207.0,30186.0,30198.0,3580
2026-08-17 10:35:00-04:00,30194.25,30206.5,30186.5,30204.0,2986
2026-08-17 10:40:00-04:00,30204.25,30217.25,30192.5,30194.5,3447
2026-08-17 10:45:00-04:00,30215.75,30223.25,30199.25,30205.0,3452
2026-08-17 10:50:00-04:00,30209.5,30231.5,30203.0,30216.0,4177
2026-08-17 10:55:00-04:00,30244.0,30246.0,30208.5,30209.75,4038
2026-08-17 11:00:00-04:00,30269.5,30277.0,30233.25,30244.0,6153
2026-08-17 11:05:00-04:00,30259.25,30287.5,30257.25,30269.0,5884
2026-08-17 11:10:00-04:00,30257.75,30276.75,30255.75,30259.0,3546
2026-08-17 11:15:00-04:00,30271.75,30276.25,30255.0,30258.0,3517
2026-08-17 11:20:00-04:00,30269.75,30278.0,30265.0,30271.75,3112
2026-08-17 11:25:00-04:00,30269.0,30277.5,30255.5,30269.75,3032
2026-08-17 11:30:00-04:00,30243.75,30273.5,30241.75,30269.75,4047
2026-08-17 11:35:00-04:00,30224.5,30252.25,30222.75,30244.25,4820
2026-08-17 11:40:00-04:00,30227.5,30233.0,30207.75,30223.5,5619
2026-08-17 11:45:00-04:00,30218.5,30233.25,30214.0,30227.0,2653
2026-08-17 11:50:00-04:00,30242.75,30249.75,30214.75,30218.5,3678
2026-08-17 11:55:00-04:00,30239.5,30247.0,30238.25,30242.75,1964
2026-08-17 12:00:00-04:00,30217.75,30243.25,30216.0,30239.75,2892
2026-08-17 12:05:00-04:00,30208.0,30221.75,30200.5,30216.75,3285
2026-08-17 12:10:00-04:00,30204.0,30216.0,30200.0,30207.25,2443
2026-08-17 12:15:00-04:00,30212.5,30218.0,30200.25,30204.0,2032
2026-08-17 12:20:00-04:00,30199.0,30217.5,30197.0,30212.75,2071
2026-08-17 12:25:00-04:00,30207.25,30210.5,30196.5,30198.75,2128
2026-08-17 12:30:00-04:00,30197.25,30212.75,30193.25,30207.5,2275
2026-08-17 12:35:00-04:00,30201.0,30202.5,30192.75,30197.5,1685
2026-08-17 12:40:00-04:00,30183.5,30202.0,30182.0,30201.75,2333
2026-08-17 12:45:00-04:00,30189.75,30191.25,30178.5,30183.5,2419
2026-08-17 12:50:00-04:00,30190.0,30192.5,30175.25,30189.25,2012
2026-08-17 12:55:00-04:00,30183.5,30192.75,30177.5,30190.0,1654
2026-08-17 13:00:00-04:00,30173.5,30187.25,30171.75,30183.5,2031
2026-08-17 13:05:00-04:00,30161.0,30174.25,30154.0,30173.5,3852
2026-08-17 13:10:00-04:00,30129.75,30164.0,30128.25,30161.25,4400
2026-08-17 13:15:00-04:00,30129.25,30143.75,30114.0,30129.5,6145
2026-08-17 13:20:00-04:00,30109.0,30129.5,30095.25,30129.0,6081
2026-08-17 13:25:00-04:00,30096.75,30116.0,30092.5,30109.0,4321
2026-08-17 13:30:00-04:00,30094.25,30113.5,30090.5,30097.0,4690
2026-08-17 13:35:00-04:00,30092.0,30116.75,30091.0,30094.5,3334
2026-08-17 13:40:00-04:00,30123.0,30128.0,30086.5,30092.25,4200
2026-08-17 13:45:00-04:00,30111.0,30127.25,30108.5,30123.0,2161
2026-08-17 13:50:00-04:00,30112.0,30117.25,30105.75,30111.25,1795
2026-08-17 13:55:00-04:00,30102.25,30113.5,30097.0,30112.0,2194
2026-08-17 14:00:00-04:00,30093.25,30114.0,30089.75,30102.0,3470
2026-08-17 14:05:00-04:00,30087.25,30097.0,30079.25,30093.0,3351
2026-08-17 14:10:00-04:00,30100.25,30107.75,30084.0,30087.25,2407
2026-08-17 14:15:00-04:00,30097.75,30105.0,30092.5,30100.25,2117
2026-08-17 14:20:00-04:00,30106.75,30107.75,30089.5,30097.5,2462
2026-08-17 14:25:00-04:00,30103.0,30113.75,30095.0,30106.25,2580
2026-08-17 14:30:00-04:00,30100.75,30109.25,30092.5,30103.75,2226
2026-08-17 14:35:00-04:00,30107.0,30110.0,30101.0,30101.0,1389
2026-08-17 14:40:00-04:00,30117.25,30120.0,30103.75,30107.0,1863
2026-08-17 14:45:00-04:00,30123.5,30125.0,30115.5,30117.75,1722
2026-08-17 14:50:00-04:00,30122.0,30136.5,30120.0,30123.0,2505
2026-08-17 14:55:00-04:00,30122.25,30125.0,30116.5,30122.75,1768
2026-08-17 15:00:00-04:00,30107.5,30124.75,30106.25,30122.5,2229
2026-08-17 15:05:00-04:00,30102.5,30115.0,30098.25,30106.5,2130
2026-08-17 15:10:00-04:00,30084.75,30104.25,30083.25,30101.75,2209
2026-08-17 15:15:00-04:00,30091.5,30107.25,30082.25,30084.75,3278
2026-08-17 15:20:00-04:00,30096.0,30098.25,30082.75,30092.25,2320
2026-08-17 15:25:00-04:00,30093.5,30114.0,30092.5,30096.75,2910
2026-08-17 15:30:00-04:00,30097.25,30105.5,30088.75,30093.75,3082
2026-08-17 15:35:00-04:00,30105.75,30106.0,30094.25,30097.5,2065
2026-08-17 15:40:00-04:00,30102.25,30111.75,30096.5,30105.25,2722
2026-08-17 15:45:00-04:00,30119.75,30119.75,30102.75,30102.75,2534
2026-08-17 15:50:00-04:00,30093.5,30123.0,30089.0,30119.75,5150
2026-08-17 15:55:00-04:00,30090.5,30105.0,30066.5,30094.0,11725
2026-08-17 16:00:00-04:00,30080.25,30098.0,30078.0,30091.0,4553
2026-08-17 16:05:00-04:00,30080.5,30082.0,30070.25,30079.75,1948
2026-08-17 16:10:00-04:00,30078.25,30085.0,30076.75,30081.25,927
2026-08-17 16:15:00-04:00,30080.75,30081.25,30068.5,30078.25,762
2026-08-17 16:20:00-04:00,30077.75,30082.25,30077.5,30081.25,171
2026-08-17 16:25:00-04:00,30078.5,30079.75,30075.0,30077.25,349
2026-08-17 16:30:00-04:00,30073.25,30080.0,30071.0,30077.75,419
2026-08-17 16:35:00-04:00,30065.0,30073.75,30059.0,30073.25,531
2026-08-17 16:40:00-04:00,30064.75,30075.5,30063.5,30065.5,473
2026-08-17 16:45:00-04:00,30058.75,30066.0,30054.5,30063.75,559
2026-08-17 16:50:00-04:00,30073.75,30073.75,30056.5,30059.25,341
2026-08-17 16:55:00-04:00,30078.25,30079.75,30067.75,30074.0,534
2026-08-17 18:00:00-04:00,30082.5,30091.75,30072.0,30077.0,0
2026-08-17 18:05:00-04:00,30085.0,30088.0,30071.25,30083.0,431
2026-08-17 18:10:00-04:00,30073.5,30085.75,30070.25,30085.75,334
2026-08-17 18:15:00-04:00,30078.75,30080.25,30062.25,30073.0,635
2026-08-17 18:20:00-04:00,30080.75,30084.75,30071.5,30079.75,338
2026-08-17 18:25:00-04:00,30076.0,30083.5,30076.0,30082.25,160
2026-08-17 18:30:00-04:00,30069.25,30076.75,30068.0,30075.0,222
2026-08-17 18:35:00-04:00,30069.0,30073.75,30068.0,30070.75,113
2026-08-17 18:40:00-04:00,30070.75,30075.5,30067.0,30068.5,178
2026-08-17 18:45:00-04:00,30075.5,30076.75,30070.75,30071.75,147
2026-08-17 18:50:00-04:00,30079.25,30080.0,30072.25,30074.5,214
2026-08-17 18:55:00-04:00,30079.75,30083.5,30076.75,30079.5,201
2026-08-17 19:00:00-04:00,30072.25,30080.25,30070.0,30079.25,266
2026-08-17 19:05:00-04:00,30083.75,30087.25,30072.25,30073.5,246
2026-08-17 19:10:00-04:00,30081.25,30087.0,30080.25,30084.0,127
2026-08-17 19:15:00-04:00,30081.0,30088.75,30071.75,30082.0,310
2026-08-17 19:20:00-04:00,30080.25,30083.0,30077.0,30082.75,115
2026-08-17 19:25:00-04:00,30084.0,30087.5,30077.0,30079.25,228
2026-08-17 19:30:00-04:00,30094.0,30103.0,30082.75,30083.0,704
2026-08-17 19:35:00-04:00,30099.25,30100.5,30092.75,30093.75,159
2026-08-17 19:40:00-04:00,30096.75,30099.25,30093.5,30099.25,107
2026-08-17 19:45:00-04:00,30086.5,30100.0,30080.5,30095.75,790
2026-08-17 19:50:00-04:00,30098.25,30098.75,30083.5,30086.0,345
2026-08-17 19:55:00-04:00,30094.5,30100.75,30093.5,30097.0,243
2026-08-17 20:00:00-04:00,30098.25,30104.0,30083.75,30094.25,903
2026-08-17 20:05:00-04:00,30095.25,30102.5,30093.0,30098.25,289
2026-08-17 20:10:00-04:00,30100.0,30102.0,30090.0,30095.75,289
2026-08-17 20:15:00-04:00,30109.5,30113.0,30091.5,30101.0,559
2026-08-17 20:20:00-04:00,30108.75,30114.75,30106.75,30108.25,531
2026-08-17 20:25:00-04:00,30100.0,30110.5,30098.25,30108.25,368
2026-08-17 20:30:00-04:00,30109.75,30110.0,30097.75,30101.0,297
2026-08-17 20:35:00-04:00,30109.5,30113.25,30106.0,30109.25,296
2026-08-17 20:40:00-04:00,30112.0,30113.0,30100.5,30108.75,285
2026-08-17 20:45:00-04:00,30111.75,30113.5,30107.25,30112.0,313
2026-08-17 20:50:00-04:00,30104.0,30121.25,30100.75,30112.25,639
2026-08-17 20:55:00-04:00,30098.0,30107.25,30095.0,30104.0,469
2026-08-17 21:00:00-04:00,30094.25,30103.25,30093.0,30099.25,427
2026-08-17 21:05:00-04:00,30095.75,30104.0,30090.0,30093.25,406
2026-08-17 21:10:00-04:00,30109.25,30110.0,30094.75,30095.0,397
2026-08-17 21:15:00-04:00,30094.75,30109.75,30090.25,30109.5,463
2026-08-17 21:20:00-04:00,30102.5,30102.75,30086.75,30095.5,388
2026-08-17 21:25:00-04:00,30087.5,30102.25,30075.0,30102.25,682
2026-08-17 21:30:00-04:00,30078.75,30090.5,30068.75,30086.25,958
2026-08-17 21:35:00-04:00,30074.0,30089.75,30073.75,30078.5,565
2026-08-17 21:40:00-04:00,30049.75,30074.25,30037.0,30073.5,1417
2026-08-17 21:45:00-04:00,30021.5,30055.5,30016.75,30049.0,1871
2026-08-17 21:50:00-04:00,29992.0,30021.5,29968.25,30021.25,3409
2026-08-17 21:55:00-04:00,30012.5,30012.75,29986.0,29993.25,1231
2026-08-17 22:00:00-04:00,30012.75,30022.0,30007.0,30012.0,1132
2026-08-17 22:05:00-04:00,30004.0,30012.75,29991.5,30012.0,914
2026-08-17 22:10:00-04:00,29966.25,30007.5,29963.0,30004.25,997
2026-08-17 22:15:00-04:00,29955.75,29971.0,29930.5,29965.25,2318
2026-08-17 22:20:00-04:00,29937.5,29967.75,29932.5,29955.75,935
2026-08-17 22:25:00-04:00,29931.0,29940.5,29923.25,29937.75,954
2026-08-17 22:30:00-04:00,29928.75,29937.75,29918.75,29932.5,1116
2026-08-17 22:35:00-04:00,29949.5,29959.75,29926.5,29929.0,759
2026-08-17 22:40:00-04:00,29909.5,29957.0,29906.75,29950.0,1664
2026-08-17 22:45:00-04:00,29916.0,29917.5,29880.25,29909.75,2522
2026-08-17 22:50:00-04:00,29899.5,29920.75,29899.25,29916.75,780
2026-08-17 22:55:00-04:00,29908.25,29912.0,29887.25,29899.25,1079
2026-08-17 23:00:00-04:00,29908.5,29915.5,29906.25,29909.0,397
2026-08-17 23:05:00-04:00,29902.0,29915.25,29899.25,29909.75,525
2026-08-17 23:10:00-04:00,29895.0,29904.0,29888.75,29901.75,562
2026-08-17 23:15:00-04:00,29881.25,29897.25,29874.25,29894.5,1204
2026-08-17 23:20:00-04:00,29868.25,29886.75,29859.25,29879.25,1073
2026-08-17 23:25:00-04:00,29879.25,29885.75,29865.0,29867.0,684
2026-08-17 23:30:00-04:00,29863.0,29879.0,29853.0,29879.0,1129
2026-08-17 23:35:00-04:00,29888.25,29894.25,29858.25,29862.5,1012
2026-08-17 23:40:00-04:00,29895.5,29897.5,29885.25,29887.5,650
2026-08-17 23:45:00-04:00,29884.75,29905.75,29883.75,29893.75,861
2026-08-17 23:50:00-04:00,29903.75,29909.75,29881.25,29884.5,720
2026-08-17 23:55:00-04:00,29900.0,29905.0,29885.5,29902.75,450
2026-08-18 00:05:00-04:00,29895.25,29897.0,29888.75,29888.75,1590
2026-08-18 00:10:00-04:00,29897.75,29898.5,29890.0,29895.5,290
2026-08-18 00:15:00-04:00,29900.75,29905.75,29893.0,29898.25,439
2026-08-18 00:20:00-04:00,29884.5,29901.25,29882.5,29900.0,553
2026-08-18 00:25:00-04:00,29911.0,29920.25,29879.25,29883.75,1034
2026-08-18 00:30:00-04:00,29910.25,29918.75,29903.0,29912.25,664
2026-08-18 00:35:00-04:00,29895.0,29921.0,29891.0,29911.0,709
2026-08-18 00:40:00-04:00,29900.5,29903.5,29893.75,29896.25,234
2026-08-18 00:45:00-04:00,29911.25,29911.75,29895.75,29899.0,571
2026-08-18 00:50:00-04:00,29922.0,29925.5,29910.25,29911.25,378
2026-08-18 00:55:00-04:00,29918.0,29927.25,29915.5,29921.5,269
2026-08-18 01:00:00-04:00,29887.75,29918.5,29881.25,29917.75,1196
2026-08-18 01:05:00-04:00,29897.25,29905.75,29885.5,29888.5,341
2026-08-18 01:10:00-04:00,29879.25,29897.0,29876.0,29897.0,605
2026-08-18 01:15:00-04:00,29881.0,29884.25,29875.5,29878.75,290
2026-08-18 01:20:00-04:00,29879.25,29886.0,29874.25,29881.75,308
2026-08-18 01:25:00-04:00,29876.0,29888.0,29873.25,29878.75,309
2026-08-18 01:30:00-04:00,29867.0,29877.0,29863.5,29876.5,701
2026-08-18 01:35:00-04:00,29868.5,29875.5,29862.25,29866.75,435
2026-08-18 01:40:00-04:00,29866.0,29871.0,29862.25,29867.25,269
2026-08-18 01:45:00-04:00,29876.0,29877.75,29863.0,29865.25,239
2026-08-18 01:50:00-04:00,29861.0,29880.75,29860.25,29877.75,542
2026-08-18 01:55:00-04:00,29842.0,29869.25,29835.25,29861.75,1112
2026-08-18 02:00:00-04:00,29806.0,29841.75,29799.25,29841.5,2131
2026-08-18 02:05:00-04:00,29806.0,29812.0,29786.0,29806.5,1209
2026-08-18 02:10:00-04:00,29836.25,29846.5,29805.75,29806.0,1309
2026-08-18 02:15:00-04:00,29836.25,29841.0,29820.5,29835.0,755
2026-08-18 02:20:00-04:00,29852.25,29860.0,29836.75,29837.25,902
2026-08-18 02:25:00-04:00,29860.0,29866.5,29845.25,29851.25,508
2026-08-18 02:30:00-04:00,29864.0,29872.25,29852.75,29859.5,560
2026-08-18 02:35:00-04:00,29873.25,29876.5,29858.75,29865.5,411
2026-08-18 02:40:00-04:00,29865.5,29874.25,29862.0,29874.25,174
2026-08-18 02:45:00-04:00,29872.75,29877.5,29862.75,29866.25,362
2026-08-18 02:50:00-04:00,29868.5,29877.75,29867.0,29872.75,294
2026-08-18 02:55:00-04:00,29893.0,29896.0,29869.0,29869.0,563
2026-08-18 03:00:00-04:00,29880.0,29894.75,29874.75,29892.0,675
2026-08-18 03:05:00-04:00,29878.5,29896.5,29872.0,29881.5,520
2026-08-18 03:10:00-04:00,29863.0,29879.0,29861.25,29876.75,558
2026-08-18 03:15:00-04:00,29862.5,29871.75,29852.75,29862.75,535
2026-08-18 03:20:00-04:00,29860.25,29870.75,29857.0,29862.25,289
2026-08-18 03:25:00-04:00,29847.25,29864.25,29845.5,29860.75,356
2026-08-18 03:30:00-04:00,29825.75,29854.75,29824.0,29848.0,613
2026-08-18 03:35:00-04:00,29843.5,29846.0,29822.0,29824.75,712
2026-08-18 03:40:00-04:00,29825.25,29849.25,29824.5,29844.25,373
2026-08-18 03:45:00-04:00,29832.0,29834.25,29822.75,29825.25,497
2026-08-18 03:50:00-04:00,29824.25,29841.0,29815.75,29833.25,490
2026-08-18 03:55:00-04:00,29810.75,29827.0,29808.0,29823.75,578
2026-08-18 04:00:00-04:00,29763.5,29814.25,29762.0,29811.0,2272
2026-08-18 04:05:00-04:00,29758.0,29766.25,29736.5,29761.5,1911
2026-08-18 04:10:00-04:00,29766.75,29780.5,29740.0,29758.5,1574
2026-08-18 04:15:00-04:00,29767.5,29786.25,29767.25,29767.75,800
2026-08-18 04:20:00-04:00,29740.5,29772.75,29735.75,29769.0,752
2026-08-18 04:25:00-04:00,29759.75,29765.25,29735.75,29741.0,746
2026-08-18 04:30:00-04:00,29778.0,29781.0,29748.25,29759.5,579
2026-08-18 04:35:00-04:00,29784.5,29792.25,29774.5,29778.25,586
2026-08-18 04:40:00-04:00,29780.5,29789.25,29769.75,29785.0,527
2026-08-18 04:45:00-04:00,29746.0,29782.5,29745.5,29782.0,564
2026-08-18 04:50:00-04:00,29755.5,29764.25,29742.5,29745.75,620
2026-08-18 04:55:00-04:00,29765.5,29772.25,29747.25,29756.25,607
2026-08-18 05:00:00-04:00,29763.75,29778.0,29744.5,29765.0,910
2026-08-18 05:05:00-04:00,29752.0,29762.75,29743.75,29762.75,566
2026-08-18 05:10:00-04:00,29764.5,29775.0,29751.5,29752.0,459
2026-08-18 05:15:00-04:00,29739.0,29770.75,29735.0,29764.25,773
2026-08-18 05:20:00-04:00,29727.25,29746.75,29727.25,29739.5,555
2026-08-18 05:25:00-04:00,29735.0,29749.0,29723.5,29728.5,552
2026-08-18 05:30:00-04:00,29732.5,29742.0,29718.0,29736.5,1114
2026-08-18 05:35:00-04:00,29727.25,29741.0,29723.25,29733.0,536
2026-08-18 05:40:00-04:00,29712.75,29727.5,29698.25,29726.5,936
2026-08-18 05:45:00-04:00,29699.0,29723.0,29695.0,29711.75,1029
2026-08-18 05:50:00-04:00,29714.0,29714.0,29687.25,29699.75,885
2026-08-18 05:55:00-04:00,29733.0,29737.0,29713.5,29713.5,881
2026-08-18 06:00:00-04:00,29733.25,29743.75,29715.75,29732.25,779
2026-08-18 06:05:00-04:00,29737.25,29739.0,29724.0,29732.0,465
2026-08-18 06:10:00-04:00,29722.0,29739.0,29717.75,29737.25,338
2026-08-18 06:15:00-04:00,29713.0,29742.25,29712.0,29722.25,629
2026-08-18 06:20:00-04:00,29708.0,29718.0,29706.0,29713.75,508
2026-08-18 06:25:00-04:00,29727.5,29729.0,29703.75,29708.0,389
2026-08-18 06:30:00-04:00,29737.5,29744.75,29722.5,29726.75,625
2026-08-18 06:35:00-04:00,29733.25,29746.0,29732.5,29737.0,334
2026-08-18 06:40:00-04:00,29728.5,29735.75,29720.5,29733.0,424
2026-08-18 06:45:00-04:00,29750.0,29751.75,29721.0,29727.75,497
2026-08-18 06:50:00-04:00,29748.5,29752.75,29744.0,29749.75,300
2026-08-18 06:55:00-04:00,29739.0,29750.75,29737.0,29748.75,272
2026-08-18 07:00:00-04:00,29761.25,29765.0,29730.25,29739.0,1389
2026-08-18 07:05:00-04:00,29757.0,29767.25,29755.5,29760.5,605
2026-08-18 07:10:00-04:00,29768.0,29772.75,29757.0,29757.25,631
2026-08-18 07:15:00-04:00,29771.25,29773.5,29763.0,29767.25,430
2026-08-18 07:20:00-04:00,29756.75,29773.75,29753.25,29770.25,561
2026-08-18 07:25:00-04:00,29756.75,29769.5,29753.5,29755.5,439
2026-08-18 07:30:00-04:00,29742.75,29758.0,29739.0,29758.0,730
2026-08-18 07:35:00-04:00,29730.5,29750.75,29730.0,29743.0,541
2026-08-18 07:40:00-04:00,29756.25,29760.5,29727.0,29731.25,708
2026-08-18 07:45:00-04:00,29768.75,29775.75,29755.5,29756.0,727
2026-08-18 07:50:00-04:00,29750.25,29773.5,29745.5,29768.75,590
2026-08-18 07:55:00-04:00,29747.25,29763.25,29747.25,29750.5,316
2026-08-18 08:00:00-04:00,29780.25,29782.25,29742.5,29748.5,687
2026-08-18 08:05:00-04:00,29746.0,29786.0,29743.25,29781.5,1000
2026-08-18 08:10:00-04:00,29733.5,29748.25,29726.25,29746.0,1378
2026-08-18 08:15:00-04:00,29733.0,29740.25,29726.0,29734.0,670
2026-08-18 08:20:00-04:00,29728.5,29760.0,29723.75,29733.25,1664
2026-08-18 08:25:00-04:00,29714.5,29729.5,29711.5,29729.25,1275
2026-08-18 08:30:00-04:00,29708.5,29723.0,29696.5,29714.25,1184
2026-08-18 08:35:00-04:00,29696.0,29710.75,29685.25,29707.75,1184
2026-08-18 08:40:00-04:00,29688.75,29697.5,29687.0,29696.0,522
2026-08-18 08:45:00-04:00,29709.5,29709.75,29680.5,29688.25,1140
2026-08-18 08:50:00-04:00,29707.75,29721.25,29706.0,29709.25,1322
2026-08-18 08:55:00-04:00,29713.0,29717.0,29706.25,29708.0,526
2026-08-18 09:00:00-04:00,29701.5,29726.5,29701.5,29713.0,1621
2026-08-18 09:05:00-04:00,29693.5,29709.5,29692.75,29702.0,1084
2026-08-18 09:10:00-04:00,29696.25,29703.5,29691.0,29693.75,948
2026-08-18 09:15:00-04:00,29699.5,29703.5,29690.75,29695.75,830
2026-08-18 09:20:00-04:00,29689.75,29708.5,29684.5,29699.5,1334
2026-08-18 09:25:00-04:00,29690.25,29701.0,29678.0,29690.0,4236
2026-08-18 09:30:00-04:00,29686.25,29755.25,29631.25,29690.75,24756
2026-08-18 09:35:00-04:00,29733.5,29741.75,29673.25,29685.25,15096
2026-08-18 09:40:00-04:00,29687.5,29769.75,29685.5,29734.25,11228
2026-08-18 09:45:00-04:00,29657.25,29700.5,29645.0,29687.25,11079
2026-08-18 09:50:00-04:00,29636.75,29683.75,29633.0,29657.0,8680
2026-08-18 09:55:00-04:00,29646.25,29665.25,29604.75,29637.5,10461
2026-08-18 10:00:00-04:00,29673.75,29705.75,29621.25,29647.5,11055
2026-08-18 10:05:00-04:00,29618.25,29679.5,29617.0,29674.25,8737
2026-08-18 10:10:00-04:00,29587.25,29621.25,29568.5,29618.0,11464
2026-08-18 10:15:00-04:00,29619.0,29636.0,29578.0,29587.0,9213
2026-08-18 10:20:00-04:00,29641.5,29661.5,29593.25,29619.75,9073
2026-08-18 10:25:00-04:00,29669.25,29684.75,29637.0,29641.5,7656
2026-08-18 10:30:00-04:00,29651.0,29691.25,29649.0,29668.75,7427
2026-08-18 10:35:00-04:00,29665.25,29684.75,29649.25,29651.25,6622
2026-08-18 10:40:00-04:00,29614.0,29673.0,29612.5,29666.0,6176
2026-08-18 10:45:00-04:00,29604.75,29625.0,29595.75,29614.0,5599
2026-08-18 10:50:00-04:00,29558.5,29620.0,29557.0,29604.75,10330
2026-08-18 10:55:00-04:00,29547.75,29567.0,29536.25,29557.75,7776
2026-08-18 11:00:00-04:00,29561.25,29569.0,29526.0,29547.5,10356
2026-08-18 11:05:00-04:00,29530.75,29571.0,29527.0,29561.25,6317
2026-08-18 11:10:00-04:00,29547.0,29547.0,29514.0,29530.25,6064
2026-08-18 11:15:00-04:00,29536.0,29560.75,29534.0,29546.25,4669
2026-08-18 11:20:00-04:00,29567.75,29577.0,29532.0,29535.75,5620
2026-08-18 11:25:00-04:00,29591.25,29600.0,29564.75,29568.25,5902
2026-08-18 11:30:00-04:00,29591.5,29610.0,29582.0,29591.0,5789
2026-08-18 11:35:00-04:00,29572.0,29592.5,29567.0,29592.25,3782
2026-08-18 11:40:00-04:00,29598.0,29606.75,29566.5,29571.75,4149
2026-08-18 11:45:00-04:00,29622.0,29630.0,29598.25,29598.75,4756
2026-08-18 11:50:00-04:00,29634.0,29636.25,29598.75,29622.0,4770
2026-08-18 11:55:00-04:00,29637.0,29641.0,29617.25,29634.25,4091
2026-08-18 12:00:00-04:00,29639.75,29653.75,29632.0,29636.75,4937
2026-08-18 12:05:00-04:00,29635.25,29650.5,29625.0,29638.75,4044
2026-08-18 12:10:00-04:00,29646.0,29663.25,29634.0,29635.5,3638
2026-08-18 12:15:00-04:00,29625.0,29650.25,29621.0,29647.0,3425
2026-08-18 12:20:00-04:00,29644.5,29657.25,29624.25,29626.0,3916
2026-08-18 12:25:00-04:00,29609.75,29645.75,29609.5,29644.75,3691
2026-08-18 12:30:00-04:00,29624.25,29628.75,29603.25,29609.75,3815
2026-08-18 12:35:00-04:00,29633.75,29640.75,29613.25,29624.5,3404
2026-08-18 12:40:00-04:00,29629.5,29650.0,29617.0,29634.0,3544
2026-08-18 12:45:00-04:00,29664.5,29669.25,29618.5,29629.75,4162
2026-08-18 12:50:00-04:00,29668.25,29670.75,29655.25,29665.0,2551
2026-08-18 12:55:00-04:00,29649.75,29668.75,29647.25,29668.5,2465
2026-08-18 13:00:00-04:00,29645.0,29660.75,29633.0,29649.75,3648
2026-08-18 13:05:00-04:00,29635.25,29647.5,29626.25,29645.25,2683
2026-08-18 13:10:00-04:00,29635.25,29641.75,29618.5,29635.25,2338
2026-08-18 13:15:00-04:00,29605.75,29635.75,29605.5,29635.5,2394
2026-08-18 13:20:00-04:00,29600.0,29620.0,29597.25,29605.75,2304
2026-08-18 13:25:00-04:00,29616.0,29618.25,29593.0,29600.25,3363
2026-08-18 13:30:00-04:00,29609.25,29622.0,29605.75,29615.25,2483
2026-08-18 13:35:00-04:00,29610.0,29621.25,29591.5,29608.75,3185
2026-08-18 13:40:00-04:00,29603.5,29616.25,29602.5,29610.0,2427
2026-08-18 13:45:00-04:00,29596.25,29615.0,29594.5,29604.0,1661
2026-08-18 13:50:00-04:00,29593.25,29600.5,29590.75,29595.5,1726
2026-08-18 13:55:00-04:00,29565.75,29594.25,29565.0,29593.5,3541
2026-08-18 14:00:00-04:00,29569.25,29576.75,29561.5,29566.0,3134
2026-08-18 14:05:00-04:00,29555.0,29578.0,29550.5,29569.5,2943
2026-08-18 14:10:00-04:00,29575.25,29579.0,29547.25,29555.5,3322
2026-08-18 14:15:00-04:00,29605.25,29605.75,29571.25,29574.75,4050
2026-08-18 14:20:00-04:00,29600.0,29615.0,29592.5,29605.25,4010
2026-08-18 14:25:00-04:00,29603.25,29603.5,29588.0,29600.25,2260
2026-08-18 14:30:00-04:00,29599.75,29609.0,29587.5,29603.5,2077
2026-08-18 14:35:00-04:00,29605.75,29614.0,29599.75,29599.75,2113
2026-08-18 14:40:00-04:00,29586.0,29607.0,29584.25,29605.25,2585
2026-08-18 14:45:00-04:00,29585.75,29597.75,29583.5,29586.5,2039
2026-08-18 14:50:00-04:00,29571.25,29587.0,29568.5,29585.75,2036
2026-08-18 14:55:00-04:00,29571.25,29580.25,29565.25,29571.0,2570
2026-08-18 15:00:00-04:00,29570.75,29582.5,29564.5,29571.0,2392
2026-08-18 15:05:00-04:00,29581.5,29584.5,29566.0,29571.25,1832
2026-08-18 15:10:00-04:00,29572.25,29586.0,29567.5,29580.75,2202
2026-08-18 15:15:00-04:00,29574.0,29578.25,29564.75,29572.25,2345
2026-08-18 15:20:00-04:00,29595.5,29595.5,29566.25,29574.25,2592
2026-08-18 15:25:00-04:00,29600.0,29606.75,29588.75,29595.25,3520
2026-08-18 15:30:00-04:00,29592.25,29606.0,29589.25,29600.0,3793
2026-08-18 15:35:00-04:00,29594.0,29600.25,29584.25,29591.75,2267
2026-08-18 15:40:00-04:00,29600.25,29605.0,29582.75,29593.75,2946
2026-08-18 15:45:00-04:00,29597.75,29607.0,29588.0,29600.25,3489
2026-08-18 15:50:00-04:00,29569.0,29610.0,29559.25,29597.75,6732
2026-08-18 15:55:00-04:00,29586.5,29601.75,29568.0,29569.5,18754
2026-08-18 16:00:00-04:00,29588.25,29596.75,29576.25,29586.75,4172
2026-08-18 16:05:00-04:00,29575.5,29592.25,29572.25,29588.75,1358
2026-08-18 16:10:00-04:00,29573.25,29580.5,29566.0,29575.5,1297
2026-08-18 16:15:00-04:00,29570.25,29577.5,29566.5,29573.5,686
2026-08-18 16:20:00-04:00,29565.25,29573.5,29561.5,29570.25,491
2026-08-18 16:25:00-04:00,29578.25,29583.0,29564.0,29564.75,600
2026-08-18 16:30:00-04:00,29584.25,29585.0,29574.5,29578.5,368
2026-08-18 16:35:00-04:00,29585.5,29586.0,29581.5,29584.0,285
2026-08-18 16:40:00-04:00,29577.25,29585.25,29577.25,29585.25,302
2026-08-18 16:45:00-04:00,29551.75,29578.5,29551.5,29577.25,1010
2026-08-18 16:50:00-04:00,29557.0,29560.75,29550.25,29552.25,527
2026-08-18 16:55:00-04:00,29559.5,29568.5,29554.75,29556.75,583
2026-08-18 18:00:00-04:00,29568.25,29582.5,29549.0,29566.5,0
2026-08-18 18:05:00-04:00,29576.5,29578.0,29557.25,29568.0,549
2026-08-18 18:10:00-04:00,29574.75,29576.5,29568.75,29575.0,253
2026-08-18 18:15:00-04:00,29583.0,29583.75,29569.5,29574.75,341
2026-08-18 18:20:00-04:00,29577.0,29593.5,29574.5,29582.5,585
2026-08-18 18:25:00-04:00,29546.75,29577.75,29544.75,29577.5,1031
2026-08-18 18:30:00-04:00,29544.75,29552.75,29538.0,29547.5,967
2026-08-18 18:35:00-04:00,29524.25,29546.0,29523.5,29544.0,463
2026-08-18 18:40:00-04:00,29531.75,29534.0,29521.0,29525.25,630
2026-08-18 18:45:00-04:00,29528.0,29534.0,29520.0,29532.5,320
2026-08-18 18:50:00-04:00,29521.0,29536.75,29518.75,29529.0,521
2026-08-18 18:55:00-04:00,29519.5,29525.0,29516.75,29523.25,416
2026-08-18 19:00:00-04:00,29529.5,29532.25,29514.25,29520.0,560
2026-08-18 19:05:00-04:00,29532.0,29547.75,29519.25,29527.0,872
2026-08-18 19:10:00-04:00,29533.25,29534.25,29526.25,29532.0,140
2026-08-18 19:15:00-04:00,29525.25,29536.0,29521.0,29532.5,399
2026-08-18 19:20:00-04:00,29553.0,29567.25,29525.0,29526.25,973
2026-08-18 19:25:00-04:00,29546.0,29557.0,29543.5,29552.75,426
2026-08-18 19:30:00-04:00,29542.5,29549.75,29536.0,29545.75,298
2026-08-18 19:35:00-04:00,29536.75,29544.25,29523.0,29541.5,542
2026-08-18 19:40:00-04:00,29536.75,29540.75,29531.0,29536.5,457
2026-08-18 19:45:00-04:00,29529.25,29538.5,29524.5,29534.0,444
2026-08-18 19:50:00-04:00,29542.25,29552.75,29526.5,29528.5,801
2026-08-18 19:55:00-04:00,29528.5,29543.0,29527.5,29542.25,467
2026-08-18 20:00:00-04:00,29472.75,29529.25,29442.0,29527.5,4115
2026-08-18 20:05:00-04:00,29476.0,29499.0,29463.0,29472.75,1181
2026-08-18 20:10:00-04:00,29460.25,29480.25,29450.75,29477.75,1093
2026-08-18 20:15:00-04:00,29490.5,29493.25,29450.0,29461.0,1145
2026-08-18 20:20:00-04:00,29504.0,29524.5,29484.5,29491.25,1269
2026-08-18 20:25:00-04:00,29530.75,29530.75,29499.0,29505.5,942
2026-08-18 20:30:00-04:00,29545.25,29556.5,29529.75,29530.75,1463
2026-08-18 20:35:00-04:00,29568.0,29572.75,29543.75,29543.75,870
2026-08-18 20:40:00-04:00,29569.5,29575.75,29559.5,29569.0,586
2026-08-18 20:45:00-04:00,29567.5,29586.0,29565.75,29569.25,1002
2026-08-18 20:50:00-04:00,29553.75,29571.25,29552.75,29568.0,951
2026-08-18 20:55:00-04:00,29539.25,29565.25,29533.75,29556.25,1196
2026-08-18 21:00:00-04:00,29573.0,29574.75,29530.25,29538.25,1477
2026-08-18 21:05:00-04:00,29595.0,29598.25,29570.5,29573.0,1794
2026-08-18 21:10:00-04:00,29586.5,29596.5,29581.25,29594.5,1026
2026-08-18 21:15:00-04:00,29602.75,29602.75,29568.5,29586.0,1245
2026-08-18 21:20:00-04:00,29588.75,29609.5,29588.75,29603.0,1236
2026-08-18 21:25:00-04:00,29602.0,29608.0,29579.25,29590.0,713
2026-08-18 21:30:00-04:00,29565.75,29604.5,29563.25,29600.75,952
2026-08-18 21:35:00-04:00,29589.0,29590.5,29564.25,29564.5,777
2026-08-18 21:40:00-04:00,29577.75,29591.25,29564.5,29589.0,581
2026-08-18 21:45:00-04:00,29573.5,29578.0,29563.0,29575.0,466
2026-08-18 21:50:00-04:00,29573.5,29578.0,29567.5,29573.25,357
2026-08-18 21:55:00-04:00,29577.75,29584.25,29566.5,29574.0,594
2026-08-18 22:00:00-04:00,29561.25,29583.25,29561.25,29579.0,398
2026-08-18 22:05:00-04:00,29546.25,29563.75,29543.25,29561.75,731
2026-08-18 22:10:00-04:00,29533.25,29547.75,29526.25,29546.5,873
2026-08-18 22:15:00-04:00,29526.75,29551.5,29521.0,29533.0,999
2026-08-18 22:20:00-04:00,29556.25,29562.5,29525.25,29525.25,861
2026-08-18 22:25:00-04:00,29542.0,29563.25,29540.0,29555.75,547
2026-08-18 22:30:00-04:00,29521.5,29545.0,29518.25,29541.75,587
2026-08-18 22:35:00-04:00,29524.5,29527.0,29516.25,29521.5,468
2026-08-18 22:40:00-04:00,29523.0,29528.75,29514.0,29523.5,372
2026-08-18 22:45:00-04:00,29539.0,29544.0,29518.25,29523.25,700
2026-08-18 22:50:00-04:00,29521.5,29542.0,29518.75,29538.0,407
2026-08-18 22:55:00-04:00,29532.0,29535.0,29519.25,29521.5,225
2026-08-18 23:00:00-04:00,29548.5,29555.0,29531.5,29532.0,457
2026-08-18 23:05:00-04:00,29525.75,29553.75,29520.75,29548.5,580
2026-08-18 23:10:00-04:00,29532.25,29535.0,29520.75,29525.25,336
2026-08-18 23:15:00-04:00,29538.25,29551.5,29532.0,29532.0,578
2026-08-18 23:20:00-04:00,29534.5,29541.0,29519.75,29538.25,538
2026-08-18 23:25:00-04:00,29535.25,29535.5,29526.25,29534.0,223
2026-08-18 23:30:00-04:00,29548.75,29551.0,29528.5,29533.5,500
2026-08-18 23:35:00-04:00,29542.0,29567.0,29535.5,29550.0,904
2026-08-18 23:40:00-04:00,29531.75,29543.5,29529.75,29543.25,319
2026-08-18 23:45:00-04:00,29528.5,29530.0,29516.25,29530.0,455
2026-08-18 23:50:00-04:00,29528.75,29546.0,29527.75,29528.25,423
2026-08-18 23:55:00-04:00,29527.75,29533.75,29525.0,29527.25,173
2026-08-19 00:05:00-04:00,29516.25,29518.25,29514.0,29517.0,0
2026-08-19 00:10:00-04:00,29516.25,29522.25,29505.0,29515.0,508
2026-08-19 00:15:00-04:00,29514.25,29518.75,29507.5,29516.25,309
2026-08-19 00:20:00-04:00,29532.5,29543.5,29513.0,29514.5,644
2026-08-19 00:25:00-04:00,29533.75,29542.25,29530.0,29532.5,303
2026-08-19 00:30:00-04:00,29509.75,29540.5,29500.5,29533.75,616
2026-08-19 00:35:00-04:00,29504.5,29521.5,29504.25,29509.25,297
2026-08-19 00:40:00-04:00,29498.75,29510.5,29498.0,29503.75,527
2026-08-19 00:45:00-04:00,29476.5,29504.0,29472.25,29499.75,623
2026-08-19 00:50:00-04:00,29474.75,29477.25,29463.75,29477.0,687
2026-08-19 00:55:00-04:00,29506.0,29507.25,29465.75,29474.25,694
2026-08-19 01:00:00-04:00,29530.5,29535.0,29499.0,29506.75,998
2026-08-19 01:05:00-04:00,29518.25,29534.5,29505.5,29530.0,443
2026-08-19 01:10:00-04:00,29487.5,29518.5,29482.75,29518.25,526
2026-08-19 01:15:00-04:00,29471.5,29491.75,29466.25,29489.0,528
2026-08-19 01:20:00-04:00,29485.75,29490.75,29467.0,29470.75,533
2026-08-19 01:25:00-04:00,29509.25,29510.0,29479.25,29484.5,410
2026-08-19 01:30:00-04:00,29483.75,29512.25,29483.25,29507.5,304
2026-08-19 01:35:00-04:00,29473.0,29493.0,29466.25,29484.75,446
2026-08-19 01:40:00-04:00,29472.75,29478.0,29459.0,29473.0,714
2026-08-19 01:45:00-04:00,29469.0,29477.0,29460.75,29471.5,339
2026-08-19 01:50:00-04:00,29456.25,29469.0,29453.0,29468.75,385
2026-08-19 01:55:00-04:00,29457.5,29463.25,29446.0,29456.0,826
2026-08-19 02:00:00-04:00,29447.5,29466.0,29444.25,29456.5,656
2026-08-19 02:05:00-04:00,29433.75,29452.5,29431.25,29448.25,931
2026-08-19 02:10:00-04:00,29436.0,29447.75,29430.5,29433.0,612
2026-08-19 02:15:00-04:00,29477.0,29487.0,29435.0,29435.5,897
2026-08-19 02:20:00-04:00,29498.5,29499.25,29477.25,29477.75,658
2026-08-19 02:25:00-04:00,29482.0,29504.75,29472.0,29500.0,603
2026-08-19 02:30:00-04:00,29481.75,29494.5,29472.5,29481.5,285
2026-08-19 02:35:00-04:00,29477.25,29489.75,29475.75,29482.25,252
2026-08-19 02:40:00-04:00,29490.25,29492.0,29460.0,29475.75,693
2026-08-19 02:45:00-04:00,29521.0,29532.25,29491.25,29491.75,1362
2026-08-19 02:50:00-04:00,29541.5,29544.75,29518.5,29521.0,962
2026-08-19 02:55:00-04:00,29559.75,29561.5,29538.75,29542.75,987
2026-08-19 03:00:00-04:00,29531.5,29559.25,29526.0,29558.75,1249
2026-08-19 03:05:00-04:00,29547.75,29551.25,29520.25,29532.0,739
2026-08-19 03:10:00-04:00,29559.0,29563.5,29541.5,29547.75,776
2026-08-19 03:15:00-04:00,29546.0,29561.25,29533.5,29559.0,474
2026-08-19 03:20:00-04:00,29573.75,29575.0,29546.0,29547.25,625
2026-08-19 03:25:00-04:00,29578.25,29578.25,29564.75,29574.5,555
2026-08-19 03:30:00-04:00,29578.25,29589.25,29567.25,29578.5,876
2026-08-19 03:35:00-04:00,29567.5,29587.25,29565.5,29578.0,463
2026-08-19 03:40:00-04:00,29571.0,29574.0,29547.25,29567.75,781
2026-08-19 03:45:00-04:00,29581.75,29589.0,29569.5,29571.5,733
2026-08-19 03:50:00-04:00,29578.75,29585.5,29570.0,29581.5,470
2026-08-19 03:55:00-04:00,29601.25,29606.5,29575.0,29575.5,1148
2026-08-19 04:00:00-04:00,29632.75,29634.5,29593.0,29600.25,1612
2026-08-19 04:05:00-04:00,29629.0,29637.0,29619.5,29632.5,1446
2026-08-19 04:10:00-04:00,29624.75,29640.75,29620.75,29629.0,886
2026-08-19 04:15:00-04:00,29628.75,29633.75,29607.5,29625.0,892
2026-08-19 04:20:00-04:00,29626.0,29639.0,29611.25,29628.75,1409
2026-08-19 04:25:00-04:00,29622.5,29629.5,29610.25,29626.5,624
2026-08-19 04:30:00-04:00,29608.5,29623.0,29600.25,29620.5,679
2026-08-19 04:35:00-04:00,29617.25,29619.75,29607.75,29608.0,349
2026-08-19 04:40:00-04:00,29626.25,29632.0,29613.5,29617.75,597
2026-08-19 04:45:00-04:00,29625.75,29633.25,29624.75,29626.5,384
2026-08-19 04:50:00-04:00,29617.25,29630.0,29610.75,29625.25,530
2026-08-19 04:55:00-04:00,29609.5,29618.5,29607.0,29617.75,468
2026-08-19 05:00:00-04:00,29625.5,29626.0,29605.0,29606.25,457
2026-08-19 05:05:00-04:00,29599.0,29630.0,29599.0,29625.0,693
2026-08-19 05:10:00-04:00,29593.5,29605.25,29592.75,29600.0,554
2026-08-19 05:15:00-04:00,29592.5,29598.25,29584.75,29594.5,685
2026-08-19 05:20:00-04:00,29584.5,29595.0,29584.0,29593.0,423
2026-08-19 05:25:00-04:00,29571.0,29586.75,29566.25,29584.0,649
2026-08-19 05:30:00-04:00,29578.0,29587.0,29565.0,29571.0,438
2026-08-19 05:35:00-04:00,29573.25,29583.75,29570.0,29581.75,309
2026-08-19 05:40:00-04:00,29552.0,29574.5,29549.5,29572.25,592
2026-08-19 05:45:00-04:00,29559.5,29563.0,29548.25,29552.0,346
2026-08-19 05:50:00-04:00,29553.0,29560.0,29544.75,29559.75,434
2026-08-19 05:55:00-04:00,29553.75,29556.75,29536.5,29553.25,476
2026-08-19 06:00:00-04:00,29522.25,29557.75,29522.25,29553.25,859
2026-08-19 06:05:00-04:00,29521.25,29530.5,29514.0,29523.0,686
2026-08-19 06:10:00-04:00,29540.75,29543.5,29510.75,29520.25,611
2026-08-19 06:15:00-04:00,29531.0,29540.0,29523.0,29539.5,422
2026-08-19 06:20:00-04:00,29522.5,29534.75,29517.25,29529.5,372
2026-08-19 06:25:00-04:00,29536.25,29541.25,29512.25,29522.0,558
2026-08-19 06:30:00-04:00,29537.75,29542.5,29528.5,29536.0,382
2026-08-19 06:35:00-04:00,29554.25,29557.75,29534.25,29538.25,836
2026-08-19 06:40:00-04:00,29555.0,29557.0,29546.5,29554.25,300
2026-08-19 06:45:00-04:00,29540.5,29558.75,29539.5,29555.25,248
2026-08-19 06:50:00-04:00,29531.5,29543.25,29530.0,29539.25,315
2026-08-19 06:55:00-04:00,29521.0,29532.5,29517.75,29531.5,494
2026-08-19 07:00:00-04:00,29561.25,29563.25,29509.5,29522.5,1171
2026-08-19 07:05:00-04:00,29545.5,29578.0,29545.0,29560.25,799
2026-08-19 07:10:00-04:00,29545.75,29555.0,29541.25,29545.0,566
2026-08-19 07:15:00-04:00,29547.5,29551.75,29535.0,29549.0,401
2026-08-19 07:20:00-04:00,29553.5,29559.5,29531.25,29547.75,567
2026-08-19 07:25:00-04:00,29538.5,29560.25,29533.5,29553.25,467
2026-08-19 07:30:00-04:00,29519.75,29540.25,29513.0,29536.25,534
2026-08-19 07:35:00-04:00,29524.25,29530.0,29516.25,29518.0,380
2026-08-19 07:40:00-04:00,29515.0,29527.5,29508.0,29525.25,527
2026-08-19 07:45:00-04:00,29516.0,29527.0,29506.75,29513.75,470
2026-08-19 07:50:00-04:00,29518.75,29525.25,29510.25,29516.0,455
2026-08-19 07:55:00-04:00,29536.0,29537.5,29517.5,29521.75,470
2026-08-19 08:00:00-04:00,29525.25,29551.0,29511.5,29535.0,917
2026-08-19 08:05:00-04:00,29546.5,29558.5,29522.0,29524.5,803
2026-08-19 08:10:00-04:00,29553.0,29555.75,29533.5,29545.75,1099
2026-08-19 08:15:00-04:00,29570.25,29573.75,29549.75,29553.0,951
2026-08-19 08:20:00-04:00,29565.5,29572.0,29557.75,29570.0,943
2026-08-19 08:25:00-04:00,29573.25,29583.0,29551.5,29566.0,1749
2026-08-19 08:30:00-04:00,29617.25,29623.0,29549.25,29574.0,2932
2026-08-19 08:35:00-04:00,29661.25,29668.25,29578.0,29616.75,5597
2026-08-19 08:40:00-04:00,29683.25,29685.0,29654.75,29661.5,4022
2026-08-19 08:45:00-04:00,29721.0,29721.75,29683.5,29683.5,4768
2026-08-19 08:50:00-04:00,29743.5,29757.25,29721.5,29721.5,4692
2026-08-19 08:55:00-04:00,29742.75,29747.25,29724.25,29743.5,3408
2026-08-19 09:00:00-04:00,29683.75,29743.0,29679.75,29743.0,3993
2026-08-19 09:05:00-04:00,29707.75,29717.5,29682.25,29683.5,2779
2026-08-19 09:10:00-04:00,29723.75,29735.5,29706.75,29707.75,1841
2026-08-19 09:15:00-04:00,29719.5,29726.75,29707.75,29723.25,1879
2026-08-19 09:20:00-04:00,29742.5,29747.75,29714.75,29719.75,1920
2026-08-19 09:25:00-04:00,29697.0,29748.25,29695.75,29742.5,3769
2026-08-19 09:30:00-04:00,29673.0,29742.75,29648.5,29696.0,20184
2026-08-19 09:35:00-04:00,29589.75,29688.25,29587.75,29673.5,14590
2026-08-19 09:40:00-04:00,29610.75,29628.75,29560.5,29589.5,15439
2026-08-19 09:45:00-04:00,29470.5,29635.5,29458.25,29609.75,17081
2026-08-19 09:50:00-04:00,29471.25,29493.0,29406.5,29470.0,18544
2026-08-19 09:55:00-04:00,29496.5,29525.5,29460.5,29471.0,11619
2026-08-19 10:00:00-04:00,29472.25,29514.25,29456.0,29496.25,10937
2026-08-19 10:05:00-04:00,29452.25,29504.25,29433.5,29472.25,9182
2026-08-19 10:10:00-04:00,29382.5,29462.0,29377.25,29451.75,11621
2026-08-19 10:15:00-04:00,29418.5,29469.0,29375.75,29382.25,12908
2026-08-19 10:20:00-04:00,29415.5,29456.75,29385.25,29419.25,9558
2026-08-19 10:25:00-04:00,29482.5,29485.0,29395.0,29413.5,8193
2026-08-19 10:30:00-04:00,29494.25,29517.0,29468.25,29482.5,7787
2026-08-19 10:35:00-04:00,29565.75,29567.0,29483.75,29495.0,7819
2026-08-19 10:40:00-04:00,29564.0,29575.0,29535.0,29565.75,7039
2026-08-19 10:45:00-04:00,29531.25,29566.75,29527.0,29564.5,5357
2026-08-19 10:50:00-04:00,29595.75,29596.75,29527.0,29531.5,6552
2026-08-19 10:55:00-04:00,29623.25,29624.5,29582.25,29596.0,6150
2026-08-19 11:00:00-04:00,29596.25,29629.75,29593.0,29623.0,6186
2026-08-19 11:05:00-04:00,29586.5,29609.5,29581.0,29596.5,4491
2026-08-19 11:10:00-04:00,29617.25,29624.0,29584.75,29586.75,3498
2026-08-19 11:15:00-04:00,29624.0,29629.0,29595.0,29616.25,4144
2026-08-19 11:20:00-04:00,29602.5,29631.25,29602.0,29623.0,3477
2026-08-19 11:25:00-04:00,29613.5,29620.0,29588.0,29602.5,4077
2026-08-19 11:30:00-04:00,29592.25,29616.5,29587.0,29613.25,2943
2026-08-19 11:35:00-04:00,29572.75,29598.0,29570.5,29591.75,3694
2026-08-19 11:40:00-04:00,29596.75,29597.75,29550.25,29572.5,4822
2026-08-19 11:45:00-04:00,29586.75,29616.25,29586.25,29596.25,3604
2026-08-19 11:50:00-04:00,29574.5,29596.0,29569.75,29587.0,3482
2026-08-19 11:55:00-04:00,29606.25,29608.25,29571.25,29574.5,3044
2026-08-19 12:00:00-04:00,29638.25,29639.5,29587.5,29607.25,4719
2026-08-19 12:05:00-04:00,29650.75,29653.75,29629.25,29638.5,3206
2026-08-19 12:10:00-04:00,29637.0,29653.25,29636.5,29651.25,2154
2026-08-19 12:15:00-04:00,29659.5,29667.25,29628.25,29637.25,3378
2026-08-19 12:20:00-04:00,29638.25,29665.25,29633.75,29659.75,2560
2026-08-19 12:25:00-04:00,29609.0,29639.25,29602.25,29638.25,3365
2026-08-19 12:30:00-04:00,29611.25,29617.25,29596.0,29609.0,2731
2026-08-19 12:35:00-04:00,29609.75,29621.5,29594.0,29611.75,2230
2026-08-19 12:40:00-04:00,29610.25,29620.75,29602.5,29609.25,1799
2026-08-19 12:45:00-04:00,29589.25,29611.25,29587.25,29610.25,2237
2026-08-19 12:50:00-04:00,29571.5,29588.5,29564.0,29588.5,2928
2026-08-19 12:55:00-04:00,29559.5,29572.0,29553.0,29571.75,2350
2026-08-19 13:00:00-04:00,29556.0,29569.25,29545.0,29560.0,3045
2026-08-19 13:05:00-04:00,29541.25,29573.25,29539.5,29557.0,2950
2026-08-19 13:10:00-04:00,29548.0,29562.75,29542.0,29542.0,2317
2026-08-19 13:15:00-04:00,29526.25,29556.5,29526.25,29547.75,2623
2026-08-19 13:20:00-04:00,29518.5,29528.5,29510.5,29527.0,3477
2026-08-19 13:25:00-04:00,29539.5,29543.5,29512.75,29518.25,2475
2026-08-19 13:30:00-04:00,29519.25,29543.25,29519.25,29540.0,2218
2026-08-19 13:35:00-04:00,29523.0,29538.0,29513.75,29519.0,1910
2026-08-19 13:40:00-04:00,29537.0,29544.25,29522.25,29522.5,1966
2026-08-19 13:45:00-04:00,29541.0,29550.25,29534.25,29536.25,1889
2026-08-19 13:50:00-04:00,29551.5,29561.0,29538.0,29541.5,1909
2026-08-19 13:55:00-04:00,29544.25,29553.75,29537.75,29551.5,1390
2026-08-19 14:00:00-04:00,29562.75,29592.5,29535.75,29544.0,4542
2026-08-19 14:05:00-04:00,29501.75,29571.75,29498.5,29563.0,5266
2026-08-19 14:10:00-04:00,29520.0,29541.25,29500.0,29501.5,3460
2026-08-19 14:15:00-04:00,29511.25,29523.5,29492.0,29519.75,3134
2026-08-19 14:20:00-04:00,29512.75,29524.0,29506.5,29511.5,1996
2026-08-19 14:25:00-04:00,29538.75,29540.5,29509.5,29511.5,2491
2026-08-19 14:30:00-04:00,29567.0,29578.75,29537.75,29538.5,4336
2026-08-19 14:35:00-04:00,29542.5,29567.75,29536.25,29567.25,2244
2026-08-19 14:40:00-04:00,29560.0,29563.75,29542.25,29542.75,1955
2026-08-19 14:45:00-04:00,29555.0,29561.25,29541.25,29560.5,1702
2026-08-19 14:50:00-04:00,29548.0,29557.75,29536.0,29555.5,1815
2026-08-19 14:55:00-04:00,29535.0,29549.0,29527.5,29547.75,2128
2026-08-19 15:00:00-04:00,29540.0,29553.0,29529.5,29535.25,2425
2026-08-19 15:05:00-04:00,29556.75,29558.5,29532.5,29541.5,1650
2026-08-19 15:10:00-04:00,29547.25,29559.5,29544.75,29556.25,1684
2026-08-19 15:15:00-04:00,29566.0,29566.75,29543.75,29547.5,2037
2026-08-19 15:20:00-04:00,29564.0,29574.0,29550.25,29565.5,2373
2026-08-19 15:25:00-04:00,29555.75,29579.75,29553.25,29564.0,2243
2026-08-19 15:30:00-04:00,29582.0,29590.0,29551.5,29556.75,3006
2026-08-19 15:35:00-04:00,29537.75,29582.0,29536.25,29582.0,3460
2026-08-19 15:40:00-04:00,29530.75,29547.0,29527.25,29537.75,2427
2026-08-19 15:45:00-04:00,29511.0,29532.75,29501.25,29530.5,4303
2026-08-19 15:50:00-04:00,29511.25,29521.75,29485.25,29511.75,7246
2026-08-19 15:55:00-04:00,29521.5,29525.75,29488.5,29511.25,13780
2026-08-19 16:00:00-04:00,29533.75,29542.75,29520.0,29522.0,4573
2026-08-19 16:05:00-04:00,29533.5,29536.5,29517.75,29534.25,1592
2026-08-19 16:10:00-04:00,29518.25,29534.25,29518.25,29532.75,1053
2026-08-19 16:15:00-04:00,29519.0,29522.25,29514.25,29518.75,600
2026-08-19 16:20:00-04:00,29518.75,29520.5,29516.75,29520.0,290
2026-08-19 16:25:00-04:00,29525.25,29529.0,29519.0,29519.75,480
2026-08-19 16:30:00-04:00,29527.75,29532.0,29522.5,29524.75,296
2026-08-19 16:35:00-04:00,29523.25,29530.5,29523.0,29528.0,304
2026-08-19 16:40:00-04:00,29529.25,29531.5,29520.0,29523.0,443
2026-08-19 16:45:00-04:00,29541.0,29541.25,29527.25,29529.0,499
2026-08-19 16:50:00-04:00,29553.75,29557.25,29539.5,29541.25,645
2026-08-19 16:55:00-04:00,29561.0,29562.5,29552.75,29554.0,522
2026-08-19 18:00:00-04:00,29605.5,29615.0,29556.5,29561.5,1004
2026-08-19 18:05:00-04:00,29610.5,29612.0,29590.75,29604.25,690
2026-08-19 18:10:00-04:00,29627.25,29639.0,29590.75,29608.75,970
2026-08-19 18:15:00-04:00,29613.25,29628.5,29613.25,29627.25,278
2026-08-19 18:20:00-04:00,29632.25,29632.25,29606.5,29614.5,525
2026-08-19 18:25:00-04:00,29621.5,29632.25,29616.0,29631.0,506
2026-08-19 18:30:00-04:00,29617.75,29622.0,29613.0,29622.0,249
2026-08-19 18:35:00-04:00,29635.0,29638.0,29615.25,29617.25,324
2026-08-19 18:40:00-04:00,29630.0,29638.0,29629.5,29635.0,296
2026-08-19 18:45:00-04:00,29632.25,29636.25,29628.5,29631.25,208
2026-08-19 18:50:00-04:00,29636.75,29639.5,29632.0,29632.25,495
2026-08-19 18:55:00-04:00,29649.5,29654.25,29630.75,29636.25,1474
2026-08-19 19:00:00-04:00,29647.25,29689.75,29632.75,29650.75,1970
2026-08-19 19:05:00-04:00,29662.5,29666.0,29645.0,29646.25,286
2026-08-19 19:10:00-04:00,29651.75,29664.0,29649.5,29663.0,274
2026-08-19 19:15:00-04:00,29655.0,29660.0,29650.75,29651.0,166
2026-08-19 19:20:00-04:00,29648.0,29655.5,29641.75,29654.75,317
2026-08-19 19:25:00-04:00,29651.25,29652.0,29647.0,29648.75,147
2026-08-19 19:30:00-04:00,29648.5,29659.0,29644.25,29652.0,354
2026-08-19 19:35:00-04:00,29650.0,29656.25,29645.75,29650.25,119
2026-08-19 19:40:00-04:00,29659.75,29666.75,29649.75,29650.5,216
2026-08-19 19:45:00-04:00,29651.25,29660.25,29649.5,29658.75,305
2026-08-19 19:50:00-04:00,29646.0,29662.25,29639.75,29652.5,441
2026-08-19 19:55:00-04:00,29628.5,29646.75,29626.0,29644.5,864
2026-08-19 20:00:00-04:00,29618.0,29629.0,29595.0,29629.0,1410
2026-08-19 20:05:00-04:00,29598.5,29625.25,29581.5,29618.0,1056
2026-08-19 20:10:00-04:00,29629.5,29631.75,29590.5,29597.25,736
2026-08-19 20:15:00-04:00,29653.75,29660.25,29628.5,29630.0,1043
2026-08-19 20:20:00-04:00,29648.25,29665.5,29628.0,29654.5,932
2026-08-19 20:25:00-04:00,29630.5,29647.25,29625.0,29647.25,506
2026-08-19 20:30:00-04:00,29641.25,29642.0,29617.0,29630.75,595
2026-08-19 20:35:00-04:00,29660.5,29660.5,29627.25,29642.0,503
2026-08-19 20:40:00-04:00,29654.25,29666.0,29652.0,29659.0,562
2026-08-19 20:45:00-04:00,29644.5,29668.0,29642.25,29655.0,480
2026-08-19 20:50:00-04:00,29668.75,29670.0,29646.0,29646.5,418
2026-08-19 20:55:00-04:00,29669.75,29675.75,29664.5,29670.0,496
2026-08-19 21:00:00-04:00,29672.25,29684.25,29665.5,29670.5,720
2026-08-19 21:05:00-04:00,29658.0,29682.5,29655.0,29675.0,480
2026-08-19 21:10:00-04:00,29644.25,29660.0,29640.5,29657.0,677
2026-08-19 21:15:00-04:00,29661.25,29667.0,29633.25,29645.25,860
2026-08-19 21:20:00-04:00,29633.25,29664.5,29630.5,29661.0,569
2026-08-19 21:25:00-04:00,29634.5,29646.25,29624.75,29634.0,523
2026-08-19 21:30:00-04:00,29643.0,29647.0,29623.75,29633.75,500
2026-08-19 21:35:00-04:00,29655.0,29655.75,29638.5,29643.25,475
2026-08-19 21:40:00-04:00,29668.75,29671.5,29651.5,29652.75,516
2026-08-19 21:45:00-04:00,29665.5,29674.0,29656.0,29668.75,430
2026-08-19 21:50:00-04:00,29662.75,29674.75,29645.5,29666.0,590
2026-08-19 21:55:00-04:00,29642.25,29663.25,29630.0,29662.5,621
2026-08-19 22:00:00-04:00,29673.5,29683.0,29640.0,29641.75,767
2026-08-19 22:05:00-04:00,29670.5,29683.25,29670.5,29673.75,237
2026-08-19 22:10:00-04:00,29669.25,29674.75,29654.25,29670.75,407
2026-08-19 22:15:00-04:00,29649.25,29670.0,29644.0,29668.25,319
